	287ADJQ	174ALBQ	004AWZY	388ADHL	206AZFD	243AHZH	083AYGC	351AZDY	358AWXC	347APZL	227AZMH	361ATLX	379ALJJ	215ATKH	331ALDY	325ALRY	C002HHP	C009HHR	C010WL	C013MJH	C014LWG	C018LJP	C022SMR	C024XHR	322VCHL	362VLBJ	040VYDY	348VYQM	392VWLL	235VDBJ	388VDHL	367VWSY	031VPYH	357VLTS	363VLH	220VDXP	173VHJW	155VCHJ	390VNFD	195VXXY	373VHXR	361VTLX	364VCZ	325VLRY	086VHMX	331VLDY	366VZMY	309VHJD	002VWWX	358VWXC	004VWZY	047VLRL	359VYSH	342VCSL	347VPZL	243VHZH	370VLZW	393VZLH	083VYGC	199VOZQ	350VLYY	180VHMQ	314VLLY	178VYDM	174VLBQ	317VYL	316VYJH	211VLT	027VYMX	006VHQK	287VDJQ	275VLSX	250VSJJ	136VZXQ	063VWZB	038VLWS	349VZNL	188VZJH	206VZFD	338VHJY	190VFYK	153VWG	395VGSQ	253VXXJ	372VJHK	379VLJJ	371VTYJ	319VLY	149VYYD	214VGWJ	351VZDY	227VZMH	021VLSF	139VLTW	254VLXR	215VTKH	354VPYM	353VGSZ	230VLSH
MEdeepskyblue4	-0.112539487	-0.005979525	-0.015827768	-0.029471406	0.043054241	-0.004371453	-0.00343726	0.019408534	0.079845608	-0.020546129	0.04352078	0.052083272	0.046875122	0.080744682	0.018596148	0.063471755	-0.231834229	-0.424779445	-0.217980089	-0.294967012	-0.231534788	-0.158781442	-0.282659763	-0.339440973	0.061776726	-0.115725006	0.024767877	-0.061344519	0.059802031	-0.004721645	0.010646214	-0.001728465	0.097827345	-0.037780413	-0.023845242	-0.060963207	0.072121555	0.025880305	-0.089549545	0.016096584	0.012710694	-0.013408453	0.000585924	-0.040364304	0.05499021	-0.07218979	0.088009838	0.02932249	0.054985473	0.066236429	0.081804254	0.064010252	-0.024492248	0.113128671	0.018761903	0.057713347	0.017469779	0.037229804	0.038041367	0.029474554	-0.003832417	-0.090260146	0.010468721	0.003348373	0.057800859	-0.082149252	0.059163222	-0.006816804	0.113019359	-0.026976356	0.035894457	0.015787796	0.01335258	0.090478566	0.179089086	-0.06997702	-0.002236574	0.025906978	0.033759076	0.092506637	-0.001044589	0.163977135	-0.00926458	0.081316282	-0.003253865	0.018146241	-0.005781462	0.069130842	0.012521706	0.062251262	0.081777088	0.029916592	0.033430188	-0.048692655	0.205354811	0.104788606	0.053297266	0.037680206	0.005391623
MElightslateblue	0.071787675	-0.060611616	0.055827771	0.034614004	0.075056295	-0.055955854	0.103303569	0.000657992	0.042779394	-0.020789157	-0.068005041	-0.054522515	-0.037000183	0.036558717	-0.061776663	0.177816872	0.085596252	-0.057693817	-0.1168295	-0.043775784	-0.053254996	0.045843952	0.006958342	0.007003136	-0.149500017	-0.073993289	-0.085532818	-0.121575528	-0.084622737	-0.041930901	-0.121695859	-0.151220665	0.02073169	-0.144813263	-0.098765029	-0.128587063	-0.077437103	-0.059603437	-0.137077536	-0.096280681	-0.034145219	-0.121248516	-0.132481673	-0.128057037	0.044412915	-0.161961576	-0.025455751	0.009383635	0.0618805	0.020276959	-0.038902409	-0.152357269	-0.066337548	0.042883278	-0.015135388	-0.016936495	-0.096783992	0.033194151	0.088721077	-0.067905288	-0.083887326	-0.097750339	-0.101848945	-0.089298737	-0.075601074	-0.053763054	-0.038113081	-0.081217584	0.123574398	-0.164372981	0.107167973	0.056438732	-0.082528009	0.027389037	0.143827195	0.17270959	0.025600071	0.122960622	0.060744475	0.123877227	0.100813294	0.050229842	0.206141276	0.07201901	-0.018479741	0.082396011	-0.034662209	0.169118051	-0.0760776	0.162398437	0.183282997	0.075484391	0.116134879	0.240526128	0.223320193	0.176470274	0.105884216	0.142556782	0.121806616
MEchocolate4	0.009098462	-0.074334773	-0.029089513	-0.065314728	0.0329618	-0.058444873	0.023964531	-0.017492819	0.023249023	0.06019916	-0.033658842	-0.052199501	0.016890382	-0.041375922	-0.070993439	0.142078333	0.152370688	-0.246307711	-0.266367345	-0.149908215	-0.17709164	-0.115396007	-0.120500316	-0.151991756	-0.12737977	-0.072216942	-0.061623155	-0.080811142	0.003752385	-0.109948865	-0.068454774	-0.110488667	0.019980624	-0.077198263	-0.076594619	-0.086969301	-0.063587739	-0.081463959	-0.118254329	-0.051826304	-0.032688725	-0.080177661	-0.038937643	-0.071175821	0.087559097	-0.136979955	-0.063208792	-0.02335976	0.114527868	-0.069467347	-0.07496187	-0.107373457	0.063241936	0.060654662	-0.065901751	-0.027553879	-0.03586745	0.039472749	0.106159666	-0.069103032	-0.026321868	0.028583431	-0.042876811	-0.040432077	-0.063562166	-0.021525201	-0.068270588	0.000324592	0.109345112	0.003338517	0.137660349	0.045627573	0.007081081	0.014482714	0.124303025	0.176599752	-0.018037648	0.102837	0.027034846	0.073486071	-0.008346667	0.108179073	0.161576565	0.078265949	0.0817595	0.087633432	0.023401119	0.088546724	0.029156645	0.164510858	0.166652438	0.075399362	0.05766838	0.279891954	0.216852102	0.190809463	0.092461342	0.147312977	0.186472084
MEgreen4	0.002107698	-0.06466722	0.034022768	0.007269133	0.108577191	-0.036204878	0.115175779	0.049245888	0.066364419	0.054179884	-0.012120651	-0.045116438	0.031954462	0.036707408	-0.060275706	0.144898366	0.045737783	-0.154737823	-0.249712117	-0.14518615	-0.194402205	-0.162475937	-0.219739959	-0.177368869	-0.131446865	-0.121994179	-0.109197069	-0.147180766	-0.072592908	-0.099323223	-0.106440332	-0.122488654	-8.43E-05	-0.118329696	-0.133163848	-0.141046291	-0.07138769	-0.091063797	-0.135849036	-0.058461817	-0.018411201	-0.113962942	-0.076839031	-0.114744708	0.092308336	-0.127714576	0.012371646	0.024768173	0.070988064	0.01674683	-0.01798774	-0.070510931	0.012251204	0.046530286	0.005624059	0.022122539	-0.043788249	0.071273581	0.137763578	-0.03054848	-0.001234643	-0.006420211	-0.068781317	-0.001822983	-0.047660093	-0.059194723	-0.022976655	-0.028825708	0.084520851	-0.065602111	0.09992621	0.087181024	-0.028685948	0.045882061	0.108781326	0.134198682	0.044107546	0.155132853	0.068003253	0.093315931	0.097174544	0.054408131	0.1140343	0.048051732	0.041097792	0.112395818	0.013444578	0.149809966	0.016917103	0.132239348	0.134284176	0.122783332	0.062429304	0.246668669	0.176736575	0.122152295	0.078244001	0.133734135	0.141126086
MEbisque1	0.082899593	0.080150086	0.119469574	-0.023282588	0.056953741	0.036965574	0.118262625	0.023339544	0.058036681	0.069380587	-0.086154643	0.03097168	0.005515531	0.110893084	0.045936325	0.061829291	-0.213431341	-0.139367097	-0.384338826	-0.28857331	-0.267024836	-0.109930257	-0.241278164	-0.261437627	-0.0668575	0.028446539	0.008120517	0.012989278	0.054474773	-0.298034665	-0.05364446	-0.00375429	-0.071337858	-0.008038184	-0.031409056	-0.031345424	-0.009190656	-0.03036973	-0.033669194	-0.03468334	0.035775854	-0.011672208	-0.070238776	-0.021981289	0.073380449	-0.103635811	0.044878223	0.134480185	0.034569247	0.053580175	0.052105962	-0.071557295	0.00760044	0.047116001	0.079681999	0.025979105	-0.052741856	0.095355536	0.088235661	0.067678193	-0.022401324	-0.061743765	0.026443657	0.036470666	-0.006319124	-0.039327332	0.016884957	-0.040572405	0.127087277	-0.022211259	0.163711005	0.016158489	0.082555791	0.099687821	0.135640129	0.014101369	0.070569372	0.097321392	-0.042796129	0.059436097	-0.011631523	0.007024008	0.023650616	0.051040647	-0.058325666	-0.065912058	-0.026033679	-0.043204193	-0.035330772	0.069519366	0.113130367	-0.037453658	-0.014805375	0.09366281	0.039331654	0.19739585	0.109802696	0.086116292	-0.034745839
MEmaroon	-0.022130203	0.049454088	-0.007077511	0.079260555	0.0419725	-0.031064907	0.091029039	-0.016459307	0.074634456	0.022690019	-0.035295156	-0.052905326	-0.002802183	-0.027077728	0.001583091	0.198867307	-0.052254665	-0.254433204	-0.235301716	-0.190056145	-0.251465101	-0.27509009	-0.268362236	-0.23613044	-0.012426095	-0.021338987	-0.0421456	-0.005532316	-0.149163882	-0.08910036	-0.011964458	-0.005055729	-0.227362379	-0.032405921	-0.082393121	0.014392043	0.044830631	-0.03811672	-0.05270756	0.004020992	-0.058500583	-0.017069023	0.000571982	-0.014424346	0.011456274	-0.027120333	0.061007999	0.008958078	0.060055296	0.023407293	0.018631883	-0.006069949	-0.055799577	0.013810216	-0.000782936	0.01400576	0.044247737	0.04296932	0.066879854	0.016526517	0.056148116	-0.038532596	-0.089982024	-0.010478506	0.01664585	-0.163172291	-0.063370446	-0.068579654	-0.016172435	-0.12341225	0.021969142	0.116285734	0.040558391	0.066112583	-0.072375031	0.026563086	0.004393953	0.182981586	0.095288931	0.072299375	0.118968169	-0.026870933	0.144283822	0.048908665	0.107860135	0.102977386	0.089494885	0.147208076	-0.028392429	0.127150009	0.106779206	0.147457076	0.111584343	0.215152698	0.144573989	0.062874168	0.065007592	0.069261803	0.094672691
MEfirebrick4	0.132756446	0.010329799	0.032049192	0.02503981	-0.003281693	0.043573953	0.098042175	0.016619711	-0.010343397	0.04175965	-0.002686777	-0.05361661	0.099997152	0.038364558	-0.021437165	0.166908921	-0.04410629	-0.249149895	-0.396288461	-0.316898267	-0.177101443	-0.245829517	-0.221646817	-0.238617799	0.0235326	0.077733778	0.025798304	0.029026807	-0.041416273	-0.293542431	-0.001241276	0.044798519	-0.151984084	0.001985613	0.060988892	-0.008111043	-0.019015335	0.050095862	-0.005897643	0.036271246	-0.038218072	0.009136433	0.0009089	0.048593046	0.005082125	-0.020741781	-0.021068147	0.096504708	-0.000986206	-0.040417291	-0.044891059	-0.075243735	0.004450626	-0.048705295	-0.048439502	0.066252569	0.018122222	0.07395288	0.05678459	0.037307936	-0.090222906	-0.047325821	-0.03693682	0.100665904	0.015707638	-0.102555078	-0.088136745	-0.05247883	0.053918074	-0.003161369	0.119745416	0.038908484	0.038100207	-0.025895698	0.023314721	0.08398965	0.021267221	0.09733777	-0.043126304	0.067556819	0.004903119	-0.022682251	0.039901672	0.022394816	0.010278781	0.045264405	0.015048588	0.017821212	0.019238998	0.111260236	0.111349928	0.084050525	0.04144425	0.215078452	0.150234669	0.114743002	0.103628354	0.000101905	0.113421282
MElightcoral	0.137809529	0.001742957	0.065529177	-0.014389686	0.083700959	0.048716125	0.109257208	0.011382568	0.03683427	0.094354435	0.045899585	-0.006128873	0.083016606	0.090732439	-0.013005773	0.140496199	-0.079369752	-0.208347947	-0.308725718	-0.217984962	-0.315710555	-0.296609526	-0.214964979	-0.319437843	-0.023646763	0.023659009	-0.032885395	0.01172733	-0.071826672	-0.242073856	-0.030700134	0.017523209	-0.088875908	-0.019209471	-0.019333555	-0.018534941	0.017184231	0.036693511	-0.02595236	0.008019464	0.009770128	-0.028282609	-0.032377357	-0.010324694	0.045592961	-0.056652119	0.061594353	0.074953941	-0.003625262	-0.021800611	-0.0266121	-0.051130608	0.026063685	0.029635551	0.013485132	0.064071703	0.029261836	0.087698152	0.092262057	-0.008987615	0.017380722	-0.100199476	-0.058418513	0.034566788	0.000260897	-0.145030037	-0.078365482	-0.097258858	0.065078881	-0.11057702	0.075497862	0.088558152	0.053115704	0.01518725	0.085299798	0.028588701	0.017591376	0.072441471	0.014569006	0.025184608	-0.014704133	-0.015825543	0.132327578	0.015817326	0.007835049	0.07152063	0.021527034	0.073214537	-0.027906271	0.077096769	0.076554457	0.147302163	-0.020020813	0.212262591	0.151615129	0.127181301	0.061123227	0.058961655	0.049484815
MEmediumpurple1	0.164580081	-0.000645808	0.074194437	0.011066793	0.094193574	0.030623681	0.075047414	0.017699764	-0.00265419	0.058040709	0.063212322	-0.100212312	0.050281079	0.028970309	-0.087640295	0.178430172	-0.013982309	-0.170699061	-0.240387347	-0.212122503	-0.198943343	-0.153225532	-0.189296114	-0.267928555	-0.090852818	0.00902537	-0.016923462	-0.063944209	-0.029178482	-0.152247795	-0.116877655	-0.089749591	-0.030586702	-0.086254983	-0.034028226	-0.094412035	-0.057538372	0.02119233	-0.05475817	-0.032673979	-0.055702687	-0.051946135	-0.081590827	-0.037708759	0.031741959	-0.062995535	-0.012601451	0.032644556	-0.057882863	-0.053048386	-0.078013314	-0.097604147	-0.013807834	-0.006997599	-0.044421525	0.066026758	-0.052421762	0.084404752	0.044698378	-0.0502472	-0.076071375	-0.07340565	-0.036640253	-0.009098608	-0.026466142	-0.092492036	-0.096486226	-0.10239437	0.090676019	-0.090235706	0.087290122	0.092241194	0.000819422	0.042179993	0.131622368	0.022266892	0.066610257	0.154218099	0.039864816	0.102546551	0.032659235	0.011086785	0.180858259	0.047423672	-0.027785945	0.097304248	0.048477506	0.134194688	-0.030146662	0.116197946	0.196618178	0.124908097	0.089760285	0.201723519	0.217107463	0.148797936	0.126464992	0.164656671	0.101327194
MEtomato2	0.183064861	0.023778752	0.053778725	0.060152595	0.075099839	0.038571899	0.104417033	0.057742052	-0.00311982	0.08598634	0.021820213	-0.069137462	0.06375044	0.027430351	-0.062915841	0.170679108	-0.183190683	-0.179568009	-0.255724683	-0.273778339	-0.229535758	-0.177239788	-0.248251063	-0.200307379	-0.059350714	0.087770597	0.036498884	-0.01120539	0.026856613	-0.124134559	-0.041554987	-0.056018867	-0.187044819	0.035902145	0.027251744	-0.08837727	-0.036063557	0.019266939	-0.005859931	0.012298319	0.050412239	-0.032642424	-0.037737786	0.021014093	0.068834646	-0.02525179	0.037150948	0.089045374	-0.078176737	-0.093770073	-0.051922335	-0.094301266	0.012024267	-0.090326789	-0.033345488	0.0909986	-0.047658469	0.10390207	0.026820142	0.058318134	-0.033815952	-0.096354536	-0.001230145	0.045165194	-0.060457506	-0.220383505	-0.07256212	-0.055482776	0.089423357	-0.087932127	0.095204092	0.089311539	0.045102309	0.025342508	0.062933676	-0.039204189	0.033034052	0.144888728	0.010339231	0.049670466	-0.007029742	-0.062806105	0.152519986	-0.034014161	-0.06459011	0.066165138	0.050387066	0.099760488	-0.043849352	0.06135296	0.142605814	0.13372865	0.083845477	0.158284265	0.168220025	0.103842553	0.128847246	0.112441456	0.034170161
MEchartreuse2	0.144523521	0.018490317	0.124390692	0.058471897	0.210870887	-0.030464704	0.033328886	-0.09031448	0.030265008	-0.002871215	0.07816635	-0.111108033	-0.067402677	-0.052934198	-0.170479341	0.134305671	-0.131651747	-0.10747137	0.069049888	-0.084779138	0.082199475	-0.302462354	-0.120036754	-0.181181859	0.013729298	0.14569859	0.131156717	0.050739336	0.180637691	-0.102558059	0.050263914	0.061716776	-0.096864717	-0.005489545	0.101207893	-0.03091835	-0.040822049	0.07945849	0.060817099	0.191483294	0.209750941	0.065040807	0.157578043	0.111457409	0.21358157	0.038135306	-0.063956264	0.01196417	-0.229015452	0.010783983	-0.114168354	-0.121755716	0.093495969	-0.158772188	-0.088613906	-0.037208549	-0.082694515	-0.052579172	0.128354894	-0.017872003	-0.074418147	-0.018154514	-0.113094635	-0.021907228	-0.08147268	-0.068007478	-0.097320847	-0.01529311	0.095385648	-0.04910327	0.050238818	0.009261959	-0.035574775	-0.087383755	-0.013922415	-0.067353658	-0.032867775	0.007596982	0.011906037	-0.08801448	-0.165176706	-0.129296121	0.142650388	-0.066045621	-0.010169504	0.105612037	-0.014912006	0.070892711	-0.029194422	-0.036773374	0.067507819	-0.002099473	-0.01951784	0.02976194	0.064393778	0.037108419	0.119509094	0.074963056	0.055617075
MEdeepskyblue3	0.196974212	0.044443127	0.042526183	0.056600809	0.059784069	0.091545648	0.051581122	0.029037187	0.081426143	-0.004234009	0.097901169	-0.028652033	0.005939405	0.001337429	0.010731866	0.088219327	-0.181870375	-0.12038856	-0.155385297	-0.251791013	-0.143615135	-0.15642759	-0.15240229	-0.24442101	-0.008807374	0.140394726	0.049934739	0.055378836	0.1036122	-0.171485423	0.106884448	0.070461967	0.067270214	0.025302149	0.131380467	0.117191177	0.023409548	0.093207091	0.019214269	0.087629105	0.175570804	0.049419474	0.079205351	0.09150872	0.221349047	0.04759651	0.05227526	0.029107673	-0.096163914	-0.061254385	-0.011894874	-0.017554919	-0.05493513	-0.044584313	-0.040120821	0.04788496	0.010606382	-0.002623944	0.133881711	0.134614943	-0.055461296	-0.011503769	-0.002657618	0.027793158	-0.019697425	-0.163533076	-0.079018185	0.047518427	-0.068740816	-0.232686188	-0.052867366	0.020742338	-0.010343265	0.004449835	0.002701022	-0.186473824	0.016300534	0.108014244	-0.004459655	-0.049600314	-0.126689763	0.102657616	0.147428617	-0.226263385	-0.008613907	-0.005318397	-0.025501193	-0.049236146	-0.208051949	-0.094518001	0.079395735	0.077706898	-0.034470117	0.061267364	0.069502044	-0.025853639	0.084470342	-0.063328045	-0.118787896
MEgoldenrod1	0.022988226	0.18145152	0.011270478	0.019603088	0.057800674	-0.060560845	-0.074770854	0.032629602	0.006454211	-0.048217585	-0.035442139	-0.000311814	-0.065224833	-0.065128621	-0.043935952	0.111052687	0.021978968	-0.193514156	-0.186248643	-0.187520173	-0.219786685	-0.275615778	-0.175403143	-0.202032873	-0.00914786	0.096675895	0.149166737	-0.004843258	0.025191352	-0.154906256	-0.092350078	-0.003438289	-0.066617698	-0.025362244	-0.06396124	-0.085811218	-0.075436741	-0.037079402	0.037383227	0.00839772	0.000710363	0.025690562	0.086333739	0.034825372	-0.017671389	0.012229226	-0.113262925	-0.067789752	-0.040314138	-0.067947146	-0.065679501	-0.07180717	0.085800305	0.028377941	-0.082836278	-0.047650092	-0.02413939	-0.100470734	0.097893574	-0.020698485	-0.039369078	0.046342845	0.049095507	-0.059082175	-0.0575721	-0.180318587	-0.032663749	0.041922824	0.120716894	0.052810925	0.004250335	-0.069863186	0.029926977	0.035516607	-0.03669041	-0.018981804	0.04123829	0.014041648	0.062755131	0.047447181	-0.050762551	-0.075811617	0.240052235	0.150589101	0.144851101	0.267968674	0.234713229	0.06650635	0.073447184	0.161486577	0.115416848	-0.033314772	0.179858955	0.047681188	0.149623116	0.02983539	0.099328123	0.101041731	0.064994974
MEpeachpuff4	-0.045660362	0.101564209	-0.052393782	0.007053029	-0.052406965	-0.035532355	-0.204161847	-0.004563351	-0.05147373	-0.054727968	-0.118903009	0.061393459	-0.060247958	-0.046009017	-0.014443294	-0.051024989	0.016041551	-0.291241947	-0.195116747	-0.141455973	-0.263203654	-0.218961854	-0.225394935	-0.276542059	0.156188678	0.134434931	0.102454698	0.094310424	0.15781147	-0.134075385	0.067515841	0.10400345	-0.100553719	0.102874836	0.03041292	0.040362521	-0.030161892	0.037939733	0.087307355	0.042790435	0.09379159	0.066915098	0.061288382	0.089378786	-0.015180226	0.049671015	-0.067735466	-0.055348145	0.053704798	-0.036925431	0.014395652	0.015627361	0.089655855	-0.171013366	-0.051205384	-0.043530508	-0.02468369	-0.123494913	0.030746848	0.129815301	0.03943989	0.10237751	0.079340382	-0.036159611	0.000428677	-0.102143884	0.09420606	0.175280983	0.036059706	0.116736788	-0.012547537	-0.089429623	-0.003371005	-0.038468538	-0.011644871	-0.132471082	-0.00012996	-0.000655311	-0.049428165	0.101918757	-0.076673959	-0.031945233	0.11540301	0.070860029	0.051101748	0.118947269	0.111790671	0.063055841	0.062574998	0.036690373	0.061439504	-0.113336067	0.14462585	0.005592617	0.078180073	0.038163832	0.072189479	0.069040618	0.070883882
MEvioletred4	-0.010741158	0.097213145	-0.056789144	-0.025713428	-0.048117772	-0.02839173	-0.107425493	-0.001829928	-0.07191054	0.014004805	-0.023922208	0.057983775	-0.051689997	-0.036214974	-0.014744688	-0.073482528	0.102387553	-0.176048015	-0.286660911	-0.306961581	-0.311788619	-0.142157786	-0.168823973	-0.239120105	0.121001422	0.175694164	0.118699155	0.122309168	0.116955288	-0.211900798	-0.00777175	0.085367151	-0.086607202	0.10993792	0.05619999	0.053126658	8.55E-05	0.054460447	0.131067236	0.01623523	0.055630884	0.056803948	0.005098999	0.083752712	-0.089626521	0.078015877	-0.060496612	-0.066198914	-0.101096929	-0.055928408	-0.075080593	-0.04811326	0.061763314	-0.087463214	-0.029288843	-0.018990358	-0.043120267	-0.023144466	0.028699429	0.106904683	-0.022126955	0.061737351	0.104640557	-0.050741075	-0.030643652	-0.130128372	0.05635258	0.145125619	0.064228903	0.091777164	0.031857367	-0.057710825	-0.010895216	-0.026846011	0.061662403	-0.045012975	-0.010320965	-0.023937031	-0.084068225	0.082559975	-0.093402389	-0.123953719	0.14940746	0.047644781	0.00928404	0.125739559	0.126376534	0.074493124	0.032572793	0.038827403	0.105067049	-0.05590372	0.091150514	0.072614323	0.135469766	0.07115267	0.074827472	0.097985403	0.091100587
MEnavajowhite3	0.075351716	0.031885634	0.043697393	-0.116895695	-0.007450526	0.094146565	0.055217429	0.058951391	-0.02159872	0.149097386	0.108769154	0.141405896	0.114040017	0.135156716	0.073459543	-0.0397358	0.015313953	-0.025670228	-0.207955529	-0.211602097	-0.214736637	-0.183871509	-0.172842609	0.000507926	0.046796652	0.00199808	0.069762383	0.012239602	0.109336327	-0.215505616	0.041719684	0.000668474	-0.306754057	0.066138559	0.128504833	0.053651831	0.062503328	0.058056896	0.100509215	0.021509346	-0.009818512	0.046662681	0.013417364	0.017915629	-0.003023211	0.056125584	0.069286675	0.114534598	-0.129123884	-0.019132187	0.035619291	0.078113935	0.078018986	-0.068074177	0.092601805	0.106945652	0.047656718	0.147032201	-0.128006532	0.04661379	0.04043913	-0.118449304	0.115212686	0.040747791	0.069853772	-0.198690386	0.120038018	-0.060216505	0.114044708	0.02655105	0.100915266	0.022745181	0.006153521	-0.00211788	0.11770381	-0.015746984	0.031490891	-0.039174033	-0.044629209	-0.057047032	0.00015227	-0.217526183	-0.007192721	-0.015933517	-0.114931204	-0.003718387	-0.020473623	-0.056581865	0.021948195	-0.055950208	-0.079376514	0.007055571	-0.022237202	-0.167163421	-0.064205427	0.061366152	0.015373118	0.019634534	-0.309207372
MEred4	0.016601023	0.116809731	0.008916573	0.06793651	-0.150077714	-0.000656833	-0.060036533	0.039183514	0.095160141	-0.02230625	-0.04555598	-0.144862536	-0.019701376	-0.01548348	0.049649446	0.079345619	-0.118053741	-0.255240553	-0.226786009	-0.149617772	-0.193644269	0.041386897	-0.023278216	-0.142087596	0.050239525	0.107380553	0.049491499	0.135122539	0.066738265	-0.460575968	0.062166077	0.0984267	-0.092856117	0.097783975	0.125721166	0.095570762	0.014959938	0.054799234	0.120737597	0.019940993	0.036451508	0.053073429	0.015190679	0.108074779	0.045602784	0.067800379	0.059207922	0.154067994	-0.024231834	0.00835331	0.027534947	-0.012164929	-0.036921684	-0.079950459	-0.020972738	0.019004252	0.006400988	-0.039332399	-0.040362367	0.071952276	0.054929638	-0.063906754	0.085896115	0.082786376	0.035639843	-0.262056168	0.02110223	-0.038425032	-0.091339765	0.022224049	0.05865448	-0.001800882	0.048270898	0.005649836	-0.136740024	-0.20685841	0.046345994	0.051212904	0.02986368	0.06540176	0.101010516	-0.147015557	-0.052116816	0.14942348	0.09503176	0.058067782	0.091437105	-0.072154167	0.095839723	0.030651805	-0.003575621	-0.026072832	0.087748518	-0.108054103	-0.048793198	0.049875362	0.053563047	-0.063460606	-0.010283135
MElightblue1	0.016817238	0.117353519	-0.085253292	0.026410014	-0.129524318	0.110901419	-0.039525943	0.06609796	0.051598155	-0.044391671	0.052076329	-0.077849825	-0.012353198	0.031912514	0.015908447	-0.039320897	-0.151625873	-0.307969645	-0.285103946	-0.246016194	-0.154656363	-0.269064118	-0.086046561	-0.185385377	0.038562897	0.048957453	0.049024195	0.068135622	-0.10490985	-0.147868817	0.111180667	0.063465289	-0.04795723	0.085996383	0.015635898	0.084151397	0.068527953	0.061662761	0.040134023	0.037334869	-0.049136538	0.044238565	0.090467672	0.056923072	-0.002497779	0.075203417	0.172347653	0.163079861	0.034360243	0.014179815	0.07401588	0.059491768	-0.052905963	-0.01419544	0.017728415	0.08335306	0.060789958	-0.032258303	-0.170293588	0.057526381	0.128205791	-0.151438931	0.021789379	0.01095358	0.108376672	-0.077519015	-0.024372802	0.066869576	-0.080184811	-0.114456084	-0.137897175	0.074172204	0.002576556	0.122751519	-0.095639043	-0.080784306	0.088214545	0.12546033	0.058219325	0.092689374	0.109509449	-0.023787655	-0.11079935	-0.021228207	0.030877775	0.040386142	0.10260999	0.044024816	-0.04509955	0.011170463	0.167400011	0.044484099	0.121195665	-0.178808304	-0.033274974	0.049525181	0.073215265	0.009762356	-0.05858989
MElemonchiffon2	0.070652316	0.10447537	-0.081522316	0.011885506	-0.043953342	0.05961505	-0.042519621	0.147210378	-0.048214443	-0.018964225	0.056894691	-0.09802821	-0.008238827	0.015376265	0.02562043	-0.002506906	-0.144221007	-0.167829605	-0.197125346	-0.226766852	-0.132725948	-0.150528079	-0.261982964	-0.278351376	-0.024214894	0.073476037	0.047143817	-0.033189489	-0.102361431	-0.221828893	0.065506033	-0.005222722	0.005232747	0.010310462	-0.026811741	0.015969398	0.067902641	0.058585452	-0.024522604	0.039810789	-0.049647487	-0.029710644	0.163673257	0.072136087	-0.047343734	0.027933758	0.138341047	0.21406224	0.026564684	-0.049470224	-0.012655636	0.000206824	-0.054267293	0.030663499	-0.041901056	0.043300557	-0.017045281	-0.0534961	-0.117700833	0.014602674	0.19022874	-0.097710908	-0.011869214	-0.055524471	0.108547538	-0.117464902	-0.034528669	-0.008862896	0.013702949	-0.046498678	-0.075902376	0.109715116	-0.029525025	0.164563967	-0.062533433	0.007613223	0.177661459	0.131359065	0.020826848	0.115680066	0.114062979	-0.024516402	-0.086694397	0.0070122	0.01119916	0.072899354	0.03224547	0.01599381	-0.009237797	-0.009152804	0.289856463	0.028284422	0.186814907	-0.172130543	-0.026232893	0.09675689	0.085339588	0.035049609	0.060688697
MElightpink4	-0.015220891	0.112228548	-0.140556878	0.02289952	-0.087096917	0.07494612	-0.059438167	0.141666424	-0.004872108	-0.060288729	0.034840909	-0.074865187	-0.022828601	0.053112538	0.029462174	-0.004663783	-0.191428967	-0.202097223	-0.259707831	-0.236238884	-0.205294303	-0.213637393	-0.190757329	-0.304728074	-0.000849049	0.008434749	0.046996766	0.002440044	-0.01645188	-0.205985975	0.07871905	0.015149528	-0.021061531	0.055088401	-0.078069348	0.09800353	0.031783088	0.02917857	-0.028677344	0.012977497	-0.024745181	-0.014834254	0.078209071	0.011658697	-0.005416917	0.047321145	0.127298755	0.16776168	0.02213101	-0.007269031	0.056346043	0.03726304	-0.010495657	0.029037804	-0.02069199	0.066994871	0.021464849	-0.058223413	-0.137360799	0.056798899	0.141135717	-0.09979877	0.062107412	-0.041855928	0.113221163	-0.153058742	0.017045666	0.025901229	0.007105406	-0.037219338	-0.089740289	0.08821949	-0.009922617	0.158320909	-0.063144414	-0.020635309	0.173738021	0.133997517	0.034162339	0.122935929	0.119797105	0.004433439	-0.099969781	0.04839338	0.039377194	0.072302191	0.048605657	0.044290333	0.015349269	0.02821021	0.212406281	-0.000541994	0.132603521	-0.156154595	-0.010923892	0.122656921	0.074697366	0.04230226	0.033290055
MEpeachpuff2	0.06819418	0.07237458	-0.033279168	-0.036264783	-0.101846732	0.07617921	-0.085212147	-0.022762906	0.088368014	0.009058047	0.066048535	-0.047790106	0.021925962	0.089912921	0.038479227	-0.004523969	-0.276865299	-0.021076794	-0.248577381	-0.188527352	-0.204949369	-0.129053108	-0.227303462	-0.233768456	-0.038244192	0.062273444	0.091716304	0.077845082	0.095073509	-0.060229828	0.047888426	0.014288942	-0.01102165	0.132156245	0.135710898	0.069114383	-0.01610491	0.124764439	0.052188351	0.0393643	-0.076888456	0.016785684	-0.039089997	0.056290741	0.069408687	0.089830763	0.094799927	0.173958082	0.16044918	0.069174635	0.035590122	0.001091922	0.008776954	0.025709984	-0.083369325	0.098999985	0.024707995	0.0671051	-0.094922575	-0.001882053	-0.004936309	-0.204285451	-0.006411589	0.148189475	0.106724126	-0.102171051	-0.036919318	-0.004620655	-0.004151857	-0.055057176	0.022930437	0.058311381	0.042356278	-0.024132734	-0.02436893	-0.340228862	0.053567864	0.034349765	-0.029512406	0.004704022	-0.026269926	0.113164083	-0.014188667	-0.087198886	-0.018039155	-0.025815446	0.122302037	-0.036983134	0.019273388	0.03213253	0.033373662	0.055214366	0.068226576	-0.089426347	0.089337915	0.103626069	0.163599476	-0.101465931	-0.217250366
MEburlywood	0.035143272	0.087914476	-0.104644341	-0.015486061	-0.080419041	0.065678112	-0.037539576	0.042383303	0.055696338	0.018020774	0.139915009	-0.084249977	0.055446659	0.096915187	0.073552619	-0.023841033	-0.180502279	-0.289883251	-0.102732611	-0.152056158	-0.062459317	-0.183421562	-0.127376091	-0.246562257	-0.054851524	0.073085428	0.06638897	0.016579727	-0.017725744	-0.150635163	0.03705655	-0.046248111	0.030067199	0.110761454	0.100968623	0.054576948	0.010133671	0.174545781	-0.017026401	0.014819616	-0.168022995	0.002659128	-0.01247128	-0.057099707	0.014393638	0.071949352	0.106990398	0.195797261	0.067805403	0.07471363	-0.001543591	-0.058246388	0.0172411	0.008622793	-0.04917893	0.08966084	0.04000928	0.064876308	-0.187418328	-0.049671464	0.067113972	-0.140982755	-0.062013849	0.095113809	0.124361158	-0.306638688	0.000534103	0.013112051	0.029218261	-0.116587625	0.012531931	0.094443769	0.019833241	0.004091458	-0.012359489	-0.062397795	0.149163064	0.059418426	0.053274764	0.055006193	0.085876272	-0.100948876	-0.130670271	-0.082138708	0.049014702	0.002125238	0.098224373	-0.000176139	0.049022197	0.13045852	0.073289225	0.085730924	0.147836467	-0.16149791	0.089614466	0.099551987	0.094258321	0.023843015	-0.182705466
MEmistyrose	0.016410541	0.106885088	-0.032760027	0.023667513	-0.099281153	0.067897358	-0.065577992	-0.060950242	0.117422316	0.013073293	0.078431026	-0.034657689	-0.004936916	0.089779223	0.099119985	-0.026760329	-0.191795202	-0.231793912	-0.229979026	-0.178784426	-0.182757958	-0.154505194	-0.158961878	-0.213571358	-0.016919987	0.065804508	0.092101493	0.072587471	0.048000388	-0.114440925	0.083600832	0.036000166	-0.077911824	0.154124092	0.128341421	0.140446969	0.008249143	0.140608251	0.065524622	0.061928601	-0.080041429	0.03616274	-0.007029727	-0.05137648	0.059963086	0.124980808	0.102229856	0.141079278	0.093040626	0.099344982	0.02120574	0.000501301	0.023632731	-0.079570489	-0.051609164	0.080624501	0.057252312	0.059766953	-0.184272082	0.001154836	0.02184206	-0.118129452	0.026450789	0.125147516	0.132103776	-0.196694278	0.006117421	0.045497909	-0.057226866	-0.134103766	-0.023243295	0.052415462	0.040936156	-0.00892641	-0.036836669	-0.148847854	0.080705504	0.082910747	0.045857077	0.028550722	0.002480466	-0.08238251	-0.045510282	-0.164683145	0.07956558	-0.03516108	0.15451203	-0.015525601	0.038576391	0.07508287	-0.011142254	0.078695731	0.100124417	-0.160696035	0.038658108	0.060824338	0.150219509	-0.128920442	-0.179943282
MEchocolate3	-0.082311772	0.064097531	-0.079234294	0.00633435	-0.055482435	0.01443689	-0.105014131	-0.067398504	0.207389658	-0.007364079	0.02265661	0.009475852	-0.032696817	0.052787416	0.05501862	-0.053393745	-0.101817598	-0.175647654	-0.295398137	-0.308734013	-0.207441231	-0.068004621	-0.270956078	-0.316310273	-0.010328519	-0.050614228	0.065381458	0.013685496	0.019528846	-0.143599192	0.077898689	0.057066679	0.029740435	0.088735451	0.039972933	0.101265335	-0.016128935	0.013101714	0.018938033	0.061274283	-0.020943783	0.005523282	0.047102544	-0.026562089	0.100560978	0.04218849	0.052862782	0.072430542	0.183270923	0.171445002	0.094852648	0.055126156	0.039134865	-0.037351607	-0.044407039	0.05294856	0.046804009	0.013849988	-0.089631476	-0.02221847	0.06393755	-0.058872131	-0.010355865	0.062704959	0.104802057	-0.201786439	0.071001376	0.132557222	-0.078752089	-0.043638213	-0.045728336	0.029700534	-0.002969582	0.021065783	-0.031048787	-0.066450086	0.078307846	0.080257569	0.088296858	0.033367486	0.063744129	0.065273546	-0.027721629	-0.063789543	0.211620648	-0.03709436	0.139133677	0.004592835	0.089302933	0.121733688	-0.047297555	0.001729881	0.093425755	-0.093992797	0.020061668	0.063373773	0.093869379	-0.127243602	-0.105016464
MEplum2	-0.087320378	-0.01236236	-0.098431174	0.055686847	-0.069237444	0.032432049	-0.102707173	-0.019770551	0.104466161	-0.079722627	-0.067342008	-0.043209017	-0.035959679	0.047450969	0.052404152	-0.063950517	-0.196117442	-0.194125464	-0.271352541	-0.263803458	-0.181963154	-0.189533198	-0.276419939	-0.269734221	0.030194159	-0.117892848	0.012699355	0.050730461	0.097856098	-0.06163718	0.126410069	0.134922212	0.142582526	0.093975391	-0.044735233	0.100527339	-0.068440179	-0.035843383	0.047800188	0.142067048	0.07994237	0.024693756	0.042533979	0.020666769	0.160828854	0.053687202	0.10434834	0.133280116	0.179815306	0.104700948	0.06393282	0.139220409	0.018026196	0.041409155	0.03258406	0.023375515	0.020933284	-0.036166618	0.005482498	0.05611315	0.030402468	0.059866409	0.0454666	0.04225208	0.021583094	-0.125641386	0.073584189	0.097763088	-0.048912027	0.119441191	-0.035418258	-0.011042256	0.031272868	-0.016124877	-0.080875881	-0.108852609	0.068575333	0.037088171	0.053182207	0.015513312	0.055710456	0.120762637	-0.044744519	0.071076773	0.089005135	-0.066346058	0.132505762	-0.061061679	0.034646103	0.033527169	0.002787837	-0.088098481	0.037231824	-0.161660687	-0.042922296	0.062117862	0.058003261	-0.048665966	-0.143000811
MEmagenta1	-0.110149986	-0.0315878	-0.029804833	-0.017552776	0.038348085	0.13784714	-0.045042411	-0.026215033	0.050381164	-0.078130166	0.046688742	0.006252995	0.106768919	0.09249811	0.047759406	0.089935912	-0.273466834	-0.27954022	-0.330518541	-0.208751215	-0.180095731	-0.27527354	-0.281558323	-0.285267233	0.053038707	-0.036187186	0.040961308	0.023792137	0.030333527	-0.096581615	0.030364502	0.04761027	0.009889378	0.036362653	0.088996561	0.060204045	0.014727593	0.086616799	0.050065851	0.061974247	0.013649834	0.056547503	0.034691753	0.102680076	0.101655665	0.029496185	0.076786809	0.131128048	0.058670607	0.018414686	0.075897456	0.097682559	-0.0079735	0.055983793	-0.027032006	0.093293198	0.072068431	-0.000718663	-0.057076611	0.018348513	-0.027929751	-0.132861267	-0.006912963	0.037434125	0.08642101	-0.047775935	-0.004880741	0.035811479	0.02639002	-0.079427571	-0.033808225	0.024135804	0.011169946	0.031586012	0.087365607	-0.193461505	-0.034711777	0.042961708	0.069870348	0.115395055	0.044536221	0.090926687	-0.111467703	0.038788371	0.065921811	0.083918329	0.054944259	0.000936833	-0.042158976	0.04065383	0.055630484	0.026035938	0.079115893	-0.083568941	0.108470462	0.068085179	0.071974484	-0.092815262	-0.11658822
MElavenderblush2	-0.106522957	0.102531307	-0.116655877	0.02980447	-0.083588079	0.081367465	-0.15065459	0.002259783	0.082584956	-0.117146804	-0.068308026	0.004826477	-0.028982188	0.040420557	0.066545419	0.003233365	-0.261095954	-0.266623669	-0.143451641	-0.080170056	-0.228118318	-0.077671492	-0.178645193	-0.210668018	0.057639524	-0.081693113	0.072498177	0.034227811	0.046019099	-0.20187584	0.084686319	0.094985251	-0.031464966	0.072283102	-0.042573357	0.115359476	0.016450211	0.05859472	0.020315712	0.024639349	0.051304399	0.031138008	0.020852344	0.065495088	0.050980198	0.063140495	0.062727637	0.048746459	0.191403183	0.063262644	0.100259474	0.149741778	-0.049127255	0.019147713	-0.008868842	0.069029489	0.05432983	-0.067299225	-0.099762447	0.046665853	0.016555757	-0.049484582	0.066898349	-0.016250791	0.113457382	-0.098215585	0.078962859	0.093956722	-0.090004728	-0.067935847	-0.151857784	0.012512215	0.05437256	0.075041608	-0.051836022	-0.203353234	0.049021885	0.108819844	0.090090375	0.135429515	0.09604629	0.08415926	-0.111572856	0.149200431	0.156418331	-0.004671873	0.099818692	-0.009925737	0.02049153	0.066773956	0.065692705	-0.091657285	0.078758223	-0.200241883	0.009093394	0.061853093	0.095422613	-0.051462451	-0.178906165
MEskyblue3	-0.014594568	0.106134559	-0.058228547	-0.025871159	-0.013366565	0.127692148	-0.154077768	0.063766368	0.012203062	-0.078172667	-0.031913086	-0.029939291	-0.021748592	0.076872979	0.044406641	0.005048317	-0.281205824	-0.280513357	-0.287371963	-0.173081243	-0.237638357	-0.111806803	-0.241383684	-0.304210263	0.04504894	0.024256504	0.109206643	0.060601055	0.088521022	-0.134709556	0.019468138	0.056993134	-0.030280533	0.099446584	0.067041661	0.093688121	0.019284846	0.140336563	0.056667602	0.021873808	-0.0042908	0.04182762	-0.049581684	0.111218	0.015073389	0.065344517	0.084400871	0.099795583	0.069800684	0.005454405	0.026654276	0.113920929	-0.085240558	0.022248421	-0.026216106	0.107748072	0.058602849	0.032776262	-0.104973524	0.038014806	-0.063132798	-0.104852174	0.08137168	0.061426008	0.130434237	-0.033649182	0.013486431	-0.041205337	-0.034459963	-0.005770208	-0.118101633	-0.033986803	0.071224574	0.064311276	-0.02091705	-0.208483359	0.050781796	0.125012044	0.012043245	0.130940174	-0.014266554	0.061086353	-0.013226956	0.102664843	0.002338294	-0.002722367	0.09881299	0.030331108	-0.013561054	0.02491353	0.114540261	-0.033731788	0.032048447	-0.110705291	0.068374029	0.099937429	0.131707266	-0.01824393	-0.087792448
MEcornsilk2	-0.061919704	0.082758426	-0.073346613	0.044026527	-0.069671056	0.050136899	-0.065303966	-0.049563607	0.13425406	-0.04215197	0.019333573	-0.029933711	-0.005793382	0.0717027	0.070286104	-0.006758782	-0.203173939	-0.344473196	-0.269759741	-0.271726393	-0.187735635	-0.221889368	-0.145783037	-0.349756857	0.0013328	-0.01186568	0.076474686	0.072579175	0.086914278	-0.178518451	0.09608716	0.057619464	0.003598536	0.125851421	0.011761283	0.089764024	-0.010054882	0.065159357	0.079388657	0.051312985	0.007111153	0.025471693	0.015480043	0.02081772	0.069312934	0.067175805	0.08687865	0.105683129	0.155913746	0.080978566	0.06352047	0.049979389	0.003287039	0.024801023	0.000328743	0.037361005	0.037028885	0.020840898	-0.077844744	0.056591241	0.001640181	-0.034553216	0.069984812	0.045109148	0.069373406	-0.142711083	0.041571309	0.078950742	-0.055518784	0.058335689	-0.027418467	0.023927559	0.053153982	-0.005786032	-0.050123298	-0.181612375	0.058718443	0.061559518	0.052651959	0.064175767	0.039666931	0.023226164	-0.095280756	0.028455353	0.111405607	-0.015951196	0.142584616	-0.032942263	0.073596904	0.062505842	-0.013213196	0.000706456	0.074386054	-0.156947926	0.02119851	0.082895752	0.099819248	-0.048209189	-0.121211705
MEpalevioletred	-0.034470083	0.056111243	-0.04503554	0.012110002	-0.032337718	0.063528676	-0.052924823	-0.018528383	0.079161353	-0.02182127	0.028660674	-0.000818365	0.011635088	0.074696621	0.053660365	-0.038912884	-0.16021165	-0.16215047	-0.320442768	-0.34122272	-0.278032171	-0.160454087	-0.321159176	-0.330031493	0.064714351	0.007359886	0.094120346	0.092410275	0.074112296	-0.209965538	0.096769146	0.082556086	-0.021855107	0.111590831	0.047683641	0.116756028	0.005622916	0.052695392	0.111073633	0.069311946	0.030288321	0.046072387	0.049658321	0.091252208	0.073919054	0.08377008	0.088881927	0.090938828	0.052896591	0.063478769	0.083090136	0.10588595	0.011735876	0.041058355	0.011084072	0.047224492	0.054638034	0.011425623	-0.086955164	0.073705378	-0.000581825	-0.002814053	0.077431262	0.034925095	0.074898259	-0.170053762	0.050854056	0.03000911	-0.052957003	0.054443422	-0.077287928	0.019814935	0.063610814	0.029533458	-0.023144827	-0.129379978	0.051862473	0.021905766	0.038248384	0.039003097	0.045887283	-0.005577881	-0.065045417	0.090390952	0.062041578	-0.01145243	0.09709182	-0.032355617	0.018863326	-0.001241305	-0.008117081	-0.041291623	0.042654792	-0.112390256	-0.027342241	0.062145837	0.053541183	-0.051201389	-0.126938071
MEtan3	-0.062594238	0.081930516	-0.073960314	0.024086132	-0.089109246	0.038339903	-0.092218681	-0.007133847	0.115987282	-0.030164658	-0.022818616	0.007605763	-0.037612809	0.034080134	0.072822235	-0.034640604	-0.158248219	-0.252269557	-0.271849414	-0.253089273	-0.247901439	-0.171749538	-0.189686011	-0.327851064	0.097113477	-0.000110882	0.089944829	0.106465533	0.127447651	-0.23480814	0.090650939	0.08910064	-0.056234137	0.134584146	0.008257143	0.103797821	0.015810869	0.014437557	0.120189097	0.017042622	0.039153074	0.053743563	0.018550652	0.086265611	0.031732445	0.085861296	0.067399755	0.07487817	0.071363938	0.08526515	0.063268366	0.095491777	-0.002541088	0.035118963	0.034808236	0.005982491	0.063667931	-0.001276529	-0.087844662	0.098895315	0.027762399	-0.01092751	0.085256147	0.055090911	0.063923871	-0.176776349	0.04734464	0.082165167	-0.079791873	0.040122969	-0.030693632	-0.028602993	0.083720604	0.02254156	-0.052657214	-0.148676916	0.037879317	0.029648573	0.052297224	0.072672269	0.064338488	-0.024110524	-0.062752481	0.180477053	0.092444083	-0.029615163	0.146531612	-0.033751809	0.061026217	0.022755518	-0.000685816	-0.059923097	0.051200313	-0.164463116	-0.034978652	0.038977152	0.030686484	-0.032721109	-0.113162376
MElightsteelblue1	0.016362059	0.093549566	-0.04065919	0.037390713	-0.068521211	0.085392222	-0.070004415	-0.001939476	0.081129289	-0.016987497	0.023976526	-0.026980874	0.001240386	0.050918555	0.075828493	0.018186887	-0.195759434	-0.251515266	-0.234582592	-0.206772605	-0.210047742	-0.185125599	-0.217519748	-0.310996961	0.091500953	0.040230447	0.085064282	0.119856183	0.087749014	-0.230827061	0.084436184	0.076023851	-0.15059356	0.115386443	0.04727897	0.103536191	0.045305312	0.075048941	0.113658969	0.03216953	0.00696708	0.057374859	0.017905229	0.083090258	0.0002496	0.10440974	0.086528494	0.104613711	-0.0183065	0.06170477	0.040199663	0.083099952	-0.026537781	-0.045554468	0.029454521	0.057582732	0.084240694	0.009274547	-0.130645468	0.071644177	0.00554006	-0.07393654	0.069291013	0.08269454	0.087321882	-0.194249148	0.016957303	0.01738826	-0.092036754	-0.057915024	-0.05039706	0.020175887	0.096486316	0.044256671	-0.0214897	-0.171262445	0.059059031	0.078316736	0.061386657	0.072603431	0.056951946	-0.140053701	-0.075048902	0.141331796	0.044369938	-0.003053244	0.141615769	0.01175455	0.004166254	0.003720111	0.047803385	-0.00196021	0.064138516	-0.163212612	0.00452356	0.048413975	0.056657156	-0.00887842	-0.143113533
MEbrown2	-0.040801069	0.087658037	-0.105882744	0.014641006	-0.123094261	0.071840005	-0.118881669	-0.025497593	0.138794445	-0.062903911	-0.012915462	-0.069056351	-0.029882441	0.058097978	0.0495505	0.011304733	-0.236020099	-0.197280143	-0.241016484	-0.192566042	-0.287558286	-0.188373066	-0.234384276	-0.246383344	0.039607264	-0.023349235	0.077055677	0.078746698	0.08274023	-0.176203752	0.062996397	0.038531399	-0.019262056	0.119417057	-0.00488635	0.064101876	-0.0154025	0.048706265	0.084849091	-0.021311859	0.009356218	0.022645802	-0.019380765	0.054765015	0.046768092	0.061011632	0.100806312	0.15422968	0.110713662	0.112102934	0.062634201	0.06924642	-0.031403616	0.058496457	0.007625281	0.054589781	0.046408006	0.013715935	-0.131761102	0.063943678	0.000522412	-0.09611341	0.031716362	0.066860083	0.075394679	-0.159790099	0.018773497	0.048860684	-0.088501492	-0.040394362	-0.033971693	-0.007525886	0.068654993	0.032494849	-0.045264136	-0.157200382	0.054095854	0.090085582	0.058157235	0.096742882	0.076335979	0.00553955	-0.044310328	0.185640261	0.121280114	-0.018089151	0.169215506	0.007305493	0.031965687	0.072603622	0.07073799	-0.004811577	0.101790181	-0.173703512	0.046520491	0.081376955	0.09248408	-0.019815516	-0.137902775
MElightblue2	0.018590945	0.080807979	-0.06665826	-0.009354064	-0.117726525	0.086632796	-0.084315715	-0.01159276	0.107860072	-0.013070924	0.036603471	-0.015562307	-0.010449379	0.069865807	0.048529751	0.00554737	-0.22792257	-0.289048842	-0.231633762	-0.230800002	-0.295110407	-0.121111161	-0.158682009	-0.318421806	0.029759878	0.031026564	0.109946864	0.123384581	0.107533458	-0.129123766	0.058032778	0.041901863	-0.03839529	0.14699073	0.100284688	0.074809872	-0.010222265	0.085804084	0.117334291	0.011704177	-0.027550257	0.051692689	-0.033180539	0.109440813	0.017205799	0.10864702	0.115239549	0.1882213	0.054589572	0.090297031	0.019097839	0.030846736	-0.010476271	0.026602052	0.001487376	0.072261681	0.061121217	0.043627461	-0.161318658	0.048847652	-0.01056941	-0.089133199	0.051165131	0.093480847	0.087060049	-0.170063489	-0.00782661	-0.038092583	-0.082347119	-0.005415691	-0.00656588	0.013652043	0.069865589	-0.000519931	-0.030690106	-0.142241592	0.058948821	0.032088475	-0.018399548	0.028852144	0.012765704	0.040157383	-0.076280852	0.110572098	0.023471865	-0.038949072	0.160068	-0.043164778	0.050722038	0.025841947	0.051320659	-0.005441334	0.049902504	-0.122064946	0.012756065	0.088812071	0.101223294	-0.027941946	-0.167468911
MElightpink2	-0.053347804	0.02493027	0.022180895	0.123977451	0.112624032	0.033405995	-0.009764412	0.03416031	0.065069849	-0.041321944	-0.02172058	0.040441553	-0.058319053	0.008711273	0.104038137	-0.015937933	0.038659781	-0.253498458	-0.343823532	-0.136079566	-0.277676977	-0.179205493	-0.154711529	-0.294092366	0.099700529	-0.047158541	0.010239033	-0.038519024	0.111694372	-0.177107644	0.145364595	0.104256062	-0.137238851	0.05702084	-0.074727396	0.10707548	0.099158362	-0.04334938	-0.098394176	0.063643635	0.103125904	0.025617293	0.157879915	-0.037678669	0.102424902	0.048210533	0.024656092	-0.055466993	-0.065059944	0.064872632	0.112229434	0.100106476	0.0548733	-0.168784711	0.093687452	0.016380863	0.108495612	-0.091378382	0.089604269	0.055751478	0.092584037	0.0788385	0.04534248	-0.027467236	0.031273139	-0.174075999	0.096391488	0.10410666	-0.041513772	-0.050414987	-0.091734207	0.046228455	0.009247306	0.077375064	-0.00988767	-0.098726213	0.030633192	0.058659874	0.124754517	0.022273519	0.106256127	-0.094272177	-0.03773786	0.025051833	0.108327199	0.050811646	0.033222742	0.068059864	0.026385712	0.0232545	0.03306462	-0.065133471	0.096301716	-0.087622474	-0.064733663	-0.113837171	-0.011889716	-0.069591491	-0.039711333
MEmediumorchid	-0.112224683	0.060324035	0.002217007	0.069899797	-0.041670654	0.017366464	0.021793797	0.095240704	0.010011055	0.037011103	-0.035054087	0.117730877	-0.010914994	-0.019026272	0.086592209	-0.12204942	-0.008864567	-0.238744521	-0.201235185	-0.174644131	-0.182348653	-0.170270269	-0.145317158	-0.228084447	0.156358402	-0.02409342	0.109718081	0.048106873	0.085849208	-0.378919652	0.118481874	0.10168133	-0.105193763	0.121675549	0.011935541	0.075331969	0.102566994	-0.037840324	0.010408672	0.033267571	0.033692276	0.068803954	0.123502749	0.022623761	-0.045882067	0.055519929	0.048935481	-0.004473938	-0.021488688	0.093535796	0.124791935	0.099282335	0.086402293	-0.156322164	0.089094953	-0.003379325	0.082028609	-0.006187319	-0.026721814	0.081744372	0.148565158	0.117597423	0.098409886	0.026655652	0.07960106	-0.245390473	0.153664963	0.098028216	-0.015167055	0.094736542	-0.002742173	0.006856232	0.040118423	0.027448843	-0.055945622	0.003805206	0.059853041	-0.04767022	0.034264102	-0.018600165	0.025490824	-0.170727388	-0.155269273	-0.054255713	0.036980991	0.00939989	0.033491109	0.011389056	0.113748848	-0.01893234	-0.071058366	-0.065804282	0.03952261	-0.117955869	-0.109465644	-0.068542871	-0.024419586	-0.052210461	0.031953392
MEtomato4	-0.064344273	-0.022639754	0.007187212	0.056384431	0.057539298	0.08147433	0.10840971	0.061546134	0.033709143	0.076089365	0.010916302	0.048458244	0.002469807	0.09960777	0.059649453	-0.023064281	-0.149175398	-0.262484035	-0.188353731	-0.383872084	-0.365786907	-0.138422994	-0.334859562	-0.172051681	0.016376983	-0.026360004	0.040723113	0.015222245	0.015374605	-0.29476264	0.101791181	0.063717654	-0.129857497	0.097606611	-0.022662389	0.03587822	0.065110906	-0.059908632	0.013377082	0.038255603	0.134764299	0.021504837	0.07310481	-0.005425691	0.104536473	0.032065152	0.099866362	0.033936279	0.014164514	0.104311282	0.074352577	0.056286078	0.04110706	-0.077540391	0.104145738	0.073647902	0.049391136	0.073584613	0.084283757	0.099680908	0.126896604	0.051595972	0.004810813	0.042148053	0.068988781	-0.133522441	0.045003481	0.025305094	0.037162235	0.036458742	0.029237709	0.052883803	0.069442945	0.066543726	0.001094357	0.062250736	0.021225467	0.056485082	0.041105408	0.0076505	0.074580799	-0.091541648	-0.073590364	-0.087331664	-0.051170656	-0.05634929	-0.045149349	0.019049966	-0.001685046	-0.018462779	-0.023324095	0.000992593	0.02858847	0.023570121	-0.050714834	-0.032553385	0.010892684	-0.05107603	-0.047529796
MEpalevioletred1	0.042823853	0.08322087	0.097467573	0.062347151	0.143944979	0.018353191	-0.018614193	-0.060534775	0.115098035	0.0052571	0.049554026	0.038391681	-0.058769554	-0.017297986	0.037957905	-0.042124764	-0.213934189	-0.2322206	-0.170334544	-0.320418334	-0.208565915	-0.171068932	-0.198097578	-0.229483107	0.113062658	0.075053979	0.141721771	0.088778085	0.080754441	-0.173610801	0.1361857	0.159190963	-0.07251727	0.06534509	0.096775258	0.119264182	0.078868871	0.078788148	0.106090186	0.185637079	0.168182447	0.109293544	0.193308925	0.125406405	0.162740885	0.069621583	0.04092037	0.010330044	-0.046079441	0.054783794	0.049871171	0.074318527	0.029935219	-0.095481027	0.019074612	-0.007004295	0.072483943	-0.007220536	0.054467421	0.033012774	0.095562208	0.03098325	-0.048279536	0.053528971	0.036099013	-0.159866206	0.004844753	0.036036775	-0.054777529	-0.039077723	-0.034701799	0.014907852	0.033493052	-0.00886852	-0.056441849	-0.073992537	0.002673942	0.011424021	0.038333588	-0.084242153	-0.051495028	-0.059976929	-0.126130454	-0.070423726	0.075469669	-0.006446257	-0.019099261	-0.025579906	-0.041550574	-0.036474484	-0.079300046	-0.022696968	-0.052200351	-0.113096829	-0.093972381	-0.088074043	0.016749739	-0.074695017	-0.072953324
MEvioletred	-0.010699171	0.060294449	0.04687356	0.027286266	0.035683946	0.016795085	-0.000549131	-0.054799617	0.141695775	0.034347823	0.07161039	0.062573033	-0.011642416	0.046802812	0.035181354	-0.010123301	-0.224617643	-0.334582382	-0.300018756	-0.243715162	-0.19699385	-0.258894607	-0.221112564	-0.309625918	0.025261598	0.025479034	0.068663729	0.044367418	0.044475393	-0.209534749	0.07656646	0.074763349	-0.077824962	0.065091465	0.055091249	0.090676094	0.016250824	0.049119597	0.075386411	0.106284715	0.035452745	0.073864004	0.108272388	0.020976066	0.085234305	0.069465394	0.080337525	0.034811293	0.061818193	0.122647142	0.039858717	0.076591925	0.065587249	-0.107886186	0.004179355	0.020140127	0.071554564	0.052757544	0.020981853	0.014985599	0.095737668	0.019245504	-0.034827603	0.074017891	0.057015724	-0.171454741	0.02358663	0.08164242	-0.042052039	-0.054205157	-0.029524705	0.066222366	0.020094417	-0.006993918	-0.000751236	-0.086051145	0.067363115	0.038100914	0.049407395	-0.011091265	-0.020425949	-0.064415215	-0.001742329	-0.155509564	0.155613959	0.030665307	0.081397533	0.010506434	0.011336985	0.058286616	-0.053660282	0.057861846	0.033892889	-0.110029107	0.014890635	0.019909517	0.085282552	-0.055361148	-0.137500314
MEburlywood3	0.216696547	0.035201007	0.05992614	0.10282572	0.114024045	0.032086137	0.061709827	0.003857236	-0.040336536	0.05261937	0.099827456	0.007486218	0.092819353	0.04303718	0.003209019	0.084471991	0.017499485	-0.242048019	-0.24881461	-0.320491692	-0.396453721	-0.208635372	-0.261776584	-0.228864913	0.003299621	0.08508863	0.045170577	0.011642407	0.005939856	-0.230604806	-0.038463083	0.001784113	-0.166828705	0.004703575	-0.006321375	-0.048126497	0.01523528	0.013220247	-0.038217968	0.060918032	-0.018283723	0.018322003	0.005421885	0.03046111	0.014424852	0.013692176	-0.019789506	0.005526172	-0.087988736	-0.003591652	-0.017478202	-0.040027788	0.084120285	-0.115688209	0.014050514	0.056222251	0.026184959	0.081095985	0.060414378	0.025536629	0.001987005	-0.013766814	0.02823281	0.029194479	0.022497508	-0.153822843	0.008229972	-0.057074497	0.064699142	-0.073656484	0.013472546	0.078680724	-0.000199387	0.041210934	0.060293296	-0.004195598	0.05684456	0.086580416	0.069464895	0.036151236	0.023113598	-0.102868905	0.150736962	-0.006118556	-0.035250236	0.108919537	0.087300536	0.105477812	-0.023582128	0.026358204	0.046714297	0.082476992	0.101077554	-0.021775882	0.097338184	-0.038850449	0.070347143	0.150962035	-0.048141167
MEaquamarine1	0.129183969	0.032865172	0.098244485	0.066264308	0.106011521	0.075621196	0.057085273	0.061035354	-0.058362439	0.07554332	0.105096147	-0.072560083	0.078454674	0.045281182	-0.03490711	0.040731386	0.017396463	-0.157593929	-0.190899167	-0.197706407	-0.128161913	-0.242462061	-0.339934686	-0.438626359	-0.012407774	0.11085524	0.062502878	0.037667065	0.001762732	-0.228447542	-0.035556076	0.018819957	-0.163862679	0.01997037	0.09675276	-0.024628361	0.024166869	0.112483327	0.04408757	0.034097985	0.031093882	0.016223359	-0.001890105	0.040870064	0.027891227	0.037532882	0.008236911	0.035695241	-0.10741146	-0.078817623	-0.072696709	-0.061976321	0.033955168	-0.19355607	0.030829859	0.111943324	0.02257866	0.062769294	0.045912807	-0.014781428	-0.009433123	0.006237337	0.004701568	0.028673672	-0.014418055	-0.208779102	-0.06265832	-0.070643663	0.051671313	-0.012984522	-0.021595325	0.082729266	0.043044177	0.077290721	0.076909534	-0.025269288	0.067092714	0.129573872	0.061763434	0.057114416	0.007075974	-0.112126692	-0.068848896	-0.089705906	-0.047077824	0.093269735	0.019372455	0.103324049	-0.030725032	0.047987356	0.079143875	0.094944662	0.047572631	0.023298165	0.06570652	0.056327833	0.124670281	0.078314241	0.046188366
MEnavajowhite2	0.096742791	0.061279224	0.045461282	0.091668125	0.050633078	0.020435026	0.056616332	0.038318482	-0.026375913	0.121525508	0.033273633	-0.064504807	0.030660571	-0.016118126	0.013674962	0.025927826	-0.091971038	-0.314548951	-0.338950984	-0.079350898	-0.203533665	-0.313968831	-0.307949682	-0.286220606	0.033976175	0.137424437	0.065533953	0.072851889	0.007893784	-0.244333562	0.014259278	0.049216847	-0.203680408	0.096125316	0.077125141	-0.011771882	0.059503745	0.082956957	0.107351134	0.052060626	-0.007473202	0.039894866	0.036467122	0.042300384	0.007737738	0.063706325	0.038210182	0.040610147	-0.044946696	-0.018362831	-0.036387581	-0.035279045	0.059425898	-0.135339563	0.009688287	0.039221933	-0.000616176	0.07673672	0.006385019	0.016073597	0.057006454	-0.023262278	0.024399371	0.035147767	0.003864212	-0.250026885	-0.015076485	-0.058718039	0.061554069	-0.01751905	0.033635456	0.078562123	0.081563792	0.008194182	-0.018658441	-0.072580073	0.021319162	0.103650835	0.049586681	0.057292992	-0.018204863	-0.140662226	-0.001023756	-0.003448285	0.029821952	0.037824684	0.053127652	0.055559878	0.04803013	0.015414978	0.074407152	0.103083678	0.05973059	0.071124493	0.053713247	0.013566972	0.062000622	0.071735625	0.016991742
MEpink3	0.155165956	0.046063881	0.069801385	-0.017152073	0.05005082	0.13003707	0.063590183	0.021182985	-0.071428678	0.10632092	0.156041693	-0.004075349	0.103930262	0.054085042	-0.040407082	0.091042501	-0.01997302	-0.009577813	-0.18630917	-0.125903454	-0.079796421	-0.152099023	-0.073551225	-0.20271111	-0.079250397	0.086828418	0.070661644	0.033224209	0.040057793	-0.298527544	-0.008826336	-0.005321713	-0.206545791	0.028947781	0.117551001	0.013449723	0.05069969	0.121510558	0.108776602	0.034111032	0.004262015	0.032048602	-0.010353366	0.026237074	-0.020504451	0.06781171	0.01022228	0.119284984	-0.128887072	-0.027702961	-0.045160425	0.004880045	-0.03242472	-0.176858542	-0.049562082	0.123424662	0.064297481	0.169595379	-0.075806978	0.021151466	-0.056597177	-0.190453529	0.029519503	0.109665723	0.077842952	-0.237561407	-0.109675611	-0.144127798	0.035249449	-0.097340667	0.018254707	0.110841062	0.099958649	0.078417102	0.125374501	-0.059843873	0.056916104	0.118994134	0.016327104	0.031463789	-0.016940909	-0.261226203	-0.012952796	-0.097212797	-0.160038433	-0.004125781	0.100104512	0.025325368	-0.114855131	-0.037224367	0.062444713	0.078112588	0.050268777	-0.062037887	0.09320398	0.052169668	0.118466501	0.077351514	-0.151688085
MEdarkgreen	0.203470275	0.085920943	0.079048751	0.018809458	0.061988866	0.104957819	0.050090248	-0.002466403	-0.082787327	0.052808377	0.108721647	-0.058614422	0.034288633	0.048013708	0.005987809	0.131093725	-0.168363046	-0.057366848	-0.135338375	-0.241987172	-0.1238142	-0.241914037	-0.221270043	-0.290170413	0.031537831	0.159174984	0.080934358	0.105122885	0.022829304	-0.175447378	0.059562359	0.082703775	-0.082720408	0.065884841	0.146216725	0.084985573	0.062043255	0.138085144	0.092837666	0.104513792	0.039899295	0.074215072	0.047542801	0.122451171	0.077143383	0.079825256	0.051568438	0.080533599	-0.141380509	-0.071868969	-0.048241221	0.004959639	-0.042691123	-0.136245291	-0.022753313	0.070745731	0.05886344	0.048730294	-0.026555665	0.063700237	-0.060487069	-0.158003871	0.048287128	0.074301074	0.05107412	-0.058378869	-0.124605042	-0.10931993	-0.028934549	-0.146700762	-0.062139741	0.059963774	0.068529608	0.01135261	0.052218441	-0.182459648	-0.004067853	0.117898928	-0.006651099	0.003672364	-0.113080376	-0.026534893	0.065822595	-0.138219785	-0.104459911	0.006098212	0.037385114	0.023104002	-0.166791915	-0.09331466	0.071579243	0.082247031	0.02720065	0.024745571	0.111857431	-0.007501089	0.103076659	-0.014524013	-0.104054424
MEgreen3	0.202848175	0.071297506	0.085045132	0.04750907	0.044100932	0.084215139	0.038527659	0.026560888	-0.064764643	0.038383119	0.080127169	-0.017301085	0.049967108	0.029416007	0.028957102	0.097399175	-0.054810973	-0.236411829	-0.295771024	-0.306521642	-0.243391335	-0.196579101	-0.229264528	-0.30494954	0.069032614	0.161200488	0.064537448	0.073615602	0.056302786	-0.288325824	0.019871908	0.07815372	-0.004009463	0.070146468	0.128651597	0.082060408	0.097526439	0.113469798	0.051069646	0.110815632	-0.000131641	0.060327261	0.039810103	0.081022159	0.045410992	0.055154257	0.00765997	0.074419473	-0.094090769	-0.101043314	-0.051708479	0.001270108	-0.030229331	-0.005701256	-0.019659742	0.046748736	0.058880961	0.03155833	-0.012748131	0.052187016	-0.059609556	-0.161920662	0.04260491	0.081789234	0.048220146	-0.10729244	-0.100458107	-0.049544476	-0.005888036	-0.123731941	-0.0459691	0.063702917	0.061167273	0.012058993	0.041108981	-0.050117572	0.030583982	0.057211284	-0.049210491	-0.010736909	-0.039434348	-0.012913076	0.091075888	-0.072666921	-0.12057586	-0.000829264	0.016827776	0.012632476	-0.083036843	0.030545727	0.06371885	0.067325245	0.040870308	0.077141953	0.080482034	0.008255848	0.085190809	0.001977632	-0.018401121
MEmistyrose2	0.128305692	0.081163579	0.050986985	-0.002135225	-0.020201105	0.120692293	0.001826906	-0.008514719	-0.017715981	0.042612242	0.087211468	-0.029013135	0.06028144	0.099947362	0.037074433	0.052420587	-0.24095577	-0.242367118	-0.208568625	-0.215596273	-0.207162628	-0.167167948	-0.169143905	-0.236619422	0.040396086	0.126201537	0.101552343	0.120791715	0.054985359	-0.145777357	0.044138711	0.060968404	-0.159210574	0.107856028	0.147591301	0.080694506	0.05064534	0.130719024	0.132932058	0.067474321	-0.031217877	0.078010393	-0.023179454	0.125222735	0.009877439	0.073396956	0.114970474	0.14126234	-0.11098887	0.005626473	-0.005204321	0.057410705	-0.035291164	-0.071718569	0.023445105	0.097117543	0.065914586	0.082656016	-0.124980661	0.063435591	-0.06036203	-0.162843554	0.032184213	0.098920496	0.091954223	-0.157791499	-0.064064209	-0.125980495	-0.041307068	-0.121838588	-0.012071048	0.053084834	0.094829287	0.028235825	0.036851387	-0.143598737	0.045513499	0.044191641	-0.026448492	0.008502316	-0.063435407	-0.144196229	-0.004427493	0.000913001	-0.090467866	-0.019828393	0.092474485	0.009852762	-0.071789703	-0.043706153	0.081968243	0.072014951	0.027292498	-0.066019985	0.066820735	0.078515155	0.10466946	0.017417817	-0.161115252
MEdarkorange2	0.171404076	0.026180517	0.080129551	-0.000534174	0.03327393	0.141247326	0.082723857	0.010569224	-0.07641522	0.140528736	0.110992513	-0.054732366	0.10869327	0.08028429	-0.007495804	0.055908684	-0.058426089	-0.181773775	-0.203742726	-0.242599707	-0.217416759	-0.240856147	-0.192040614	-0.284082107	-0.011639685	0.089346974	0.028084402	0.048091006	0.012454072	-0.245884729	-0.030494962	0.011731447	-0.102345921	0.030759177	0.06668441	0.002619101	0.034685948	0.125479197	0.066740428	0.008202738	-0.026207742	0.026064196	-0.030519756	0.018917521	0.001872222	0.0407619	0.061453133	0.148584839	-0.103534276	-0.030645664	-0.03974255	0.009849418	-0.044526409	-0.119309992	0.039944461	0.130534082	0.009081046	0.148219633	-0.001470154	0.030574493	-0.061314935	-0.135258097	-0.00847555	0.115062553	0.066677947	-0.232854174	-0.067906949	-0.112043672	0.049344762	-0.132701044	0.085691217	0.080580634	0.087334919	0.049497779	0.118611395	-0.019061664	0.042578876	0.096638965	-0.002091733	0.07330715	-0.029979698	-0.094654282	0.011946157	-0.055694966	-0.122279054	-0.035493417	-0.006122624	0.021264753	-0.099411081	-0.027107661	0.110225969	0.102661735	-0.006354954	0.118938721	0.092677068	0.118245165	0.062634086	0.100900043	-0.042248827
MEdarkorange	0.150482405	0.074349265	0.066220923	0.054818149	0.054508538	0.085027721	0.040496448	0.033559738	-0.066850445	0.061709031	0.10554058	-0.034067035	0.046497693	0.060533675	0.045226098	0.092092855	-0.126889497	-0.201849585	-0.290786466	-0.258614062	-0.289786483	-0.229774101	-0.191977683	-0.339259979	0.034230805	0.143363528	0.08607965	0.068269685	0.020878626	-0.204631816	0.0083223	0.058087137	-0.137739743	0.056232512	0.116924654	0.048087427	0.074967867	0.125068265	0.073979056	0.069539385	-0.028586964	0.069169156	0.017273594	0.0802289	-0.025846491	0.080157814	0.049809598	0.048827823	-0.145066229	-0.030816072	-0.014084173	0.017849145	-0.008782442	-0.11659372	0.039723084	0.097138671	0.063557871	0.060087077	-0.054076414	0.04530637	-0.037375533	-0.070995817	0.049716643	0.066053602	0.07682866	-0.128712158	-0.039707467	-0.120951536	0.015082907	-0.069269564	-0.001938589	0.075243304	0.090986568	0.065954065	0.042240021	-0.124636853	0.054228428	0.082605297	0.054638509	0.022694445	-0.037348142	-0.111787647	0.01263448	-0.072801804	-0.095964586	0.041641507	0.05675875	0.052800795	-0.0646835	-0.040732511	0.084353829	0.062109034	0.045286213	-0.018291402	0.0663074	0.003142953	0.10190737	0.054766293	-0.070927684
MEmagenta2	0.160294994	0.066633284	0.089425273	0.048308441	0.069439255	0.090975923	0.0719617	0.005486915	-0.066977036	0.097685957	0.103466878	-0.075802455	0.086862947	0.058187193	0.005037527	0.139894371	-0.149325361	-0.168762732	-0.198852905	-0.250436136	-0.224758609	-0.224041164	-0.218437716	-0.241828559	0.017275247	0.121230881	0.055860125	0.063809702	-0.06134448	-0.170477089	-0.015915097	0.030434164	-0.170649291	0.030863496	0.094146123	0.027154472	0.050817559	0.125387013	0.071163204	0.058203497	-0.052247038	0.040506092	-0.004146382	0.065411632	-0.024266022	0.057708153	0.059661158	0.071602656	-0.129166777	-0.061401646	-0.048521659	-0.005841435	-0.034420768	-0.142610143	0.015255762	0.10340027	0.053545912	0.09947661	-0.044767855	0.005002009	-0.036619455	-0.130133179	-0.017233033	0.076541931	0.053868948	-0.186275097	-0.088068014	-0.117191821	-0.004607666	-0.159100413	-0.010202368	0.089368682	0.070757378	0.043995533	0.063751732	-0.113809039	0.048772401	0.129699916	0.035123968	0.029639137	-0.028863889	-0.134411139	0.062633572	-0.072460868	-0.058392359	0.070120405	0.065983304	0.091478741	-0.097652643	0.009533463	0.099883758	0.139656306	0.041777734	0.09519052	0.142829391	0.053798005	0.109203344	0.0724612	-0.067626426
MEcyan	0.116129924	0.071091087	0.030967448	0.040219711	0.035618266	0.063899273	-0.00371967	-0.043924057	0.058434427	0.016648092	0.046551211	-0.025101112	-0.002340357	0.022761775	0.02269481	0.01356317	-0.142314884	-0.197198252	-0.379827037	-0.295157106	-0.317893858	-0.198674893	-0.237291411	-0.399417877	0.094010699	0.122799441	0.092046775	0.121217022	0.005427209	-0.13918258	0.066286444	0.102473097	0.045012573	0.076868985	0.139564423	0.073990475	0.082427941	0.11783771	0.110003885	0.091803931	0.03326392	0.075723587	0.06516227	0.113075603	0.095480951	0.082101175	0.035192949	0.036602765	0.072096227	-0.037525862	0.009365731	0.060002495	-0.028637317	-0.001869728	-0.008289065	0.071315023	0.061023021	0.013145869	-0.037008409	0.035291368	0.008178306	-0.037131136	0.035358098	0.058485614	0.055853146	0.108485762	-0.007306849	0.018055845	-0.060217147	-0.032909389	-0.060808134	0.038033536	0.05140554	-0.00454207	-0.015627703	-0.109819077	0.010147581	0.066519379	-0.009517406	-0.032320824	-0.041803063	0.090502158	-0.06722375	-0.051532429	0.037152763	-0.020983654	0.029090049	-0.037914398	-0.054855338	-0.014159462	0.010109118	0.017932977	-0.03065087	-0.042579634	-0.003849509	-0.049246892	0.055376584	-0.063419137	-0.086087866
MEdarkseagreen3	0.205492418	0.050308187	0.073105168	-0.006888318	0.034123271	0.0842196	0.037617787	-0.052733878	-0.037532246	0.035471304	0.114558429	-0.04512168	0.015071084	0.060628628	0.007895899	0.146986341	-0.110557789	-0.212921412	-0.363991966	-0.250342527	-0.167647312	-0.229833942	-0.191152432	-0.296535251	0.022773323	0.146576882	0.057140702	0.095910999	-0.041332043	-0.149689556	0.020454782	0.021294743	0.154435174	0.008050107	0.161487865	0.054267736	0.095420266	0.130838644	0.086112994	0.072622092	-0.03237672	0.053860368	0.014991061	0.128246689	0.062123311	0.061662466	0.058637251	0.084998439	-0.027106015	-0.082611707	-0.005561438	-0.00688204	-0.045773561	-2.59E-05	-0.042531734	0.105764804	0.046485846	0.039759394	-0.045062086	0.054360454	-0.074886499	-0.11375077	0.012997195	0.039831705	0.058778352	0.118137054	-0.107566865	-0.026227378	-0.059857085	-0.090210201	-0.091777975	0.056963818	0.046487311	0.027285696	0.019028612	-0.157208941	0.007421857	0.113316399	-0.017625281	-0.01605482	-0.052946397	0.14478072	0.039157784	-0.110682136	-0.044876664	-0.025892395	0.019184042	0.018464063	-0.127752631	-0.052012655	0.05744163	0.104287107	-0.022092879	0.00393083	0.071964995	-0.01088625	0.099376746	-0.020572609	-0.095498404
MElightsalmon4	0.05275121	0.055473437	0.038000393	0.014882461	-0.008519811	0.082199788	0.102912126	0.051288033	0.006599893	0.066662703	0.048338396	-0.02433018	0.046438023	0.053715344	0.038099625	-0.026408391	-0.055317192	-0.138877131	-0.262013287	-0.32602979	-0.516730939	-0.246383329	-0.19411895	-0.279799355	0.042464183	0.131425783	0.087450511	0.128185185	0.002701195	-0.172317843	0.021804549	0.030103641	0.054186749	0.107093141	0.152765424	0.045250022	0.085879473	0.078285578	0.114470733	0.043394785	0.002734407	0.074796351	-0.012168257	0.107265257	0.02310766	0.048975152	0.071553222	0.131921855	-0.067232079	-0.02439613	-0.00232252	-0.002576164	-0.003439788	0.003418259	0.048757102	0.080590052	0.00615464	0.077985575	0.003319109	0.027838421	-0.024814479	-0.087100102	-0.000992242	0.097927907	0.029806473	-0.142848776	0.012702448	-0.03763022	0.014934331	-0.067101828	0.042330649	0.068801188	0.143550641	0.03165788	0.056750287	-0.040224032	0.029111799	0.037387528	-0.029539164	0.006907841	-0.035540343	-0.057639812	-0.053328554	-0.044589617	-0.092470995	-0.061575062	0.010574512	-0.021150418	0.018404472	-0.024021233	0.021104895	0.034179071	-0.018058601	0.014093302	-0.006675044	0.031141033	0.039984278	0.008694633	-0.033002959
MEorange3	0.041073653	-0.004261752	0.011051445	-0.00090673	-0.029901041	0.129618746	0.058206501	0.060013691	0.010687534	0.115993286	0.066859773	-0.028194749	0.090681935	0.127890054	0.064172206	-0.049856136	-0.135044745	-0.23427893	-0.29253471	-0.355081315	-0.12631779	-0.230914287	-0.311976641	-0.300549426	0.018411052	0.075960178	0.01155662	0.096599162	-0.009306772	-0.251244603	0.030830691	0.063045648	-0.035267665	0.085137222	0.100186258	0.072587754	0.022353783	0.055122711	0.102616022	0.01693101	0.00211528	0.055122134	-0.048240447	0.065526063	0.018570764	0.052669058	0.128079475	0.144056998	-0.064374181	0.051376046	0.009570882	0.04635666	0.025600452	-0.014943595	0.09992932	0.138246489	0.03758108	0.109168274	-0.057810785	0.045589096	0.021177235	-0.053971857	0.033815147	0.142105204	0.068789158	-0.150766555	-0.002520842	-0.053698221	0.010073833	-0.096120311	0.028998059	0.05120172	0.089892704	0.011189372	0.081947849	-0.083619568	0.069626141	0.035955316	-0.042925386	0.014056684	0.029172783	-0.059490085	-0.09922799	-0.081048963	-0.070182868	-0.050758925	0.013611876	-0.027004216	-0.030055731	-0.010567472	0.043591302	0.066478504	-0.015150471	0.02658989	0.007915467	0.067635596	0.074989387	0.034831112	-0.072673583
MEchocolate	0.093138778	0.058993214	0.049932029	-0.005485984	-0.027680272	0.108817531	0.031823645	-0.002531607	0.009023279	0.079641563	0.078758526	0.052931181	0.047425787	0.072115745	0.058779985	-0.019470866	-0.173711967	-0.015646271	-0.21970768	-0.281413995	-0.182844433	-0.173965595	-0.218039829	-0.372982983	0.099494083	0.091767019	0.046170971	0.124020676	0.0145583	-0.285248422	0.058291643	0.06746997	-0.002066438	0.07086192	0.129478944	0.090435795	0.107042388	0.129372745	0.108412866	0.063404329	-0.013061493	0.095011968	0.049179692	0.09228557	0.026545657	0.09597214	0.100627826	0.072974185	-0.025375274	0.022803423	0.034808506	0.063735448	-0.035400792	-0.14044025	0.070225254	0.082969696	0.088180453	0.079036607	-0.075537932	0.071125596	-0.02977146	-0.022045339	0.063184868	0.096523359	0.097238924	-0.095934	0.01162446	-0.013480523	-0.125005094	0.008097935	-0.047798833	0.063747392	0.081258722	0.047484015	0.01757341	-0.244082489	0.021345305	0.025642124	0.00402116	0.001317231	-0.019507476	0.037912486	-0.161113933	-0.07976682	-0.016576487	-0.017501274	0.047790011	-0.022244406	-0.075234639	-0.1262284	0.002973071	0.02779074	-0.017874646	-0.093496927	-0.006841647	0.00324357	0.069140198	-0.083346569	-0.147090874
MEsnow2	0.026912575	0.055754542	0.021720185	0.008565366	0.002856852	0.114176053	0.040964237	0.026549747	-0.039785042	0.034285575	0.096160578	0.0117726	0.071244083	0.112066686	0.08653898	0.19783202	-0.227735611	-0.054593702	-0.205912797	-0.31936166	-0.224994997	-0.082817755	-0.139096182	-0.322208902	0.055818545	0.072349391	0.038703485	0.07327169	-0.038908995	-0.253165042	0.052374258	0.111818427	-0.15766109	0.035814255	0.098846107	0.094805527	0.106203898	0.14323107	0.075285759	0.087716015	-0.01343965	0.073243644	0.078412048	0.110129088	-0.009229121	0.063861212	0.100073823	0.045655904	-0.034637389	-0.052669715	0.073794982	0.129803603	-0.063179102	-0.05777626	0.003687561	0.101816258	0.121035396	0.042510665	-0.034663792	0.079497287	-0.017211716	-0.093292951	0.052666646	0.044936137	0.095085077	-0.122145179	0.003351694	-0.016328955	-0.117472979	-0.133455326	-0.10047051	0.08338036	0.089347854	0.067627069	0.007308861	-0.137839372	-0.022079607	0.080523662	0.041379747	-0.033982096	-0.023408774	0.061791624	-0.070471724	-0.097397621	0.044294144	-0.016055052	0.065659083	-0.010115452	-0.064202759	-0.068388958	-0.010548697	0.109058213	-0.019904756	-0.038276757	0.021013021	-0.042729741	0.047453355	-0.115937688	-0.188483049
MEpurple2	0.058671723	-0.003965121	0.048829663	0.084831548	0.09548537	0.104423308	0.076587304	0.071052972	-0.009754905	0.064382306	0.09089968	0.053868217	0.073680727	0.15448992	0.06339011	0.038108411	-0.210661667	-0.151545751	-0.27180269	-0.253502356	-0.232780884	-0.204971163	-0.212104097	-0.260727739	0.041573832	-0.007916713	-0.001530048	-0.009732751	-0.012491785	-0.300146687	0.03296992	0.067607819	-0.160205972	0.033550279	5.60E-05	0.040062987	0.033418221	0.030493718	-0.019625092	0.058766696	0.057713516	-0.003141535	0.006536254	0.051810298	0.059788569	-0.001086893	0.105185315	0.071859593	-0.09211012	0.03471777	0.073879913	0.063455118	0.015089708	-0.125130217	0.099188652	0.127115671	0.053631233	0.046027535	-0.015612791	0.051167393	0.050570966	-0.038093361	0.048689766	0.042343299	0.067342341	-0.267824522	0.043179435	0.005723395	-0.082161278	-0.042979855	-0.073676787	0.103191547	0.058211881	0.112667103	0.087773596	-0.139231923	0.1040163	0.104025805	0.06168482	0.030971664	0.051483097	-0.052653421	-0.124470414	-0.090977517	0.026555807	0.012382341	0.052611641	0.078023524	-0.092874925	-0.04888383	0.109263042	0.053239337	0.048136097	-0.085347732	0.015775852	-0.034829582	0.074015015	0.007910018	-0.04960287
MEdarkorchid2	0.06017731	0.058141286	0.004337079	0.016659117	-0.00417389	0.139603681	-0.025113627	0.020865248	-0.005011409	0.03513907	0.038290991	0.031478727	0.054467054	0.074563996	0.084841899	0.033663955	-0.108089046	-0.25705438	-0.348213649	-0.27359389	-0.265544523	-0.306058508	-0.184220984	-0.397954799	0.096713538	0.054944829	0.045497548	0.086902556	0.030104975	-0.202422283	0.022200734	0.07584521	-0.064092604	0.058173586	0.115346462	0.102793408	0.095022864	0.076788723	0.059366248	0.026442168	0.00011053	0.07206488	-0.001427952	0.086874642	-0.038500944	0.078179224	0.033848065	0.049884945	-0.047964833	0.006267675	0.012886334	0.07145122	-0.008771671	-0.055483375	0.052244746	0.130128608	0.084041811	4.53E-05	-0.055908312	0.047825027	-0.003203397	-0.035125946	0.037031073	0.053944585	0.091907127	-0.149744895	0.033685424	-0.010456096	-0.071080221	-0.029662873	-0.044633309	0.033959165	0.076609755	0.061272254	0.030966604	-0.111628009	0.03215303	0.110599219	-0.000742843	0.074630577	0.00309595	-0.05754297	-0.058914373	0.051723473	0.0025876	0.007497257	0.069180009	0.015490331	-0.043927047	-0.012262312	0.050379949	0.03693675	0.011212371	-0.047388537	0.067652804	0.028504036	0.090441761	0.020686744	-0.090459636
MElavenderblush	0.012479393	0.06429756	0.038523886	0.022726044	0.08649647	0.093066351	0.001049897	0.069454884	-0.005006762	0.007412696	0.061558658	0.043024753	0.070243613	0.118342891	0.072900693	0.160225858	-0.103944254	-0.282289327	-0.376152865	-0.334498468	-0.192241573	-0.177521112	-0.183600246	-0.358601869	0.038694845	-0.013468106	0.043835001	0.01286366	-0.020672744	-0.229138945	0.013307748	0.057863222	-0.123147902	0.012010611	0.044065144	0.047638119	0.073110638	0.102245088	-0.027933202	0.02527117	-0.009061056	0.021654948	0.057153079	0.027657443	0.000352849	0.03625341	0.056915419	0.058735272	-0.043509639	-0.05425827	0.057064347	0.100765846	-0.035484524	-0.087741141	0.021058891	0.112984361	0.07037946	0.024664218	-0.034914265	0.033636844	0.005745588	-0.084153534	0.011486268	0.013277915	0.08621051	-0.182588483	0.019594102	-0.015211806	0.025857503	-0.087281534	-0.044995328	0.061302249	0.030205738	0.115259762	0.072655959	-0.140354139	0.030941173	0.106496572	0.060942928	0.069734853	0.0533884	-0.063494646	-0.008128817	-0.030968525	0.032735303	0.04389609	0.028524319	0.069434644	-0.025300783	0.006992113	0.0955327	0.052332096	0.024555293	0.015498248	0.150694342	0.018661048	0.076467849	-0.035218321	-0.039526661
MElavenderblush3	0.201061988	0.089798841	0.072392301	0.085649343	0.087334942	0.002107219	-0.105509151	0.026453815	-0.077101372	0.016638159	0.065534215	-0.026641216	0.001496908	-0.058353908	0.028554289	0.198643129	0.032823057	-0.234756582	-0.185748208	-0.062013616	-0.236679718	-0.120497908	-0.188207196	-0.229026557	0.082759243	0.134165473	0.096519937	0.0723781	0.117356422	-0.234317744	-0.002821321	0.10429344	-0.182143824	0.082864691	0.156478208	0.042622693	0.06400347	0.128944535	0.122562069	0.07604716	-0.055829554	0.023139059	0.072414604	0.087988385	-0.092005282	0.12336001	-0.038482145	-0.040358996	-0.175409378	-0.081841898	-0.088610456	-0.040847411	0.027538726	-0.185168273	-0.032391351	-0.005071237	0.067770768	-0.068613473	-0.047811749	-0.003268496	-0.055095703	-0.010718107	0.0430285	0.083720994	-0.033591289	-0.195937315	-0.0389142	-0.004071289	0.008005057	-0.042089334	-0.074332078	-0.023185879	0.063134978	-0.014712531	0.002000258	-0.081622175	0.020414432	0.036267516	0.044151115	0.016783608	-0.013740206	-0.23590863	0.173903669	0.042060199	-0.03583727	0.121348017	0.148450543	0.093370389	-0.018867224	-0.007280878	0.090346443	-0.038474535	0.118546895	-0.00682464	0.066409058	-0.020587152	0.063394382	0.050414241	-0.026127038
MEkhaki2	0.121083564	0.084135908	-0.034824999	-0.011300735	-0.105181718	0.072447844	-0.122867253	-0.00892543	0.058184188	-0.074728416	0.03396132	-0.00684322	-0.045283447	0.046488937	0.02917432	0.012487498	-0.042992867	-0.271341912	-0.175963977	-0.327110188	-0.200301479	-0.010546743	-0.316370953	-0.311066435	0.066399599	0.067548299	0.123907562	0.124483154	0.202983841	-0.107207044	0.010838429	0.032960086	-0.131339061	0.14829126	0.162359619	0.130497337	-0.103118481	0.073350066	0.129156	-0.042093504	0.003424402	0.067479967	-0.031732083	0.07320806	-0.051258199	0.109698413	0.109794268	0.132200097	-0.101387401	0.045373425	-0.073724353	-0.025813182	0.019181194	-0.040717217	0.003286862	0.036320489	0.124130183	0.071026328	-0.169304471	0.003460848	-0.066898746	0.006760525	0.096234167	0.108933442	0.079426021	-0.065589069	-0.025167567	-0.071132828	0.010894266	0.102955523	0.046242272	-0.019465954	0.100169945	-0.022823948	0.019538508	-0.06476261	0.029533041	-0.005237572	-0.022104618	0.026395608	-0.020211191	-0.100066396	0.049805703	0.092773726	0.004133717	-0.012212029	0.109142615	-0.010553544	0.022947716	-0.013861798	0.053645142	-0.001096297	0.00693305	-0.108788935	-0.033367914	0.089508768	0.028145251	0.071213389	-0.077969977
MEskyblue4	0.145993826	0.062918012	-0.008199847	0.000660009	-0.00594468	0.082357602	-0.041379948	0.020769588	-0.032666482	-0.013054071	0.073928972	0.028403087	-0.015063031	0.034497635	0.044846689	0.051852275	0.056301513	-0.214420582	-0.363323838	-0.262098099	-0.157075716	-0.104240081	0.029304699	-0.436813675	0.075230345	0.07005454	0.094537537	0.087967527	0.170243601	-0.238787806	0.016607665	0.090867226	-0.138502463	0.151776402	0.141074669	0.078155121	0.004704338	0.106047181	0.073231214	-0.020649774	-0.0129771	0.031788484	-0.029620121	0.044835223	-0.097733524	0.088221833	0.026431006	0.081368611	-0.127331025	-0.048498839	-0.072514844	0.023469417	0.017790523	-0.16223092	-0.015988589	0.055457696	0.099918274	0.027281438	-0.094204671	0.062270035	-0.071573418	-0.01208124	0.094767937	0.094584486	0.047114501	-0.201700947	-0.02230963	-0.038111475	0.035248621	0.083743051	0.051186131	-0.024484426	0.080742252	-0.012024885	0.047102647	-0.076593588	0.044311396	0.039710484	-0.035245532	0.016484796	-0.034705001	-0.146845377	0.039441692	0.009968731	-0.051282502	-0.011132515	0.088436226	0.006250053	-0.006319296	-0.031201798	0.088444235	0.027888681	0.01971114	0.012620321	0.045896894	0.050793982	0.050177683	0.093584106	-0.030442496
MEchartreuse3	0.09885161	0.079473541	-0.019037615	-0.000935366	-0.041216827	0.194066423	-0.029961885	0.004582374	-0.106207644	0.075018408	0.061576002	0.090024058	0.032698116	0.078178732	0.123159485	-0.040302534	0.008814185	-0.215504686	-0.287040824	-0.222360924	-0.231530768	-0.106895402	-0.134546282	-0.33424606	0.146098428	0.097599833	0.048590491	0.146806495	0.041179733	-0.276355195	0.011336438	0.09481149	-0.070747907	0.073320333	0.146535485	0.115432334	0.183730594	0.129949223	0.098336338	-0.006805108	0.011024662	0.095328092	0.018108524	0.08186434	-0.112627931	0.119172902	-0.015811653	-0.043175951	-0.08387644	-0.059929663	-0.053569268	0.077574619	0.002632335	-0.102816482	0.080974128	0.169334003	0.115599264	-0.001360078	-0.049245252	0.065581141	-0.004172963	0.010669488	0.062766061	0.056668214	0.123419942	-0.169605999	0.057622047	0.02838696	-0.058333911	0.028411123	-0.043763342	0.01934279	0.079899111	0.021203802	-0.002557873	-0.076712242	-0.01994807	0.080233064	-0.038451658	0.069524112	-0.096833376	-0.086100574	-0.079774381	-0.034895017	-0.0367129	-0.025349167	0.054364001	-0.033295822	0.010265564	-0.086823566	-0.032822681	0.044683802	-0.027786537	-0.070041756	0.012789054	-0.047159814	-0.000986358	-0.016172333	-0.043205212
MEdarkcyan	0.160217601	0.051868496	-0.025832375	0.018303441	-0.020201398	0.212070563	-0.040122972	0.006233155	-0.046978849	0.125171693	0.128243681	-0.054692517	0.116262718	0.066361829	0.066517971	-0.025909085	0.0131861	-0.195021043	-0.188623903	-0.229339021	-0.292759536	-0.049293158	-0.086594198	-0.183712429	0.128535681	0.168049319	0.07367155	0.156950494	-0.000620047	-0.251012466	-0.006748611	0.095437091	0.047064816	0.105083435	0.237709304	0.103210333	0.138000078	0.184734916	0.153938297	0.067872989	-0.016658457	0.08924388	0.044233924	0.103578351	-0.00745293	0.122655585	0.005282892	0.04209931	-0.045178644	-0.085502073	-0.051552399	0.055487474	-0.13280333	-0.099140688	0.066385391	0.166621029	0.087372004	0.002453477	-0.080056732	0.014550752	-0.03985644	-0.080322363	0.017842222	0.087167372	0.101149948	-0.201696952	-0.035976446	-0.092589713	-0.080308338	-0.069532287	-0.041399687	0.041491732	0.098618714	-0.019800324	0.021450286	-0.020270675	0.01426594	-0.002499452	-0.091740763	-0.031817823	-0.053610359	-0.101028896	-0.037230843	-0.019769369	-0.065003914	-0.06316722	0.026087187	-0.057291799	-0.067698831	-0.079287929	-0.024565673	0.028836811	-0.02153499	-0.078187893	-0.074964456	-0.039520342	0.042870951	-0.050093487	-0.047866656
MEgoldenrod4	-0.001832812	0.066052676	0.013632666	0.057355372	-0.002116103	0.019201714	0.017219099	0.041711781	-0.04977852	0.051634134	-0.021813445	0.043357244	-0.000686629	-0.047737227	0.032735724	-0.008554873	0.04300735	-0.29258252	-0.312537282	-0.244542175	-0.263920723	-0.176202857	-0.195174169	-0.373804828	0.138408488	0.114480932	0.091933439	0.112095656	0.094591844	-0.229300604	0.09851531	0.130382597	-0.07150418	0.138762607	0.10280348	0.080670603	0.077291844	0.033791928	0.107144091	0.063727624	0.066425741	0.097050947	0.096353512	0.139427378	0.007065815	0.051510016	-0.026206761	0.00644938	-0.085440539	0.00883368	0.034199515	0.01569781	0.100111593	-0.141599111	0.029262338	-0.01096912	0.024128698	-0.003774402	0.020594368	0.101638356	0.0628587	0.112870329	0.065157399	0.027492829	0.009643235	-0.214568208	0.082565324	0.100173461	0.023882037	0.097544316	0.01471184	0.003218558	0.041073322	0.014079735	-0.04366215	-0.014384985	-0.013938368	-0.010726213	-0.010162087	0.023716112	-0.043541992	-0.130931074	-0.079205113	-0.076686799	-0.004418835	-0.004310061	0.033543701	-0.008628658	0.072034431	-0.032107824	-0.027362245	-0.038335432	0.016860484	-0.029811427	-0.054307583	-0.04743527	0.022736937	-0.016488883	0.067671984
MEtomato	0.081524136	0.066478159	-0.002671837	0.026863666	-0.052546285	0.079923056	0.004988951	0.010528873	-0.043602059	0.07477475	0.017113644	0.038208869	-0.008006846	0.010328024	0.068133034	-0.037559305	0.044747072	-0.287878406	-0.396960252	-0.219048545	-0.250762136	-0.16243567	-0.175107614	-0.306365862	0.150464357	0.141845688	0.093612284	0.133497596	0.099884418	-0.204046941	0.078610473	0.127123598	-0.055314876	0.144693126	0.150163618	0.100110313	0.113971914	0.05230686	0.150956789	0.070622105	0.035615849	0.1005176	0.050662466	0.146092248	-0.026545004	0.093886803	-0.008889604	0.032138849	-0.069923464	-0.03312474	0.009332898	0.052878002	0.063332535	-0.129433458	0.045238531	0.045442248	0.0485069	0.015998423	-0.00021991	0.112749711	0.040198034	0.047205364	0.062851828	0.049520351	0.026931764	-0.150728044	0.064431896	0.117956056	-0.020290479	0.044353334	-0.000996223	0.014665927	0.044841089	0.002987594	-0.044617277	0.016052222	-0.021904606	0.015533239	-0.054557209	-0.010689199	-0.058125731	-0.093837023	-0.092709249	-0.075811025	-0.039818308	-0.013140259	0.005746341	-0.048925216	0.024632625	-0.092667827	-0.037822847	-0.022566639	0.022005202	-0.079811982	-0.035751694	-0.075673303	0.010005952	-0.051427215	-0.001473086
MEchocolate1	0.033998501	0.095410647	0.011389607	0.067363871	0.019793987	0.01032619	-0.081539728	0.032033757	-0.048968063	0.03850868	-0.017828722	0.026792337	-0.021283928	-0.068132774	0.032267088	-0.03847409	0.013067102	-0.248461063	-0.305845869	-0.176325768	-0.236258568	-0.174719811	-0.119142145	-0.280614382	0.133949311	0.128438843	0.125786965	0.139356345	0.112782786	-0.351077994	0.099544922	0.142595813	-0.10802793	0.136986706	0.13308637	0.105537531	0.090947885	0.102224767	0.12673581	0.088283805	0.069772184	0.107313679	0.066585126	0.137726755	-0.002461458	0.131822177	-0.045697667	-0.028128764	-0.104851256	-0.014938421	-0.020605223	0.007858297	0.011249492	-0.157035692	-0.003990864	-0.0097102	-0.001945919	-0.036468392	-0.020963367	0.095885157	0.045779491	0.026233505	0.073194777	0.002373638	-0.003768038	-0.258106209	0.038902415	0.056216012	0.013790912	0.035524439	-0.033521482	-0.041453975	0.029302961	0.011260742	0.014051917	-0.044785831	0.001726094	-0.005725091	-0.01710064	0.066454074	-0.043266152	-0.141441434	0.054622286	-0.042450275	-0.024293933	0.039951459	0.048708099	0.056387196	0.002167023	-0.045537555	0.065204704	-0.086283801	0.084663167	-0.030619755	0.04269733	-0.017667474	0.053230152	0.011457722	0.01019709
MElightpink3	-0.025027756	0.124814075	-0.049345135	0.005106759	-0.071476613	-0.044230546	-0.06638701	0.023828724	-0.027912266	0.007676561	-0.054601398	0.077822288	-0.057333979	-0.06702762	0.02879458	-0.091898821	0.035345134	-0.264191785	-0.223243453	-0.228489201	-0.24192266	-0.117599197	-0.106834662	-0.283848607	0.201306894	0.160209488	0.163480933	0.16513703	0.159313712	-0.241486292	0.085826818	0.140452067	-0.059626445	0.171641087	0.112742121	0.120127196	0.056522573	0.034244118	0.142932996	0.037451867	0.092416644	0.129514406	0.069918205	0.14848574	-0.039020357	0.124385257	-0.039279519	-0.020532443	-0.044080271	0.003545002	0.010296741	0.013562245	0.074008602	-0.100786024	-0.016584687	-0.045006371	-0.011690697	-0.032833733	-0.018238328	0.152619594	0.063531834	0.096051004	0.138899113	-0.015262195	-0.007435149	-0.159855154	0.108196862	0.114787741	0.009394032	0.104351292	-0.007981366	-0.067197599	0.012252797	-0.056982301	-0.034446575	-0.048448786	-0.020628353	-0.065699069	-0.066492061	0.016881628	-0.065726052	-0.145813582	-0.029071398	-0.033165026	-0.024747102	0.018874774	0.046627299	0.005267536	0.09067864	-0.02764956	-0.019554568	-0.080157332	0.049689184	-0.055364282	-0.036821064	-0.037867752	0.014982242	-0.000415595	0.033322364
MElightgoldenrod2	0.064888551	0.076199528	0.041153215	0.078307092	0.046467271	0.081400347	-0.054106821	-0.020841429	0.031750717	0.013301981	0.045931163	0.005835998	-0.00870153	0.003869497	0.05962711	0.083757115	-0.07420703	-0.369544879	-0.304959589	-0.245294416	-0.303706485	-0.203047401	-0.181462042	-0.26732691	0.111708832	0.051409538	0.05467899	0.070632453	0.056641451	-0.185984831	0.078817857	0.088581053	-0.187155664	0.054922251	0.105433798	0.104851685	0.065676642	0.057743106	0.089520423	0.056466427	-0.009509706	0.065367731	0.08139365	0.081365947	-0.011457225	0.118959502	0.042575008	0.003131811	-0.096042337	0.015673486	0.023958503	0.070845337	0.012014798	-0.13701711	0.041251185	0.044547188	0.133617266	-0.042471317	-0.011181557	0.041347369	0.028727115	0.022611221	0.034610158	0.089202584	0.052488087	-0.177668549	-0.013292206	0.019685115	-0.05946269	-0.065308984	-0.076525452	0.022059241	0.093736144	0.027353234	-0.03865723	-0.117694473	0.036849924	0.084555448	0.105343086	0.025336625	0.016915648	-0.156569067	0.03604404	0.055087968	0.050834143	0.072246741	0.091793535	0.061329014	-0.025512436	0.007661766	0.024896853	0.005920569	0.060571988	-0.08405327	0.017955941	-0.033662037	0.043040331	0.003005908	-0.083060624
MEroyalblue	0.151425583	0.093476386	0.048652198	0.09877347	0.046150677	0.057188374	-0.092732085	-0.002205601	-0.003162071	-0.013997802	0.044686817	0.012162131	-0.032670637	-0.023572609	0.073438728	0.106429794	-0.047443792	-0.218560289	-0.227800126	-0.169123765	-0.247642338	-0.159023804	-0.071400807	-0.227148177	0.1240416	0.093572852	0.069797416	0.111603625	0.151920227	-0.217651145	0.082858331	0.123944115	-0.236803444	0.10978468	0.131407984	0.098667525	0.080756155	0.082923314	0.147278546	0.078486868	-0.006166091	0.060512022	0.077249867	0.107636244	-0.03664888	0.150529516	0.035475007	0.012061823	-0.145894791	-0.00236871	-0.001944902	0.043238966	0.005282175	-0.19734375	0.010846105	0.011860404	0.141263161	-0.059654461	-0.070443809	0.062690197	-0.024309301	0.013169063	0.068817677	0.118337014	0.031605375	-0.169062919	-0.022624709	0.012851028	-0.089805938	-0.038079851	-0.084692415	-0.000828576	0.114848352	0.002982982	-0.049954498	-0.146273426	0.004728649	0.085287259	0.074453415	0.012170032	0.039287251	-0.209615399	0.033231999	0.071890511	-0.027448761	0.04999794	0.112384064	0.046089062	-0.047581533	-0.086382233	0.001873103	-0.032345503	0.038407849	-0.144975147	-0.020090451	-0.079826575	0.028415488	-0.024397308	-0.089202566
MEpaleturquoise	-0.039196423	0.115865495	0.054022457	0.109181538	-0.004659696	0.028249639	0.005138877	0.051062972	-0.024011264	0.045660692	0.003077562	0.046014628	-0.004896926	-0.041898342	0.061337719	-0.053275974	-0.073948425	-0.275936097	-0.209773744	-0.209973697	-0.199021745	-0.208297727	-0.188471442	-0.269911748	0.131554496	0.092573022	0.12581987	0.111183405	0.037541398	-0.265600112	0.111348341	0.127727242	-0.134911895	0.097997144	0.106967087	0.116301736	0.118509609	0.033120723	0.117588398	0.109141565	0.046137948	0.109064783	0.144601128	0.133493615	-0.02390587	0.104304427	0.033899858	0.001888578	-0.083963646	0.0374825	0.079796826	0.066531066	0.058783826	-0.158742768	0.053886397	-0.006806183	0.087422948	-0.015385671	-0.013958722	0.075392425	0.083436846	0.067436781	0.076375245	0.031326583	0.060467536	-0.20579835	0.084819432	0.066462124	-0.015321996	0.033586248	-0.032247362	0.024341725	0.080559655	0.029116031	-0.085099171	-0.100485553	0.026862995	-0.01758752	0.064467579	-0.02244074	0.003553512	-0.184171191	-0.109598185	-0.065318207	0.001320494	0.01618129	0.043229107	0.004616378	0.062116029	-0.048060768	-0.066093178	-0.048280797	0.051466	-0.114256827	-0.088453223	-0.11179678	0.003733743	-0.04790009	-0.035689219
MErosybrown2	0.025833836	0.083433679	0.006074109	0.056700763	-0.026232376	0.074538054	-0.060514564	-0.01944491	0.052759039	0.018043859	0.014188429	0.034433666	-0.013852227	0.011503794	0.087211287	-0.02898452	-0.10201298	-0.246355921	-0.251976432	-0.198280906	-0.270585623	-0.198908144	-0.150657706	-0.253255869	0.143913376	0.07838489	0.078262482	0.138035229	0.105285976	-0.256012421	0.122506548	0.133526384	-0.114532083	0.127412938	0.111540948	0.13646226	0.089240479	0.060124926	0.150405744	0.08016384	0.049719585	0.093577297	0.078094378	0.117411723	0.022776554	0.133688793	0.051736206	0.026573651	-0.056547798	0.035605218	0.066119584	0.110049814	0.007524925	-0.079905312	0.046763714	0.025164026	0.123965652	-0.026505835	-0.052757732	0.09789231	0.039102665	0.008084364	0.073304959	0.096510089	0.074303468	-0.198438044	0.018775049	0.060465095	-0.090563927	-0.028809544	-0.0669294	-0.003012645	0.10550786	0.013655328	-0.063914248	-0.153666342	0.018440016	0.044386894	0.038108328	0.013029627	0.015861135	-0.138224928	-0.082118002	0.057854416	0.018744228	-0.016013217	0.07319469	-0.020088818	-0.016440669	-0.064923044	-0.030123191	-0.039996316	0.020552569	-0.155988693	-0.071243615	-0.065591646	0.002259599	-0.059648675	-0.125732018
MEdodgerblue1	0.078640753	0.072526094	0.05008796	0.043746224	0.000567698	0.119590409	0.03719148	0.017262578	-0.041640042	0.078178356	0.076082894	0.023809462	0.061616045	0.066636416	0.074962662	0.005628093	-0.150415781	-0.23171118	-0.255732524	-0.252497709	-0.214502284	-0.213123023	-0.208892747	-0.280433312	0.105743674	0.114143321	0.079100326	0.120773159	0.017771813	-0.227713706	0.07384751	0.096895633	-0.148621381	0.090643774	0.136351846	0.108037663	0.109137096	0.111622006	0.120306122	0.085812288	0.010664032	0.099618831	0.050541353	0.107422986	-0.006385501	0.110575243	0.078349185	0.052024738	-0.109216173	-0.004216761	0.021502235	0.091257441	-0.001748815	-0.12960976	0.061587775	0.094788816	0.10520848	0.05297381	-0.056014275	0.078202541	0.021359261	-0.050204621	0.062549575	0.095095836	0.094367522	-0.182749576	1.19E-05	-0.028397082	-0.062707378	-0.075122301	-0.046041088	0.056175268	0.091586255	0.045855762	0.007499769	-0.144184416	0.034994176	0.053061415	0.018808117	-2.71E-05	-0.030728871	-0.134292274	-0.073085072	-0.069310935	-0.048941371	-0.00747412	0.04298043	0.001511315	-0.059955002	-0.078812422	-0.006080618	0.047036333	0.003993372	-0.084816199	-0.006214227	-0.035150662	0.049848196	-0.034579263	-0.12681577
MEpink1	0.061694711	0.098921803	0.003509439	0.020897883	-0.048628634	0.050822663	0.014613593	0.04449706	0.008687797	0.076694119	0.007486881	0.018411864	0.004363392	0.010484548	0.039895198	-0.01942695	-0.105639701	-0.304633012	-0.226756602	-0.136635729	-0.167201828	-0.152614271	-0.153150006	-0.23823953	0.129622826	0.144275943	0.133374103	0.161277082	0.092024322	-0.314099858	0.103599386	0.126289164	-0.250784421	0.145718092	0.160816014	0.101260394	0.05665328	0.112403165	0.168911946	0.053419027	0.04655919	0.076276317	0.023069031	0.11907071	0.007486047	0.103552768	0.060426572	0.022724275	-0.121616637	0.07718608	0.05384049	0.074652594	0.049557672	-0.176564862	0.073813148	0.020652304	0.042654137	0.061078466	-0.037036512	0.103817855	0.043974863	-0.023644726	0.074961778	0.071701331	0.038498279	-0.243042649	0.046236162	0.000922492	-0.039333166	-0.001627612	-0.032807682	0.043507828	0.082426885	0.001311276	0.011289231	-0.137109656	0.024709892	-0.004745562	-0.014762206	0.006820218	-0.026882389	-0.132164961	-0.078620481	-0.048057512	-0.028949749	-0.004887211	0.028888004	-0.008272737	-0.030671602	-0.05698544	-0.013647322	-0.003203565	0.013869811	-0.108673837	-0.034476903	-0.04028227	-0.018899997	-0.020511442	-0.05087217
MElightblue	0.127288911	0.119857131	-0.089289365	0.103563624	-0.152978814	0.049777654	-0.157229586	0.024916201	0.111050148	-0.060267848	-0.065122757	-0.0496394	-0.032065141	0.088350694	0.065272406	0.032645018	-0.226533215	-0.128630944	0.034594863	-0.106974302	0.049901044	-0.08735929	0.008283854	-0.024867246	0.139765513	0.009715823	0.106397809	0.124106193	0.089144726	-0.013301744	0.1854191	0.104058083	-0.141014001	0.064635074	0.009017629	-0.014062568	-0.031463901	0.086076025	0.1494407	-0.045471582	0.002913027	0.009438899	-0.177965718	0.142862262	-0.108619149	0.081392113	0.172547856	-0.024349873	-0.163619787	0.082896938	-0.074794527	0.089896093	0.052257512	0.079276474	0.020069722	-0.013285031	-0.052886266	0.045200469	-0.177647469	0.07034429	-0.146257687	-0.015114557	0.065457792	0.090184403	0.027494194	-0.19335972	-0.224464719	-0.106866677	-0.134367776	0.061733841	-0.052278725	-0.072390052	0.087976016	0.087745973	-0.108309602	-0.195888966	0.095629818	0.070337813	0.017202113	0.036813421	-0.11556107	-0.042282007	0.003854927	0.079019379	0.14878636	0.00637578	0.13752502	0.088275662	-0.145585041	-0.035978559	0.113303441	-0.102766407	-0.05399447	-0.053394196	-0.056080911	0.137918174	0.07761331	0.043578674	-0.134819321
MElightskyblue	-0.057845382	0.134675619	-0.157264733	0.060452969	-0.130964469	0.067657134	-0.187523252	0.022986433	0.059005391	-0.138320545	-0.118333409	-0.015508253	-0.113636027	0.057619865	0.074075307	-0.081637474	-0.024471759	0.117406147	0.105484125	0.137823078	-0.05020059	0.064507499	0.070749634	0.124601684	0.110656247	-0.098362938	0.153423781	0.118222606	0.103009417	0.109926687	0.193878718	0.066802533	-0.019460468	0.048556589	-0.058658567	-0.067773332	-0.01736404	0.074678426	0.135449377	-0.095832103	0.033231939	-0.026205901	-0.114080522	0.155807561	-0.146280567	0.123894057	0.140772157	-0.103215653	-0.028872521	0.032198059	-0.05316077	0.101705158	0.028871787	0.080510375	0.020031968	-0.02569185	-0.051950698	0.047840165	-0.144763644	0.058803512	-0.147312427	0.035525032	0.113749065	-0.040833227	0.057204566	0.092018852	-0.157290294	-0.065595807	-0.141553541	0.171509564	-0.191467113	-0.17265421	0.016810935	0.029099157	-0.137426699	-0.110951301	0.110460357	0.058604317	-0.050298728	-0.015954565	-0.099312656	-0.014817061	-0.038004291	0.107863439	0.076362807	-0.0763731	0.160285161	0.066949926	-0.071619923	-0.045783089	0.134132976	-0.138939587	-0.083508974	-0.188544665	-0.141256116	0.043380017	-0.020294038	0.048916634	-0.081017933
MElemonchiffon4	-0.010170802	0.0860326	-0.048258166	-0.066148493	-0.13349782	0.083519149	-0.081266626	-0.030189791	0.08488253	0.024653883	0.042710385	-0.065583577	0.032961705	0.109127941	0.032197732	-0.078980366	-0.070878513	0.116292163	0.109177576	0.110161624	0.156811577	0.171053161	-0.05102555	-0.040194334	-0.079236813	0.030476762	0.099790352	0.097097588	0.109715967	-0.033758042	-0.097836144	0.009949873	-0.2342752	0.160197036	0.125303485	0.075835027	-0.056671785	0.083289041	0.087896056	0.02524352	-0.103000362	0.024890201	-0.081873556	0.038602977	0.010640624	0.067984198	0.095638135	0.227030604	0.106977284	0.098056712	-0.025238459	0.030992189	-0.014906182	-0.002559912	-0.077994606	0.069020475	0.017837054	0.076566139	-0.277149961	-0.01527525	-0.002217679	-0.08850964	0.01674207	0.120581934	0.083005247	-0.332106465	-0.079538012	-0.027981031	-0.12186315	-0.001335363	0.018129974	0.027395145	0.086463188	-0.075571185	-0.02886938	-0.113712023	0.072448373	-0.038901418	-0.104615956	0.008500463	-0.031945096	-0.08474164	-0.195063722	0.079079132	0.02719653	-0.109929151	0.133414459	-0.161168899	0.041291905	-0.037590399	0.009902554	0.001723076	0.078319998	-0.158221276	-0.076938731	0.095704538	0.139804785	-0.092129826	-0.229396348
MEantiquewhite2	0.047578418	0.108978867	-0.161323515	-0.032273694	-0.170134989	0.081339265	-0.170696716	-0.066576678	0.035260318	-0.115688264	-0.014894748	-0.047440095	-0.052270009	0.04767006	0.017173104	-0.044940029	-0.032004781	0.135546804	0.153759904	0.16546644	0.173501907	0.137878741	0.183893743	0.147770218	0.033487087	0.058692819	0.157631196	0.158779257	0.102708711	0.126979978	0.018367604	-0.007388614	-0.064055043	0.197365838	0.113084435	0.072431076	-0.09739432	0.090024955	0.167493527	-0.058190178	-0.088810351	0.055313366	-0.174405914	0.157297572	-0.079520466	0.101044786	0.092789226	0.118472851	-0.073976041	0.071169653	-0.082254446	0.019890342	-0.072542593	-0.034333624	-0.040682289	0.037482064	0.044102842	0.043700283	-0.210998574	0.048385137	-0.152397006	-0.102091532	0.064480704	0.054764709	0.085100652	0.025800922	-0.153804297	-0.160966328	-0.09499241	0.019751371	-0.075389859	-0.088218493	0.048795061	-0.040579271	-0.12740662	-0.100990655	0.004651081	-0.001252866	-0.072867256	-0.018129322	-0.087390752	-0.105689493	-0.05123716	0.075597023	-0.109170236	-0.103046855	0.143380835	-0.046522471	-0.075672552	-0.067017453	0.071575107	-0.026499075	-0.029215914	-0.210098544	-0.048506781	0.062060314	0.080271925	-0.009136708	-0.107656221
MEred3	-0.056128692	0.071360492	-0.221284633	-0.042986536	-0.194480959	0.019905819	-0.239626241	-0.06022734	0.07988612	-0.136070438	-0.066093265	-0.054608277	-0.11383626	0.039429695	0.065795014	-0.08394629	0.111867503	0.177341446	0.22171739	0.284897301	0.058511957	0.177612959	0.252405889	-0.009521664	0.026665183	-0.085696298	0.047448809	0.037292753	0.15330092	-0.052796405	-0.023510255	-0.007067789	-0.043084225	0.142045354	0.015265523	0.005239415	-0.05217895	0.048075682	0.049290995	-0.120567343	-0.062281807	-0.0368985	-0.073846602	-0.009553651	-0.041892409	0.051361747	0.02529969	0.1015475	0.039646817	0.071095729	0.001644392	0.025035654	-0.047450758	0.039977029	-0.079131435	0.003530691	0.055749186	-0.048442177	-0.252841377	0.043032009	-0.069132331	-0.112206875	0.039196965	0.060648679	0.063039235	-0.101110429	-0.026275438	0.036263672	-0.146215243	0.026271313	-0.056606825	-0.073478323	0.020932566	0.012915711	-0.059773181	-0.161803389	-0.002281936	0.101171835	0.008642489	0.10282389	0.05986944	-0.108638502	0.022822907	0.197664318	0.051572709	-0.049140154	0.158420211	-0.03745362	-0.00523438	0.023092519	0.06378582	-0.048809261	0.082765265	-0.247993733	0.041547671	0.086777107	0.012504868	-0.064973766	-0.12882789
MEdarkviolet	0.046278406	0.055981022	-0.042332501	-0.019235765	0.005963154	0.04851395	-0.057677524	-0.021240047	0.046738495	-0.168873286	-0.02836762	-0.179491339	-0.068031289	0.08806388	-0.026953978	-0.011859842	-0.322207007	-0.147332515	-0.023388317	-0.175614147	-0.34518591	0.024594274	-0.029042053	-0.210047807	-0.002145906	0.041623975	0.166443568	0.077935278	0.096366207	0.215721908	0.07531392	0.007814773	0.085500716	0.104988558	0.05592544	0.023622214	-0.046383443	0.110466642	0.070754825	0.027568094	0.001939407	0.019676764	-0.086926899	0.15125345	0.042542972	0.020266172	0.137416307	0.177356702	0.0122547	-0.01008996	0.036502406	0.091872707	-0.105473977	0.096242782	-0.048372996	0.039138244	-0.006254201	-0.048333986	-0.199680121	0.011947955	-0.083744925	-0.129548136	-0.056219773	0.087934198	0.051927426	0.133662918	-0.053929006	-0.139839159	-0.061877188	0.011646272	-0.035496867	-0.033972856	0.043904081	0.084556508	-0.022260185	-0.226911928	0.094810892	0.014219517	0.029976284	0.034413808	-0.026132869	-0.062448471	0.007284268	0.104792483	0.085297046	-0.066059017	0.139150348	-0.004222676	-0.055998903	-0.034384613	0.153201358	0.019165053	0.104408238	-0.08473294	0.056943695	0.082169456	0.084348782	0.017561193	-0.147641741
MErosybrown4	0.06857768	-0.017248484	-0.101350604	-0.075976136	-0.069138487	0.054962279	-0.081810215	-0.056026817	0.052362278	-0.047962637	-0.013204639	-0.041091665	0.029612577	0.045853263	-0.023972729	0.026653948	-0.21814676	0.070153973	-0.072111209	-0.134200352	-0.22773357	0.233003831	0.213154228	-0.191331849	-0.008220814	-0.101237863	0.050648294	-0.000542017	0.100384355	0.429541965	-0.004678718	-0.026345987	0.109588513	0.053819448	0.050469158	0.011674283	-0.072005096	0.034278474	0.019730804	-0.026945176	-0.024192345	-0.039639208	-0.091087247	0.022625411	0.089775898	-0.068806249	0.160598802	0.122453462	0.094021211	0.02510996	0.02925717	0.028952439	-0.100419205	0.221245473	-0.03535553	0.040293513	-0.048393391	-0.024822374	-0.183398493	0.042406731	-0.157834554	-0.292074702	0.021851969	0.04489698	0.028949981	0.090092917	-0.023322959	-0.190986228	-0.009067547	-0.045789494	-0.030554067	-0.015137636	0.016942654	0.033424621	-0.032873481	-0.110363916	0.03200258	0.017703387	0.021957229	0.004129895	0.004459603	-0.06268518	0.007262337	0.06175145	0.053227351	-0.058506738	0.053876512	-0.019626988	0.023836909	0.032326355	0.105688342	0.057699438	0.057400248	-0.085650594	0.084974631	0.088937352	0.113833227	-0.096050005	-0.130515429
MEred1	-0.193977659	0.11470073	-0.133480344	-0.019720839	0.011094895	0.083729977	-0.176449182	0.023880251	0.024049003	-0.249775737	-0.171476065	-0.007830723	-0.111858574	0.031465753	0.011004128	0.030756878	-0.175403849	-0.150293064	-0.097744269	-0.120667262	0.04075472	0.109682983	0.017460259	-0.045836478	0.029660775	-0.0897882	0.047015305	-0.038692084	0.029801405	-0.022380286	0.013551006	0.084405335	0.040527878	0.001026921	-0.166420345	0.075216438	-0.011937262	0.055409258	-0.062075438	-0.017877898	0.070666972	-0.01252811	0.007612457	0.069717652	0.025893909	0.028095584	0.0345253	0.012808575	0.235714396	0.005768219	0.076100887	0.179871104	-0.165414764	-0.020943382	-0.06336625	0.029276272	0.017545971	-0.173083215	-0.036444801	0.02303285	0.00685459	-0.018816856	0.045223905	-0.076387308	0.08843674	-0.048988039	0.115183481	0.130895058	-0.075215943	-0.007290354	-0.176353634	0.008145069	0.068920479	0.096718694	-0.121566943	-0.09833097	0.017850949	0.120897576	0.13431551	0.198459511	0.096904862	0.149029323	-0.1194718	0.16724326	0.225809499	0.032899017	0.096741468	-0.003160648	-0.023831592	0.081076489	0.076807421	-0.120140985	0.084104292	-0.258630852	-0.01678133	0.064925792	0.067946036	-0.080635204	-0.086144522
MEdeepskyblue	0.005482363	0.08436366	-0.111140483	-0.056628701	-0.0224857	0.100326835	-0.072989215	-0.112001823	0.079147801	-0.042572718	0.001131956	-0.045786018	-0.011220122	0.060055757	0.07678111	0.049746166	-0.221621775	-0.122855731	-0.131243742	-0.078727342	-0.104962575	-0.078257307	-0.04991897	-0.13720625	0.085386581	0.025423731	0.031794762	0.099928786	-0.101178195	-0.001206027	0.035348736	0.093833928	0.017313332	-0.009213297	0.070776561	0.102224985	0.076998227	0.140498515	0.109475118	0.093828016	-0.065019515	0.057429779	0.02268776	0.107690355	-0.005538989	0.070282389	0.118891194	0.011471493	0.105926305	-0.016287906	0.091100715	0.138818279	-0.126367544	0.062158664	-0.064918102	0.099614875	0.00614827	-0.063728955	-0.096822052	0.056934501	-0.088558513	-0.062743744	-0.015252886	0.077067622	0.084420534	0.301817569	0.021616562	0.00423711	-0.199894238	0.025772022	-0.185860723	0.015876601	0.10890288	0.067231026	-0.042725008	-0.186521997	-0.014041783	0.120734646	0.080343529	0.002895607	-0.080356719	0.264885383	-0.153132872	0.014910764	0.161480774	-0.051719339	0.109318901	-0.038348262	-0.120492207	-0.045572174	-0.024538821	0.036122336	-0.038710647	-0.253425141	0.012520489	-0.067571556	0.08023221	-0.153899375	-0.206143012
MEmediumorchid1	-0.103812749	0.061073948	-0.243439163	-0.030923651	-0.198567234	0.042142531	-0.201119567	-0.054672829	0.102581792	-0.155491434	-0.119832292	-0.098801832	-0.173138159	0.034300634	-0.00707277	-0.16947072	-0.075285051	0.184650419	0.070653878	-0.003304573	-0.071143927	0.268316809	0.146452668	-0.019197127	0.050237814	-0.06696167	0.10420753	0.040718343	0.080214521	0.151547023	0.055072925	-0.004447396	0.087787019	0.071524666	-0.048124296	0.062465733	-0.063413336	-0.028775351	0.001429788	-0.101057002	0.002695917	-0.011401637	-0.072189126	0.107039657	-0.027421134	0.021777573	0.050381901	0.063741368	0.199532445	-0.010998168	-0.009116041	0.059021704	-0.08861986	0.07971882	-0.01345632	0.000842652	0.029866321	-0.068874293	-0.141897156	0.063758333	-0.051086498	-0.048931943	0.043713677	-0.028409712	-0.028365401	0.219324735	0.048378465	0.050201292	-0.102430321	0.166740989	-0.061992312	-0.099453852	-0.002361472	0.007298667	-0.113431776	-0.118608913	-0.01803678	0.036433136	-0.056331587	0.097595946	0.031459205	0.125564217	-0.074982395	0.229906317	0.113017396	-0.063127851	0.133577632	-0.070088282	0.099263998	0.076005593	0.050597375	-0.077701761	0.035913699	-0.22199906	-0.048897263	0.045900456	0.025714714	0.01139543	-0.17349463
MEpalegreen1	0.019950816	0.002956461	-0.128741868	-0.109740079	-0.172594252	0.079689207	-0.210332717	-0.055715877	0.167196827	-0.111964962	-0.014594808	-0.096396276	-0.118458402	0.048682206	-0.00947237	-0.113977444	-0.032047907	0.300336392	0.130902496	-0.103769945	-0.073383076	0.276651351	0.15336748	-0.080733005	0.0005931	-0.04112768	0.102483698	0.019637411	0.158059978	0.005148543	-0.014068066	-0.048294183	-0.005773206	0.093451726	0.056877876	0.034230906	-0.051147371	0.1074168	0.108515126	-0.112284138	-0.012207173	-0.007141616	-0.073871067	0.051639527	-0.109886316	0.088200396	0.011516914	0.078596868	0.076191576	0.056574119	-0.055499687	0.017842985	-0.103108475	0.01074608	0.00559112	0.007210065	0.012931194	0.011641396	-0.218453198	-0.014767145	-0.100835923	0.033398444	0.050443908	0.051810406	0.049052095	0.234767188	-0.054522558	-0.033106873	-0.115604549	0.24153482	-0.011341644	-0.109539226	-0.032349358	-0.035677989	0.026122218	-0.227452746	-0.021151721	-0.012449586	-0.012998496	0.030279115	-0.100043383	0.101818037	-0.044781749	0.162821148	0.091087742	-0.018050358	0.151141607	-0.071863251	0.014220399	-0.02978722	0.002383598	0.010155322	-0.048824452	-0.192580921	0.047921927	0.079022206	0.072219647	-0.031779024	-0.140737134
MEhotpink1	0.117632421	0.080056308	-0.028932351	-0.056732113	-0.137723793	0.098239533	-0.166141684	-0.039153288	0.119563261	-0.059286754	0.02498196	-0.015119625	-0.021217425	0.10105995	0.019995719	-0.017317265	-0.062641186	0.048684843	-0.010225398	-0.197937873	-0.145278812	-0.051191833	-0.00404294	-0.149212398	0.052594429	0.078170287	0.112877955	0.191310781	0.16047885	-0.172806238	0.034172274	0.004128771	-0.106190792	0.203493081	0.166216045	0.097693841	-0.101670171	0.103082218	0.133868357	-0.068502789	-0.007853649	0.008361363	-0.029165587	0.129315348	-0.068479311	0.10115013	0.075639729	0.195462808	0.026400622	0.051692795	0.03724724	0.046985335	-0.125447733	-0.074396605	-0.039180339	0.049722026	0.09309142	0.054362591	-0.213285424	0.059168517	-0.11625177	-0.002400717	0.102257783	0.126394472	0.063197302	0.01528562	-0.022610351	-0.003499007	-0.093889868	0.13105004	0.006483572	-0.011951024	0.087410076	-0.036442875	-0.066329122	-0.241448438	0.033435448	-0.033029941	-0.031943312	0.017205993	-0.110718141	-0.022673829	-0.02182648	0.177042612	0.043237643	-0.037790514	0.130671171	-0.10388329	-0.093402342	-0.07862254	-0.037298336	-0.052287687	-0.062066434	-0.267086008	-0.075326225	0.131324072	0.066829796	-0.032459158	-0.18435562
MEpeachpuff3	-0.159384987	0.025464788	-0.060429584	-0.004890719	-0.121582177	0.003878668	-0.135310042	-0.052513533	0.113894634	-0.122301336	-0.046835391	-0.006026395	-0.08101913	0.041161281	0.041831649	-0.090265833	-0.111752795	-0.019353288	-0.119867254	-0.000691517	-0.173556171	-0.025189052	-0.052019385	-0.224842437	0.074988765	-0.034731002	0.095081853	0.087056973	0.170180762	-0.110271535	0.101371795	0.103414818	0.020674302	0.120205612	-0.016267703	0.145322246	-0.102029227	-0.019130732	0.117203085	0.074402237	0.048529767	0.082197525	-0.005113221	0.114260887	0.092209188	0.016549861	0.117203168	0.159282138	0.057461004	0.126470116	0.134268479	0.159975214	-0.074961318	0.064725273	-0.033447012	-0.044916303	0.055398237	0.004666007	-0.123369615	0.166646013	0.004289672	-0.026817549	0.133523484	0.020136488	0.029458842	-0.042319476	-0.028558694	0.110945186	-0.129549251	0.04374142	-0.14571302	-0.041105105	0.059555091	0.033996449	-0.062187607	-0.207932287	0.052194957	-0.063727	0.017814642	-0.017084661	0.044703013	0.133949259	-0.152846236	0.218837655	0.089435139	-0.089613419	0.139540239	-0.099043784	-0.000118578	0.019571917	0.042420225	-0.12974199	0.024390554	-0.27847491	-0.106125202	0.016393913	0.100264216	-0.111825789	-0.166285453
MEantiquewhite4	-0.068522778	0.075557481	-0.120124891	-0.049709186	-0.12641613	0.110880409	-0.208610259	-0.046955229	0.118264206	-0.104829544	-0.046918518	-0.051183767	-0.065595347	0.0443281	0.018251726	-0.04783137	-0.170225519	0.097362785	0.027219489	-0.173113592	0.010009279	0.174624555	0.074767209	-0.07207588	0.058106706	-0.060661302	0.070962838	0.089739612	0.037132103	-0.037475796	0.071377226	0.045872804	0.038878834	0.071858694	0.01081933	0.103288471	0.010135319	0.06047935	0.129564784	0.02065424	0.014529351	0.00753358	0.005180444	0.153413084	0.007548157	0.066121695	0.056630067	0.096510889	0.131769321	0.022643623	0.033989522	0.112844978	-0.11588153	0.042562697	0.02692184	0.038178728	0.06751284	-0.095069211	-0.239450741	0.043598699	-0.0257332	-0.079151043	0.076039397	0.008165184	0.043262747	0.113664722	0.006057575	0.031208071	-0.18940232	0.063665684	-0.203068036	-0.04332739	0.068245964	0.032228257	-0.047198018	-0.270457308	0.03458826	0.088804662	0.01317869	0.09299972	0.003399895	0.075371531	-0.175290688	0.182886977	0.10214401	-0.061776864	0.172209231	-0.042258855	-0.038070858	-0.026928639	0.029377918	-0.063649956	0.011704394	-0.331258373	-0.039510068	0.061328084	0.075285202	-0.126791002	-0.218918033
MEolivedrab3	-0.06623056	0.109304956	-0.125076544	0.013297962	-0.144295867	0.077191716	-0.205856599	0.012929081	0.123085238	-0.111820577	-0.082177067	-0.021598817	-0.094914818	-0.024993846	0.006396045	-0.089922264	-0.125056349	0.110168439	-0.130384406	-0.135858437	-0.189246578	0.046752184	-0.062985775	-0.093634445	0.110664294	-0.04660146	0.129121026	0.117555681	0.206292147	0.004078319	0.118104842	0.062403885	-0.048719688	0.126397026	0.018397918	0.067178313	-0.014914889	0.106691012	0.108557724	-0.008516546	0.038009306	0.019508481	-0.032185843	0.122620207	-0.090008449	0.144111454	0.114162682	0.056250191	0.027435069	0.069101337	-0.029842114	0.139156863	-0.034541661	0.051329311	-0.035952788	-0.007959085	0.036362282	-0.033649395	-0.168471904	0.037194872	-0.041066293	0.043685932	0.113941577	-0.00479715	0.060252123	0.149209517	-0.084424531	-0.009841855	-0.184064058	0.185867327	-0.083987058	-0.123744272	0.027466763	0.001317917	-0.100769158	-0.273807887	0.075341897	0.038676592	-0.000699563	-0.003304362	-0.093957991	0.067206071	-0.025447831	0.190716733	0.130170139	-0.028836457	0.201380508	-0.013888706	-0.016595314	-0.038587218	0.073188467	-0.057411262	0.005936104	-0.188186618	-0.079936595	-0.01586496	0.065200621	-0.001167066	-0.233565178
MEcyan3	-0.027692245	0.139114994	-0.136971267	-0.043923147	-0.060584473	-0.042648774	-0.173059803	0.015053302	-0.143134523	-0.039368963	-0.098395471	0.057144679	-0.092494369	-0.076924953	0.029833376	-0.078066523	0.02585164	-0.116347825	-0.108882705	0.015256974	-0.029390115	0.040777255	-0.050641255	0.11263231	0.164425188	0.196441963	0.12542367	0.183944121	0.169202266	-0.058033273	0.104275801	0.13557897	-0.160029049	0.134058117	0.093761438	0.130663344	0.057515252	0.108920796	0.140217347	0.040658212	0.065344847	0.124829718	0.033498737	0.157254807	-0.108433274	0.113671173	-0.009672501	-0.050398179	-0.222869062	-0.060989794	-0.007255696	0.068909287	0.066423335	-0.178797737	-0.027160032	-0.03046829	-0.025723875	-0.019512084	-0.0487041	0.188165634	0.030906304	0.054300228	0.134651386	-0.007378931	-0.027122705	-0.126016038	0.044028393	0.165110591	-0.0002023	0.002633032	-0.129462968	-0.115007472	0.023732514	-0.106011912	-0.026236844	-0.119856747	-0.031514276	-0.080129671	-0.074737699	0.084085831	-0.173992363	-0.238931387	0.037023425	0.01210151	-0.031954691	0.058337843	0.084414565	0.049447196	-0.002145182	-0.079421409	0.063249713	-0.185398273	0.077857317	-0.154559546	0.004976173	-0.00552609	0.094049013	0.015424194	-0.03299792
MEolivedrab2	-0.09830264	0.080597547	-0.086914382	0.006374793	-0.109095906	-0.023127145	-0.135991155	-0.029406564	0.040019155	-0.026305972	-0.065330535	0.056555898	-0.038842576	-0.035494516	0.090637346	-0.111755	-0.013467536	-0.202027504	-0.235627753	-0.086811544	-0.184536699	-0.003575259	-0.086644372	-0.225090719	0.177903013	0.044452812	0.038051573	0.151195447	0.101898857	-0.137250635	0.14976889	0.163053641	-0.120761028	0.138836735	0.096139879	0.165338491	0.060097178	0.005115282	0.166119226	0.04042864	0.046794097	0.103588831	0.049170823	0.150289971	-0.045441851	0.141935837	0.021766884	0.006216147	0.029139015	0.049773104	0.110524713	0.201761512	0.03502779	0.004294789	0.012244035	-0.040689481	0.095401341	-0.05528377	-0.037933481	0.130508775	0.118461501	0.118985402	0.079580701	0.089682225	0.057550582	-0.126551108	0.013909165	0.193817322	-0.149549307	0.003967539	-0.108369338	-0.083343513	0.08835547	0.007490457	-0.10886457	-0.143429595	-0.012477479	-0.021466702	0.019816278	0.003358368	0.013190553	-0.064345082	-0.014055236	0.12567348	0.067852534	-0.06354205	0.094757706	-0.069158409	-0.001202029	-0.052385816	-0.067931075	-0.115610074	0.005334756	-0.188358777	-0.085960405	-0.061982617	-0.044541108	-0.100552799	-0.143420996
MElightyellow2	0.061894493	0.030692016	-0.085075087	-0.073349484	-0.163974903	0.02853738	-0.061062037	-0.081962773	-0.037148723	0.060768373	0.074814183	-0.019736414	0.026583138	0.087635499	0.02576514	-0.055416327	-0.033614066	0.327729447	0.280684023	0.023416691	0.26305247	0.085032711	-0.006842731	-0.142849955	-0.009513988	0.031629635	0.045811628	0.068875976	-0.010356963	0.20187291	-0.008530781	-0.005713183	-0.142691802	0.04531201	0.157906327	0.083455399	0.013872891	0.109909632	0.045230713	-0.011611554	-0.154401163	0.010748396	-0.039710774	0.074424814	-0.058910028	0.020348868	0.085563233	0.167991607	0.084544481	-0.040936517	-0.035438602	0.000546123	-0.056815316	-0.073467618	-0.061695485	0.057203637	0.024927568	0.062478267	-0.215600316	0.012130111	-0.019911933	-0.036810577	-0.016982615	0.101552051	0.066996429	0.320878266	-0.040951432	-0.044742355	-0.066224818	0.191137097	-0.056378987	-0.007188639	0.057398255	-0.070891778	-0.070398723	-0.058497205	0.00407754	-0.002908938	-0.100316096	-0.088267665	-0.130342905	-0.03745617	-0.067546483	-0.096773101	-0.056193435	-0.105157195	0.08859175	-0.138386232	-0.038616412	-0.058013741	-0.10581111	0.042729825	-0.096559912	-0.172181628	-0.013256113	-0.007280711	0.060693845	-0.181825119	-0.043146233
MEmediumorchid3	0.075585834	0.056310724	0.021784801	0.041583109	-0.053024367	0.056909849	-0.024403455	-0.011447893	-0.12182587	0.036950987	0.054567177	0.070916592	-0.002511645	-0.023179963	0.058013879	-0.056855736	0.038724797	0.306312684	0.082708726	-0.003240342	0.162969904	0.070379548	0.097012509	-0.087117635	0.128329668	0.129190357	0.109285373	0.078946286	-0.008460346	-0.17965634	0.100630606	0.133715411	-0.154913272	0.062151662	0.14160619	0.090617061	0.153719688	0.070325615	0.118759564	0.128313372	-0.041853942	0.087298602	0.121147012	0.119924469	-0.0553675	0.122641711	0.038778751	0.002409867	-0.20368935	-0.043218584	-0.036620334	0.056681353	-0.027980797	-0.21463402	-0.014005374	0.018934019	0.069378941	-0.000185849	-0.130062178	0.076816538	-0.004520776	0.122576201	0.064895754	0.076416031	0.065731296	0.143638557	-0.003751918	-0.003183084	-0.036988968	0.12964593	-0.114253011	0.006867604	0.064767694	-0.051644274	-0.14021319	-0.076433209	-0.00864612	-0.056373423	-0.013309225	-0.111520148	-0.101782717	-0.055352929	-0.082036687	-0.211038862	-0.12977081	-0.088713745	-0.056602497	-0.073892634	0.007262011	-0.161215721	-0.087471809	-0.059519018	-0.047369408	-0.172207975	-0.109359688	-0.191407609	-0.053104004	-0.191928711	-0.084267347
MEorangered2	0.174134371	0.06533596	0.035507391	0.009660697	-0.089521169	0.059381993	-0.024437056	-0.060475073	-0.072017005	0.002413927	0.061129336	0.095738181	-0.010463683	0.033266434	0.05465226	0.106785093	-0.170689274	0.337960841	0.054903823	-0.144995602	0.036758481	0.019021184	0.049523015	-0.203939043	0.041895344	0.143265308	0.037986311	0.121170094	0.001218665	-0.178855729	0.054366022	0.049340427	-0.186648253	0.039396268	0.090070066	0.087662334	0.099005161	0.130447288	0.120408356	0.03754655	-0.017164796	0.088257181	-0.013121409	0.101832991	-0.017464376	0.122466259	0.070105283	0.046822481	-0.257932098	-0.101347679	-0.038331016	0.023207005	-0.022274794	-0.178361762	-0.022528607	0.03992266	0.054822077	0.045146709	-0.199838189	0.086092006	-0.094376214	0.084570417	0.15587826	0.039096954	0.043823669	0.174168095	-0.11550427	0.008738676	0.016543994	0.189882223	-0.131106047	0.006987579	0.068017582	-0.027111775	-0.039726076	-0.229570397	-0.00335055	0.019095761	-0.036275119	-0.079796354	-0.099454967	-0.064991754	-0.028844354	-0.103967933	-0.075567012	-0.045073468	0.043446845	-0.073693332	0.000352206	-0.142134848	0.018545026	0.031289124	-0.072768474	-0.162519482	-0.031931036	-0.041573276	0.051383636	-0.060531045	-0.110171484
MEseashell1	0.07344725	0.069798905	0.021806331	-0.01522538	-0.040131749	0.124273009	-0.017296395	-0.085604345	-0.10370902	0.02989978	0.076345897	-0.051248732	0.053083092	0.069730851	0.051624956	0.045447117	-0.087638923	0.232076197	0.095789499	-0.148786575	0.050799793	0.039355708	-0.048839889	-0.232553915	0.081991683	0.129831196	0.067775182	0.145958188	-0.060166766	-0.185809094	0.059232917	0.080935584	-0.112953221	0.049617574	0.143770981	0.107111254	0.088694884	0.132740636	0.149473301	0.063682291	-0.064492311	0.086629718	0.012607384	0.125900693	-0.094377405	0.10346796	0.090879092	0.084002185	-0.094614684	-0.053229709	0.003934799	0.079151753	-0.110403034	-0.165446472	0.002049741	0.127243747	0.133711899	0.052378812	-0.207653145	0.03931784	-0.071855572	-0.01140652	0.081471906	0.099219401	0.106976863	0.187896704	-0.109956689	-0.097030638	-0.13278709	0.101384355	-0.153502474	0.022696621	0.10231574	0.035354235	-0.053609972	-0.20210904	0.018668412	0.058751301	-0.009414114	-0.067377185	-0.092957597	-0.065405511	-0.131877805	-0.058483836	-0.062340303	-0.066122478	0.071726716	-0.075783217	-0.168600448	-0.141792021	-0.000442431	0.031010737	-0.075598442	-0.201004925	-0.023311514	-0.029848189	0.078363421	-0.095011775	-0.093595545
MEskyblue	0.006652284	0.083603117	0.077696527	0.039124867	-0.034298373	0.12352249	0.018409709	-0.058662247	-0.036788691	0.071489155	0.034437253	-0.051822265	-0.00717123	-0.022432082	0.0939145	-0.02488241	-0.077243211	-0.259690524	-0.122645312	-0.021437198	-0.03268921	0.055184563	0.060264927	0.038689771	0.167283566	0.114069014	0.092135314	0.183136266	-0.089831917	-0.068773025	0.132298836	0.139851243	0.027879658	0.071196311	0.164300801	0.154947455	0.168088959	0.075734307	0.122246445	0.135462188	-0.011508755	0.130580839	0.084439708	0.129943965	0.048913111	0.1712122	0.107443291	-0.032113539	-0.007178645	-0.064568927	0.009605996	0.094393146	-0.051042527	0.073715559	0.053331069	0.029869742	0.145090454	-0.008912768	-0.021813386	0.079641538	0.075805463	-0.100020348	0.018146413	0.067652962	0.105041788	0.107453649	-0.027855343	-0.050997927	-0.182227664	-0.197048814	-0.104223905	0.037642315	0.0920506	-0.00068473	-0.178719949	-0.051535652	-0.026731801	-0.041346903	-0.034870895	-0.138032828	-0.089540564	0.001678606	-0.193209514	-0.132133006	0.002993219	-0.023957708	-0.029168842	-0.090977594	-0.121253929	-0.12325284	-0.10510067	-0.029333153	-0.094363368	-0.122167529	-0.163765279	-0.192772185	-0.052124938	-0.157584139	-0.157756901
MEcyan4	0.100396883	0.111151297	0.095222008	0.020152549	0.018100831	0.187126357	-0.087938319	0.025593621	-0.070749233	0.091819088	0.049024667	0.071675233	0.012875162	0.048231906	0.077983575	-0.156909849	-0.084535944	-0.123611739	-0.126570703	0.030920331	-0.113535061	-0.084404727	-0.057517461	-0.036236692	0.165833796	0.095027265	0.147798564	0.14133825	0.124190573	-0.111093605	0.032519112	0.123727708	-0.177739297	0.129144514	0.125120468	0.155358587	0.176921518	0.153468188	0.160127952	0.094873564	0.039713652	0.136070019	0.013059202	0.117431033	0.029899629	0.178327479	0.004196638	-0.043767826	-0.11939518	-0.042794834	-0.076940789	0.037181401	-0.069963634	-0.070737122	0.063730768	0.070576436	0.098945135	0.045574578	-0.037393386	0.099809742	-0.067664686	-0.081623039	0.093478808	0.074338513	0.107140264	-0.171782511	0.016024619	-0.165523925	-0.004743088	-0.16794638	-0.077532189	0.010914839	0.039512559	0.046023275	0.01932788	-0.036130098	0.021185554	-0.006802737	-0.143038985	-0.029760904	-0.104926511	-0.252518391	-0.031119313	-0.055937507	-0.101780601	-0.017197702	0.002154014	-0.099332524	-0.082203141	-0.10483766	0.015030624	-0.099323072	-0.129347834	-0.082935741	-0.031940016	-0.109286533	0.072941035	-0.064035721	-0.207205052
MElavenderblush1	0.189982655	0.123431247	0.093800319	0.081669379	0.021293877	0.019987314	-0.017055847	0.000551878	-0.051181047	0.002747221	0.068652718	-0.070999774	0.039093715	-0.057213416	0.037206349	-0.039019762	-0.071982059	-0.053378951	0.06258773	-0.003186928	-0.040852309	-0.065406018	0.08125953	0.029769115	0.135998608	0.194221574	0.161371554	0.160950166	0.060339342	-0.111465874	0.078115733	0.122700406	-0.219077141	0.12016807	0.222129338	0.12482795	0.12704569	0.231572099	0.14677346	0.136882256	-0.040211089	0.117610997	0.05677334	0.145200331	-0.125926634	0.126923139	0.004171717	0.03224616	-0.127077106	-0.043798182	-0.032254319	0.029412677	-0.04311986	-0.121435371	-0.043005912	0.030820919	0.074396308	-0.023687531	-0.116659823	0.025819191	-0.006420195	-0.068573705	0.060190966	0.102843037	0.066862712	-0.133763509	0.015880586	-0.108450457	-0.234297385	-0.002619802	-0.12502891	-0.07956831	0.075299018	-0.036202305	-0.062459235	-0.173859894	-0.016256708	0.012009309	0.002947458	-0.029097845	-0.026948499	-0.197945134	-0.210408316	-0.037638152	-0.036588124	-0.055551773	0.085616538	-0.009323921	-0.094585339	-0.117912462	-0.131124778	-0.013181169	0.031635299	-0.198657942	-0.04401573	-0.067494282	0.026763918	-0.089918127	-0.072665949
MElightyellow4	0.168033271	0.114038392	0.076168204	0.107804324	0.002006828	0.062351849	-0.030311461	0.001547807	-0.076481083	-0.011795735	0.042356253	-0.052671399	-0.010976083	-0.016304775	0.078986232	0.07831935	-0.203683925	-0.026563184	-0.027366575	0.015944041	0.00045133	-0.039971206	-0.090216186	0.01833101	0.120579592	0.161113099	0.13342937	0.159323852	0.080545751	-0.18518279	0.094794731	0.147838959	-0.224345437	0.116260979	0.23967129	0.12463394	0.136536921	0.149329931	0.193271071	0.118386302	-0.011072701	0.108192502	0.08429683	0.19703949	-0.085270197	0.156436369	0.05103895	0.005096747	-0.09943416	-0.039717807	0.005816846	0.063862389	-0.020835847	-0.169051261	0.0150702	0.016138178	0.09921237	-0.028291711	-0.095409761	0.046550443	-0.017886472	-0.008361111	0.025161792	0.11191836	0.019160849	-0.156701136	-0.021441618	-0.06074678	-0.083433856	-0.046363994	-0.168902058	-0.013384057	0.09888752	-0.017094116	-0.064040697	-0.15425065	-0.046965428	0.03663586	0.018979638	-0.06055894	-0.018997765	-0.171133209	-0.068534006	-0.112924	-0.065193561	-0.028045391	0.043984277	-0.038079334	-0.071674838	-0.109653106	-0.026503819	-0.04514548	0.002438953	-0.16327424	-0.103795781	-0.20424404	0.009296188	-0.114797272	-0.150189393
MElightskyblue3	0.014425974	0.144809378	0.0504459	0.082789849	-0.066545801	0.040498248	0.015897417	0.008912453	-0.062483546	0.076701116	-0.002524221	0.007021665	-0.020097402	-0.045945214	0.065783646	-0.092118871	-0.102198072	-0.122701785	0.028307555	-0.130687401	-0.187998257	-0.045603797	-0.123157194	-0.067210313	0.178464245	0.139702968	0.175514248	0.1844216	0.003189837	-0.042036365	0.140642179	0.140383002	-0.137400785	0.152372018	0.133753456	0.129551457	0.155071437	0.08878648	0.18135274	0.130274683	-0.025772813	0.170077576	0.130596102	0.174112712	-0.051562553	0.163794631	0.049954326	-0.035774363	-0.105070674	0.028811216	0.062673986	0.051506576	0.009341749	-0.151322971	0.070802814	-0.02852655	0.099442752	-0.024414594	-0.086536317	0.105731866	0.067302973	-0.002140361	0.092790571	0.039591735	0.069520127	-0.063485652	0.03652736	-0.039234834	-0.083487792	-0.016593095	-0.075254	-0.000370483	0.094178731	0.005075849	-0.109304876	-0.181804213	0.012984205	-0.0666241	0.016604087	-0.036275586	-0.033885074	-0.187333642	-0.208968822	-0.091139365	-0.057186606	-0.045081974	0.007653455	-0.059464814	-0.008044689	-0.15982421	-0.0817979	-0.067259903	0.017643873	-0.236518376	-0.086645299	-0.103971388	0.034010865	-0.135769523	-0.084647249
MEmistyrose1	-0.005306569	0.11196216	0.027803981	0.05119477	-0.069824289	0.074064212	-0.022290436	-0.020701256	-0.098812587	0.086578136	0.003239214	0.013096939	-0.011523413	-0.038671975	0.049516997	-0.106817133	-0.057868842	0.083032214	0.066876942	0.034972899	0.037382979	-0.000642601	0.053749642	-0.033346436	0.204636946	0.141368475	0.125112529	0.185406194	-0.048031599	-0.176059946	0.113405944	0.159400146	-0.183686103	0.099655329	0.196778487	0.1238064	0.176271528	0.096890159	0.192427249	0.098551639	-0.018508368	0.148961129	0.102947138	0.175354082	-0.086105458	0.174156479	0.039173628	-0.032720445	-0.130516389	-0.024883837	0.027091545	0.07429594	-0.010752318	-0.159692853	0.061102476	0.02008723	0.127610087	-0.00063075	-0.10106889	0.06373212	0.056388155	0.011422347	0.05233886	0.060124498	0.083972625	0.009437141	0.025471163	-0.036471821	-0.097988542	-0.032332752	-0.107700593	-0.000302642	0.10605515	0.002232596	-0.101134578	-0.11667546	-0.00154486	-0.042425989	0.015045232	-0.080614586	-0.078735765	-0.166976793	-0.173900233	-0.159495785	-0.068353682	-0.044378301	0.005725355	-0.064817041	-0.038803352	-0.156681163	-0.112150034	-0.071403192	-0.055177213	-0.21627556	-0.117022267	-0.182590004	-0.022597871	-0.122915184	-0.141979328
MEaquamarine	0.000120279	0.091398098	-0.030189924	-0.055507915	-0.095367481	0.218624161	-0.051796755	-0.044929104	-0.057010305	0.121336104	0.028267317	0.067443635	0.032791217	0.074639535	0.119840478	-0.049342647	0.032391986	0.189028215	0.136910177	0.039996264	0.10539743	0.053415028	0.073192054	0.124698992	0.127633332	0.030565517	0.039738318	0.163888558	-0.112106716	-0.050308988	-0.054982505	0.044212335	-0.097405559	0.004897314	0.14691537	0.138380873	0.18499543	0.130918998	0.099716789	-0.085252235	-0.067229184	0.117687402	-0.051907769	0.050605428	-0.141710709	0.166009047	-0.019831994	-0.100036488	-0.11234948	-0.061120667	-0.086990464	0.11782914	-0.088927619	-0.149868047	0.109800491	0.183254129	0.156532821	0.000625294	-0.13600634	0.005203498	-0.005276887	-0.10272584	1.24E-05	0.065432318	0.158039738	-0.08390196	0.013045978	-0.072826886	-0.158542818	-0.03870129	-0.097130087	0.023569162	0.089795992	0.041647839	-0.041289273	-0.103363987	-0.033355062	0.121288265	0.029154578	0.069181017	-0.121027624	-0.149701634	-0.153576494	-0.061539604	-0.038575355	-0.015667641	0.012889343	-0.042111064	-0.11631694	-0.119516012	-0.065319067	0.098641583	-0.155682619	-0.201295119	-0.038070874	-0.111710425	-0.068297905	-0.075005733	-0.180892151
MEbisque4	0.138601661	0.058851263	0.004877322	0.070791723	0.012742628	0.021865144	-0.146386826	-0.038260406	-0.099380053	-0.0530295	0.027173634	-0.053473525	-0.052848858	-0.047768976	0.033265917	0.076300295	0.140818893	0.194108873	0.210151351	0.22668305	0.112970289	0.096299512	0.171489287	0.136627199	0.120696564	0.11944588	0.054218701	0.102070625	0.101627787	-0.078470057	0.046942465	0.112436085	-0.210715074	0.089174613	0.194330188	0.096959512	0.071724406	0.102436473	0.136435186	0.056529884	-0.091165823	0.05072437	0.031977047	0.126364914	-0.148363177	0.127820495	-0.00825202	-0.024630354	-0.162373248	-0.076608895	-0.059691401	0.000105212	-0.080910228	-0.230616694	-0.017338878	-0.000776303	0.092417051	-0.092558431	-0.146186228	0.02248818	-0.077333305	-0.02238215	0.02335365	0.083629751	-0.014068066	-0.107826098	-0.050891254	-0.046299208	-0.154995958	0.005325353	-0.129431368	-0.055368192	0.062399509	-0.042852003	-0.08402107	-0.078837089	-0.013601724	0.044120176	0.043454171	-0.031839013	-0.000110055	-0.24877159	0.004157028	-0.003943387	-0.086329729	0.007613788	0.067285104	0.024501292	-0.076802691	-0.09252686	-0.01888282	-0.069990228	0.072996973	-0.195231373	-0.073478377	-0.161918661	0.01180446	-0.080145847	-0.103501865
MEplum4	0.025016871	0.061876487	-0.002343731	0.118671499	0.043687468	-0.002765778	-0.191199179	0.032573152	-0.05735872	-0.059380988	-0.023699357	0.030159939	-0.08045666	-0.066833452	0.092807485	0.022118118	0.2028497	0.102672768	0.037355588	0.052769515	-0.108249121	0.00327283	0.15864295	-0.026336918	0.127648942	0.003709545	0.0627162	0.079332142	0.212816657	-0.217138435	0.109605657	0.165014573	-0.154554941	0.127702351	0.141134359	0.150810222	0.112210855	0.002418909	0.070409816	0.066609696	0.002955182	0.06373992	0.098753641	0.075369332	-0.077252636	0.146100344	-0.0525586	-0.080710569	-0.128831629	-0.034999863	0.004174748	0.063947284	0.03134878	-0.240336921	0.010145049	-0.040634153	0.124360496	-0.145436675	-0.079187413	0.050272047	0.016312591	0.099341683	0.086871911	0.063202289	-0.006082937	-0.156885419	0.045666859	0.077471491	-0.077402367	0.049665609	-0.114579884	-0.066654942	0.054701016	-0.01742449	-0.066777212	-0.034675875	-0.014100336	0.008249505	0.084890465	-0.004353972	0.048324966	-0.260846083	-0.022204371	0.040705535	-0.018712955	0.013177165	0.069941202	0.006376005	0.009064771	-0.092419239	-0.037376506	-0.160030399	0.028734368	-0.260627308	-0.161151859	-0.219845987	-0.069655368	-0.112151547	-0.046253752
MEindianred	-0.07788427	0.016249445	0.029386494	0.057905275	-0.009246561	0.023891517	-0.000466308	-0.033821977	-0.107226785	0.03270673	-0.008171115	-0.026114421	-0.017634508	-0.031788854	0.019412283	-0.116093873	-0.005425719	0.139681738	0.282061936	0.183542299	0.228429001	0.150682558	0.191214032	0.142270881	0.154592865	0.073172568	0.072017698	0.09998746	-0.06664791	0.081729392	0.113132889	0.121048204	-0.011286163	0.072374655	0.113224597	0.106106621	0.138651969	0.010212753	0.107488454	0.140424105	-0.001851808	0.111103934	0.120810954	0.124119081	-0.068948945	0.102851193	0.006352153	-0.061202951	-0.084145092	-0.044182769	0.020379079	0.080429842	-0.019269055	-0.072581153	0.021186542	-0.014674371	0.094712265	-0.028905305	-0.091345675	0.016508842	0.040105464	0.013831471	-0.006497438	0.029257427	0.032686074	0.179918143	-0.020422102	-0.048059583	-0.128507481	-0.008009562	-0.065417937	0.024709138	0.071814746	0.003414193	-0.117411955	-0.05746106	-0.00867389	-0.070760148	-0.028352263	-0.12063415	-0.117028935	-0.075405849	-0.203738193	-0.154908151	-0.08310065	-0.076629386	-0.067219968	-0.123804337	-0.070077577	-0.131745712	-0.12383167	-0.057287328	-0.0791363	-0.204023925	-0.171088974	-0.187280939	-0.078436164	-0.179017121	-0.132904626
MElightblue4	-0.111033879	0.062165192	-0.142429283	0.024864008	-0.194139925	0.036479513	-0.190264647	-0.028291269	0.076017634	-0.062351534	-0.087173844	-0.021911913	-0.11510716	-0.06615313	0.081142479	-0.149090001	0.071371347	0.255455294	0.198975719	0.161314519	0.132391544	0.22109554	0.097482658	0.126831832	0.107242232	0.00847071	0.063164672	0.095339281	0.073642549	-0.017994473	0.09987793	0.12553797	0.011059178	0.12371901	0.034386574	0.115758222	0.024048689	-0.028294239	0.187794275	0.018856629	-0.000242874	0.040506204	0.025855007	0.135830945	-0.084687346	0.140901658	-0.012727172	0.018352007	-0.066490179	0.043966428	0.030232817	0.097972796	-0.045469307	-0.025656032	-0.017149056	-0.052058304	0.082754275	-0.096735291	-0.122711387	0.074053508	-0.001196654	0.011160664	0.03307806	0.111101341	0.021733749	0.059947455	-0.006770086	0.059257527	-0.137785965	0.054462651	-0.05090193	-0.104623845	0.090682049	-0.067147721	-0.218080462	-0.108501319	0.004389238	0.010752971	-0.000595839	-0.031239304	-0.032601728	-0.128386579	-0.17139033	0.10602718	-0.003878212	-0.099278508	0.112912192	-0.146177258	-0.000682483	-0.066824196	-0.055799859	-0.101432739	0.021796717	-0.188485253	-0.200047968	-0.076003398	-0.038213717	-0.117776772	-0.130228266
MEolivedrab4	-0.147295823	0.097922101	-0.084139289	0.012289295	-0.107382431	0.0788435	-0.170722661	-0.000535122	0.097469242	-0.041231591	-0.036664899	0.025083151	-0.058654544	0.000193164	0.090091685	-0.168955621	0.079333431	0.069426986	0.222361547	0.287206547	0.165614878	0.116466387	0.16623129	0.053210322	0.138909063	-0.003654311	0.099969417	0.063220511	0.020535573	-0.197772901	0.090994493	0.12130932	-0.097898129	0.165369814	0.055121273	0.167637677	0.075514293	0.020592652	0.060861297	0.024683011	-0.032125289	0.049530725	0.044971195	0.008946489	0.016111532	0.095572063	0.030340857	-0.032333263	-0.015404434	0.065270529	0.057784538	0.108087896	-0.013357698	-0.054993889	0.030249639	-0.007285989	0.08327506	-0.061281601	-0.088617587	0.043058449	0.066723934	-0.026031028	0.064950807	-0.00974551	0.064376925	-0.168357219	-0.007878663	0.020016514	-0.101663434	-0.076221319	-0.035807743	-0.015059806	0.049865857	-0.00760404	-0.150065931	-0.118989182	0.007058712	-0.020901883	0.023993784	-0.020994175	-0.034012593	-0.180700688	-0.151381768	-0.011366193	0.069949844	-0.044903589	0.119119939	-0.101599021	0.091416161	-0.021539137	-0.0964066	-0.081131226	0.00995537	-0.270571708	-0.165573092	-0.080226439	-0.048089061	-0.213822578	-0.206138039
MEcoral1	0.00676085	0.059913227	-0.040981796	0.026793426	-0.077598957	0.119649714	-0.126714225	-0.103718438	0.101806676	-0.03473994	0.050056665	0.004833337	-0.09259107	0.030706661	0.08786375	-0.054597844	-0.063677793	0.076747782	0.093602653	0.138331087	-0.088457263	-0.011950813	0.138217866	0.019292572	0.11489573	0.006507451	0.045504986	0.117516728	0.142251929	-0.08409373	0.144155522	0.088838818	-0.119362492	0.129106118	0.063963135	0.142409288	0.09495762	0.102947582	0.159040105	0.004142749	-0.034438044	0.087437605	0.066607172	0.045976834	-0.054078919	0.157477009	0.101045978	0.050622095	0.024904107	0.005089686	0.085226632	0.087852584	-0.101238378	-0.043119851	0.052878732	0.031297173	0.143228225	-0.045426186	-0.201488166	0.08327997	-0.021320822	-0.02500152	0.134978789	0.042043703	0.093860864	-0.170347515	-0.050490694	0.041602401	-0.199825962	-0.101744416	-0.138581894	0.00252392	0.023390611	0.041531166	-0.078373343	-0.233307018	0.00155855	0.03578533	0.08253263	-0.021326276	0.020253879	-0.076792422	-0.11070858	0.002907392	-0.017199799	-0.052398164	0.08024089	-0.038465054	-0.113258024	-0.070604503	-0.050022262	-0.061379589	0.023244119	-0.369113211	-0.094318065	-0.046167692	-0.008854751	-0.164315682	-0.268000909
MElightgreen	-0.022811219	0.089248719	-0.030581129	0.022172766	-0.119860447	0.077162902	-0.087218211	-0.021406322	-0.016496489	0.007442838	-0.016964744	-0.046002535	-0.008197552	-0.034821082	0.076251584	-0.063137068	-0.084858198	-0.044160526	0.171264422	0.272740078	0.13643919	0.148595934	0.182738977	0.220035832	0.104695179	0.091130242	0.062180306	0.126985175	-0.015327728	-0.000158885	0.072201407	0.102399259	-0.122692515	0.120578587	0.126662222	0.11268817	0.109065985	0.087498253	0.138515674	0.054496075	-0.082918316	0.085201569	0.005990547	0.082922656	-0.112524559	0.117922022	0.049300369	0.051338714	-0.118051909	-0.003792546	0.018791141	0.116730867	-0.038952706	-0.06684324	0.01494598	0.025527935	0.125984982	0.000165923	-0.181776214	0.050728527	0.011949114	-0.102771026	0.045367397	0.10507289	0.067930984	-0.072449503	-0.046170157	-0.060924832	-0.202703464	-0.145755833	-0.095475688	0.00466694	0.08357333	-0.014037801	-0.102365712	-0.124469337	-0.008225088	0.036663212	0.001628154	-0.045753354	-0.010609532	-0.251734528	-0.2135648	0.00596178	-0.025488819	-0.056458604	0.077358041	-0.065755172	-0.066951308	-0.089211757	-0.01918618	-0.038401632	0.002486649	-0.231105682	-0.114360777	-0.064896952	0.034008965	-0.101116452	-0.225910339
MElightpink	0.032484456	-0.095421279	0.074531428	-0.064647065	0.048315888	0.092023024	-0.088453035	-0.039534875	0.056927896	0.024039526	0.040852464	0.012914658	0.073230001	0.044473103	0.004742462	-0.06676008	-0.14692192	-0.243815381	0.085736857	-0.02384709	-0.054306037	0.187022347	0.226620172	0.122666769	0.035062434	0.099882823	-0.021730195	-0.031490898	0.028956275	0.179720576	0.006837325	0.170973739	-0.157380382	0.020000114	0.083002764	0.167551051	0.067018661	0.101773576	0.03274493	0.152227271	-0.067535211	0.114056478	-0.016615095	-0.047774715	0.031963245	0.004139247	0.05071303	0.119302632	-0.070742077	0.026276075	0.07537511	0.011120804	-0.16640545	-0.187078145	-0.059075904	0.112981415	0.070224289	-0.000291124	-0.15107462	-0.112140248	-0.056019334	-0.201353172	-0.011760808	0.09223561	0.073978066	-0.066914554	-0.040789844	-0.082147263	-0.02830916	-0.210612412	-0.077197655	0.01302652	0.016637714	0.038881108	0.008685329	-0.205591876	-0.146359763	0.061307352	0.070950548	0.095728829	-0.014113615	-0.200215607	0.045159523	-0.057503151	-0.104401355	0.022335793	0.044276316	-0.031843729	0.027538822	-0.042433865	-0.070614644	0.061755051	0.151185442	-0.042457702	0.125436384	-0.032312609	0.149568126	-0.219051778	-0.132126728
MEorange2	-0.015161084	0.09401598	-0.081005866	0.037653802	-0.161469976	-0.032141815	-0.147027431	-0.089878059	0.101628746	-0.016140608	0.057067988	-0.078097792	-0.045718655	0.064219097	0.080135797	-0.092529178	0.008392479	-0.056276262	0.115502818	0.212340498	0.073568206	0.118328416	0.141740746	0.133632243	-0.125893539	0.046329635	0.004610769	-0.018842018	-0.00114538	0.115692162	0.044855125	-0.013509013	-0.022582929	0.147115616	0.083528901	0.115957917	-0.062867842	0.080544866	-0.051378196	0.014301648	-0.102366116	-0.020669924	-0.052941527	-0.194945253	0.030825512	0.065872126	0.054060612	0.156836129	0.131643696	0.122960739	-0.000322913	-0.124720727	0.066029384	-0.098014962	-0.174890692	0.054370461	0.009350107	0.042743455	-0.213452355	-0.122875171	0.035855726	-0.129539451	-0.031802937	0.088251394	0.136803824	-0.082386238	0.043216122	0.082780719	-0.024573658	-0.172153787	0.001893711	0.033682868	-0.054723904	-4.57E-05	-0.071649276	-0.069686791	0.080478054	0.066343721	0.054979128	0.011636767	0.055560526	-0.208132276	-0.049355496	-0.235171798	0.097422928	-0.081993667	0.129724764	-0.053089755	0.081122136	0.113542454	-0.06595303	0.049423617	0.123512437	-0.177066527	0.037113628	0.023991027	0.136195315	-0.249581217	-0.135615783
MEcyan1	0.074570055	0.098707919	0.032858699	0.045688217	0.007942459	0.118175033	-0.049566713	-0.032014648	-0.045350201	0.000412657	0.054913795	-0.098004652	0.016585161	0.043252968	0.052695571	0.006266668	-0.217402021	-0.075460541	0.069527733	-0.009451276	-0.040503573	0.023026262	0.052603994	-0.111377402	0.08481737	0.092554147	0.098257869	0.114997189	-0.002789129	-0.037565011	0.074578258	0.097822966	-0.241464656	0.101039776	0.086853026	0.102801712	0.080472034	0.11141645	0.091975252	0.082430644	0.008278952	0.079216869	0.031368436	0.104374691	0.011749223	0.106816991	0.079967252	0.09195231	-0.158688536	-0.021827155	0.038367182	0.075197443	-0.067328926	-0.179483281	0.023993358	0.086641794	0.101745559	0.024770743	-0.185616632	0.043350481	-0.000122084	-0.263602029	0.043381718	0.057308147	0.094414126	-0.053446363	-0.08832767	-0.059242285	-0.19936325	-0.200733567	-0.184699404	0.0682546	0.047899344	0.063518001	-0.019947728	-0.232524747	0.060059044	0.111662414	0.061074998	0.039759444	0.015005109	-0.185419463	-0.08274582	-0.026212474	-0.08047789	0.034333431	0.089547341	0.037178876	-0.11885257	-0.055570457	0.090417293	0.025748919	0.075006995	-0.18788861	0.040248834	-0.015457018	0.035902214	0.021251123	-0.308479356
MEdarkorchid4	0.152360598	0.073159449	0.032981211	-0.076989468	-0.085594101	0.078346694	-0.066430164	-0.032627505	-0.021694097	-0.035674092	0.1035552	-0.069378196	0.040440386	0.111018182	0.037708027	0.001137822	-0.239559794	-0.147205712	-0.020591355	-0.084864473	-0.069573209	0.037532803	0.061102571	-0.007223618	0.037157371	0.138302736	0.097411883	0.122681768	0.121139023	0.059035753	0.049420285	0.039500039	-0.104312085	0.116900155	0.21774646	0.07143138	0.049592434	0.174548879	0.167591428	0.075157916	-0.039779441	0.118959192	-0.048859082	0.173013217	0.015108347	0.081371172	0.144329305	0.12640697	-0.071744401	-0.01977438	-0.014730557	0.070120272	-0.06625104	-0.050827848	-0.004819443	0.078421162	0.034330224	0.063991735	-0.168872851	0.099950866	-0.110424001	-0.193244629	0.066834515	0.110511169	0.105686129	0.098167998	-0.147493652	-0.175979839	-0.098044509	-0.047160563	-0.023693342	0.020123484	0.073510895	-0.003644112	0.044221772	-0.174460851	-0.00577173	-0.015199817	-0.080181661	-0.033479089	-0.132479367	-0.054528515	-0.050963768	-0.037705476	-0.132678086	-0.058610236	0.100948855	-0.036243	-0.119290641	-0.1629092	0.036822147	0.019774376	-0.049885269	-0.277183903	0.02134092	0.035907284	0.078164429	-0.084490405	-0.231854316
MElimegreen	0.159778555	0.004761048	0.062196679	-0.080179408	-0.077803449	0.15359991	0.004475432	0.005368846	-0.036556771	0.088137449	0.08799419	-0.09130868	0.091959912	0.115640391	0.012769474	0.02386744	-0.247968057	-0.024604955	-0.016754265	0.00139265	-0.097068585	-0.11007585	-0.098252718	-0.039964941	0.089900942	0.141130872	0.113770236	0.164022792	0.088909222	-0.138822318	0.000419881	0.041418676	-0.190762505	0.083495705	0.186264436	0.0757799	0.055737936	0.140033199	0.184762267	0.079692118	-0.040146672	0.077724615	-0.046737061	0.198524276	0.0039799	0.088022035	0.123691874	0.124707154	-0.120828213	-0.062438802	-0.035490875	0.132351641	-0.090379281	-0.031922856	0.076214316	0.088805492	0.054146624	0.063098653	-0.106910324	0.081643498	-0.079477619	-0.101289979	0.012931201	0.124210634	0.053255113	-0.00361171	-0.15184755	-0.193618076	-0.053300848	-0.029657892	-0.023121081	0.049591715	0.128812006	-0.004033854	0.029602111	-0.130092158	-0.032845194	-0.035650818	-0.128620617	-0.066272618	-0.125966587	-0.117472649	-0.070600331	-0.13721835	-0.180583946	-0.061458609	0.03531265	-0.025682119	-0.139181791	-0.088909494	0.049463827	0.053246603	-0.005488886	-0.124985174	0.011683012	0.079366366	0.121591201	0.008063391	-0.23135553
MEseashell4	0.112978021	0.091767473	0.017221381	0.007727682	-0.099295398	0.113369645	-0.074517168	-0.042224398	0.033294107	0.001087173	0.086527386	0.04151169	-0.010300115	0.082296242	0.080170222	0.049616223	-0.325086739	-0.245986356	-0.015761226	-0.294150984	-0.284424055	-0.005848227	-0.160631697	-0.176944961	0.039708789	0.083871499	0.09889921	0.128554528	0.079461404	0.040158571	0.04984278	0.023025949	-0.149309173	0.083948983	0.130235996	0.061050323	0.033826047	0.13069823	0.148217562	0.014202272	-0.017971904	0.11133366	-0.065453886	0.127842986	-0.024870336	0.103975401	0.150907717	0.143005713	-0.142543785	0.046589522	0.058244133	0.043820858	-0.09559729	-0.076296533	0.013024912	0.067782219	0.069658264	0.042114995	-0.091852732	0.066545864	-0.091726183	-0.184197146	0.041216284	0.063985539	0.106266199	-0.02148687	-0.044533239	-0.044275756	-0.139666828	-0.069070826	-0.046810164	-0.009320047	0.073566333	0.042111836	0.013756473	-0.144097228	0.027936438	0.02488115	0.028222014	0.054110917	-0.01483912	-0.139421261	-0.033517366	0.084523295	-0.002853884	-0.048344725	0.109794511	-0.00834539	-0.01184164	-0.079905708	0.053397843	0.041755881	0.003771278	-0.12712168	0.069128115	0.033202821	0.063155212	0.009164642	-0.191620391
MEdodgerblue3	0.141699137	0.073455397	0.021633025	0.012538054	-0.017542515	0.11942618	-0.044831212	-0.089850186	-0.014859332	-0.025209903	0.091257712	-0.065994234	0.03056779	0.081761162	-0.023763499	0.100459768	-0.240938476	-0.231518678	-0.139300191	-0.090271218	-0.099348766	-0.055306216	-0.119820817	-0.161947233	-0.011445511	0.082350957	0.114179611	0.157681688	0.079654511	0.046746664	0.02937178	0.03939522	-0.119612348	0.109079094	0.114311101	0.04159131	-0.032160573	0.109672395	0.19710573	0.081221118	-0.022874119	0.051580259	-0.054064183	0.204129565	0.03839126	0.098272245	0.141771569	0.139126792	-0.068505358	0.009642771	-0.061625554	0.049474046	-0.056554605	-0.114914376	-0.014531161	0.086857659	0.067605068	0.094550942	-0.201543586	0.013231044	-0.154306389	-0.24664495	-0.018368076	0.107386044	0.036792197	-0.028475853	-0.142481875	-0.148277479	-0.100100431	-0.088624517	-0.066615659	0.027109687	0.064260569	0.013423709	0.035532049	-0.215226975	0.056771161	0.066548244	0.010246724	-0.000501148	-0.024611434	-0.066158824	0.115249255	0.083248621	-0.061829991	-0.034331549	0.109259238	-0.014472805	-0.172947655	-0.003442994	0.087957419	0.010799135	0.070777595	-0.060962642	0.053694609	0.087608448	0.075113713	0.065548525	-0.220404474
MEmediumpurple2	0.136579382	0.106198593	0.05253413	0.011020912	-0.024076792	0.106902803	-0.043945193	-0.007180102	-0.066887776	-0.00466531	0.066508804	-0.030670876	0.035451655	0.084553773	0.051381398	0.083374147	-0.205138885	-0.189292782	-0.135071411	-0.081374175	-0.11378049	0.011739256	0.016835465	-0.085511384	0.040811995	0.14186305	0.12270477	0.128188708	0.101265164	0.043619876	0.030757992	0.072765878	-0.185575912	0.117370769	0.173273764	0.063500033	0.061636592	0.142779538	0.12628041	0.052593753	-0.055437265	0.098878836	-0.052758167	0.126613605	-0.025294735	0.111532822	0.128602561	0.113154069	-0.229446443	-0.029340266	-0.072263184	0.055706313	-0.099526663	-0.110102519	-0.021986344	0.079450233	0.089469665	0.012298676	-0.183875626	0.063900233	-0.131083982	-0.185864361	0.034002923	0.110988965	0.100164655	-0.066212315	-0.163258382	-0.142723671	-0.076306951	-0.124189727	-0.077465949	0.0020322	0.096169964	0.035938026	-0.042461622	-0.197533789	0.017612977	0.088180576	-0.000315099	0.001124214	-0.079855798	-0.192220175	0.064783341	-0.035091652	-0.111987651	-0.033628893	0.110196947	0.034112148	-0.099983527	-0.08557495	0.109056964	0.064300653	0.053871378	-0.073014917	0.08187969	0.033369262	0.109112549	-0.029713421	-0.207307921
MEblue1	0.106389554	0.06080308	0.035403509	-0.04363847	-0.087613164	0.141626429	-0.119305156	-0.018554175	-0.046393188	-0.034874892	0.048835604	-0.022846485	0.036980953	0.12166523	0.008001687	-0.022666013	-0.097588085	0.074353481	-0.026107035	0.022791328	0.031576557	0.104292213	-0.018283002	-0.076621686	0.006648877	0.072992557	0.198310579	0.155451948	0.182155911	0.166971095	0.056224208	-0.038148397	-0.073599565	0.148224037	0.177746292	0.054655243	-0.126416233	0.11558376	0.099839228	-0.019669297	-0.017339588	0.024349637	-0.132249426	0.154906416	-0.025879388	0.057776769	0.102650224	0.149715212	-0.194719183	-0.024428746	-0.14199555	-0.061697963	-0.013889161	-0.023312636	-0.077667544	0.088334511	0.053999145	0.091125675	-0.18272699	-0.016955852	-0.160937958	-0.146992515	0.131193083	0.09396937	0.07031432	0.103102714	-0.146590628	-0.262475	0.047342597	0.037267342	0.044749043	-0.045674689	0.024469262	-0.089639749	0.030852452	-0.075879126	0.008249346	-0.059533302	-0.196688298	-0.046836371	-0.22473563	-0.080786109	-0.0004517	0.034885387	-0.219456854	-0.036677542	0.079804086	-0.053797243	-0.032265353	-0.077698935	0.088216805	0.01372551	-0.035749721	-0.129378903	0.011616909	0.141216839	0.092839024	0.035709767	-0.132472307
MElightskyblue4	0.092744727	-0.009387364	-7.47E-05	-0.104929333	-0.12713325	0.076899184	-0.061430494	0.035988433	-0.026513381	0.077479881	0.026803908	-0.041439433	0.069824377	0.132238599	0.05947371	0.084833721	-0.222306376	-0.07577197	0.072600042	-0.108223105	-0.050997329	0.020484189	0.082243205	-0.062447741	-0.052126621	0.068206273	0.100441997	0.046436822	0.125179285	0.137678426	-0.107281529	-0.035824109	-0.007871199	0.078106752	0.123287567	-0.015880485	0.003389611	0.087621523	0.095872052	-0.025571632	-0.113131943	0.066664834	-0.179133612	0.068769175	0.019922093	0.031543872	0.053667898	0.168717076	-0.089040835	0.003068753	-0.088069941	-0.007754857	-0.01840623	0.072567672	-0.054660511	0.090503336	0.046280587	0.084150085	-0.137174382	-0.007853564	-0.197162201	-0.25337787	-0.034447777	0.183999105	0.078457389	-0.036700237	-0.251401804	-0.252542475	0.085334329	-0.068290635	0.12294899	0.010997573	0.089190896	-0.050829945	0.018487809	-0.112362792	-0.024574017	-0.028136753	-0.126055593	-0.019908285	-0.157287553	-0.024813695	0.126303472	0.023311424	-0.213662906	-0.030673071	0.070252118	-0.013835386	-0.013601718	-0.056813377	0.11234612	0.103326705	-0.000705878	0.001440222	0.157545384	0.179582621	0.156802072	0.038218206	-0.164614184
MEdarkblue	0.154381895	0.072693324	0.119986206	-0.053781575	-0.029355329	0.11972603	0.039089984	-0.056584034	-0.216412811	0.085938086	0.038378129	-0.026484017	0.04310189	0.052163258	-0.039927737	0.126310669	-0.151606298	0.168949835	0.182671348	0.130293277	0.125865488	0.205421146	-0.143073364	0.112777425	-0.013727808	0.144627053	0.035332808	0.065524471	-0.115947416	0.08348101	-0.110796156	0.011841456	-0.143968736	0.020897809	0.146292969	0.01462888	0.037953371	0.108062245	0.008853537	-0.020130552	-0.100533684	0.10391227	-0.024492308	0.003205278	-0.002367215	0.0121037	0.107052925	0.07814524	-0.137547011	-0.057774976	-0.145852354	-0.003483472	-0.077722224	-0.069347551	-0.017272274	0.128641194	0.036377151	0.040204018	-0.046593863	0.009759035	-0.163817361	-0.221719274	-0.028490619	0.030913104	0.05952561	0.114697689	-0.07583913	-0.189362468	0.059392319	-0.22959265	-0.018607385	0.065277018	0.010791081	-0.025836401	0.056712257	-0.121595504	-0.060798709	0.10014872	-0.043387409	0.042191598	-0.161538262	-0.067914335	0.122634187	-0.164931094	-0.128506949	-0.031112072	-0.014758009	-0.038741046	-0.128387202	-0.137587761	0.036404488	0.084691164	-0.044633297	0.064287939	0.133454695	0.063518964	0.085768279	-0.049598969	-0.153514849
MEantiquewhite3	0.143716341	0.046222649	0.034563791	-0.039285679	-0.053798503	0.125281407	-0.052141074	-0.030579336	-0.126204046	0.038495976	0.074222562	-0.040498959	0.049650466	0.101458372	0.036066625	0.026192542	-0.086222901	0.099603482	0.161759535	0.07486087	0.109755109	0.008138311	0.044739232	0.010348715	0.036986451	0.121828713	0.100718193	0.104959877	0.085252346	0.079455092	0.020030891	0.051253507	-0.091835128	0.091478178	0.193163562	0.088615511	0.038409032	0.130081501	0.138194089	0.064048493	-0.016261779	0.079298099	-0.044062053	0.139493841	-0.029528892	0.083058266	0.090636994	0.110638497	-0.188739648	-0.092748738	-0.079264546	0.064596413	-0.076388044	-0.092328875	3.97E-05	0.097899734	0.060949204	0.063990014	-0.218023922	0.045224321	-0.164851797	-0.163123701	0.043515729	0.092055427	0.096183527	-0.109527139	-0.134818198	-0.216047996	-0.050008842	-0.087433646	-0.033212725	-0.00172147	0.065529721	-0.026271685	0.01796066	-0.114167116	-0.008278907	0.010070153	-0.099322125	-0.043986763	-0.18389799	-0.223575118	0.017969551	-0.038555956	-0.242517187	-0.06153618	0.069767313	-0.044062493	-0.141285796	-0.163895519	0.076668988	0.047765918	-0.029446108	-0.199569574	0.048267515	0.081769937	0.109777571	-0.013741383	-0.189910995
MEoldlace	0.191819585	0.026664211	0.083935752	-0.020708373	-0.023312865	0.107845435	0.019539869	-0.059702534	-0.176481596	0.035628236	0.065593794	-0.090230687	0.052263382	0.032596523	-0.005887946	0.065460171	-0.136021411	0.137984866	0.023762685	0.042067681	0.171244472	0.179793896	0.223780131	0.162120465	-0.015578457	0.154591664	0.079510837	0.142104929	-0.040002549	0.119640079	-0.00656179	0.107499983	-0.117073128	0.06010655	0.18072831	0.03849721	0.035966371	0.14959134	0.112273378	0.036597073	-0.068489284	0.076395955	-0.082856156	0.110160077	-0.051125257	0.088000871	0.062328713	0.053256066	-0.188105875	-0.121350775	-0.079662497	0.017700957	-0.085078918	-0.186304938	-0.036224783	0.078413484	0.019086003	0.038211618	-0.120431342	0.026036872	-0.136238144	-0.222789138	-0.01931423	0.07561341	0.02869322	0.046323949	-0.155715654	-0.164348012	-0.058798347	-0.167217649	-0.036883087	0.009533142	0.067174697	-0.019263459	0.007748427	-0.049795818	-0.032857421	0.044655125	-0.05083676	-0.049181106	-0.139048603	-0.143018856	0.08259031	-0.126204992	-0.161719348	-0.026363667	0.01565334	-0.024075681	-0.201246061	-0.116411932	0.052983818	0.071195089	-0.030611268	0.022414379	0.065735587	-0.007679455	0.077029898	-0.063490195	-0.161843841
MEpurple	0.174695684	0.077682244	0.080335248	0.009689437	0.004759529	0.099425899	0.032562465	-0.006553096	-0.138409988	0.047452333	0.085515915	-0.051754677	0.042809808	0.058811305	0.029037677	0.032238772	-0.171317983	0.197036035	0.09189968	0.03513052	0.085775402	0.095015828	0.039297551	0.061349808	0.051187198	0.182475736	0.092052119	0.106562276	0.00486055	-0.028569886	0.022421687	0.06483072	-0.193836162	0.065467836	0.185802972	0.083146209	0.084637614	0.159712921	0.119517558	0.084229804	-0.056357032	0.09659514	0.026751362	0.122805888	-0.036617232	0.11099299	0.066954661	0.066603934	-0.262746912	-0.109151437	-0.057928883	0.039149011	-0.076762983	-0.255476528	-0.003489004	0.079536433	0.072250975	0.037273599	-0.120188457	0.03450464	-0.084113626	-0.155848235	0.02998356	0.084079263	0.072055959	0.035863176	-0.123790725	-0.135671054	-0.069119022	-0.119194875	-0.072069128	0.053974268	0.087145298	0.018067704	0.001190873	-0.174851995	-0.008564773	0.052679488	-0.014512482	-0.05152568	-0.140621914	-0.121618246	-0.074639587	-0.165937427	-0.180788402	-0.038177125	0.037560224	-0.010424449	-0.143453921	-0.163509105	0.039173815	0.047221463	-0.028211415	-0.12351534	0.001450422	-0.058298499	0.074999456	-0.04879649	-0.199876167
MEdarkred	0.248285301	0.039841446	0.086066335	-0.052091181	-0.038639686	0.133025606	-0.021631223	-0.012370075	-0.140722387	0.10639883	0.057955679	-0.084723597	0.094692546	0.042910689	0.01517041	0.079949119	-0.124704724	-0.063029401	0.036275789	0.029062092	-0.001012959	0.077045276	0.107479863	0.014788998	0.019445809	0.188488662	0.061150366	0.077086295	-0.06472673	0.080678096	-0.101796248	0.003018919	-0.067288948	0.045608464	0.185184352	0.061751839	0.019566722	0.174376972	0.099058274	0.045219199	-0.109178418	0.052752439	-0.094549795	0.048812002	-0.061581757	0.10670209	0.062355561	0.028709422	-0.159674648	-0.139994067	-0.110267285	0.039893089	-0.11691972	-0.077870194	-0.036410884	0.150350744	0.030768806	0.0954464	-0.15710854	-0.071022309	-0.150500505	-0.255885731	-0.059160566	0.111095906	0.099517769	-0.049887959	-0.13263933	-0.210456366	-0.039980827	-0.21696149	-0.028884855	0.036327702	0.019129365	-0.023894017	0.006109847	-0.077357248	-0.034228273	0.120163426	-0.059348821	-0.030488611	-0.089838062	-0.160215843	0.096717934	-0.114290926	-0.174532042	0.018942274	0.036369145	0.095856606	-0.141496878	-0.031618536	0.108914985	0.077444021	-0.02433439	0.052948328	0.140198691	0.07891826	0.133058367	0.079121888	-0.142890966
MEcoral	0.207214362	0.041213663	0.022186432	-0.031542654	-0.092665967	0.076434813	-0.054748229	-0.048001975	-0.10684618	0.033265234	0.083916898	-0.033296298	0.05399909	-0.005454712	-0.015794154	0.056355218	0.131649196	0.110631986	0.09848426	0.196947309	0.162003956	0.142671842	0.149896088	0.191984141	-0.002929079	0.117440057	0.017765379	0.041623108	0.003882404	0.166195851	-0.098320894	-0.025715578	-0.125986427	-0.000299148	0.106345471	-0.001401342	-0.000872992	0.124800293	0.06064731	0.003798442	-0.120435805	0.026282258	-0.123561225	0.018263127	-0.114666314	0.102742211	0.022977049	0.02700565	-0.206915522	-0.127157712	-0.131164743	-0.022614685	-0.151474983	-0.086098775	-0.036484918	0.063883683	0.023165529	0.067602897	-0.228981774	-0.066474635	-0.143421801	-0.2020753	-0.0491468	0.085463418	0.035421205	0.148385429	-0.158466183	-0.233864894	-0.069270413	-0.22106454	-0.056209487	-0.019024214	0.01644582	-0.069763777	0.003465348	0.005904305	-0.007247185	0.07421427	-0.053482119	-0.002337672	-0.063869702	-0.119353685	0.114312902	-0.034018322	-0.118566643	0.030814857	0.039335445	0.055828142	-0.067046928	-0.043465197	0.07744819	0.110682965	0.035167098	0.076757064	0.135500608	0.058728584	0.041423506	0.077728248	-0.184701028
MEgoldenrod3	0.248114527	0.058094993	0.005062847	-0.083280994	-0.1660045	0.121530502	-0.146146004	-0.019144635	-0.073604462	0.060568047	0.006463637	-0.069569629	0.045229231	0.037730934	-0.000362547	-0.013378107	0.008235843	0.088191276	0.138689335	0.145426085	0.15167194	0.128980812	0.119085515	0.18000766	0.040640939	0.14058818	0.087318217	0.111752507	0.002877408	0.080076317	-0.132895534	0.005981493	-0.15532095	0.081076109	0.199309788	0.077203689	-0.017928026	0.19436665	0.136353455	0.009849766	-0.151281449	0.01671792	-0.130469428	0.049112783	-0.138982995	0.129957115	0.031148982	0.059979157	-0.167973555	-0.041552854	-0.203930873	-0.002312373	-0.05485897	-0.091938144	-0.061380277	0.144720679	0.004170803	0.110512952	-0.17793712	-0.137726308	-0.128354314	-0.129071096	-0.052726054	0.118067073	0.088116014	0.037637822	-0.12152448	-0.133705186	-0.01464753	-0.095052697	-0.005539503	-0.042883099	0.064791406	-0.071926537	-0.11525352	-0.057251946	-0.003874344	0.049954701	-0.100477912	-0.056815881	-0.093554058	-0.159804007	0.03716113	-0.065832144	-0.114242475	-0.010737115	0.044148783	0.045287342	-0.062290848	-0.031992607	0.083093503	0.004986799	-0.06631037	-0.07884555	0.037158853	0.080687693	0.100454241	0.093505653	-0.091156098
MEhotpink2	0.162933494	0.105752146	0.125377797	0.069642325	0.066570185	-0.148762796	0.069068151	0.089064042	-0.192982489	0.053733488	0.074412262	-0.109344075	0.041277545	-0.086001595	-0.062227446	0.140948268	-0.246458658	-0.072279968	-0.106319312	-0.00660717	0.060321255	-0.080567297	-0.121494936	-0.010828582	0.041128207	0.149780414	0.171064593	0.109849327	-0.005168373	0.023996921	0.042358077	0.07327927	-0.201537062	0.085789934	0.105085312	-0.053832224	-0.010384714	0.097084399	0.078118432	0.108723778	-0.005275763	0.082057621	0.014145046	0.08682024	-0.076496169	0.02351938	-0.001387936	0.025561226	-0.284266988	-0.051719157	-0.103218568	-0.044545087	0.046866431	-0.226309502	-0.00412357	0.019438994	-0.062281242	0.055968908	-0.050537161	0.003570233	-0.012727418	-0.174004844	0.007452156	0.031998863	-0.019937	-0.071950035	-0.029589913	-0.059219282	0.006979477	-0.112443876	0.017387515	0.050207987	0.086861669	0.064105248	-0.041395025	-0.210362311	-0.005125722	0.024584893	0.05432403	0.013392504	-0.083063473	-0.24392052	0.083554014	-0.167531967	-0.122448729	0.078565753	0.115804042	0.183590212	-0.020757894	-0.055924589	0.074261462	0.07029329	0.125642274	0.06727247	0.040848788	-0.090908283	0.147248394	0.108825531	-0.010239553
MElightcyan1	0.124508618	0.122232125	0.114464161	0.059963247	0.048228249	0.13583976	0.09349835	-0.027386946	-0.117493606	0.088175545	0.05839513	-0.190667868	0.129642923	0.034081183	0.010085142	0.113621196	-0.159206315	-0.050713982	-0.054532481	0.046509905	0.025435009	0.046551473	0.034969386	0.134263306	0.099167828	0.140293318	0.060544053	0.110636022	-0.143384767	0.005991745	0.008611277	0.077111073	-0.047281446	0.030694372	0.091771755	0.005760377	0.062305255	0.148425388	0.069932264	0.048888807	-0.160173086	0.03434194	-0.033003558	0.053786677	-0.108904822	0.053012232	0.04216846	0.004838439	-0.251729738	-0.094572028	-0.05884196	0.115116313	-0.150635864	-0.116518977	0.058189245	0.076570135	0.050578116	0.108038795	-0.150928647	-0.082413272	0.006619758	-0.22077465	-0.019899593	0.067596072	0.095839411	-0.04141625	-0.092852934	-0.206599334	-0.086242014	-0.161834147	-0.149258876	0.126151515	0.07153564	0.039641782	0.102104112	-0.144481075	0.068889873	0.121338309	0.089530163	0.050026993	0.046643276	-0.117885687	0.073932369	-0.14911223	-0.128313339	0.030799659	-0.047872939	-0.019156704	-0.204224182	-0.048901637	-0.013033923	0.047936261	-0.015758106	0.097738781	0.055119893	-0.120135483	0.051954977	-0.050092551	-0.184402422
MEsnow	0.092195786	0.133999064	0.071531714	0.057166585	0.029446137	0.044340736	-0.039713857	-0.039465014	-0.09536123	0.015811225	0.061601685	-0.170886798	0.12178287	-0.013803824	0.013036519	0.107034725	-0.060619351	-0.057280244	0.099337661	0.139344989	0.11535246	0.11394845	0.142163694	0.285717671	0.086996979	0.099183118	0.055641316	0.098462695	-0.136162926	0.101239414	-0.044161188	0.071947711	-0.027857621	0.041381018	0.082723144	-0.058441519	0.005862155	0.149615963	0.070702985	0.036535101	-0.196834401	0.01568028	-0.038219056	0.012327578	-0.128797612	0.075476516	-0.021191351	0.055815934	-0.130417363	-0.074605665	-0.039753315	0.096988854	-0.237050864	-0.074021486	0.028755291	-0.003196072	0.048842047	0.078149955	-0.260715059	-0.161221107	-0.006718044	-0.173769898	-0.091678034	0.053863069	0.088630545	0.020287119	-0.08735481	-0.207708259	-0.104907164	-0.156697411	-0.176654538	0.071809889	0.062265103	0.029560251	0.080212841	-0.137506831	0.041891979	0.094276243	0.127946563	0.082537062	0.112997108	-0.075750846	0.082195708	-0.109172499	-0.13549727	0.040951361	0.008546563	-0.019016683	-0.117999951	-0.017051761	-0.0174522	0.036636097	0.032839942	-0.018650519	0.042319358	-0.097905918	0.006970571	-0.042367081	-0.169240758
MEantiquewhite1	0.165908884	0.04131294	0.088851801	0.057427071	0.104279936	0.011418329	0.045958938	0.034828075	-0.114120275	0.117207665	0.093731522	-0.12159329	0.121542967	0.021612838	-0.006650009	0.129139282	-0.20525365	0.023245086	-0.032797198	-0.022789704	0.012727575	0.105157255	0.065923299	-0.030835055	-0.021921302	0.110576022	0.053002775	-0.030736408	-0.082569075	0.127393771	-0.105796363	0.01936185	-0.238876205	-0.021650069	0.085993456	-0.027553801	0.048802537	0.118793334	-0.010523994	0.01729005	-0.117172852	0.000922522	-0.012385755	-0.034593572	-0.036715933	0.024519537	0.022464013	0.035200941	-0.182259326	-0.090267977	-0.078350452	0.008232921	-0.109662842	-0.130310588	0.012128712	0.054458234	0.034790096	0.074904763	-0.145047891	-0.10157233	-0.016379761	-0.270487679	-0.145039788	0.045280065	0.011891549	-0.134758572	-0.091160626	-0.173738973	0.039664618	-0.24672051	-0.040085153	0.104246278	0.019464017	0.027017725	0.089270803	-0.228046488	0.014690251	0.121003799	0.094143785	0.098044719	-0.016076222	-0.184535297	0.206530296	0.001642133	-0.097718704	0.104438942	0.013737767	0.070059073	-0.096069898	0.052555645	0.089946202	0.118637517	-0.001376173	0.101819569	0.214001546	0.084010341	0.03549477	0.067083772	-0.059584422
MEsienna2	0.150802052	0.054440923	-0.086002419	0.061970115	-0.108085893	-0.044117323	-0.076726772	-0.017548092	-0.155630364	0.006919997	0.111870032	-0.104550607	0.146941687	0.031577651	-0.025236748	0.121345653	-0.051588094	-0.114254812	-0.078492418	0.065875739	0.015060838	0.079662641	0.022831167	-0.011151169	0.061623744	0.100338377	-0.014669326	0.120418948	-0.00883157	0.134061887	-0.066951199	0.004873486	-0.112253129	0.016144358	0.011731742	-0.061886658	0.084778486	0.088853741	0.053095335	-0.015903785	-0.083380196	0.01578748	-0.133398675	0.077267841	-0.125264041	0.106503171	-0.006224011	-0.041032532	-0.126047428	-0.13060239	-0.140397077	-0.064248213	-0.176308974	-0.047408243	0.061230518	-0.047686948	0.070767078	0.07213519	-0.182733192	-0.028157591	-0.183794663	-0.235064703	-0.027103891	0.084350877	-0.049982711	-0.094641141	-0.145743215	-0.182731206	-0.097462929	-0.120634461	-0.055106908	0.015073925	0.033676232	0.06486925	0.078882756	-0.161643524	0.013634536	0.158321906	0.026623025	0.126217419	0.094136495	-0.091377403	0.173572845	-0.033433732	-0.060650116	0.08739643	0.097083815	0.135981986	-0.092905707	0.031378326	0.151008037	0.197859279	0.13449163	0.178361759	0.20756242	0.069241032	-0.031828477	0.087982989	-0.045742174
MEburlywood4	0.109079784	0.102013972	0.134806084	-0.017552368	0.098737249	0.111880382	0.054970057	0.020863692	-0.150423945	0.010714984	0.06234955	-0.102166399	0.007719553	0.035746528	-0.01659138	0.031493229	-0.031699288	0.113441597	0.212729681	0.068065694	-0.042387408	-0.507083005	-0.123099546	0.097284039	0.002487087	0.116015645	0.047956526	0.078484168	0.072665317	-0.101948538	0.032281427	0.058336414	-0.050019612	0.022821912	0.081583769	0.070456138	0.044478208	0.105543941	0.065092887	0.057961497	-0.009354038	0.10032469	0.083775194	0.098595153	0.055644157	0.065578814	0.087266634	0.009622051	-0.147700921	-0.145279943	-0.051795182	0.0049941	-0.027052059	-0.032308046	-0.014813424	0.070360922	0.039615538	0.051973705	-0.060804979	0.037687979	-0.076113632	-0.146848924	0.043948639	0.041005359	0.078954997	0.102165993	-0.083849878	-0.030080499	-0.102466997	-0.175715018	-0.103203246	0.087392441	0.010831524	0.029993242	0.006593522	-0.042014847	-0.066629248	0.105163378	0.055040574	0.052517648	-0.005636576	-0.088565111	-0.013054043	-0.211352378	-0.152815638	0.005599064	-0.012810193	0.020097836	-0.175598478	-0.088305485	0.036275649	0.064521488	0.061772531	-0.148695133	0.007731089	-0.081262818	0.084091895	-0.037170436	-0.252928165
MEseashell2	-0.108825825	-0.043941483	0.003342741	0.028731926	-0.101030522	0.184968568	0.130651705	0.025697112	-0.016440454	0.09933339	0.057484559	0.026216107	0.037022701	0.182422075	0.110091094	-0.121246632	-0.064238166	-0.13181554	0.131252577	0.103831603	-0.063621227	-0.067845332	-0.06655152	0.000496539	0.042026864	0.083907632	-0.089536372	0.080131351	-0.1483126	-0.112079718	0.062754859	0.081989346	-0.183130254	0.086872153	0.081265403	0.101167639	0.057622716	0.017844661	0.050623038	0.019218672	0.003814752	0.029812222	-0.034326026	0.071634685	-0.001462225	0.02714454	0.200802218	0.146693807	-0.157484504	0.018461876	0.010679934	0.128318627	-0.076450321	-0.143499158	0.117997161	0.176829348	0.106937177	0.125324038	-0.032254849	0.131549654	0.023087754	-0.071664822	0.018600697	0.174437235	0.079798489	-0.126151592	0.020061265	-0.064757541	-0.100938247	-0.089003208	0.015431971	0.091485237	0.099734715	0.028819893	0.000728798	-0.097770701	0.013794952	0.108157164	-0.02167959	0.025979478	0.034168667	-0.231449432	-0.228409059	-0.230599846	-0.092579833	-0.141291999	-0.183732814	-0.014197941	-0.130988187	-0.038855668	-0.029449328	0.099824674	-0.043235031	-0.000187986	-0.123530942	0.010554053	0.033431304	-0.089503061	-0.146993863
MElightblue3	-0.096736788	0.048919755	0.00991015	0.154945866	0.117333198	-0.054661755	0.031259832	-0.104741516	0.200608001	-0.018675658	0.00746083	-0.025974571	-0.157304254	-0.042297107	-0.024802952	-0.095195596	-0.110972413	-0.116838289	-0.245832331	-0.120102038	-0.15264743	-0.061392525	-0.09686767	-0.116232186	0.083701915	0.031810287	0.01911308	-0.003995163	0.157252105	-0.002110764	0.186943878	0.138084168	0.058928103	0.057270326	-0.044733902	0.071571009	0.024177238	-0.103553256	-0.048288884	0.192840518	0.303408177	0.016714596	0.150532113	0.103480383	0.310423503	0.015522556	0.058741594	0.054360903	0.073813907	0.080332114	0.050377023	0.06559618	0.066354608	0.005108406	0.005493389	-0.085756857	0.066980748	-0.026498623	0.17125595	0.039808426	0.084206103	0.052947775	-0.019118057	0.05685991	0.012796452	-0.059129084	0.029335094	0.145022249	-0.112130954	0.045042996	-0.013598152	0.035830602	-0.003718491	-0.014970183	-0.114023446	0.038516606	-0.050989128	-0.001199763	-0.005940108	-0.088318867	-0.012611498	0.021873571	-0.188357587	-0.118655379	0.117072599	-0.143378392	-0.096234294	-0.044395755	-0.042815971	0.004632499	-0.102964413	-0.071041294	-0.12815942	-0.074563301	-0.127698862	-0.081462502	-0.034376651	-0.139575044	-0.028932161
MEfirebrick3	-0.205514593	0.005317076	-0.092101239	0.019599417	-0.070962521	-0.041592248	-0.01010892	0.048739429	0.002408548	-0.045444748	-0.149185888	0.145119737	-0.1818977	-0.086497995	0.035743188	-0.19163606	0.163179978	0.093496968	-0.025181483	0.142180383	0.122121995	0.086903533	0.109394932	0.144940963	0.057440695	-0.023850995	0.020473747	-0.006844671	0.142855168	0.074964439	0.121730296	0.072959392	0.075314842	0.080606288	0.013087158	0.094444644	0.080765104	-0.141394576	-0.015596816	-0.023361508	0.082026514	0.038841006	0.107099899	0.017700588	-0.013909263	-0.005818106	-0.031128753	-0.076161796	0.045028506	0.076041571	0.095220059	0.069357784	0.10755648	-0.049444653	0.123114157	-0.086594096	0.049788848	-0.063436236	-0.011099204	0.118558803	0.113864361	0.197453917	0.122022876	-0.070596383	0.030735475	0.074813244	0.11730025	0.184856322	-0.010808381	0.205338594	-0.013074834	-0.044866439	-0.046387886	-0.027981906	-0.096841083	0.104232087	-0.080410822	-0.120501113	-0.013934147	-0.070341681	-0.016165603	-0.023395666	-0.217066382	-0.130951774	-0.019548151	-0.108592252	-0.118095701	-0.074306439	0.066634247	-0.096813383	-0.154336796	-0.125914546	-0.041553412	-0.162279039	-0.197510321	-0.136591376	-0.121319126	-0.160716104	0.048291309
MEmediumblue	-0.038741073	-0.002574257	-0.109274378	0.144565272	0.112591357	0.040333719	-0.091289923	0.078582339	-0.018110372	-0.076831168	-0.102904106	0.058330464	-0.14162899	0.043442952	0.109731852	-0.075560981	0.201496134	-0.076026538	-0.179366791	-0.194495978	-0.170688703	-0.092667892	-0.032826299	-0.175288593	0.044635892	-0.116021149	-0.011050823	-0.083233619	0.221081069	-0.104683169	0.134896393	0.115133659	-0.213113142	0.114019634	-0.043987712	0.175245952	0.112590143	-0.127067559	-0.177217811	-0.022582024	0.098674749	-0.009769857	0.116288705	-0.071931806	0.017282141	0.051355383	-0.035778387	-0.126384027	-0.028832435	0.045291206	0.054115561	0.093455257	0.098898014	-0.138711721	0.082750381	0.008938162	0.128259076	-0.087749965	0.015748799	0.084908475	0.034469635	0.19913381	0.11537998	-0.098733592	0.04716465	-0.019475346	0.070538672	0.115306996	0.012067272	0.142580136	-0.106269144	-0.01462734	-0.076746449	0.034261204	0.054212403	0.017572349	-0.034281921	0.058960632	0.1111889	0.071080483	0.124906702	-0.062391981	0.045494724	0.050003698	0.040575709	-0.050308736	0.002738712	0.027360309	0.063301314	-0.010242904	0.037224867	-0.11061549	0.066316433	-0.084371665	-0.1378712	-0.166366515	-0.095122919	-0.165246148	0.064580273
MEfloralwhite	-0.154986534	-0.062802143	0.017376873	0.095829041	-0.032875768	-0.165511393	0.055111981	-0.027639897	0.007890994	-0.023547242	-0.027403164	0.103941121	0.021666797	0.000667804	0.085711594	-0.182129189	0.345597998	0.098031488	0.041414968	0.195119441	0.078518899	0.071849605	0.179345433	0.015638097	-0.128508137	-0.204425832	-0.041998944	-0.12467635	-0.031186398	-0.033749891	0.003312515	-0.089615182	-0.00028017	-0.027356062	-0.206508815	-0.154375216	-0.060439323	-0.184500961	-0.078347048	-0.065484297	0.120209339	-0.020910368	-0.02056758	-0.154833828	-0.07155114	-0.035470077	-0.082632697	-0.072922214	0.112732987	-0.008582327	0.0021388	-0.114505656	0.062394676	0.00569408	0.042335358	-0.09666795	-0.08341754	0.050484977	0.114244969	-0.01113271	0.048569874	0.124016473	0.033211612	-0.09867521	-0.069662565	-0.100950901	0.140713993	0.103014294	0.159528868	0.113982911	0.152518155	-0.115610566	-0.070401045	-0.020875286	0.004849568	0.220369732	-0.053071309	-0.107370453	0.044678912	0.019315332	0.04136453	-0.07752956	0.123139421	0.103933963	0.070511451	0.088571659	-0.083358815	-0.023128754	0.128657612	0.0903774	-0.04166589	0.027521432	0.002518304	-0.023474319	-0.091174124	0.03491959	-0.122727562	0.093568797	0.084104683
MEmediumorchid2	-0.049427331	-0.07398762	0.047127032	0.1532012	0.098860779	-0.096127031	0.064390911	0.023558513	0.047568374	-0.014436154	0.027639896	0.009420467	0.056854603	-0.015775732	0.009186655	0.037099963	0.304954638	-0.103316769	-0.17522296	-0.024959373	0.028029943	-0.130152708	-0.000676042	-0.121306097	-0.091872166	-0.151836502	-0.02340644	-0.173852073	-0.048333079	-0.132268006	-0.037850301	-0.086318036	-0.193752192	-0.055165308	-0.155962501	-0.145962334	-0.141576375	-0.1283158	-0.192033046	-0.05179382	0.129085802	-0.080667346	-0.021635021	-0.144474837	-0.01783079	-0.124789066	-0.033043004	-0.045533634	0.061585232	-0.043957099	-0.047846097	-0.149362958	0.102961689	0.009883032	-0.057008513	-0.061607401	-0.061196449	0.036220425	0.136269753	-0.060303076	0.030531788	0.080959795	-0.018079593	-0.076266482	-0.056492552	-0.026668813	0.015578424	0.055984318	0.194480584	0.028871301	0.174749774	-0.024666498	-0.102606009	-0.00846252	0.057430064	0.271772754	0.015496191	-0.02987795	0.052247722	0.075839127	0.04748962	-0.037402811	0.098683958	0.073496331	0.076273632	0.136782791	-0.027658917	0.048638021	0.208840901	0.164659278	0.075251236	0.051905691	0.017826132	0.086534973	0.057600438	0.127480169	0.003817517	0.130692583	0.129309215
MEsienna4	-0.148981491	0.048196911	-0.154829058	0.006399006	-0.112580475	-0.083867968	-0.145091647	-0.083164693	0.226100454	-0.079413235	-0.049673066	0.005330756	-0.08411837	0.034088305	0.067196106	-0.060811476	-0.097706238	-0.154634934	-0.162493156	-0.102800586	-0.176081544	0.059235308	-0.12066022	-0.186455013	-0.078578934	-0.132350304	-0.008922855	-0.069822158	0.057857821	0.104197086	0.020371012	-0.045452808	0.030626346	0.137707933	-0.082337314	0.048596218	-0.129465595	-0.047833976	-0.095419335	-0.039336261	-0.082318766	-0.081126773	-0.068296242	-0.155891057	0.069644679	0.01340286	0.007607952	0.081937997	0.315495582	0.195328166	0.054049668	-0.014853634	0.096225175	0.073999967	-0.124731062	0.019083552	-0.002033489	0.055218176	-0.127828083	-0.03864901	0.066347311	0.003740302	0.02202054	0.069934923	0.069592063	-0.103050432	0.090624485	0.208649898	-0.030448648	0.07217803	0.021915708	-0.026498527	-0.058090868	-0.028056468	-0.059106652	-0.01129131	0.088738038	0.062229446	0.085018883	0.073921156	0.084768017	0.075243171	0.014488084	-0.044064358	0.224586607	-0.002112796	0.183001643	0.00845439	0.117844412	0.199671279	-0.025557605	0.011193787	0.102614728	-0.066345824	0.069231649	0.106555944	0.084773758	-0.104473993	-0.057526981
MEbrown3	-0.248304007	-0.102280359	-0.076934184	0.042640152	-0.052589327	-0.075425319	-0.014320657	0.061878419	0.169908175	-0.027967947	-0.063715162	0.054257832	-0.039121628	-0.007490902	0.046611775	-0.063613042	0.12619648	-0.052101032	-0.137552669	-0.248538553	-0.093532225	-0.032024971	-0.086919915	-0.316922354	-0.026459038	-0.279528278	-0.084592506	-0.156737213	0.037998523	0.03866061	0.009728953	-0.043730397	0.035968253	-0.009714811	-0.133263992	-0.045163058	-0.09718659	-0.227820307	-0.142347494	-0.004739686	0.08211336	-0.061255822	0.009406612	-0.130504806	0.093276433	-0.067031621	-0.023633178	0.012208471	0.138433146	0.128029554	0.057000701	0.009326304	0.118403071	0.132234682	0.01522978	-0.065360684	-0.003068658	-0.013089379	0.15347512	0.051285171	0.136969243	0.15714699	0.040747275	0.021640778	0.009235395	0.002797187	0.152781855	0.18727361	0.045418998	0.074850074	0.079948887	0.004080121	-0.016893717	-0.010623842	-0.046123502	0.19212129	0.062345355	-0.029711091	0.049094714	0.024820898	0.127252409	0.019863532	-0.09296953	0.034607198	0.174556633	0.016285853	-0.007145931	-0.000155615	0.13234094	0.101556093	-0.050185352	0.00257059	0.009630705	0.062496468	-0.006443999	0.013961739	-0.03248686	-0.063864744	0.150519543
MEtan4	-0.119972186	-0.022850483	-0.099398645	-0.021374843	-0.042703965	-0.04887906	-0.036446368	0.028003875	0.136786864	-0.031906718	-0.088524451	0.060948964	-0.071157928	-0.015462787	-0.020279948	-0.095890855	0.233275686	-0.296640284	-0.213384704	-0.116399221	-0.246746344	-0.159470757	-0.123581009	-0.237960918	-0.025956005	-0.083960422	-0.018812566	-0.040143566	0.145531451	-0.171486202	0.016087273	-0.040183119	0.080426517	0.019527683	-0.10554524	-0.022873444	-0.071441347	-0.116568114	-0.047990619	-0.070269989	0.047021273	-0.0553221	-0.026520058	-0.025358541	0.098735038	-0.07421028	-0.033959823	0.026917426	0.233271162	0.126102263	0.03992445	-0.025368596	0.135836149	0.05964659	0.004306623	-0.037782363	-0.0374919	0.017956462	0.117727782	0.036990082	0.054344029	0.237981648	0.01745608	-0.048095367	-0.031056479	-0.074600018	0.057084535	0.227607217	0.076175211	0.121329647	0.088279884	-0.038701277	-0.043083352	-0.00353004	0.02373206	0.17644752	-0.024019533	-0.020700574	0.003026948	0.081384804	0.057239987	0.070263996	-0.093485625	0.09713596	0.18659454	0.021963091	0.021719481	-0.023286848	0.121450876	0.106549188	0.003510066	-0.091886089	0.015908826	0.023920916	-0.021372178	0.068478261	-0.018911863	0.004215267	0.14418136
MElightskyblue1	0.108668525	0.088425217	-0.039274213	0.040440205	-0.028225688	0.011390003	0.041997664	0.006417626	-0.047910748	0.070099484	0.0874519	-0.309867773	0.094042238	-0.009186094	-0.050365764	0.098668877	0.096458546	-0.087091145	-0.100244291	0.261804745	0.037494939	0.129401968	0.134187759	0.177704551	0.030666948	0.084602838	-0.016116267	0.109174487	0.049745738	0.152863882	0.036509225	0.048042808	-0.054021867	0.04481104	-0.016158634	-0.06416663	-0.002767764	0.029235039	0.093449711	0.06464954	-0.089914297	0.038716117	-0.049843047	0.104020496	-0.03926818	0.047481646	0.087352048	-0.014444293	-0.193983765	0.005785171	-0.025146485	0.035261714	-0.251662902	-0.026322572	0.059854808	-0.033815696	0.102310971	0.099864509	-0.184749997	-0.04373727	-0.059410503	-0.069203427	0.046462388	0.07302622	-0.014306076	-0.116705576	-0.106750232	-0.19775419	-0.065551223	-0.005639645	-0.168375994	0.006825022	0.075080049	0.014124965	0.106699714	-0.134391761	0.157656166	0.080841305	-0.023127515	0.035287209	-0.00416656	-0.043132965	0.193921652	-0.051953181	-0.188760347	0.009213425	-0.169808064	0.017099117	-0.165307164	-0.066023549	0.026370894	-0.001512835	0.01253193	0.054000726	0.05714755	-0.023961223	-0.062572861	0.015643137	-0.274284178
MEmistyrose4	0.075002671	0.016595805	-0.078742014	-0.007546398	-0.001819287	-0.078587544	0.041983157	0.019454624	0.010678883	0.047288943	0.033674301	-0.348949596	0.07254998	-0.046386195	-0.047808178	0.049716466	0.103142285	0.055474716	0.107046654	0.329203212	0.199380322	0.218876145	0.230044424	0.317638158	0.029290709	0.013766932	-0.088895024	0.011859258	0.080434505	0.198179858	-0.013423142	-0.0057594	0.058846205	0.012743054	-0.100461206	-0.115696628	-0.048959945	-0.020491971	0.016242939	0.03841109	-0.089904458	-0.0198001	-0.073154898	0.043262974	-0.049958292	-0.004239429	0.043535472	-0.03091022	-0.021068946	0.05816587	-0.040010388	0.025789588	-0.197305893	0.064476988	0.031230095	-0.081814728	0.047676179	0.074558848	-0.127031681	-0.085310488	-0.073399988	-0.028481196	0.005856626	0.079922932	-0.057852141	-0.024819716	-0.050839852	-0.076300897	-0.040773789	0.033306018	-0.140035971	-0.016668187	0.019421345	0.024575127	0.127912202	-0.023149609	0.095815204	0.029484684	-0.082386938	0.025484248	0.007661783	0.045546956	0.130307831	0.00365822	-0.135850815	-0.019985704	-0.275499496	-0.012085431	-0.112530207	-0.024270038	-0.012918375	-0.058985019	-0.039932538	0.057084397	-0.00308427	-0.009313876	-0.13158997	-0.00038095	-0.18708786
MElemonchiffon3	-0.115886676	0.081735854	-0.115334466	-0.056423477	-0.106870777	-0.132114806	-0.134614415	-0.047219792	-0.094897317	-0.042704347	-0.123102147	0.043360943	-0.148752885	-0.210354467	-0.073458569	-0.18285615	0.178366571	-0.055475781	-0.109716534	-0.057796045	-0.020229205	0.11024175	0.063587621	-0.026034002	0.124145477	0.128046446	0.110016332	0.069274595	0.140128075	-0.061659802	0.019310734	0.076876965	0.012270239	0.085787384	0.007059657	-0.003941715	-0.035152942	-0.002200462	0.061390521	-0.02853317	0.127244416	0.04572457	0.028948923	0.046571032	-0.104060476	0.052549707	-0.160914705	-0.128967485	0.025759565	-0.075328556	-0.077263062	-0.059922776	0.101423297	-0.00420182	-0.088472484	-0.138598726	-0.10645028	-0.089483731	0.060522046	0.131311717	0.018318004	0.103135887	0.091595447	-0.082865275	-0.086721659	-0.116113805	0.105267623	0.133438134	0.131190927	0.152573946	0.053599567	-0.154060094	-0.06323375	-0.088499254	0.010783101	0.081941104	-0.095280278	-0.145014494	-0.12056629	0.095960966	-0.191411431	-0.09699165	0.105626384	0.070607723	0.046801948	0.113785535	0.075208366	0.061752976	0.099859045	0.100957047	0.09095821	-0.159520725	0.092425497	0.107207278	0.13102369	0.084489532	0.021172407	0.120658183	0.18727979
MElightpink1	-0.04054627	0.071515408	-0.102626437	-0.025805	-0.135058128	-0.053570343	-0.204145262	-0.038105839	-0.103586749	-0.004578548	-0.131167281	0.051296052	-0.099722123	-0.147367353	-0.029197374	-0.131501252	0.115385353	-0.013535104	0.204884733	0.278368608	0.07973696	0.194892741	0.130653109	0.213115002	0.186041463	0.127978685	0.121105282	0.140054006	0.078687356	0.086070524	0.081052027	0.166104686	-0.003678952	0.168697074	0.126713908	0.084227695	0.016140171	0.062232061	0.135288178	0.03168901	0.08256258	0.083632218	0.018588336	0.133245062	-0.066247352	0.109449737	-0.079287551	-0.10784987	-0.082320649	-0.075847024	-0.052626723	-0.005305727	0.000779296	-0.105435959	-0.054950172	-0.114168453	-0.074148586	-0.059751003	-0.04183615	0.123848867	0.001629471	0.026618306	0.067430542	-0.030659566	-0.047775756	0.100986287	0.048777986	0.098002715	-0.024395478	0.073128931	-0.03674097	-0.145777872	-0.015625192	-0.092019832	-0.026812523	0.017221476	-0.085677098	-0.136705909	-0.109358597	0.001905108	-0.181496094	-0.205981754	-0.048334578	-0.070455599	-0.033264697	-0.013856699	0.037630221	-0.01385746	0.018536579	-0.101575773	-0.026666935	-0.194597209	0.014819109	-0.055065234	-0.037608206	-0.070639558	0.012904863	-0.052735676	0.018023715
MEmoccasin	-0.0929971	0.054166297	-0.110042434	-0.081475671	-0.104487401	-0.132323389	-0.147462302	-0.057331241	-0.124527909	-0.068365771	-0.109298817	0.035318814	-0.094032134	-0.158589141	-0.079534542	-0.108868322	0.183189302	0.190082893	0.126451474	0.181712972	0.181204702	0.209784542	0.201599729	0.185904267	0.142866786	0.123121833	0.106911734	0.087977345	0.134509817	0.099365779	-0.004939041	0.104223301	-0.007634889	0.125572308	0.022808515	-0.003584706	-0.075164806	-0.005008044	0.072208101	-0.015855758	0.069710208	0.023018292	-0.016390661	0.068916964	-0.112593074	0.035523452	-0.141451955	-0.12794681	0.008013184	-0.110615046	-0.086230517	-0.093999661	0.0396982	-0.052518051	-0.109833967	-0.144589069	-0.12274048	-0.129799735	-0.029876447	0.133656391	-0.016583928	0.089332825	0.062476381	-0.09413054	-0.133598896	0.06731565	0.083572552	0.125278477	0.032422669	0.131378379	-0.02524142	-0.146687954	-0.091315595	-0.101897891	-0.034655423	0.054408913	-0.070081619	-0.14011173	-0.142629266	0.031334259	-0.137613928	-0.103368313	0.033482762	0.014344916	-0.003982607	0.077912382	0.054737062	0.028743212	0.04544264	0.044867995	0.036605267	-0.133708025	0.072906767	0.023060787	0.060918864	-0.01810433	-0.009998256	0.045524071	0.100234576
MEbisque3	0.0479757	0.023501535	-0.017475437	-0.03094487	-0.086423578	-0.069775325	-0.124028413	-0.059441271	0.173987236	-0.052229712	0.004472381	-0.051946229	-0.093209271	-0.016550504	0.022640206	-0.025280088	0.071159492	0.306559005	0.252736972	0.065470423	0.05210961	0.190787539	0.152629718	0.172718606	0.010461222	-0.015663908	0.027535168	0.010470136	0.09068122	-0.219523465	-0.041950785	-0.047231567	-0.185517758	0.143289818	-0.076131737	-0.03962664	-0.054307512	0.060339002	0.087400163	-0.081639079	-0.018959232	-0.062197798	-0.00092338	-0.020206337	-0.127379885	0.05076522	-0.051063088	0.044185452	0.01859804	0.027007173	0.044220419	0.08006601	-0.057140382	-0.119537551	-0.041097346	-0.086336685	-0.002589054	-0.048720554	-0.092918587	0.025723748	-0.024979937	0.143407838	0.066698239	0.092102013	-0.050247291	0.298933827	-0.02314622	0.101785967	-0.120045646	0.192307895	0.023625139	-0.006241425	0.039399379	-0.004579642	-0.100590114	-0.051408297	0.089579119	-0.079298531	0.01945988	0.022958914	-0.047780008	-0.114425717	-0.088404584	0.237484448	0.118523408	0.007766008	0.114716372	-0.060694284	-0.122863652	-0.089237085	-0.057044321	-0.02403388	-0.065078197	-0.204103604	-0.093212264	-0.013143442	-0.041095981	-0.094612364	-0.132006147
MEfirebrick1	-0.092904783	0.03635066	0.107877919	-0.138027194	0.036868605	-0.041176261	-0.016726293	0.028912519	-0.01412808	0.037525016	-0.066598124	-0.045345817	0.071104925	0.102020621	-0.021525976	0.051171182	-0.100058401	0.104130939	0.178920159	0.180444991	0.153972541	0.270335503	0.310347745	0.312290707	0.014833011	-0.069492018	-0.03834457	-0.063954654	0.174895226	0.057145181	-0.038746263	-0.047211156	0.109567694	-0.066895889	0.117309543	0.017628463	0.03688848	0.052253947	-0.015025358	-0.042564455	-0.058090927	0.031113391	0.059260515	-0.076479022	0.097472442	-0.107779259	0.036668349	0.063567551	0.023695497	0.002567779	-0.015122132	-0.007507568	-0.0443555	0.256489425	0.043125484	-0.016445027	-0.003795504	-0.01755707	0.012805867	-0.012875349	-0.096172101	0.07089526	-0.015736606	0.003857682	-0.0166624	0.151485772	0.027450943	-0.026143908	-0.159829032	-0.063647712	0.011451008	-0.022300087	0.031271071	-0.029606465	0.119880923	-0.106773208	-0.042966762	-0.091603153	0.001840703	-0.040541608	-0.047844765	0.023192722	-0.079950948	0.038009737	-0.103956048	-0.069824262	-0.055212986	-0.192696092	-0.075936875	-0.129237674	0.007956363	-0.092164145	-0.123654152	-0.1023234	0.007786035	-0.046901143	-0.263785554	-0.111997227	-0.198439131
MEseashell3	-0.163581594	-0.035768262	0.040811434	-0.122533157	-0.071187028	0.063312929	0.045026831	0.07030989	-0.025030432	0.063045203	-0.131627691	0.100897678	-0.00499789	0.056183078	0.072530776	-0.034857635	0.076416066	0.246335832	0.067880184	0.150315191	0.215020378	0.128638114	0.181655365	0.203676517	0.012645506	-0.192814368	-0.065966886	-0.16467737	0.087809281	-0.193533984	0.001198476	-0.087047707	0.060242614	-0.062612195	0.082258822	0.12657758	0.069942813	-0.045066883	-0.068797283	-0.116278138	-0.039704955	0.008571731	0.010036923	-0.173852718	-0.003465065	-0.042490397	-0.02967628	0.037418257	0.059267396	-0.064317868	0.024535281	0.075344487	0.060976446	0.12705003	0.08196228	0.086378249	-0.03246443	-0.025704565	0.020711728	0.018512888	0.056234697	0.075084927	0.001984033	0.094944475	0.092642778	0.136943173	0.09290084	0.031655153	-0.107454878	0.072617219	0.090494066	0.019552985	0.01664483	-0.060412398	0.023942275	-0.009561884	-0.070311542	0.009205562	-0.039446671	0.034134758	0.09187919	0.024702825	-0.155779571	0.138165127	0.00968116	-0.098819433	-0.0227685	-0.298801115	0.021700449	-0.064047537	-0.046773871	-0.122525387	-0.094974356	-0.055044011	-0.036062147	-0.119135878	-0.214899653	-0.165951768	-0.187781395
MEdarkseagreen	0.04989872	-0.036350107	0.035502409	-0.072339251	0.030306645	0.0119971	-0.022700631	-0.065324508	0.035910821	0.00474138	-0.119703684	-0.026582514	0.011272011	0.006279006	-0.026511103	0.076384672	-0.263908542	-0.012180615	0.286475934	0.147204232	0.228087301	0.30586574	0.291388587	0.218558193	-0.091733074	-0.065975538	0.007735602	-0.040516849	0.021117533	0.426104008	-0.023921609	-0.010897308	0.188613363	-0.030959915	0.004458323	-0.039175144	-0.045332422	-0.010833864	-0.024180942	0.02604426	-0.072595706	-0.022322164	-0.05252044	0.036461969	0.053397228	-0.063412861	0.018834295	0.074590045	0.05374888	-0.009583818	0.032048109	-0.026582289	-0.03278345	0.180640189	-0.052869006	0.021532025	-0.083978323	-0.06032761	-0.012097699	-0.030174825	-0.094075057	-0.168771542	-0.0810744	0.065133472	-0.00624996	0.115616119	-0.03306392	-0.107294625	-0.051551307	-0.166412007	0.005979743	-0.028414407	-0.03334063	-0.071363933	-0.001819062	-0.069857567	-0.010968278	-0.010451224	-0.063287454	-0.040098812	-0.041627626	0.121466407	0.005602511	0.00788303	-0.063684907	-0.039935732	-0.015608497	-0.027488261	-0.03518114	0.00971434	-0.029865048	-0.148425699	0.003165588	-0.087560956	-0.006453856	-0.023253485	0.043948361	-0.049268959	-0.108883983
MElightgoldenrod1	0.088819233	0.011950118	0.003358115	-0.108432745	-0.125431509	0.05156287	-0.085728178	-0.070359007	-0.024960604	-0.035505022	0.034610118	0.050042945	0.033788553	-0.051295595	-0.043349969	-0.010888421	-0.213564544	-0.044187644	0.118456978	0.095161254	0.025684828	0.221712604	0.399230745	0.157812665	-0.139255301	0.143404471	-0.001351236	0.066511554	0.021577615	0.384404549	-0.071590777	0.001806401	-0.042958919	0.049010643	0.130269653	0.044834108	-0.118474199	0.056395448	-0.064588452	0.057579732	0.001041534	0.057240341	-0.110581717	0.118940606	-0.036406941	0.03869185	0.066406761	0.171018292	-0.120634419	-0.041604347	-0.082283551	-0.026201512	-0.044697065	0.152350082	-0.101488203	0.045045238	-0.028813047	0.015612785	-0.108048499	0.036748152	-0.080598407	-0.113547222	-0.002706781	0.029392256	-0.012291401	0.279495467	-0.105517603	-0.060784018	-0.003953316	-0.065495739	-0.133817579	-0.013255008	-0.006914041	-0.033902786	-0.107113418	-0.027511169	-0.039717855	-0.00474729	-0.208685876	-0.063168466	-0.044885286	0.007845481	-0.005197258	-0.040293473	-0.024785131	-0.042910761	0.067355153	-0.072027111	0.002838802	-0.031706623	0.00441578	0.041752992	-0.026919647	0.043069633	0.051542474	0.001431018	0.012283351	-0.013616297	-0.15375226
MEdarkseagreen2	-0.165891626	0.052309797	-0.188988818	-0.060866385	-0.103429857	-0.027047587	-0.174817966	0.061358422	0.041254433	-0.1308943	-0.095577849	-0.11921146	-0.102883949	-0.026666175	-0.000296583	-0.107521326	0.035355648	0.17640094	0.16546221	0.274775326	0.225305571	0.205040844	0.190493179	0.216041633	-0.059984038	-0.121204144	-0.003262695	-0.083087616	-0.059667448	0.104626925	0.014732093	-0.025123873	0.171325508	-0.066390626	-0.162417904	0.027525163	-0.054304323	-0.054751744	-0.099266693	-0.063066166	-0.006587774	-0.083447115	-0.002929759	-0.03605579	-0.043240919	-0.048460462	0.065643021	0.030699108	0.153841442	-0.033206586	0.076426818	0.082228834	-0.091929082	0.102759628	-0.047960383	-0.024780157	-0.029439143	-0.133779966	-0.081954834	-0.036774944	0.008787265	-0.047279005	0.000447834	-0.073633532	0.045698186	0.088451163	0.04426202	0.055611892	-0.081454889	-0.020728078	-0.12839101	-0.030192541	-0.000435663	0.116702712	-0.131969959	-0.009812957	0.059809938	0.085944163	0.080346039	0.133395576	0.098058153	0.134963486	-0.154112901	0.153876479	0.163320339	-0.012986411	0.045886938	-0.050146306	0.022433936	0.030586099	0.099155712	-0.09037649	0.018566294	-0.179185087	-0.081991637	0.041842865	0.01724912	-0.041252486	-0.027885733
MEcoral2	-0.115117367	0.028353806	-0.194212794	-0.044946847	-0.167354878	-0.079842206	-0.202031453	-0.068307453	0.206835104	-0.10376293	-0.063017469	-0.044584598	-0.084346401	-0.009629263	0.030300831	-0.133193855	0.018670544	-0.154887146	0.038335776	0.109146957	-0.00155673	0.162208991	0.190355368	0.09933481	-0.087444829	-0.165535054	0.019640708	-0.02831366	0.09136541	0.297461571	0.065025045	-0.012261147	0.063848313	0.094589126	-0.047023161	0.086753404	-0.079413193	-0.005066562	-0.032781347	-0.022429769	-0.044886522	-0.06964045	-0.067665457	-0.073871673	0.05153452	0.023429984	0.010168868	0.104774105	0.265441116	0.134416275	0.015165742	-0.029407565	0.042779251	0.132394769	-0.114783163	-0.065805698	-0.037435933	-0.052798732	-0.109799799	-0.081201421	0.071928654	0.003952437	0.006472277	0.052891956	0.046153586	0.189640301	0.063796651	0.172331963	-0.065365884	0.008506513	-0.022870413	-0.074143865	-0.062336042	-0.091972116	-0.092379708	-0.010995981	0.044051012	-0.064377047	0.042089616	0.002354526	0.083721069	0.065161028	-0.090028756	0.094351159	0.148464324	-0.037489421	0.10585516	-0.038502131	0.142937637	0.119890412	-0.153646555	-0.076602618	0.055758917	-0.187712546	-0.026436033	0.062091423	0.046713607	-0.159248065	-0.062980921
MEmediumorchid4	-0.175182877	-0.062783641	-0.092606152	-0.02385564	-0.056547762	-0.108039904	-0.04695373	-0.019297167	0.140160167	-0.041598332	-0.024574155	-0.025568342	-0.045467236	-0.000908208	0.025198731	-0.074155355	0.054780056	0.069766239	0.151980786	0.202419027	0.148355149	0.207344925	0.230886825	0.104912607	-0.132836745	-0.210483876	-0.064588036	-0.14246152	-0.012530602	0.345343918	-0.055631589	-0.104030741	0.132798518	-0.041450191	-0.139803536	-0.062562127	-0.129264193	-0.091153268	-0.16027265	-0.068527376	-0.103983528	-0.121530688	-0.062284868	-0.231006795	0.03887483	-0.078475106	-0.034710637	0.014805076	0.210340412	0.122292368	0.010441256	-0.082414494	0.058256589	0.105771241	-0.068809544	-0.024198714	-0.05940956	-0.016436091	-0.065450675	-0.137849105	0.064198492	-0.008665576	-0.067012967	-0.032733263	-0.00071518	0.108824125	0.082738871	0.112538093	0.048711872	-0.025257231	0.093747642	-0.021331473	-0.074992853	-0.01492459	-0.011706932	0.11521836	0.049189362	-0.035284918	0.037454689	0.037368309	0.092432913	0.041151884	0.01038454	-0.129724673	0.137778451	-0.011978507	0.036374264	-0.009783273	0.12232814	0.167840712	-0.048755649	0.011708741	0.054635848	-0.015068885	0.012450859	0.050767585	0.002341425	-0.071443108	0.014159939
MEroyalblue4	0.020334956	0.001523833	-0.219374712	-0.063703721	-0.163827358	-0.024501673	-0.035275212	0.070635281	0.091922449	0.079455544	0.035900824	-0.057934515	0.017595622	-0.070926775	0.017877038	-0.070730016	0.105892017	0.218654412	0.053439713	0.317499976	0.190633915	0.217399205	0.275545001	0.26512491	0.008463177	-0.00321013	-0.153781971	-0.091227227	0.173095203	0.065515116	-0.076006796	-0.139233112	0.109979106	0.012275983	-0.069199833	-0.041130933	-0.063806586	-0.033153893	-0.025775432	0.003865815	-0.052698229	-0.000213617	-0.099946045	-0.068960965	-0.08399725	-0.01069476	-0.040919365	-0.07012212	-0.005466863	0.114017944	-0.137783464	0.016823797	-0.081504599	0.085377335	-0.050684828	0.008615316	-0.035184011	0.078363982	-0.19498446	-0.042287211	-0.103991586	0.027985316	0.10965138	0.102238912	0.008697072	0.063066457	-0.010908348	0.023250126	-0.001607138	0.215553502	-0.033681976	-0.005932865	-0.015326254	-0.068119223	0.055196756	0.044698851	0.018682963	0.056203595	-0.190083382	-0.013973048	0.012115735	0.094915785	-0.02091977	0.07603583	-0.068934589	-0.045754884	-0.112369575	-0.067887948	0.034488065	0.058241264	-0.072100616	-0.071095967	-0.15348228	0.03789366	-0.139471244	-0.007878196	0.016845065	-0.110067862	-0.019753375
MEdodgerblue	0.046424101	0.015573091	-0.034401411	-0.035243237	-0.186046338	-0.016812994	-0.078777783	0.008631017	-0.024326237	-0.014732672	-0.047621027	0.001896438	-0.021267412	-0.0420263	0.019857586	-0.119157073	0.106003279	0.207523184	0.306546475	0.341042386	0.311073024	0.300153844	0.292053731	0.317131383	0.046995342	0.046165505	0.013319681	0.026260434	-0.036360369	0.174371625	0.002768	0.023743421	-0.033225009	0.044607806	0.064948822	0.0497902	-0.003486817	0.044295333	0.049990152	-0.015371076	-0.069101903	0.020827104	-0.018062213	0.004290092	-0.106168065	0.061558232	-0.001998668	-0.014403532	-0.042341079	-0.006746289	-0.032995595	-0.00278874	-0.065306477	-0.055724187	-0.043841534	-0.015143608	0.013971556	-0.028201134	-0.091628916	-0.028145267	0.000463645	0.002922529	0.005661657	0.032626184	0.027038521	0.065425109	0.001491464	-0.009652173	-0.109453548	0.051175636	-0.052813594	-0.045745371	-0.021218562	-0.059886912	-0.084280589	0.047158786	0.006214023	-0.04532807	-0.070066713	-0.067138348	-0.025369446	-0.207982393	-0.179961845	-0.023079973	-0.014842861	-0.084430733	-0.00010546	-0.068032459	0.009411248	-0.069890219	-0.077682813	-0.064573553	-0.033963659	-0.141476315	-0.091922123	-0.075211628	-0.0335049	-0.099310229	-0.023024193
MEthistle4	0.001295782	0.067323292	-0.05873119	-0.002572555	-0.094429312	-0.044804177	-0.109757103	-0.044317085	-0.047932133	-0.046859282	-0.089528198	0.019395402	-0.099051825	-0.107898986	0.003673233	-0.085371965	0.109291559	0.218757838	0.289613217	0.276691463	0.222988822	0.236809212	0.231190632	0.268835049	0.132229522	0.103564377	0.085526766	0.113143583	0.011381279	0.133992874	0.04738452	0.081136338	0.007682207	0.095621343	0.089935697	0.059668898	0.041155958	-0.01568253	0.089404427	0.014968181	-0.04442249	0.05046367	0.021607695	0.088698717	-0.113162717	0.086085751	-0.028691048	-0.062753715	-0.06272439	-0.04537137	-0.035212453	0.00199216	-0.008695535	-0.06396259	-0.054591061	-0.072218498	0.033989684	-0.091182899	-0.0942711	0.046729332	-0.022019821	0.085728897	0.042530564	0.00928102	-0.012385852	0.174112261	-0.00334316	0.047340959	-0.081183159	0.117223645	-0.067675929	-0.108225757	0.024237104	-0.085648304	-0.143221658	-0.006973205	-0.04849834	-0.092271592	-0.040901474	-0.098141211	-0.064904568	-0.159974365	-0.098920575	-0.032438931	-0.081197228	-0.051100323	0.002715561	-0.073369533	0.018958718	-0.093955447	-0.116036766	-0.122254921	-0.054469296	-0.155978247	-0.135177819	-0.107874302	-0.065042034	-0.072276015	0.015298829
MEindianred2	-0.058185363	0.005149619	-0.093485943	-0.044904296	-0.092095384	-0.004304009	-0.11204611	-0.007587045	-0.077614338	-0.07747722	-0.075239112	-0.024071285	-0.048087488	-0.025202388	-0.007571652	-0.128294294	0.16252274	0.221627876	0.248168038	0.315127987	0.273185988	0.317968387	0.277767965	0.358929491	-0.008880242	0.00568513	0.012765768	0.01884538	0.062843255	0.16608991	-0.049716256	-0.034545763	0.140462769	0.044758716	0.062574554	-0.008951809	-0.041394162	-0.013765778	0.025128919	-0.099116603	0.008297724	-0.025581838	-0.048830231	-0.002051316	-0.060958494	-0.037005453	-0.019181229	0.010801022	-0.039585396	-0.055736687	-0.044867873	-0.009734761	-0.034591547	0.070235058	-0.058420368	-0.036981405	0.017644511	-0.045748505	-0.098369789	0.026011739	-0.025420874	0.056514936	0.082148467	0.022533871	-0.02483491	0.188564637	-0.020751743	0.00650131	-0.03243567	0.103462017	-0.053641961	-0.077245772	0.019370699	-0.033266187	-0.071992463	0.029676129	-0.066602299	-0.058672332	-0.1002841	-0.015209854	-0.079375101	0.061965587	-0.03859382	0.037615136	-0.062182156	-0.062470725	-0.002584832	-0.089935227	0.006473696	-0.099414216	-0.03781568	-0.064119427	-0.091563425	-0.122034291	-0.071650308	-0.101389617	-0.083388215	-0.105331374	-0.025031022
MEsteelblue	-0.056124546	0.011540754	-0.028653278	-0.007363492	-0.053414813	-0.03374996	-0.011360837	-0.021064826	-0.008321937	-0.031695965	-0.068645666	0.012409535	-0.086134472	-0.024858007	0.003752414	-0.089207834	0.116441139	0.310517507	0.395023485	0.448083073	0.276606808	0.247356295	0.288316486	0.233742443	0.009959563	-0.044727715	0.001440202	-0.015582745	0.012664391	0.176341913	0.012952903	-0.004881743	-0.027985812	0.020899804	-0.025950563	-0.017974216	0.006171164	-0.066394337	-0.016926931	-0.066630018	0.002449221	-0.010720342	-0.026535354	-0.01779446	-0.036741001	-0.003244542	-0.049012873	-0.034503994	-0.091414702	-0.000629232	-0.005676903	-0.003375391	0.005832683	-0.089772511	0.007318428	-0.081788829	-0.033133143	-0.010847883	-0.003363769	0.011177055	-0.018651011	0.027887997	0.013718517	-0.026632866	-0.028498052	0.131978514	-0.024621145	-0.010729175	0.024378091	0.046974377	0.003037721	-0.032196136	-0.02163247	-0.023220561	-0.074723543	0.068736193	-0.026499718	-0.091404087	-0.062516429	-0.016789885	-0.031250169	-0.070140571	-0.084003569	-0.044627263	-0.099482326	-0.072380251	-0.07958528	-0.04068438	0.015556514	-0.064340536	-0.056594699	-0.090095169	-0.066456394	-0.113089601	-0.110167909	-0.071626042	-0.089095901	-0.05069472	0.05536931
MEpaleturquoise4	0.151228581	0.020584892	-0.043326151	-0.092903372	-0.153440797	0.080458367	-0.088849147	0.056805344	-0.043420687	-0.052733298	-0.064567604	0.207762905	-0.078453182	-0.033871008	0.037564384	-0.089521257	0.131459247	0.175377555	0.25913523	0.262827748	0.176514874	0.27264904	0.216434206	0.246929492	-0.001756275	0.027890253	0.016641555	0.061693018	0.051138153	0.127060067	-0.045708763	-0.026294321	0.017055006	-0.006661921	0.060493976	0.09185934	-0.100308342	-0.02397183	0.042823694	-0.037452515	-0.067627624	-0.01102642	-0.082401358	0.056754255	-0.076275405	0.066943063	0.026552609	0.004733264	-0.048751057	-0.018594206	-0.151373656	0.002661534	-0.094287975	0.031033827	-0.146378391	0.071889181	-0.032537658	-0.022465256	-0.060964836	0.048539464	-0.128054593	0.058021625	0.083215602	0.083787611	0.086993663	0.235495184	-0.078468406	-0.013819029	-0.011254476	0.051050645	-0.018721913	-0.129115985	0.016403548	-0.088026677	-0.122897259	0.040886577	-0.010573017	0.018443938	-0.13402135	-0.125475525	-0.092760096	-0.031459191	-0.050950978	0.010162827	-0.100323109	-0.137966511	-0.017897455	-0.097797791	-0.011619175	-0.035237156	-0.021347236	-0.144527578	-0.081136999	-0.162959837	-0.110429371	-0.036154384	0.073687645	-0.045870187	-0.024853391
MEthistle3	0.024219899	0.065991704	-0.074649522	-0.031978585	-0.093329691	0.070297674	-0.128648343	-0.086635076	-0.022988344	-0.04880766	-0.000239313	0.044714828	-0.051553733	-0.027997615	0.040059561	-0.055812747	0.149631048	0.333762612	0.25724373	0.285166501	0.111436901	0.166734037	0.139458663	0.185851803	0.047946672	0.02713157	0.021617683	0.121245184	0.167109353	0.156906745	0.01562505	0.000309125	0.089240292	0.075271737	0.041205025	0.066782959	0.020092574	0.075776793	0.103455329	0.006870606	-0.042494529	0.038532414	-0.030762896	0.070901827	-0.044426147	0.097107012	0.058369785	0.038938379	-0.134383389	-0.037047306	-0.025658493	0.054638492	-0.051104263	0.009414803	-0.085766916	0.055119587	0.0383604	-0.019990036	-0.173492756	0.05757438	-0.150959415	-0.018159754	0.095111001	0.038486046	0.076985612	0.134001054	-0.057798801	-0.058122677	-0.153362614	0.030707638	-0.083640534	-0.101083776	0.057204768	-0.035761843	-0.106395223	-0.100665242	-0.021396402	0.013141985	-0.089234726	-0.057838661	-0.116438499	-0.086350477	-0.052221608	0.024296299	-0.071688571	-0.115248492	0.054879902	-0.090084074	-0.106868005	-0.098140265	-0.054098711	-0.0770685	-0.098490517	-0.268135959	-0.159031066	-0.050028529	-0.010687413	-0.080813936	-0.117345396
MEroyalblue3	0.026578103	0.066014254	-0.065257874	-0.06700086	-0.110278084	0.15124789	-0.146806283	-0.093960245	-0.012445293	-0.020926466	0.004635366	-0.047945059	-0.052146894	0.025676766	0.044785861	-0.124572503	0.004055638	0.189068284	0.263690884	0.271262643	0.187044186	0.260743697	0.260954508	0.242585436	0.045227901	0.033236878	0.028571853	0.087019262	0.009254589	0.17243554	-0.020535839	0.035125288	-0.025676196	0.048382473	0.130687511	0.10284408	0.062742616	0.123361024	0.098214677	-0.054542812	-0.08903497	0.056332661	-0.064439696	0.020173082	-0.124506795	0.096703124	0.020922728	-0.001998573	-0.046398321	-0.016753688	-0.07588335	0.058104939	-0.123873995	-0.047400267	0.012927584	0.079626314	0.09247675	-0.061063969	-0.192987955	-0.004052702	-0.075569498	-0.067958321	0.004307663	0.044395369	0.101418358	0.148128073	-0.071971934	-0.069942297	-0.143507846	-0.035241292	-0.078031437	-0.062770489	0.041451124	-0.031418661	-0.035742876	-0.072354809	-0.049842095	0.028292137	-0.028419958	0.011281899	-0.076339921	-0.08057574	-0.123654404	0.000508112	-0.037256732	-0.074352267	0.06498725	-0.065315504	-0.079116338	-0.07342101	-0.065559099	0.002741767	-0.065406106	-0.222746728	-0.024787551	-0.062695687	-0.019322766	-0.120342074	-0.156074011
MEhoneydew1	0.075849087	0.03855674	-0.035860856	-0.025557161	-0.082644472	0.077171495	-0.097635374	-0.088327418	-0.106910455	-0.041249671	0.033415168	-0.069804557	-0.007023126	-0.005464056	0.005174081	-0.019224501	0.125305129	0.310232192	0.264577602	0.231480789	0.310217019	0.228424532	0.24458208	0.202560871	0.031792262	0.120024394	0.024813796	0.094201951	-0.070834581	0.16416547	-0.02241008	0.047298639	-0.010073372	0.031454202	0.135766322	0.045267428	0.034130812	0.096906074	0.087171408	0.025530489	-0.082047746	0.03671057	-0.04117948	0.101567444	-0.118844357	0.068958178	0.013597437	0.016063893	-0.074065812	-0.099699949	-0.080750208	0.018755364	-0.11512424	-0.058408412	-0.056520802	0.037481286	0.04426879	-0.012871611	-0.120007906	-0.006061233	-0.097450653	-0.04289853	0.004445482	0.048077595	0.037264215	0.202845014	-0.073914142	-0.087820131	-0.104405594	-0.003958428	-0.11119524	-0.027553159	0.056052051	-0.063719964	-0.099154702	0.00553375	-0.045839838	0.008621888	-0.053402399	-0.071901319	-0.105096277	-0.01654998	-0.037924373	-0.07180468	-0.085963081	-0.068298686	0.029040696	-0.095592121	-0.100116505	-0.132328256	-0.048993061	-0.033610846	-0.060758601	-0.169130631	-0.081602447	-0.102104872	0.002804354	-0.096184771	-0.080283317
MEtan2	0.086284211	-0.00761897	-0.088478521	-0.06905365	-0.123887924	0.057285659	-0.154597664	-0.012925497	-0.064799982	-0.026487693	0.004257037	0.053729058	-0.062527735	-0.015260423	0.02799594	-0.051906016	0.157919167	0.279439871	0.246935748	0.311685203	0.271526732	0.329254769	0.25329506	0.246051852	0.005092583	0.014866096	-0.042592069	0.032837324	-0.039652582	0.151942464	-0.041588412	0.00835703	0.025139075	0.003127822	0.094644114	0.026710203	0.075295555	0.004256841	0.024062708	-0.054488279	-0.094174791	0.0164485	-0.067569475	0.038979291	-0.177458999	0.045754841	-0.046878572	-0.023796688	-0.018459911	-0.065134538	-0.060417556	0.022666181	-0.090057362	-0.004639485	-0.022278348	0.016762915	0.085171866	-0.071130861	-0.152845311	0.005803641	-0.051921513	0.037129637	-0.008889738	0.032410444	0.010608552	0.225578531	-0.026701216	-0.042877339	-0.090545675	0.07647596	-0.101846291	-0.051710478	0.030728831	-0.037518353	-0.079680635	0.033227844	-0.07072259	0.011174031	-0.054465475	-0.018556197	-0.053520475	0.02660517	-0.019455549	0.008436357	-0.036817286	-0.078964116	0.017363268	-0.096323368	-0.064200463	-0.088346324	-0.040318135	-0.085590444	-0.074198971	-0.14494885	-0.078096859	-0.067359272	-0.063172907	-0.066604484	-0.089257659
MEblanchedalmond	-0.021878589	0.111059727	-0.141554575	0.040927458	-0.154430358	-0.0025595	-0.138659822	0.061552452	0.012017644	-0.090877388	-0.129020969	-0.02780423	-0.075060137	0.038076578	0.002901477	-0.020318357	0.091187601	0.119873503	0.18841145	0.236511637	0.218833467	0.228344003	0.19736924	0.216291387	0.00811144	-0.096779343	0.111539593	0.057896665	0.170170746	0.164993382	0.090984113	0.00077983	0.024428275	0.073954626	-0.116573211	-0.096881039	-0.070707644	-0.044659384	0.060566475	-0.118472541	-0.010353916	-0.072210367	-0.140334385	0.103998533	-0.102391233	0.031467978	0.072532934	-0.057048551	-0.061355055	-0.00745848	-0.091540816	-0.007950936	0.010265791	0.047126484	0.012648901	-0.036793692	-0.072632921	0.034463221	-0.168720353	0.00116319	-0.146939257	0.006868884	0.087410319	-0.042741943	0.01289382	0.140357527	-0.083373425	-0.084340621	-0.071979201	0.130636978	-0.034749953	-0.137439175	-0.012747533	-0.008637714	-0.105509944	-0.069144937	0.071162418	-0.010522467	-0.201833082	0.015561289	-0.091677607	0.011260822	-0.028198522	0.127463691	-0.037021832	-0.035599389	0.113731346	0.0151206	-0.04012974	-0.018688396	0.150781083	-0.147517663	-0.066204765	-0.177002981	-0.107176874	0.090669971	0.002510321	0.146080879	-0.02875494
MEorangered4	-0.132911303	0.039136406	-0.143883176	0.019496895	-0.089932888	0.004205064	-0.110237908	0.05526741	0.0075397	-0.110533283	-0.133160146	0.002474983	-0.087769118	-0.025473538	-0.009221114	0.028088357	0.115965308	0.246609208	0.266247187	0.237626967	0.198741466	0.270298338	0.254237921	0.237708755	0.044099968	-0.182902756	0.066205533	0.03231715	0.038387066	0.200009812	0.078241018	-0.014973037	0.059447159	0.002542581	-0.13762805	-0.08015637	-0.104989812	-0.07131119	0.009683698	-0.12622876	0.005198412	-0.090770346	-0.137755325	0.133272372	-0.094956291	0.015094375	0.003816126	-0.093972695	-0.030458397	-0.038551838	-0.009847627	0.057771889	-0.018627676	0.092813624	0.003457142	-0.039148334	-0.079058778	-0.020849354	-0.036340144	0.027282158	-0.135158515	0.016132437	0.039907256	-0.083135865	-0.018075544	0.160040131	-0.021838487	-0.012738476	-0.067008337	0.120452523	-0.016804338	-0.151702687	-0.027499936	0.020890587	-0.122267587	0.026609464	0.073400663	-0.017257994	-0.06731458	-0.023062004	-0.043938532	0.037995323	-0.053114972	0.123432701	-0.00811384	-0.07761605	0.078055396	-0.024518457	0.0010943	-0.045422544	0.090060678	-0.132791418	-0.06928674	-0.118999945	-0.111013495	0.020436478	-0.031777189	0.075440387	-0.005125589
MEforestgreen	-0.085242579	0.080500515	-0.169208927	-0.009993324	-0.19210906	0.052673592	-0.203863796	-0.016932017	0.054850611	-0.198058603	-0.150891714	-0.063389805	-0.091334407	-0.032024678	-0.021673039	-0.015262357	0.019844076	0.16068438	0.299665841	0.230951529	0.182768881	0.209976716	0.238518874	0.18525669	0.016694851	-0.130702302	0.070771111	0.122481285	0.01452954	0.226949188	0.068214652	0.014865056	-0.018609042	0.076022157	-0.056398752	0.07750027	-0.082725324	0.015634894	0.068427742	-0.092139673	-0.012033693	-0.061256392	-0.110433367	0.092951464	-0.014483723	0.056492707	0.054479966	0.041035742	0.028019818	0.040454969	-0.024636528	0.07634722	-0.133718638	0.004615426	-0.141451242	0.007507436	-0.01089116	-0.025267266	-0.078168717	-0.015569864	-0.07178657	-0.026175165	0.02615387	-0.072942344	0.082528361	0.204083136	-0.074409688	-0.07610051	-0.081117601	0.070902839	-0.093989943	-0.104429801	0.019100066	0.004120149	-0.151202685	-0.082298221	-0.003271165	0.03178025	-0.071213927	0.02670675	-0.038617954	0.040888244	-0.078109472	0.089291752	0.015519817	0.007827954	0.077098782	-0.004914684	-0.042589184	-0.008502918	0.106598711	-0.140231835	-0.01038397	-0.114713383	-0.067550971	0.056794128	0.077880432	-0.016164483	-0.137775977
MEivory	-0.008706735	0.038288198	-0.162464391	-0.109053764	-0.205006646	0.021709498	-0.216765837	-0.067158711	0.065648567	-0.127102556	-0.047678045	-0.0461931	-0.083743713	-0.008406755	-0.008655811	-0.101833432	-0.033549328	0.184059907	0.260404347	0.202431133	0.13766258	0.21444633	0.225317603	0.187792578	-0.005632089	0.003105496	0.071690082	0.076811712	0.053206661	0.239577586	-0.008711956	0.000670268	0.091384977	0.086066661	0.009155491	0.031429009	-0.070317277	0.055773583	0.079274904	-0.064572548	-0.080898536	-0.005157147	-0.088088033	0.050459579	-0.087896771	0.033266381	0.062228475	0.084325722	0.068185852	0.006729366	-0.012741585	0.022868716	-0.139602479	0.08302513	-0.066300373	0.001895596	0.015940075	-0.053658137	-0.224543647	0.012921405	-0.062334126	-0.106623735	-0.017473248	0.034273482	0.045173897	0.264137248	-0.041049283	-0.017623324	-0.133412156	0.043558526	-0.074201763	-0.076944843	0.024655464	-0.042128439	-0.131831855	-0.133452546	-0.009878761	-0.000605163	-0.052519725	0.014284826	0.010248254	0.075626401	-0.075481364	0.130776319	0.079987415	-0.076978342	0.132358668	-0.073079149	-0.012632587	-0.008586104	0.028817735	-0.071855975	0.030926732	-0.191904637	0.011173372	0.017907224	0.032231046	-0.070488615	-0.138364935
MEmediumpurple4	-0.058007008	-0.011379786	-0.154428332	-0.050816387	-0.189730008	-4.81E-06	-0.132587948	-0.063819078	0.037959555	-0.141838111	-0.086123963	-0.057953663	-0.080404486	-0.002987978	-0.049837452	-0.034331504	0.027496975	0.282931055	0.310604141	0.203512854	0.252752963	0.318982347	0.252293116	0.161150312	-0.066594513	-0.049311663	0.052668536	0.04920227	0.059319701	0.215700257	0.024812473	-0.069207623	0.047605885	0.0611265	-0.087722935	-0.048515194	-0.093910015	-0.055773519	0.052251867	-0.046846386	-0.053693123	-0.008197899	-0.108683367	0.034589988	0.039530389	-0.010561391	0.062244278	0.108458317	0.04021044	0.035738612	-0.049669808	-0.01478516	-0.089183403	0.072767954	-0.064912096	-0.022200419	-0.025278569	0.024355825	-0.139984678	0.025763131	-0.101010737	-0.062071555	0.036092632	-0.013874917	-0.001700193	0.250349691	-0.070914325	-0.075245163	-0.076026059	0.095567323	-0.000313631	-0.079660873	0.006839328	-0.078877412	-0.124569075	-0.04929573	-0.002209548	-0.016166861	-0.063826087	-0.011830354	-0.050166083	0.063175662	-0.015292684	0.096099948	-0.03022189	-0.088245336	0.106186565	-0.062038829	0.054834092	-0.027257794	-0.011666297	-0.073748234	0.025020013	-0.13734438	-0.027535258	0.031043739	0.052244146	-0.039749662	-0.061341639
MEspringgreen3	-0.060133752	0.036043511	-0.131475601	-0.02002213	-0.152855637	-0.005084698	-0.184328273	-0.010718289	-0.026666657	-0.119037243	-0.136870127	0.003192148	-0.128351373	-0.074438783	-0.016822534	-0.11788113	0.138852237	0.228392492	0.222212962	0.279064605	0.199977099	0.29403426	0.2013628	0.273510837	0.047439423	-0.002112593	0.04654215	0.030989105	0.137528964	0.136206656	0.031033505	0.004083656	0.091951203	0.137883867	-0.012410212	-0.004260074	0.008825179	-0.000169821	0.094631932	-0.033959792	-0.011885874	0.061600885	-0.059767569	0.073084105	-0.149061928	0.043280684	-0.021501638	-0.062383768	0.059883788	0.077505038	0.01455373	0.020867471	-0.060489206	0.044864944	-0.03233321	-0.062507311	-0.03774894	-0.068451855	-0.098512966	0.072647247	-0.076174034	0.042400449	0.101154137	-0.070883889	-0.040719668	0.064179174	-0.049266782	0.041450814	-0.146160543	0.155071631	-0.092247631	-0.128870344	-0.016568044	-0.012303673	-0.147110815	-0.146547625	-0.007523804	-0.040720287	-0.037970115	0.026595859	-0.065849922	0.046800662	-0.047014889	0.051552835	0.003993914	-0.031787238	0.043066817	-0.066730639	-0.048329768	-0.103657307	-0.014503801	-0.128385812	0.007509104	-0.182023927	0.040682586	-0.036088918	-0.045391306	-0.08022435	0.028793657
MEaliceblue	-0.17851731	-0.017991457	-0.109079227	-0.027663816	-0.109107626	-0.032871878	-0.087137154	-0.042900633	0.072101261	-0.033201658	-0.161541997	-0.0062108	-0.080815616	-0.033849625	0.010693063	-0.124768513	0.127526177	0.230221538	0.223174443	0.315971736	0.250720432	0.301992967	0.263469429	0.317518128	0.041201356	-0.083947129	0.03853986	0.055734167	0.060905847	0.188082695	0.032570303	0.018111798	0.039020546	0.095346689	-0.066740714	0.002091349	-0.038323465	-0.087569367	0.075753779	-0.004216067	-0.045808672	0.01843994	-0.035468335	0.032419552	-0.008441336	0.015082353	-0.008231811	0.002090285	0.054915927	0.043762256	0.01184213	0.026370783	0.004954188	0.035756595	-0.026249633	-0.069457539	-0.010789076	-0.03494878	-0.092498077	-0.008389991	0.014652321	0.000988939	0.022451678	0.015224057	0.007191298	0.060089834	0.017097583	0.004148125	-0.074716686	0.058939132	-0.028738749	-0.074693001	-0.007891775	-0.079076586	-0.109868858	0.006441308	-0.019420094	-0.09870516	-0.07790118	-0.027699456	-0.010606719	-0.126397554	-0.183216692	0.122851828	0.016722272	-0.07602324	0.057819213	-0.090748281	0.046528962	0.004616311	-0.081625295	-0.161847388	0.005121567	-0.149608631	-0.126459616	-0.046125761	-0.041343315	-0.076683698	-0.031130963
MEplum3	-0.112066684	-0.007866687	-0.138082245	-0.019000365	-0.086337612	-0.03224065	-0.178489411	-0.041984505	0.042744764	-0.14587938	-0.079969459	-0.010224174	-0.100376438	-0.024221009	0.011633265	-0.065175925	0.048579946	0.206696735	0.232269305	0.256817056	0.258019763	0.28848105	0.25126871	0.265916495	-0.000853148	-0.140165948	0.016890657	-0.000837124	0.027880621	0.199540699	0.0109406	0.017665071	0.089118157	0.007550064	-0.077864593	0.044155668	-0.039602685	-0.039160171	0.010531948	-0.047767703	-0.007160203	-0.026186287	-0.054277385	-0.006718706	-0.016416248	0.017375586	-0.008727737	-0.007025681	0.144520017	-0.009228605	0.003520001	0.045886183	-0.063659353	0.065490565	-0.048357137	-0.032322839	0.011779288	-0.099884647	-0.118101958	0.01696555	-0.077412579	0.028743894	0.04843499	-0.052680236	-0.002458007	0.284629166	-0.012196245	0.074631712	-0.123132083	0.086246194	-0.09584759	-0.058632493	-0.017980019	-0.03304701	-0.128604569	-0.035738189	-0.012519245	0.023825847	0.010282673	0.011080521	0.005873962	0.079159766	-0.145694657	0.083550648	0.09513195	-0.092330584	0.060537831	-0.095198752	-0.006729788	-0.010599683	-0.016452773	-0.103191748	0.001437879	-0.168713827	-0.128156918	-0.051199043	-0.004955814	-0.085796987	-0.040303259
MEhotpink3	-0.027971755	0.074452954	-0.013531588	0.041824174	0.041294491	0.010633583	-0.066282351	-0.010140486	-0.135885322	-0.060141862	0.026573913	-0.118800481	0.036617829	-0.005092644	-0.020680155	0.021257721	0.038673059	0.202700738	0.247527939	0.308524261	0.24361743	0.26813384	0.26477953	0.349060519	-0.024847272	0.041075209	0.028645591	-0.016239407	-0.101823108	0.17361307	-0.092045814	-0.02495888	0.001169278	0.050405446	0.047497999	-0.010333655	-0.061240133	0.091785102	-0.011792541	-0.043768604	-0.185358093	-0.008647915	-0.060191709	-0.068450955	-0.133295281	0.055537727	-0.033325495	0.003246551	-0.135322914	-0.047809702	-0.10148598	0.035216426	-0.098666697	-0.076677152	-0.082093525	0.065721761	-0.025684376	0.01998327	-0.205089388	-0.164852363	-0.041476637	-0.080197899	-0.071026627	-0.013517071	0.00725215	0.147266367	-0.036390121	-0.105599867	-0.093056828	-0.046067561	-0.133864845	-0.025444405	-0.048478461	0.037062153	0.013280053	-0.026943354	0.005045667	0.106303729	0.052138238	0.090855241	0.016501698	-0.040996301	0.077837186	-0.019280547	-0.012342927	0.012228642	-0.019172704	-0.06620164	-0.079256788	0.050219801	-0.010485176	-0.006738481	-0.004120451	-0.066829157	0.093148777	-0.117323878	-0.005305906	0.012613262	-0.068677139
MEdodgerblue4	0.07533574	-0.04767098	0.037710084	-0.098296541	-0.019708215	0.087322396	-0.038710854	-0.004188451	-0.090180707	-0.013197734	-0.018226854	0.116481076	-0.020652659	0.008547595	0.010359191	0.02342614	-0.077570799	0.138487433	0.252809134	0.212905726	0.171758773	0.275724739	0.257541452	0.213384249	-0.060191326	0.063575731	0.001746489	-0.041231032	0.19315437	0.325792274	-0.085496876	-0.053718806	0.149003832	0.024537109	0.084501998	0.01219842	-0.072428869	0.037403975	-0.022382453	-0.022954192	-0.023693563	0.028861221	-0.114420788	0.040595822	-0.085401483	-0.021309758	0.00368019	0.04867268	-0.126531702	-0.109397229	-0.11042257	0.000329647	-0.034020086	0.072511887	-0.123322627	0.054308463	-0.019836348	-0.034412011	-0.087328104	0.022938683	-0.158468131	-0.098081202	0.077258374	0.06217536	0.059466878	0.252930704	-0.045881586	-0.14752456	-0.010571972	0.07436274	0.002715532	-0.050028772	-0.015443723	-0.07180172	-0.050305983	-0.039445716	-0.079860738	-0.049538688	-0.100440605	-0.133372608	-0.116326917	-0.026790286	0.050767688	0.02164509	-0.13285886	-0.105172661	0.001809971	-0.052547323	-0.082374178	-0.078852702	-0.015628774	-0.030556472	-0.119826323	-0.092392539	-0.013828833	-0.00981946	0.092868921	-0.080882424	-0.0560804
MEslateblue3	0.119404585	-0.003694368	-0.009498196	-0.130077085	-0.100021186	0.107950014	-0.076660754	-0.024657902	-0.122908194	-0.018849343	0.026340346	-0.04082325	0.01676435	0.084864742	0.011690808	-0.033463446	0.053132929	0.116565809	0.261666305	0.252483822	0.222505911	0.164104892	0.208690226	0.234945816	0.016917579	0.074937905	0.06575551	0.096089322	0.061310054	0.161278596	-0.032070137	-0.021282519	0.016550807	0.054337109	0.122536156	0.06267051	-0.011639652	0.090965149	0.109065028	0.002714456	-0.088201477	0.026145638	-0.087643274	0.103874061	-0.044627653	0.057120021	0.072303636	0.057703382	-0.157454897	-0.0987502	-0.088816568	0.062333221	-0.095098603	-0.034962541	-0.002041973	0.075215674	0.001063288	0.027850437	-0.190024741	0.000923947	-0.142734907	-0.107817759	0.02195396	0.07583606	0.064555807	0.179693318	-0.122329324	-0.180349959	-0.08044081	-0.049545541	-0.01858141	-0.029847516	0.058517563	-0.032757414	-0.011831679	0.001310094	-0.016084056	-0.041838415	-0.114546581	-0.071041682	-0.186928194	-0.133943115	-0.039543235	-0.045420187	-0.216210117	-0.076649042	0.029029114	-0.085480057	-0.092041444	-0.094299464	0.048047404	0.004953655	-0.075714495	-0.141328986	-0.002722248	0.047468986	0.078043995	-0.017712684	-0.169173712
MEindianred4	0.065335801	-0.010701329	-0.040456536	-0.084269435	-0.111022993	0.030202045	-0.069535664	-0.066207357	-0.059266692	0.024947401	0.02621363	0.002420565	0.016465843	0.001525013	-0.029460126	-0.009794302	-0.039498654	0.17613865	0.25975231	0.248430246	0.272445165	0.268334744	0.294504441	0.2061354	-0.058512465	0.004864059	0.041890893	-0.007499493	-0.01680252	0.338220273	-0.079852269	-0.07662059	0.100263212	0.007122662	0.108724992	0.003978614	-0.063983783	0.077864896	0.037874693	-0.035383255	-0.099650368	-0.013055845	-0.067637468	0.037480746	-0.02981828	0.018747036	0.032586046	0.09070226	-0.063567269	-0.060638151	-0.080510786	-0.058529847	-0.048767699	0.013889992	-0.050584361	3.49E-05	-0.005539539	0.035697891	-0.168288678	-0.057076954	-0.133736637	-0.149612658	-0.044308561	0.071630691	-0.010147414	0.245802813	-0.087585745	-0.124305801	-0.017966026	-0.066032641	0.026504304	-0.029849056	-0.030560179	-0.136993214	-0.04473482	-0.003592358	-0.022920687	-0.022097079	-0.115487355	-0.066741342	-0.111836406	-0.054804341	0.011017733	-0.008037403	-0.107338651	0.007563455	0.018489073	-0.110313603	-0.098039052	0.011834795	0.044040748	0.029382689	-0.080916796	-0.020186547	0.054757651	0.058709436	0.056388977	0.036266656	-0.154506314
MElavender	-0.038233	0.026453536	0.011593897	-0.137694404	-0.038539029	0.038978177	-0.07331093	-0.006854545	-0.065255039	-0.072411168	0.029283198	-0.133130931	0.004344898	0.106274676	0.023562123	0.044761703	-0.096013009	0.027957974	0.314529776	0.245511524	0.192308926	0.196522924	0.285873168	0.288345012	-0.079512013	-0.033085715	0.06962538	0.00790821	0.009274402	0.294310957	-0.055019119	-0.040512151	0.038647116	0.025795229	0.095806339	0.043514086	0.012526279	0.101382	0.028605888	-0.020849316	-0.053359001	-0.026769334	-0.088195424	0.034378238	-0.041184105	-0.025135593	0.087828301	0.061969064	-0.005074006	-0.060143385	-0.028689307	0.020450275	-0.082701428	0.081798123	-0.056274924	0.064272198	0.003711821	-0.009840248	-0.212100457	-0.071807513	-0.146143417	-0.191507053	-0.004863505	0.044638938	0.044737459	0.205187833	-0.049756658	-0.161803307	-0.027676004	-0.039205901	-0.082345345	-0.031201566	0.031867633	0.011654156	0.019091168	-0.111752776	-0.00368136	0.004119193	-0.079978664	-0.026166069	-0.089852534	-0.069009071	-0.007717588	0.043859984	-0.122677248	-0.050872502	0.043468483	-0.063476746	-0.103470212	-0.046945688	0.071408744	0.014584512	-0.072932704	-0.138004902	0.08813617	0.034962644	0.010174196	-0.032745545	-0.180515078
MEyellow3	0.024071114	-0.034767911	-0.044080949	-0.095796489	-0.098752665	0.029237746	-0.064694146	0.017983544	-0.084437595	-0.013534869	-0.002615138	0.019140761	-0.001194397	0.006127932	-0.022385803	-0.027955811	0.145678529	0.229095928	0.290242375	0.327175551	0.293298932	0.321695552	0.244286753	0.215484322	-0.078465683	0.00592397	0.000582214	-0.024088376	0.046212157	0.220479217	-0.079542709	-0.069457739	0.052067912	-0.021264701	0.063860726	-0.049904076	-0.016958593	0.0227693	-0.011122799	-0.044047941	-0.091994804	0.007264269	-0.087820873	-0.006289073	-0.066657485	-0.006655006	-0.005715901	0.020142234	-0.068403451	-0.08183335	-0.094522006	-0.006454361	-0.04122456	0.004962772	-0.038127584	0.027659998	0.00377595	-0.010510912	-0.1352291	-0.032023874	-0.114517032	0.047257637	0.040445058	0.024159902	-0.003634147	0.341325021	-0.056382807	-0.111596031	-0.027850894	0.072087938	-0.02880226	-0.042873932	-0.028703703	-0.056830132	0.012954625	0.074654091	-0.055865056	-0.043055957	-0.117833197	-0.061640023	-0.120904969	-0.039775527	-0.017924004	-0.056524784	-0.106491974	-0.045440046	-0.019713706	-0.043992394	-0.043914588	-0.101796058	-0.004491931	-0.019145289	-0.096256928	-0.070079127	-0.012796009	-0.007269388	-0.002624803	-0.050718026	0.015871423
MEburlywood1	0.017496386	-0.087086034	-0.046728801	-0.051102252	-0.055959382	-0.018664491	-0.048561274	0.002009394	-0.083561254	-0.03141462	-0.045740649	0.055178731	-0.023466945	-0.031490848	0.00944154	-0.094117123	0.085820803	0.276467436	0.294954785	0.230518976	0.294196598	0.373194749	0.287041829	0.137822226	-0.070417157	-0.01566246	-0.107725984	-0.030187226	0.083410775	0.137343231	-0.077926658	-0.07107308	0.155456455	0.008077276	0.017299274	0.034902492	-0.113241728	-0.088072375	-0.059000373	-0.082780407	-0.019235085	0.002218919	-0.098334574	-0.057652785	-0.058562543	-0.008448146	-0.019942647	-0.025922876	-0.082728812	-0.026276341	-0.065384747	-0.051567198	-0.02499161	-0.004367206	-0.116724166	0.007269907	0.004591961	-0.070008006	-0.065457205	-0.022311384	-0.104655143	0.021795539	0.068192242	0.037306999	-0.019906713	0.270986956	-0.028338289	-0.084251581	0.045651502	0.182672497	0.029185486	-0.061106255	-0.040879363	-0.108298386	-0.011772395	0.061337823	-0.099607142	-0.046259652	-0.053939494	-0.045934793	-0.06051378	-0.116264418	0.07685083	-0.005537346	-0.115302235	-0.05022893	-0.029672052	-0.081194161	-0.036300221	0.025470321	-0.0282583	0.020088756	-0.003471741	-0.003336711	-0.001641291	-0.00960857	0.072305723	-0.084967685	0.05658468
MEdarkturquoise	0.037221221	-0.073409902	-0.056757999	-0.070063117	-0.061897597	-0.0110725	-0.081197603	0.040817644	-0.113914454	-0.059979278	0.004385402	0.083241758	-0.030208273	-0.03428937	0.022767531	-0.049361325	0.194850091	0.263905943	0.269439072	0.252143452	0.248823284	0.306349996	0.263148855	0.272315827	-0.085202555	-0.006527492	-0.056749192	-0.139995037	0.101802905	0.161254501	-0.115083816	-0.107478579	0.073340107	-0.01266113	0.079624067	-0.01947549	-0.055406841	-0.072260957	-0.102339946	-0.097000643	-0.035463968	0.037272335	-0.085854467	-0.088174096	-0.105436416	0.011232907	-0.084187099	-0.030654835	-0.077294919	-0.064938456	-0.118001697	-0.092713104	-0.01629749	0.045606654	-0.08274465	0.025943194	0.039937821	-0.051917902	-0.059557714	-0.002798893	-0.132280844	0.06335323	0.06698797	0.023390324	-0.06918137	0.185727601	-0.020615995	-0.031679215	0.025805595	0.142767125	-0.003276895	-0.08104772	-0.106005324	-0.058939485	0.053613867	0.095276316	-0.07402586	-0.050890872	-0.100326198	-0.043101108	-0.039732123	0.029673404	0.083649791	-0.020418637	-0.075036388	-0.004954197	-0.015806289	-0.017298823	0.010172756	-0.058937986	-0.002937201	-0.03051102	-0.066486057	-0.002845868	0.081571726	-0.030500517	-0.066279989	-0.034937608	0.049008123
MEdarkseagreen1	0.058973096	-0.050478134	-0.029978745	-0.025233215	-0.063363041	0.041487096	-0.048228307	-0.086601317	-0.112812572	-0.054401673	0.008189117	-0.047959227	-0.049957208	-0.024834579	-0.040249789	-0.035884196	0.111475572	0.189083858	0.303819377	0.242556432	0.215462985	0.241449902	0.28366548	0.310697817	-0.037519671	0.060288522	-0.034421579	0.030350766	-0.024926427	0.369387992	0.003637758	-0.019660415	0.120698788	0.042801858	0.08762655	-0.006009886	-0.047769004	0.045880807	-0.006331931	0.001719447	-0.049262319	-0.002672188	-0.098775752	0.075945192	-0.077709281	0.02745034	0.041381616	0.015784975	-0.004097468	-0.08928794	-0.102410072	-0.042100533	-0.053412471	0.109851975	-0.048463955	-0.018169371	-0.028267271	-0.013020461	-0.03290816	-0.017466071	-0.156920222	-0.05416233	-0.01895641	0.00484676	-0.043988919	0.234594745	-0.041268546	-0.072556396	-0.036707863	-0.024630873	-0.037572606	-0.113585099	-0.03140536	-0.082239757	-0.08367229	0.118781185	-0.056800984	-0.053090065	-0.081781708	-0.071312552	-0.107304052	0.084727463	6.68E-05	-0.016093365	-0.01248033	-0.055773151	-0.022482972	-0.058264808	-0.023650521	-0.086895781	-0.085893347	-0.005079929	-0.080203535	-0.055523043	-0.128958007	-0.078558018	-0.045572161	-0.006523254	-0.028131753
MEmediumvioletred	0.093041562	-0.026354936	0.062056872	-0.093702489	-0.064729594	-0.000456736	-0.060021695	-0.039530757	-0.089659016	0.008112306	-0.035982057	0.092477169	0.015361327	0.012851403	-0.057900239	-0.030183607	0.10885006	0.105479494	0.176076185	0.311599711	0.223855772	0.25978101	0.254673437	0.274308318	-0.137263042	0.095728825	-0.016986994	0.009728877	-0.0166065	0.337564437	-0.114854371	-0.125216609	0.069791256	0.08000066	0.085221126	-0.040456093	-0.051771014	0.002996382	-0.151030052	0.022012683	-0.07648989	0.060454639	-0.077430247	0.06027867	-0.102833867	-0.076670235	-0.011592154	0.077076076	-0.086985178	-0.139705271	-0.113151928	-0.041864231	-0.102092903	0.102754925	-0.118748912	-0.006356182	-0.074850168	-0.062584415	-0.123370429	0.000261052	-0.155863217	-0.055452079	-0.09418467	0.058691636	-0.006987742	0.15958712	-0.102127913	-0.105193474	0.029355276	0.075098681	0.011764782	-0.022614964	-0.045303114	-0.075546874	-0.021510779	-0.03976602	-0.079254107	0.016844313	-0.089060896	0.010554926	-0.071007734	0.04900099	0.093853081	-0.102261372	0.004065746	-0.010909854	-0.004079312	-0.076051412	-0.02024219	-0.080352506	0.026892523	0.022265283	-0.023383678	0.085202631	0.080156233	-0.034858189	0.003929076	-0.044896833	-0.001315795
MEkhaki	0.034807443	-0.021400604	-0.09557538	-0.050153094	-0.066422459	-0.0503753	-0.024099438	-0.088899499	0.045343185	-0.109961533	-0.123699709	-0.105406695	-0.101431222	-0.064625676	-0.063746777	0.121987804	-0.036407378	0.073136761	0.190752004	0.137642181	0.01793424	0.318757263	0.278641987	0.20854236	-0.070086989	-0.095615408	-0.021920675	-0.008708054	-0.081376214	0.302747669	-0.047340774	-0.046423278	0.100067413	-0.036360626	-0.021252207	-0.050305507	-0.146117372	-0.070165399	-0.034765217	-0.072484558	-0.025319291	-0.092657971	-0.099767959	-0.019788122	0.00709627	-0.0575173	-0.040332707	0.003377069	0.074263674	-0.049956275	-0.057661993	-0.004275583	-0.083972306	0.1300653	-0.086977233	-0.0831207	0.020479873	-0.078283158	-0.078028766	-0.106623979	-0.074782142	-0.06166418	-0.087591117	-0.021051324	-0.065731249	0.37183605	-0.114270014	-0.030600868	-0.09330361	-0.060984819	0.032474039	-0.093620802	-0.04395469	-0.046598837	-0.082963036	-0.010473469	-0.01527298	0.022167386	-0.023568844	0.00690331	0.004628379	0.104713293	0.202186677	0.154541265	0.058567736	0.021585437	0.059131871	0.036829656	-0.026578963	0.095773929	0.039763878	0.091311479	0.027999336	0.116787419	0.076628648	0.086879109	-0.047611895	0.015579949	0.078101885
MEdarkgoldenrod3	-0.077664659	-0.072199097	0.077427966	-0.105444467	0.039859326	-0.121594539	0.045238595	0.040150423	-0.114807229	0.057762112	-0.016248298	-0.042299333	0.050405259	0.069244463	-0.028372712	0.061033699	0.034134123	0.041143401	0.283200872	0.263585861	0.155345552	0.242565097	0.383364283	0.253446994	-0.083952683	-0.03276202	0.0044677	-0.110091577	-0.088999159	0.301251433	-0.121280329	-0.05380942	0.17270476	-0.046487781	-0.019757593	-0.160581504	0.016265649	-0.002948378	-0.100513048	-0.034699174	-0.038318597	-0.003672622	-0.023281236	-0.09895946	-0.025339195	-0.084161809	-0.015024491	-0.102551944	0.023228984	-0.116522405	-0.072681439	0.00765666	-0.053298715	0.119771009	0.007228759	-0.056865553	-0.039503223	-0.003118076	-0.013602648	-0.020811234	-0.094134799	-0.125149163	-0.103843639	-0.009898932	-0.017867697	0.116564521	-0.010179882	-0.091435077	0.071450912	-0.146815779	0.077952953	-0.01568394	-0.056045313	0.023448407	0.071927093	0.127210135	-0.106535678	-0.042550741	-0.008322051	-0.014596952	-0.058989262	-0.095123639	0.06372831	-0.08008005	-0.075713978	-0.005650286	-0.050625176	0.016160216	-0.086335047	-0.028005834	0.077390111	0.044719708	-0.053884577	0.019158773	0.096479531	0.04159984	-0.056040244	0.002049654	0.03541024
MEgreen2	0.115674627	-0.134744604	0.00532486	0.005651885	0.004013822	-0.048867439	0.004896787	-0.004392345	-0.0682778	-0.068842274	0.050587341	-0.051125923	-0.008954774	-0.023176829	-0.065671178	0.070220498	0.161710743	0.259956384	0.194092334	0.197866359	0.204514566	0.218919713	0.225708368	0.295403153	-0.12405887	0.007495534	-0.095922373	-0.107072073	-0.059305706	0.04455591	-0.120762163	-0.121332926	0.125531603	-0.084995472	-0.073814487	-0.157579911	-0.046633933	-0.085724617	-0.107203543	-0.089264901	-0.009902558	-0.083965468	-0.132296569	-0.084750013	-0.028636707	-0.111999516	-0.059744632	-0.036894916	0.007345654	-0.134168863	-0.161026794	-0.137886295	-0.057232132	0.091512012	-0.086170117	0.012716329	-0.085366041	-0.010831664	0.01972594	-0.060899246	-0.076992499	-0.02781879	-0.099930398	-0.071368749	-0.102853623	0.122558847	-0.004775672	-0.052902416	0.011455056	-0.080454234	0.014283494	-0.002695634	-0.053326743	-0.050094904	0.05195132	0.073890204	0.023142767	0.067467442	-0.053081306	-0.026140149	-0.03800559	0.094231022	0.17599947	-0.012044172	-0.055485432	0.075579282	-0.028644374	0.065887047	-0.059331988	0.024553358	0.093462832	0.120677183	-0.028522577	0.193501835	0.16651011	0.056143353	0.039843159	0.097254453	0.06214827
MEdarkorchid1	0.087389495	-0.031332539	0.054449963	-0.036828745	-0.042124934	-0.030030017	-0.065222115	-0.077660479	-0.115112117	-0.049935108	0.018262943	-0.125342369	-0.002555978	-0.007947325	-0.037330789	0.097695451	-0.037083623	0.208150372	0.300609212	0.193985078	0.152977655	0.262977299	0.244362017	0.236947709	-0.044993494	0.002304458	-0.021922854	0.042170184	-0.047585539	0.320234039	-0.041498234	-0.04554675	0.0866897	-0.051857256	0.0322637	-0.084259441	0.030635617	0.058840327	-0.023608084	-0.072233376	-0.106552056	0.03676223	-0.089808593	0.011559964	-0.043568945	-0.023502799	0.012462038	-0.016859975	-0.072528163	-0.111412142	-0.030178144	-0.093589545	-0.173308269	0.125158652	-0.006735069	-0.05942663	0.040032186	-0.028970154	-0.135470054	-0.014711241	-0.15584544	-0.1731793	-0.066712989	-0.059993393	-0.02573089	0.213098035	-0.094310989	-0.146224296	-0.024192711	-0.155737815	-0.0469714	-0.001414291	-0.026659075	0.014349844	-0.037601611	-0.019340528	-0.03995615	0.054226095	0.028309189	0.018685769	-0.035346005	0.009463621	0.10918194	-0.037954093	-0.081278724	-0.00299053	-0.005435673	0.063151707	-0.110443019	-0.073868245	0.114176787	0.148944027	0.045150915	0.053613039	0.129303727	-0.016955659	-0.051175511	0.027876582	-0.098500283
MEindianred3	0.064529867	-0.028092447	-0.076713416	-0.030146073	-0.058434583	-0.054723027	-0.026635249	-0.070422507	-0.034210366	-0.02247747	-0.023828258	-0.10032184	0.003899846	-0.05189051	-0.094135586	0.070631153	0.176038188	0.236180145	0.150287042	0.304149901	0.289773704	0.262011681	0.262955285	0.243281451	-0.093304765	0.058916745	-0.076018512	-0.019811317	-0.175216936	0.225360396	-0.074974989	-0.039016825	-0.004372886	-0.064215828	-0.000237987	-0.102152801	-0.037049653	0.008852937	-0.037883876	-0.039494981	-0.12004227	-0.056840114	-0.055578884	-0.006775208	-0.070771138	-0.035262188	0.006996606	0.004161441	0.036141967	-0.082800065	-0.102140887	-0.059503402	-0.086291233	0.056717409	-0.077406622	-0.059895975	-0.027898269	0.002407847	-0.045217393	-0.095107386	-0.071673419	-0.085036139	-0.081237437	-0.007016647	-0.056459062	0.273770161	-0.158288021	-0.121259537	-0.082863899	-0.043125764	-0.019289499	0.004528811	-0.021115374	-0.037137638	-0.050272819	0.08341991	-0.06600652	0.058348462	-0.043163913	-0.05318445	-0.011880602	0.011566744	0.11958722	-0.027408916	-0.056331299	0.018413678	-0.00020939	0.04509624	-0.104739019	0.081347399	0.035561097	0.119763842	0.033698869	0.127020595	0.121898779	-0.006861213	-0.00531459	0.032657066	-0.002783596
MEvioletred2	-0.114253058	-0.065540958	-0.040101939	-0.050187006	-0.117918715	0.083632843	-0.039264619	0.122494029	-0.032803822	-0.034309039	-0.05695871	0.008651054	-0.041702209	-0.040940238	-0.062827663	-0.105943596	0.128564107	0.111347813	0.224126569	0.295141357	0.276877848	0.282835072	0.217049141	0.205025036	-0.064593397	-0.039854223	0.018134833	-0.030212101	-0.011786888	0.147577417	-0.091794889	0.001718406	0.091785816	-0.003834118	-0.068559864	-0.110702403	0.008113859	-0.153245848	-0.067584185	0.008928664	-0.036230518	-0.080187031	0.046352953	0.057125096	-0.060826839	-0.088501726	-0.121075623	-0.079004462	0.009802079	0.136025733	-0.031439626	0.11541689	0.171306163	0.250416833	0.002347919	-0.072061649	0.013094207	-0.064600886	0.043017282	0.003166346	-0.071365379	0.05791311	0.069522751	-0.054090657	-0.039073272	0.173567079	-0.063881076	-0.064130468	-0.050862013	-0.026092603	0.161341085	0.070808374	0.016154042	0.023714905	-0.000657311	0.024252035	0.013699632	-0.127082762	-0.10582637	-0.082946656	-0.069853328	-0.042732076	-0.093842744	-0.020723051	-0.034924827	-0.074633545	-0.062617509	-0.069149336	-0.044513556	0.070529768	-0.054014579	-0.127025515	-0.02304981	-0.052885568	-0.061736547	0.104352776	-0.041637022	-0.150068604	-0.077666889
MEorange1	-0.126994981	-0.077916263	-0.060929223	-0.058608543	0.010074132	-0.080091634	-0.04975049	-0.080205789	0.106548546	-0.074476157	-0.023424689	0.071726799	-0.041082561	-0.077392818	-0.008619904	-0.123833498	0.020652024	0.107399555	0.060003474	0.239801703	0.176101877	0.171238388	0.137606273	0.198666485	-0.015939845	-0.03472191	-0.068989377	-0.06803694	-0.012600948	0.318537105	0.000552612	-0.015328485	0.168347225	-0.054338981	-0.055439952	-0.048473675	-0.044697005	-0.083569623	-0.010618617	0.028352242	0.046112904	-0.054146763	0.014251531	-0.011147782	0.134396079	-0.070435524	-0.006263776	0.009085517	0.154564917	0.085947053	0.070527809	-0.024805065	0.004153404	0.211108712	-0.002349561	-0.107025571	-0.020075059	-0.029966532	0.08365375	-0.007196184	0.060899724	0.149202394	-0.068420634	-0.010008508	-0.090808592	0.347824968	0.026774265	0.089434112	-0.07175699	0.117320902	-0.023342282	-0.037146281	-0.027127149	-0.043455781	-0.060752893	0.065667107	-0.05526018	-0.091871352	0.01173697	-0.101145536	-0.076916654	0.19274878	-0.175856635	-0.075378486	0.105166071	-0.049443708	-0.074048208	-0.084431329	0.015989472	-0.035273162	-0.136535049	-0.077411071	-0.100833478	-0.055952617	-0.149929614	-0.099850666	-0.089340732	-0.142974159	0.022590589
MEchocolate2	-0.114940976	0.032201893	0.01058801	-0.019706036	0.045151352	-0.049696289	-0.053578134	-0.016268892	-0.035015082	-0.116367965	-0.061789719	-0.080072696	-0.086623993	-0.044944591	0.009135382	-0.064175158	0.053242192	0.270603934	0.267697651	0.246726312	0.255003513	0.257102712	0.261955611	0.188903104	-0.031009178	0.010755864	0.033950135	0.0333068	-0.068750568	0.183150495	0.053162383	0.075677892	0.149761191	-0.041637928	0.021830549	0.074194678	-0.025747214	-0.020172772	-0.029506761	0.082580908	0.023459934	-0.004980105	0.082366576	0.056079231	0.046526158	0.011978561	-0.009433244	-0.037013961	0.044798752	-0.003821068	0.043776205	0.073783082	-0.054706137	-0.019897652	-0.090753904	-0.065774141	-0.008968219	-0.081847036	-0.099942681	-0.016120429	-0.039789568	0.002948314	0.00267435	-0.001648309	0.01947917	0.257933877	-0.027125089	0.008062029	-0.114307907	0.12141974	-0.137946136	-0.02955213	-0.00477041	-0.024181082	-0.18885288	-0.032182204	-0.049106632	-0.061484035	0.038423271	-0.017696199	-0.012344258	0.106632816	-0.070953223	-0.033596	-0.002537477	-0.134084616	0.000412123	-0.05080533	-0.04083213	-0.077695875	-0.053569389	-0.093678685	-0.034143198	-0.164232353	-0.162827217	-0.201177003	-0.122552681	-0.137183375	0.016681173
MEcornflowerblue	-0.070392821	-0.063638827	0.029743487	0.014214179	0.066244857	-0.102287122	-0.00401313	-0.054423992	0.06076296	-0.054272927	-0.065677326	-0.013430022	-0.077318361	-0.067645175	-0.038980556	0.084769595	0.119343433	0.117525783	0.281172238	0.283064957	0.2716743	0.189077098	0.209841949	0.235619758	-0.018380999	-0.06586598	-0.115093869	-0.068459679	-0.10146288	0.35692062	0.052344707	-0.030582888	0.221541015	-0.144511803	-0.0882544	-0.050493448	-0.04393906	-0.038635894	-0.048248178	0.001978454	0.06521871	0.01984964	-0.075660931	-0.029186174	0.063223839	-0.084280538	-0.0038049	-0.029477171	0.023993883	0.048485279	0.086385821	0.005781117	-0.058422966	0.167243956	-0.003856712	-0.128904339	-0.066180549	-0.061479724	-0.009522986	-0.046902426	-0.078872411	0.00607175	-0.012220524	-0.089703677	-0.062134586	0.22689369	-0.037625513	-0.001373128	-0.107067711	-0.06505869	-0.041770001	0.017494405	-0.061310891	-0.038053925	-0.097021905	0.067487747	-0.051439888	-0.013254307	0.057661824	-0.038511593	0.004682937	0.113364401	0.055679341	-0.062956915	0.017644575	-0.027670774	-0.082273186	-0.018980382	0.011707347	-0.111839232	-0.032989235	-0.041947607	-0.014688128	-0.005442242	-0.032548963	-0.129082858	-0.101667389	-0.07160498	-0.101910257
MEgrey60	0.050488398	0.029819352	0.110474179	-0.022570852	0.092678458	-0.093260371	0.000274864	-0.066734864	-0.023291368	-0.117984184	-0.074537315	-0.101821112	-0.140392124	-0.021574016	-0.084116976	0.020669585	0.110548374	0.1559152	0.20712969	0.213371345	0.193659935	0.151977023	0.235145621	0.246267872	-0.073101163	-0.061205965	-0.039250577	0.013697103	-0.117400789	0.376375063	0.129848337	-0.032658704	0.257571397	-0.113977896	-0.017157869	0.031445992	-0.018263263	0.101883074	0.002440369	-0.013566148	0.108175788	0.027850416	0.029115614	-0.038209438	0.061040396	0.065645808	-0.087360084	-0.075884939	0.068034607	0.03031159	-0.016745645	0.014494284	-0.085003566	0.090558323	-0.082888493	-0.04178882	-0.074051429	-0.131091212	-0.055990492	-0.119629788	-0.077813641	0.043525794	-0.016976114	-0.122865671	-0.016737113	0.150034283	-0.082538816	-0.000400215	-0.069042798	0.014572809	-0.082121568	-0.025225483	-0.107484745	-0.087240444	-0.147764117	0.051131826	-0.040827466	-0.026626825	0.020506012	0.086426622	-0.002379983	0.142371773	0.018792655	-0.038485301	-0.056113426	-0.090145253	-0.097207596	-0.072648745	0.017784452	0.003512005	0.023987649	-0.147401876	-0.000941544	-0.052847537	-0.129528794	-0.077548758	-0.053455952	-0.044562651	0.008887958
MEdeeppink2	-0.143911771	-0.015538599	0.006968913	-0.053741008	-0.090166156	-0.017398677	0.039600073	0.015617489	0.057126886	-0.131596301	-0.031755675	-0.031477853	-0.060839481	-0.017215964	-0.023141829	-0.086462325	0.125558048	0.181187404	0.242108149	0.298237229	0.214167718	0.297019792	0.270027765	0.226821794	0.03346769	-0.176469093	-0.025915286	-0.045984371	-0.035544069	0.188751276	0.052321968	-0.07883097	0.124186473	-0.039520954	-0.124625864	-0.010350208	0.007851363	-0.166184795	-0.079718145	-0.060078018	-0.005241599	-0.05716937	0.000468799	-0.120683227	-0.046886962	-0.074435725	-0.059000756	0.02056145	-0.006351117	0.098290108	0.159253912	0.048764893	-0.073969186	0.160982746	0.077611052	-0.058677763	-0.011819685	-0.056359984	0.055917842	-0.033141088	0.090899975	-0.05859408	-0.062465757	-0.079706441	0.051525011	0.181046693	0.04388102	-0.023235067	-0.033900215	-0.014161735	-0.058983363	0.030509936	0.009819833	0.06307737	-0.023516172	0.097135916	-0.010447639	-0.079946528	0.025373441	0.011270335	0.025688063	0.062408238	-0.091777844	0.035661098	-0.09040553	-0.145714033	0.004068437	-0.007433031	-0.034639221	-0.043600384	-0.067196126	-0.036259092	-0.039863719	-0.144417986	-0.116235548	-0.063563611	-0.031133297	-0.156649019	-0.071186889
MEvioletred3	-0.101395295	-0.067229749	-0.111628321	-0.066722881	-0.08435365	-0.016553023	-0.081488781	-0.032420525	-0.009616597	-0.124409251	-0.092200139	-0.045030872	-0.088384991	-0.027112233	-0.026135417	0.034400407	-0.005938711	0.148677524	0.236447938	0.209994765	0.156527494	0.238895863	0.264948177	0.202446959	-0.124928913	-0.046706239	-0.012399544	-0.033437159	0.045471435	0.412225212	-0.004157986	-0.018217346	0.215502855	-0.003376983	-0.08797966	-0.006601943	-0.105112361	-0.091635411	-0.055354422	-0.01297875	0.019335003	-0.038569662	-0.097284741	0.079142934	0.108240286	-0.079837116	-0.030764259	0.0727964	0.069854129	0.000280127	0.028956669	0.042045672	-0.03457874	0.174476021	-0.090411867	-0.037957912	-0.054876255	-0.095345096	-0.0374721	0.038659572	-0.106772309	-0.057315844	0.050362728	-0.029449621	-0.013193599	0.28318115	-0.043509681	-0.000406592	0.01858054	0.078036023	-0.043390489	-0.049123917	-0.034384621	-0.015928556	-0.086863966	0.067409423	-0.025382995	-0.044165814	-0.028829445	-0.066590403	-0.002337378	0.111291366	0.146274635	0.033471117	-0.081786478	-0.094283919	-0.010142581	-0.068110382	-0.004991347	-0.061883342	-0.011115771	-0.115846974	-0.036772495	-0.117504574	-0.056772993	-0.001070061	-0.007622803	-0.051434683	-0.04034389
MEthistle	-0.081894147	-0.051565812	-0.052917471	-0.069334901	-0.054119534	-0.087254234	-0.073515494	-0.057457018	0.003047073	-0.13670523	-0.062416939	0.018331969	-0.084019331	-0.045867426	-0.052429333	-0.052189452	0.117705133	0.285477066	0.26796773	0.179887743	0.200273981	0.260281981	0.178200653	0.095366039	-0.081350057	-0.030308175	-0.049246854	-0.026260299	0.028210871	0.24774786	-0.035316549	-0.051498471	0.089723752	-0.044432234	-0.029207457	-0.071455408	-0.0775011	-0.001750417	-0.038637725	-0.048039323	0.043173366	-0.01313768	-0.021598682	-0.013105209	-0.008765711	-0.049253662	-0.047295171	-0.028262005	0.078542913	0.005323871	-0.048379869	-0.044834266	-0.018236572	0.108937177	-0.087115856	-0.079797485	-0.085044592	-0.079111228	0.028809146	0.04181201	-0.064696035	0.155441853	0.069464691	-0.080102072	-0.057166922	0.433998198	0.022811933	0.107892508	-0.023126269	0.212511009	-0.047885678	-0.085866261	-0.072845898	-0.06391059	-0.056311683	0.018562406	-0.10090266	-0.061276291	-0.050378261	-0.099090677	-0.063732564	0.181439027	-0.04879483	0.015192913	0.070618423	-0.001849026	-0.006414255	-0.051277812	0.014554306	-0.017946811	-0.014059041	-0.084502039	-0.043100651	-0.085053352	-0.064863914	-0.048931307	-0.023243911	-0.0474956	0.054145188
MEdarkseagreen4	-0.038521597	-0.064513809	-0.116122434	-0.050819869	-0.093942004	-0.032118381	-0.08656222	0.012858943	-0.034601837	-0.113014824	-0.017691077	0.112820414	-0.04057932	-0.035747454	0.011641242	-0.058300697	0.157055117	0.318439079	0.295169137	0.215967861	0.183566692	0.277134067	0.147131879	0.177287495	-0.078630199	-0.002014462	-0.011562093	-0.026486165	0.120848501	0.258399998	-0.030786032	-0.045717292	0.100369604	0.002415208	-0.000934408	-0.0475119	-0.075563187	-0.021652795	-0.026095054	-0.06522693	0.021257338	-0.023602859	-0.038278578	0.022109295	-0.052649294	-0.024985288	-0.047592756	-0.023583504	0.042733101	-0.028666551	-0.09233837	-0.049997267	0.054536784	0.106244516	-0.117961148	-0.062146722	-0.045006433	-0.027081736	-0.003087162	0.044446708	-0.11698488	0.1073595	0.095096139	-0.060375722	-0.061500443	0.3116472	0.025756763	0.105738888	0.007709328	0.10902176	-0.037085648	-0.136143962	-0.051314776	-0.094610205	-0.087203939	0.009322211	-0.085122002	-0.122064497	-0.096814406	-0.108527531	-0.057334565	0.095214471	0.051957428	0.036952701	-0.019822139	-0.006121917	0.045606433	-0.053877481	0.056364297	-0.064687496	-0.05776054	-0.084904348	-0.068810145	-0.124306598	-0.118525043	-0.038140219	-0.059761238	-0.072575849	-0.004110804
MEwhite	-0.112016078	-0.012547941	-0.126484685	-0.059002649	-0.150930278	-0.035907867	-0.123861051	0.002950275	0.014976013	-0.129197621	-0.066442105	0.067647668	-0.074227374	-0.044309315	-0.00225387	-0.081992475	0.128017186	0.309913647	0.257880011	0.177600018	0.183740925	0.318074	0.226004709	0.181264571	-0.064201421	-0.05387373	0.000506712	-0.02822448	0.194886284	0.175756306	-0.02506868	-0.097179814	0.149989432	0.053084811	-0.0777823	-0.005433703	-0.086629193	-0.068389318	-0.031682679	-0.108767298	0.010384664	-0.016107591	-0.107551348	0.018421246	-0.045651329	-0.035134059	-0.051354866	-0.013465373	0.032764273	-0.023636713	-0.054483926	-0.00525594	0.037957723	0.109415329	-0.096560537	-0.049564259	-0.034033334	-0.056173821	-0.064264497	0.063287658	-0.105357036	0.027264075	0.111943418	-0.022159806	-0.043204456	0.263192632	-0.002390674	0.058270658	-0.005873337	0.167242597	0.018660566	-0.131586528	-0.042963644	-0.086658021	-0.067489846	0.011724401	-0.047609306	-0.037541219	-0.110950796	-0.034761108	-0.0027241	0.141911692	0.037779236	0.086064864	-0.00140868	-0.045732373	0.02369278	-0.044006171	0.037647241	-0.012543349	-0.009488655	-0.101432584	-0.04831675	-0.125082521	-0.049234245	-0.047275572	-0.031293815	-0.093536254	-0.029653263
MEroyalblue2	-0.023713137	0.010831105	-0.056388023	0.027269314	-0.059426824	-0.094776351	-0.046166284	-0.047889013	-0.006327537	-0.056096098	-0.034386171	0.086696789	-0.014627547	-0.052526178	0.047686139	-0.057526858	0.095645266	0.122020769	0.295687456	0.225556243	0.303179184	0.348152891	0.206646511	0.124466767	-0.118873758	-0.180485372	-0.087885343	-0.083920402	-0.078428997	0.331252675	-0.016274408	-0.034892998	0.107469941	-0.11174481	-0.079633129	0.010639962	-0.075362083	-0.129550467	-0.098830275	-0.070009075	-0.048136557	0.04518016	0.01993068	-0.041194804	0.004923939	0.048852037	-0.017283561	-0.120062718	0.070138021	0.063586269	0.009862737	0.034152884	0.001790068	0.054856838	0.09275226	-0.082813583	-0.050123154	-0.142723866	-0.065235656	0.007506574	0.047660402	0.01433141	-0.080555196	-0.121361148	-0.107737892	0.078904721	0.068504745	0.01164725	-0.014071445	0.154010421	-0.046563666	-0.038054788	-0.073071338	-0.042549178	0.150824888	0.158586895	0.007471598	-0.055681977	-0.022156693	-0.064079574	-0.05076556	0.024176735	-0.038572293	-0.054694577	0.09537317	-0.031337077	-0.053750848	-0.040537595	-0.038908156	-0.030339062	-0.02173738	-0.055514775	-0.040546411	0.00203559	-0.03932228	-0.067186063	-0.048462964	-0.130082423	0.080694091
MEdarkorchid3	-0.135967444	-0.068852862	-0.077584646	0.038856135	-0.04574274	-0.112519984	0.024680285	-0.031168523	-0.028668551	-0.093607642	-0.040628255	0.091974007	-0.011708343	-0.015915165	0.022214921	-0.125598416	0.198378458	0.258190192	0.228278137	0.208814899	0.276232764	0.2626281	0.221248192	0.14811991	-0.091205641	-0.149307298	-0.018327494	-0.076056795	-0.000353099	0.169339168	-0.021722624	-0.105328105	0.048538742	-0.03284919	-0.123810282	-0.084575986	-0.128937819	-0.128628415	-0.055598102	-0.052689489	0.053083347	-0.013441589	-0.087329375	-0.08784872	-0.027559254	-0.035641239	-0.075448094	-0.041418282	0.032568552	-0.006000095	-0.04342471	-0.076999949	0.060445945	-0.004260836	-0.010732633	-0.11727234	-0.066688073	-0.004861934	0.09429843	0.014560414	-0.046810844	0.128750571	0.040634086	-0.086444835	-0.080766267	0.191550951	0.072740714	0.067799765	0.03314629	0.162950412	0.082956148	-0.152230157	-0.081025161	-0.042371701	-0.024473822	0.157901987	-0.067033861	-0.111320674	-0.008463028	-0.029920026	0.018210099	-0.08640516	0.06603222	0.100593166	0.064138409	0.012792089	-0.045431936	-0.056688612	0.110683536	0.01846872	-0.082493343	-0.017556928	-0.04070711	-0.05333746	-0.128599709	-0.027173743	-0.098277953	0.018959479	0.123053127
MEblue4	-0.116378319	-0.111852408	-0.063482362	0.035412366	-0.027904775	-0.134079508	-0.037490174	0.017924021	-0.043887688	-0.058741975	-0.001147224	0.030199669	-0.013445083	-0.021617241	0.003749772	-0.079437589	0.209236447	0.265842843	0.23828893	0.235977116	0.24753001	0.230623719	0.215135539	0.231120604	-0.102714182	-0.068928082	-0.020240966	-0.130091226	-0.031114174	0.217857658	-0.064004958	-0.080186976	0.122189744	0.001374546	-0.072137154	-0.142880545	-0.100015834	-0.098317927	-0.090489595	-0.066505526	0.02143971	-0.035071751	-0.0278284	-0.093161631	-0.095372883	-0.053861711	-0.085107549	-0.018651471	0.046810312	-0.02737146	-0.162969617	-0.120083338	0.064247109	0.088162645	-0.096839993	-0.07438751	-0.049158447	0.006913946	0.026618135	-0.040526846	-0.052906312	0.103652467	-0.009402055	-0.051546552	-0.132591102	0.227992344	0.044753445	0.060970879	0.100867166	0.070316876	0.055815261	-0.104608334	-0.106980901	-0.066449275	-0.021335795	0.131912308	-0.031227884	-0.089314103	-0.063508009	-0.044434316	-0.012502728	0.050892513	0.104486089	0.062548139	0.040313453	0.03158949	-0.034245651	-0.022294244	0.073230628	-0.031883063	-0.038560843	-0.051146701	-0.010934667	-0.005973642	-0.003230106	0.018547045	-0.113774782	0.045210514	0.076581705
MEgreen	-0.081462521	-0.089057464	-0.083355428	-0.007658412	-0.073912875	-0.09721078	-0.063842739	0.027749574	-0.033683564	-0.095147946	-0.036858496	0.111772005	-0.023330552	-0.011534823	0.035887903	-0.088369549	0.191270547	0.302705148	0.241773321	0.228218524	0.244520873	0.249649211	0.213857704	0.191005067	-0.080160773	-0.034044228	-0.035091054	-0.085681127	0.074211202	0.217731813	-0.046189885	-0.073996754	0.120561106	-0.02374511	-0.076792073	-0.095579651	-0.058699302	-0.099391923	-0.085386694	-0.089234142	0.010384399	-0.006190949	-0.029155948	-0.066559808	-0.088033098	-0.02387208	-0.089709561	-0.03787633	0.014688486	-0.002032755	-0.079040023	-0.064072719	0.056022009	0.063292406	-0.092317016	-0.093368087	-0.047636537	0.000927006	0.02236985	0.025414995	-0.090861542	0.134766368	0.069798623	-0.084056608	-0.094711558	0.239867739	0.042807954	0.115261014	0.067417483	0.157086101	0.012710018	-0.115113749	-0.084559045	-0.083256073	-0.060113187	0.100105427	-0.075564699	-0.100796012	-0.095743742	-0.055496336	-0.040933092	0.067153092	0.05816209	0.036863572	-0.018966733	0.008668757	0.006339836	-0.038489999	0.083023939	-0.051663164	-0.033873196	-0.086246409	-0.069087938	-0.070489126	-0.086329124	0.001344686	-0.103324654	-0.00256018	0.086129095
MElightsteelblue	-0.06404866	-0.097137822	-0.053809206	-0.007678835	-0.06455586	-0.079243537	-0.051892174	0.014060699	-0.051519956	-0.029320862	-0.086219131	0.105364713	-0.065480114	-0.010508962	0.01093612	-0.05778289	0.191459235	0.333611377	0.279937253	0.210359652	0.288732204	0.223198247	0.233508543	0.154761864	-0.099191245	-0.103116794	-0.056202682	-0.097601982	0.012420572	0.137700876	-0.041675845	-0.073874926	0.068843911	-0.037427308	-0.087031322	-0.079818202	-0.084887223	-0.12692062	-0.120399072	-0.079319842	0.009315407	-0.022651676	-0.050849112	-0.038834363	-0.068342771	-0.053609006	-0.073555064	-0.09018743	-0.018851296	-0.04715757	-0.073866104	-0.060586192	0.060102516	0.024939066	-0.081631985	-0.101238219	-0.041090996	-0.042654889	-0.028152037	0.065670899	-0.069123061	0.16083915	0.072055246	-0.06703937	-0.072269295	0.232732312	0.03600492	0.094955171	0.036300544	0.242126655	0.027080178	-0.089708104	-0.066452045	-0.050522461	-0.022944288	0.112196355	-0.053757042	-0.065811521	-0.08973268	-0.028509604	-0.018190525	0.015448178	0.056557521	0.019582142	-0.014244749	-0.046063372	-0.006201643	-0.039032842	0.108169531	-0.017001754	-0.052595126	-0.094299005	-0.045796674	-0.002060578	-0.005567254	0.022275159	-0.072224731	0.01646678	0.111358507
MErosybrown1	-0.152687606	-0.076115492	-0.062893701	0.01123575	-0.056658553	-0.116234449	-0.002340047	-0.092109659	-0.000554793	-0.085598488	-0.076516921	0.039616942	-0.049072952	-0.048242135	0.002394386	-0.118154351	0.312261258	0.18345872	0.098252608	0.163658389	0.246125322	0.17898606	0.188742284	0.17183399	-0.100084849	-0.132154849	-0.052567236	-0.102694908	-0.036498449	0.081745295	-0.045850838	-0.090015916	-0.044987956	-0.05982939	-0.093667536	-0.106919397	-0.09206542	-0.139708054	-0.097855279	-0.082236885	0.110062578	-0.028734263	-0.01719035	-0.080972861	-0.02979926	-0.084862126	-0.101861694	-0.042164381	0.145226464	-0.020760274	-0.056897214	-0.080293944	0.045289114	0.086884999	-0.035403444	-0.092171218	-0.107308254	0.020356288	0.149173484	-0.025571458	0.007001495	0.141999295	-0.016931592	-0.126981936	-0.076658674	0.162899454	0.026563532	0.130467844	0.14861551	0.120148033	0.092520494	-0.093076229	-0.071392033	-0.067452514	-0.035008415	0.226196793	-0.054759299	-0.078532169	-0.031384401	-0.0208986	-0.038399715	0.068672064	0.072822964	0.120104279	0.06966866	0.069262659	-0.054433486	-0.041048479	0.118374662	0.135514755	-0.091273491	-0.049353171	-0.002397672	0.015671173	-0.093728306	0.013456905	-0.086469618	0.088812919	0.084409231
MEslateblue4	-0.182519192	-0.071043559	-0.090407742	0.091613006	-0.086361918	-0.12903281	-0.044522923	-0.040131012	-0.003201554	-0.059641353	-0.029556901	0.049397757	-0.007997032	-0.004977851	0.068668113	-0.142991631	0.212412652	0.219736014	0.254309199	0.250277143	0.196270165	0.170212489	0.125169088	0.045403311	-0.108749747	-0.213764738	-0.044642297	-0.135313827	-0.024308815	0.114491213	-0.014837569	-0.065618189	0.120267073	-0.057018391	-0.116545688	-0.109371479	-0.121153222	-0.152265302	-0.077357419	-0.014223345	0.12641826	-0.077676955	-0.039631522	-0.125193454	-0.019166027	-0.054465769	-0.020663669	-0.031269786	0.172359017	-0.059990328	-0.043981093	-0.089367121	0.081929988	0.090287143	0.004308382	-0.075370123	-0.113413966	0.029603885	0.058925209	-0.01012159	0.054673147	0.11953166	-0.015056836	-0.012949602	-0.051606151	0.213602694	0.103087238	0.126889521	0.116436309	0.127845295	0.129591473	-0.080048627	-0.039639324	-0.047281472	-0.034253352	0.194715974	-0.047609371	-0.074537004	-0.007295385	-0.06733353	-0.022623547	0.046290161	-0.028505506	-0.018488658	0.101466874	0.04753024	-0.059958528	-0.088919951	0.04306113	0.054005596	-0.077658639	0.016306207	-0.044158975	-0.059504687	-0.114493583	-0.027207177	-0.095954483	0.047559458	-0.001700784
MEbisque	0.048262901	-0.111905497	0.001144338	0.008468839	-0.006688728	-0.095042858	-0.017865392	0.007374119	-0.057980791	-0.03167465	-0.028516759	-0.056453241	0.000128952	-0.073143872	-0.010952756	0.070536461	0.141515201	0.071064057	0.295219266	0.360053667	0.259771034	0.193275072	0.282539005	0.341785886	-0.147051032	-0.070517482	-0.107910308	-0.134014249	-0.051735684	0.187101491	-0.159593727	-0.058327575	0.131154438	-0.070505951	-0.02784078	-0.132098408	-0.133159921	-0.059089153	-0.108800199	-0.031956709	-0.011947979	-0.120321363	-0.111543667	-0.069227284	-0.040944033	-0.066161325	-0.037782566	-0.043788616	0.03085496	-0.063569036	-0.11210094	-0.073413714	-0.010637561	0.061050548	-0.071047662	-0.017794143	-0.09507764	-0.00753917	-0.017418081	-0.098007628	-0.04071172	-0.019861458	-0.071141965	-0.037396544	-0.04360437	0.142773986	0.04229459	-0.119425237	0.025825565	0.039841723	0.057633802	-0.075818131	-0.044070045	-0.058430326	0.00882004	0.064722176	0.019065026	-0.000675179	-0.003973898	0.023254012	0.033849537	0.029783685	0.075298966	0.062830068	-0.043951237	-0.041650401	-0.048507833	0.004034659	0.050081488	0.049475138	0.050528599	0.00495617	-0.027214378	0.12238303	0.065486809	-0.00220558	-0.042186987	0.020095907	0.087638205
MEsalmon	0.041886477	-0.062181625	0.0094968	-0.048249472	-0.008925142	-0.077495106	-0.000250401	-0.05100087	-0.089072789	-0.066072163	0.002990736	0.042730729	-0.013649735	-0.08670147	0.011009139	0.102486698	0.122570804	0.185713634	0.259229327	0.298517543	0.247696458	0.280776399	0.34063264	0.293226908	-0.081519517	0.01706859	-0.111670787	-0.104076038	-0.039958302	0.305414831	-0.1102568	-0.098611355	0.118634979	-0.120356894	-0.016930641	-0.068931103	-0.004555332	-0.065060223	-0.156575149	-0.014073905	-0.062669138	0.005879068	-0.036979303	-0.068615887	-0.022107962	-0.070857953	-0.052486239	0.01501963	-0.038074112	-0.077042775	-0.02283095	-0.087300062	-0.072225188	0.060420877	-0.085001652	-0.046914501	-0.049270803	-0.117946548	-0.082495354	-0.031186616	-0.04462401	-0.039898494	-0.065014744	-0.086524702	-0.052255614	0.19792573	-0.072379033	-0.022053082	-0.001757027	0.017259286	-0.001810638	0.017030853	-0.107204014	-0.044824146	-0.025132974	0.062563625	-0.049514163	-0.034231812	0.000986902	-0.014280293	0.021655072	0.013703388	0.068329769	0.007180932	-0.010223351	0.01802533	-0.05627888	0.006127416	0.012207446	-0.010065352	0.016030644	-0.038058324	0.022892158	0.07098802	0.045628727	-0.102064289	0.002849791	-0.011275971	0.046863418
MEdarkgoldenrod1	-0.181984979	-0.005488639	-0.059124032	-0.076710846	0.018663427	0.058555239	-0.050462053	-0.018278623	-0.020105899	-0.048827001	-0.149884827	0.049130811	-0.109994483	-0.006803943	-0.02954818	-0.04751454	0.150042446	0.224688892	0.267970645	0.262590307	0.225338382	0.274271623	0.295975209	0.325337417	-0.077565671	-0.081971023	-0.05671472	-0.048188226	0.035160315	0.226228861	-0.024257154	-0.075593368	0.138745972	0.046579425	-0.045229413	0.045347376	-0.088251087	-0.151015885	-0.088881572	-0.072922298	-0.019404187	-0.029677688	-0.114313926	-0.059315873	-0.067953229	-0.02346201	-0.118647222	-0.081826424	0.030039397	-0.035803702	-0.042571041	0.013086677	0.019546361	0.110147655	-0.121781664	0.066312271	-0.018403156	-0.079172449	-0.002238811	-0.033448769	-0.09332108	0.002411176	0.01307019	-0.068143846	0.012643849	0.194849649	-0.040279618	0.03225873	-0.009768766	0.045159514	-0.062334471	-0.040169023	-0.032138708	0.006374588	0.00717495	0.067432667	-0.097205912	0.066590336	-0.086897565	0.001006017	-0.008683627	0.088485294	0.07242794	0.003448119	0.002164624	-0.048759592	-0.064663852	-0.068313883	-0.038434296	0.001858945	-0.075460917	-0.105767678	-0.05747413	-0.010291471	-0.007911562	-0.03678312	-0.045210405	0.015760595	0.044476242
MEsalmon4	-0.009830345	-0.078540386	-0.014395094	0.020318766	-0.021135272	-0.096895913	0.030139207	-0.03267136	0.039794901	-0.045879517	-0.028969675	0.06794434	-0.000860153	-0.096145027	-0.089368097	-0.058086922	0.208696227	0.19802855	0.208599786	0.281864888	0.258230286	0.230812543	0.256534599	0.276030715	-0.051010124	-0.044016889	-0.083710596	-0.088778057	-0.017347262	0.243256789	-0.015930913	-0.082887642	0.133785454	-0.065209061	-0.089599242	-0.141950559	-0.174144194	-0.090726493	-0.066006545	-0.038363196	0.006436846	-0.004357861	-0.001155985	-0.075389798	0.040421994	-0.047969476	-0.038183813	0.001380782	-0.023743776	-0.009023251	-0.021696326	-0.130599203	0.011456114	0.072045757	0.008226259	-0.063848156	-0.036463472	-0.021019142	-0.103141344	-0.113593492	0.004699651	0.028906896	-0.033048756	-0.049423992	-0.071003813	0.264893795	-0.007230988	0.020724184	-0.030941337	0.007207213	0.050116394	-0.038610097	-0.096240398	-0.150981411	-0.074525096	0.144601432	-0.004374898	-0.13150148	-0.009588862	-0.036045103	-0.029020836	0.029239577	0.092017842	0.089069019	0.0571922	0.038304968	-0.09261353	-0.024873037	0.076067344	0.0529975	-0.087077018	-0.080459471	-0.027535479	0.044475896	-0.119456158	-0.05351765	-0.039659171	0.019733036	-0.013879543
MEdarkmagenta	-0.101292038	-0.066821308	-0.051609525	-0.042222536	-0.006602095	-0.106365549	-0.058141562	-0.024248441	0.005659296	-0.075686474	-0.076061281	-0.056709879	-0.058308293	-0.061396041	-0.016166344	-0.01478921	0.063442824	0.146293909	0.451274338	0.305739329	0.264434279	0.329053959	0.310775915	0.326285373	-0.041419551	-0.125373308	-0.047812583	-0.070375796	0.06610471	0.196257085	-0.076300971	-0.084780768	0.122515639	-0.016846904	-0.092347091	-0.080877146	-0.065778375	-0.074095754	-0.044053928	-0.042558994	-0.03258608	-0.052671397	-0.088059946	-0.072714577	-0.032157148	-0.047685712	-0.026466465	-0.031341056	0.036095763	0.011967049	0.029223922	-0.017658437	-0.034563895	0.050469188	-0.071410168	-0.079602377	-0.02109895	-0.065375868	-0.055933712	-0.026539634	-0.000269106	0.002180411	-0.019445996	-0.007439651	-0.062700153	0.118618091	-0.02011368	0.007962314	-0.044726506	0.073903636	-0.066295352	-0.062229977	-0.03213806	-0.027405738	-0.043795106	-0.038693065	-0.028026925	-0.040999668	0.011651352	-0.012377873	0.01379288	0.032702259	0.049174478	0.09545324	0.007112965	-0.022960311	0.029288524	-0.019805315	0.005755722	-0.015061469	5.10E-05	-0.043058912	-0.022062363	-0.036334965	0.022610706	0.003091162	-0.040477289	-0.056664297	0.0090476
MEtan1	-0.043128194	-0.020907699	-0.030644787	-0.055860694	-0.018111225	-0.026955769	-0.071146439	-0.007016633	0.025882011	-0.039433811	-0.053714345	-0.053093107	-0.032021124	-0.035740759	-0.087676897	-0.011761221	0.069262433	0.255930175	0.36526941	0.391484384	0.302186536	0.278583215	0.321855458	0.240251801	-0.073068529	-0.07356966	-0.035965363	-0.079571965	-0.033034852	0.325825353	-0.036414248	-0.04367123	0.057089497	-0.06072644	-0.03319908	-0.0648877	-0.057864262	-0.043089844	-0.039893142	-0.039885692	-0.018195136	-0.04112377	-0.073580664	-0.042160922	-0.033907663	-0.078129103	-0.004360331	-0.038029489	0.001404673	-0.014983687	-0.038149238	-0.031073674	-0.056048452	0.066667888	-0.040673544	-0.039516369	-0.040213008	-0.079914965	-0.016997867	-0.065170545	-0.049231405	-0.052368058	-0.039938363	-0.047505392	-0.030008532	0.199585722	-0.043561906	-0.057372624	-0.055945581	-0.030182574	0.013844611	-0.049766696	-0.03611547	0.005701569	-0.043043094	0.047275179	-0.011932224	-0.027232249	-0.023688938	-0.026910626	-0.024636366	0.041662428	-0.009376331	0.019328625	-0.053564619	-0.00815353	0.023274092	0.001796534	0.008810275	-0.013552202	-0.009495751	-0.053641676	0.002042881	-0.063238999	-0.048373572	-0.019549391	-0.001284983	-0.040300149	-0.040760312
MEnavajowhite4	-0.174727539	-0.104424475	-0.034087322	-0.046073102	0.000370536	-0.091153911	-0.042196925	-0.008489554	0.046574324	-0.045568719	-0.06993854	0.014155303	-0.050328077	-0.020445068	-0.043225418	-0.005011042	-0.022485028	0.06777841	0.246368638	0.138541223	0.049075571	0.30755815	0.287099018	0.201254951	-0.070403792	-0.172652869	-0.056695236	-0.151218681	0.060992839	0.375349149	-0.072248297	-0.071414285	0.214999258	-0.067198955	-0.140731832	-0.112549153	-0.08879925	-0.120307568	-0.111462013	-0.056185653	-0.020427613	-0.083952853	-0.035328717	-0.086555648	0.011980595	-0.108285357	-0.031064243	-0.03595941	0.111647323	0.015637395	0.003949157	-0.035800997	0.028060385	0.16749461	-0.039314563	-0.072710979	-0.048936045	-0.080226604	0.03934762	-0.035160763	-0.023329448	0.050346084	0.003297336	-0.08063732	-0.059763639	0.317026633	0.031725846	0.045865393	0.016563298	0.123578491	0.035245699	-0.024763207	-0.075821209	-0.008145043	-0.018412373	0.042969775	-0.030002887	-0.072716018	0.007866547	-0.05754579	0.006797411	0.121210418	0.043827619	0.065824659	0.065552306	-0.019134973	-0.038040467	-0.035391127	0.013599088	0.044798488	-0.010516222	-0.063133593	-0.027753063	-0.012474846	-0.026803452	0.063690585	-0.063901246	-0.010372352	0.034384242
MEdeeppink1	-0.135229627	-0.103780907	-0.050468784	-0.03123204	-0.010946204	-0.095814467	-0.022323685	-0.028443003	0.087455255	-0.070264032	-0.069075958	0.013738251	-0.061368364	-0.056939972	-0.043937364	-0.071960847	0.151590643	0.165965477	0.180247647	0.248542559	0.207009277	0.227133839	0.223367207	0.232064876	-0.066558891	-0.144561062	-0.067522842	-0.114352594	-0.027214804	0.213141976	-0.044256991	-0.080443278	0.173824494	-0.08226575	-0.148812706	-0.102742843	-0.086439631	-0.130424246	-0.098230019	-0.066390737	0.036015397	-0.078577914	-0.02491011	-0.105364672	0.037208044	-0.103669955	-0.063107966	-0.053709221	0.162359455	0.047796999	-0.005147583	-0.052472962	0.031595075	0.175449389	-0.023195371	-0.095924277	-0.078444174	-0.050452566	0.073354334	-0.069849397	0.03727285	0.119844035	-0.041227257	-0.078577798	-0.082702971	0.223745271	0.038423002	0.096191919	0.03378206	0.093646966	0.055927455	-0.065325654	-0.081082234	-0.038299647	-0.028221688	0.176652917	-0.047916449	-0.083575115	-0.014406259	-0.046239202	0.024194122	0.131457871	-0.024416129	0.057654856	0.096805665	0.003894679	-0.075328915	-0.042800137	0.059831531	0.069950679	-0.075140593	-0.071016279	-0.058582774	0.020407623	-0.07920177	-0.037533204	-0.083558879	-0.043789817	0.088226891
MEdarksalmon	-0.179787844	-0.124398608	-0.038055331	-0.062697163	-0.0066331	-0.127350537	0.002481178	-0.010156032	0.062483719	-0.024342288	-0.035555988	-0.007632693	-0.022462859	-0.016918575	-0.042456319	-0.028915148	0.124974056	0.13299495	0.188051446	0.197900829	0.26290529	0.269639478	0.221745779	0.197457554	-0.077409424	-0.194517897	-0.059608972	-0.164813185	-0.026957858	0.272270434	-0.059249073	-0.081947569	0.147649436	-0.097589564	-0.195281468	-0.128670094	-0.094736875	-0.153381973	-0.114743882	-0.053726419	-0.01136501	-0.127937662	-0.057694413	-0.131781516	0.026828906	-0.12639034	-0.033777511	-0.037318519	0.094623984	0.000570037	-0.023207432	-0.047582442	0.019175571	0.170801354	0.003870749	-0.071397946	-0.078222696	-0.008970555	0.033333944	-0.09332896	0.015877834	0.002150553	-0.088780219	-0.055755147	-0.07798712	0.242439173	0.011765649	0.005787122	0.056873356	0.018911065	0.069538365	-0.029316121	-0.063705267	0.002972254	0.046240213	0.115309558	-0.001284584	-0.04887921	-0.029022111	-0.076505038	-0.02648353	0.090944451	0.039521689	0.064826541	0.02488139	0.025156691	-0.042490583	-0.026813672	-0.00043684	0.068648445	0.010078588	0.004975226	-0.0437502	0.112504304	0.067354057	0.0614073	-0.029591786	0.052121908	0.079728744
MEorangered1	-0.082667248	-0.088456214	-0.023729374	-0.086189426	-0.011165949	-0.092024621	-0.000962254	-0.006052764	0.01677865	-0.045425934	-0.04465423	-0.05654454	-0.034071488	-0.020045266	-0.047114764	0.018758561	0.097517086	0.181825875	0.255147984	0.243937585	0.247405992	0.26537852	0.320633445	0.230848622	-0.066725514	-0.124731991	-0.095214822	-0.156903665	-0.030640718	0.313707188	-0.081046675	-0.104317945	0.15876581	-0.096723267	-0.084353344	-0.113393037	-0.066648231	-0.09347872	-0.101214152	-0.052205474	-0.058778021	-0.053389648	-0.049624368	-0.124772809	0.017598129	-0.131536829	-0.038419371	-0.054936469	0.04378307	-0.019615229	-0.040138301	-0.050401638	-0.009860982	0.128998601	-0.053862543	-0.07229817	-0.062197146	-0.054125552	0.044643888	-0.012496528	-0.05453654	0.017328147	-0.044690339	-0.038909179	-0.086017014	0.24811762	0.003356381	-0.004922176	0.054972747	0.052097037	0.078648593	-0.04910155	-0.078724833	-0.056439416	0.027777032	0.115023738	-0.07300045	-0.042370697	-0.032550953	-0.028839742	0.00444846	0.056928016	0.088692787	0.042993145	0.010808246	0.012980963	-0.104338299	-0.023684482	0.050214903	0.029258679	-0.009468161	-0.020477339	-0.046130699	0.070444456	0.043747347	-0.0054055	-0.018052676	-0.033982193	0.051230166
MEchartreuse4	-0.092770997	-0.051672842	-0.099658471	-0.067760978	-0.0991746	-0.04641619	-0.125354149	-0.057167579	0.038010884	-0.0621417	-0.061808465	-0.019938786	-0.046491592	0.003221604	-0.073008597	-0.026218308	0.117877723	0.187683216	0.209725638	0.370256412	0.285964018	0.317176037	0.26750696	0.236669333	-0.058438594	-0.191300206	-0.048753437	-0.121904539	-0.002305518	0.222509721	-0.028394712	-0.046537007	0.104194771	-0.027491349	-0.087638245	-0.037304986	-0.068178829	-0.068819763	-0.077117996	-0.113358746	-0.073145978	-0.115496386	-0.039757469	-0.13457871	-0.081743758	-0.042768979	-0.044880575	-0.061058996	0.076905675	0.065837873	-0.016863334	-0.032326971	-0.015196287	0.027880705	-0.008665538	-0.007839248	-0.049741226	-0.027518693	-0.025332135	-0.0631322	0.016852702	0.030342954	-0.077331955	-0.044464085	0.007504717	0.21897664	0.016371152	0.063326203	0.026730905	0.083233952	-0.043860427	-0.047278736	-0.094257363	-0.032459829	0.020744183	0.159083405	-0.01042839	-0.038402333	-0.019971235	0.018797172	0.015861438	0.039860101	-0.095029207	-0.041477572	0.040725077	-0.057521093	-0.022637049	-0.000687761	0.075689834	0.068338219	0.000112496	-0.036393826	0.028909052	-0.021335912	0.026577977	0.003717519	-0.059258176	-0.060627768	0.057420113
MEgreenyellow	-0.007583433	-0.043790005	0.026874737	-0.04177783	0.02409745	-0.092975534	-0.030112012	-0.049881581	-0.030527013	-0.091316452	-0.064812058	-0.059572685	-0.078957514	-0.053185619	-0.080588954	0.008224982	0.146405209	0.2448332	0.229550654	0.269281187	0.278742354	0.260541993	0.294558471	0.258013181	-0.082290188	-0.097316589	-0.068574499	-0.03852335	-0.094631291	0.308492604	0.009414021	-0.077234673	0.210277888	-0.110853571	-0.072821459	-0.032979175	-0.036513848	-0.024131549	-0.068210138	-0.045734714	0.016783569	-0.042606567	0.000288162	-0.067792924	-0.001808538	-0.031651166	-0.083872942	-0.074508574	0.072039032	0.007516573	-0.031938972	-0.036262731	-0.041573838	0.113228474	-0.079637976	-0.063894253	-0.067832782	-0.098216735	-0.0458333	-0.111986666	-0.031630802	0.063750164	-0.050891728	-0.108408824	-0.062030735	0.22865236	-0.049765331	0.01232101	-0.022077091	0.062805117	-0.034015588	-0.028702034	-0.081005776	-0.067136379	-0.079425036	0.078584776	-0.045138889	-0.040156108	-0.018007098	0.037882744	0.010452843	0.128707436	0.048287771	1.09E-06	-0.02640342	-0.041046674	-0.060035906	-0.037711679	0.026394988	0.008697004	0.009417518	-0.060219794	-0.006243669	0.030054577	-0.045108978	-0.047325156	-0.07130179	-0.018775636	0.061704675
MElightseagreen	-0.029612689	-0.103744129	-0.016116291	-0.016489814	-0.049373287	-0.083645597	-0.064180335	-0.044467639	-0.057116377	-0.112162039	-0.072145029	-0.028203595	-0.050872305	-0.072166817	-0.019875593	0.031061601	0.145083131	0.191582652	0.236876272	0.300954392	0.238757866	0.274792295	0.320171288	0.237553339	-0.083020134	-0.051418889	-0.080667789	-0.056594285	-0.071216163	0.391314501	0.007382123	0.014010352	0.187724149	-0.081309477	-0.072789724	-0.007716547	-0.043565717	-0.073144703	-0.077102235	0.028455763	0.02496704	-0.023902157	-0.054831452	0.012248838	0.079254534	-0.056187464	-0.051615625	0.011695485	0.029985477	-0.026896429	-0.002837965	-0.015450483	-0.030689967	0.121714077	-0.088207822	-0.064229595	-0.071542853	-0.102692986	-0.048269574	-0.024181567	-0.036085069	0.027423179	-0.064139193	-0.004827562	-0.036849145	0.204272761	-0.016662031	-0.019439216	-0.060575385	0.03941829	-0.063422237	-0.023960436	-0.065253879	-0.045468843	-0.067020491	0.04545046	-0.05868311	-0.056274324	-0.036400941	-0.067313839	0.011364884	0.086026713	0.060773448	0.020196512	0.007014072	-0.07671162	-0.06436834	-0.046830668	0.02726306	0.002176605	-0.052667458	-0.059033548	-0.014473447	0.020512313	-0.05662984	-0.085881431	-0.098908741	-0.037509973	0.058166428
MElightyellow	-0.113099475	-0.027017591	0.018568874	-0.026903852	-0.026842022	-0.04328393	-0.08642157	-0.074833776	0.020270042	-0.088044838	-0.088070108	-0.097686178	-0.059144628	-0.075240164	-0.006771698	-0.019948191	0.116438796	0.267867356	0.295687674	0.263333011	0.263102522	0.251912233	0.284016514	0.244792621	-0.069237518	-0.147621811	-0.096481653	-0.084073711	-0.139059663	0.219623076	-0.033971269	-0.034020239	0.21786788	-0.067837371	-0.112438949	-0.072700215	-0.086252195	-0.152069413	-0.101951867	-0.029741913	0.003933755	-0.041428404	0.009268697	-0.085673741	0.055403827	-0.043550127	-0.087287501	-0.083138048	0.059861428	-0.02242557	0.019469039	-0.018275008	-0.100164841	0.083687227	-0.077209124	-0.0523052	-0.025979539	-0.062318002	-0.003825232	-0.022423355	-0.01373167	0.01664877	-0.110592349	-0.078232209	-0.084369863	0.14100728	0.021925574	0.059726935	0.022032557	-0.002812204	-0.039635566	-0.058731256	-0.043850253	-0.02741463	-0.068694673	0.098278637	-0.025462214	-0.025490367	0.041420518	0.007577937	0.047608399	0.128564756	-0.030690898	0.045808248	0.087507236	-0.048699246	-0.038265761	0.020325433	0.05487832	0.036553295	-0.010057707	-0.012734643	-0.003792572	0.054164262	-0.054959806	-0.042496313	-0.057059085	0.012367777	0.073042275
MEmediumpurple	-0.103679439	-0.044464141	-0.060230809	-0.057308102	-0.010630268	-0.081444491	-0.066813862	-0.036227062	0.029071487	-0.101795995	-0.065952598	0.014063146	-0.063835345	-0.093030063	0.001235551	-0.005499326	0.161421014	0.160042391	0.332591117	0.268744529	0.269257795	0.282447796	0.218165176	0.27669012	-0.045521642	-0.11297256	-0.088498426	-0.102337154	-0.0690883	0.275804143	0.005795914	-0.039922004	0.213950212	-0.081325193	-0.111155736	-0.067844825	-0.087526762	-0.054369682	-0.075561705	-0.076223835	-0.02601204	-0.035828013	-0.047189375	-0.057389541	-0.034974149	-0.117309189	-0.05690837	-0.03077262	0.018568547	-0.013098052	0.026905615	-0.010622458	-0.04533671	0.095930994	-0.026487945	-0.046888265	-0.043115704	-0.150641958	-0.03191768	-0.057504474	-0.012603203	-0.003331314	-0.060478612	-0.066822298	-0.040268262	0.223700747	0.072802593	-0.05079633	-0.019694405	0.021686663	-0.06697061	-0.015034458	-0.0560144	-0.004296756	-0.060657734	0.073471901	-0.03548904	-0.057089267	0.024737355	-0.004141366	0.011429712	0.077663228	0.028800514	0.04858291	0.086822652	-0.024541453	-0.048182686	-0.023733788	-0.005530875	0.038910258	-0.039948659	-0.084385935	-0.001422339	0.085562514	-0.032806687	-0.036037998	-0.059363902	-0.022771835	0.122813486
MEbrown4	-0.142399357	-0.063086255	-0.060534314	-0.051539081	-0.062871797	-0.031095393	-0.033858447	-0.05045224	0.088524222	-0.064218809	-0.063462784	0.000615299	-0.063498598	-0.03927993	-0.01618309	-0.070331802	0.083816057	0.218107743	0.29503346	0.264074716	0.254293517	0.302603341	0.262950517	0.275282928	-0.025029756	-0.11777547	-0.049750101	-0.080879506	-0.048971864	0.28360358	-0.020443723	-0.048205546	0.173800919	-0.070077391	-0.095435411	-0.035424562	-0.056467655	-0.107585905	-0.080678817	-0.042382693	-0.039777963	-0.060685771	-0.036006221	-0.088470929	-0.001208409	-0.076345261	-0.050043836	-0.039461926	0.086796747	0.053640943	0.049027488	0.004072904	-0.061859593	0.138295865	-0.027320293	-0.063814731	-0.023707511	-0.072619245	0.021637027	-0.040578094	0.028841081	0.036145338	-0.079723828	-0.039206478	-0.023680476	0.241223437	0.022236152	0.029075325	-0.034614092	0.04390201	-0.028177434	-0.028892929	-0.056325896	-0.021309211	-0.065561554	0.119436861	-0.029395026	-0.04077255	0.008263179	-0.052280268	3.18E-05	0.126637219	-0.086071616	-0.009641597	0.065649852	-0.058234857	-0.059300026	-0.039128234	-0.001239459	0.010216353	-0.052907035	-0.053633935	-0.039099715	-0.039135196	-0.088628429	-0.067636797	-0.057591013	-0.085030872	0.023202707
MEkhaki3	-0.084365407	-0.044119589	-0.049115934	-0.02334064	-0.029737746	-0.040216163	0.00275372	-0.026680531	0.064304776	-0.057463199	-0.063786246	-0.009155982	-0.060269335	-0.060193161	-0.035005293	-0.007314689	0.147864543	0.241688221	0.311101664	0.283016241	0.249891242	0.262734642	0.251481076	0.244997133	0.008090533	-0.132446562	-0.080553594	-0.079354754	-0.070346401	0.219384936	-0.021160718	-0.073378107	0.195230182	-0.098400251	-0.107110445	-0.062984822	-0.041521399	-0.132888906	-0.085851669	-0.10288255	-0.030473901	-0.07632217	-0.034744871	-0.079937759	-0.034840128	-0.07548407	-0.06943982	-0.04559003	0.029648184	0.020271409	0.07911874	-0.039761579	-0.070389105	0.155823588	-0.006920387	-0.079188666	-0.027503138	-0.097152112	0.070554109	-0.020766607	0.019629459	0.022399607	-0.089490766	-0.048996045	-0.050756679	0.219455176	0.05146012	0.034841071	0.000726799	0.02642952	-0.037277258	-0.01629675	-0.056067228	-0.030610251	-0.055321959	0.152372223	-0.036571785	-0.086907053	-0.000560363	-0.083269884	0.04386335	0.139467033	-0.046888872	0.018868567	0.018757518	-0.033461061	-0.081329687	-0.043106852	0.028339147	-0.018243082	-0.012832625	-0.050621216	-0.025173307	0.008136666	-0.096710361	-0.069003715	-0.07801673	-0.029063953	0.022034722
MEdarkolivegreen	-0.072945996	-0.045742719	0.01791462	0.024926668	-0.015490742	-0.126446258	-0.001108177	-0.06017838	-0.002985709	0.001546176	0.002995369	-0.034674417	-0.003304675	-0.067105092	-0.002798907	-0.049704639	0.195135863	0.245022834	0.196484244	0.227278707	0.277258386	0.300419273	0.285992287	0.274510987	-0.061053136	-0.109495841	-0.065353487	-0.10823058	-0.049560842	0.259521506	-0.103833501	-0.075281133	0.147657183	-0.104763438	-0.097149526	-0.136830653	-0.140387914	-0.13076787	-0.097838594	-0.069723026	0.03730553	-0.056390301	-0.013040627	-0.080790652	-0.048590297	-0.071021626	-0.062105602	-0.055989591	0.076819786	-0.02648558	-0.063990814	-0.105160274	-0.032155027	0.115375795	-0.041109322	-0.085236615	-0.078525688	-0.007342083	0.048390486	-0.075950701	0.005948554	0.013390028	-0.058773879	-0.060942365	-0.050509262	0.114554452	0.06217911	0.01765684	0.016660185	0.005590534	0.027196531	-0.102334751	-0.056051329	-0.039317668	-0.006537376	0.177408621	-0.026425015	-0.087354324	0.015744658	-0.01023525	0.035333067	0.068914526	0.04591391	0.010328499	0.070158608	0.040407731	-0.083096012	-0.053225515	-0.004256853	0.092059594	-0.026629804	0.008754165	-0.04183267	0.032074174	-0.078509724	-0.062408238	-0.062422787	0.016574993	0.036098395
MEblack	-0.048179531	-0.069604006	-0.035501646	-0.058143207	-0.020146952	-0.056698126	-0.024531185	-0.0429172	-0.031794748	-0.081150331	0.006164625	-0.082218009	-0.113419004	-0.098793715	-0.075941423	-0.045022221	0.16730533	0.22452161	0.25289087	0.308010522	0.284543173	0.272139832	0.296317199	0.284593835	-0.025401344	-0.048843876	-0.060456671	-0.081672852	-0.016567159	0.275103989	-0.035103544	-0.044134959	0.161289224	-0.044270703	-0.047456217	-0.017131031	-0.033301034	-0.083823291	-0.10358845	-0.081159201	-0.05283542	-0.083073651	-0.052180839	-0.068094307	-0.041460677	-0.060456713	-0.11394206	-0.008157939	-0.000807314	-0.041854248	-0.031573968	-0.060367452	-0.054014252	0.050044518	-0.033392606	-0.051780456	-0.082821982	-0.098523497	-0.020704151	-0.08892501	-0.060174864	-0.040217401	-0.092011155	-0.065671676	-0.043898471	0.229972379	-0.022275381	-0.01936076	-0.00965291	0.025584054	-0.031012488	-0.070986995	-0.094685328	-0.053034651	0.02347265	0.121058986	-0.038089404	-0.075387448	-0.062631186	-0.04453775	0.000333405	0.078628494	0.009566936	-0.00623816	0.032549113	0.028280541	0.006651522	0.025478746	0.032757557	0.048617445	0.017544771	0.009629538	0.012841713	0.068216881	0.00536837	0.000628428	-0.024927217	0.038559813	0.108065351
MEmediumaquamarine	-0.046328874	-0.058824232	-0.072779127	-0.05929124	-0.117384878	-0.048656918	-0.058549339	-0.016622794	-0.014224982	-0.075905711	-0.046235614	-0.011784553	-0.064032906	-0.071096048	-0.063453401	-0.070055906	0.172424467	0.2787106	0.274582741	0.309739626	0.308597535	0.284827872	0.293690347	0.250827102	-0.036548426	-0.047672051	-0.019437409	-0.062778643	-0.007526772	0.274029594	-0.040417562	-0.035548755	0.117881205	-0.00804711	-0.07764263	-0.072949586	-0.061461017	-0.085138601	-0.046574731	-0.065657363	-0.013598224	-0.022055202	-0.041383521	-0.036814937	0.002121969	-0.106925187	-0.074299955	-0.051158255	0.068756812	-0.022809704	-0.025139052	0.002642942	0.004636058	0.088859255	-0.033981762	-0.114110617	-0.061041631	-0.093074034	-0.011979514	-0.030065775	-0.020357876	0.036870754	-0.01649214	-0.078845792	-0.041734105	0.230809426	0.003431289	-0.003252355	0.003201625	0.065254379	0.020549792	-0.080458342	-0.06088415	-0.026630437	-0.074371949	0.097858394	-0.06055296	-0.087111343	-0.053072026	-0.02120517	-0.001356763	-0.018140868	0.019588135	0.029925521	0.014542822	-0.024911776	-0.054209172	-0.064044345	0.035445218	0.025837409	-0.017713999	-0.084326239	-0.015808888	0.007318776	-0.052297986	-0.052548094	-0.034914441	-0.047387351	0.070731451
MEorangered	-0.05648454	-0.121895595	-0.082107007	-0.004695036	-0.115654608	-0.068356146	-0.079091642	0.00674429	-0.055364717	-0.089380325	-0.088472866	-0.008429405	-0.044896107	-0.018915129	-0.014081096	-0.068104203	0.133815249	0.271812721	0.293086395	0.286375904	0.27447132	0.301058884	0.248742127	0.259899717	-0.072781568	-0.040394013	-0.058095993	-0.050062222	0.011233922	0.281805293	-0.070363407	-0.045680285	0.076383439	-0.03856237	-0.027543029	-0.056556576	-0.05851034	-0.064104695	-0.109457005	-0.061028909	-0.00127128	-0.057879428	-0.077664932	-0.070284642	-0.025685899	-0.068050868	-0.038997745	-0.012033196	0.025608803	-0.05286645	-0.059949721	-0.070762713	0.040438317	0.044221573	-0.105355487	-0.079640378	-0.108538748	-0.047357963	-0.025365234	-0.060084774	-0.004161891	0.088541977	-0.01427756	-0.03120684	-0.059220133	0.222664157	0.007672404	0.014034648	0.086107593	0.085591251	0.048742368	-0.104117213	-0.069403848	-0.045245021	-0.068185805	0.05671835	-0.036559148	-0.090026761	-0.039686459	-0.047220481	0.010591764	0.031863643	0.072285776	0.054651928	0.008610604	0.017193144	-0.041829859	-0.057452654	0.108878401	-0.001787293	-0.027982734	-0.073899631	-0.03613072	0.008690161	-0.033822743	0.010889893	-0.058713311	0.006663512	0.07569887
MEorchid	-0.181785055	-0.076881529	-0.046009786	-0.031127987	-0.026127236	-0.124010506	-0.01696176	0.022201782	0.014561833	-0.057470539	-0.031924936	-0.008727855	0.009652807	-0.018855089	-0.032396381	-0.077394143	0.191097975	0.316309194	0.241971474	0.205813025	0.239404344	0.239188259	0.279492374	0.269267895	-0.081934969	-0.117779936	-0.100869666	-0.127503418	0.005595869	0.19654375	-0.067735412	-0.095834455	0.163508125	-0.076867858	-0.135963668	-0.075372846	-0.104270239	-0.131553542	-0.08182223	-0.078927223	-0.004203939	-0.098130776	-0.05665653	-0.111869935	-0.014304564	-0.12141204	0.024402	-0.022339811	0.057824968	0.023059498	-0.075157239	-0.065713035	0.008270998	0.149941341	-0.03814092	-0.06121277	-0.074521386	-0.065076239	0.003614636	-0.072472991	-0.02766101	0.055076871	-0.019275094	-0.00864143	-0.049915695	0.153072501	0.061842419	0.015489368	0.038854263	0.04995067	0.008718004	-0.060035074	-0.048502767	-0.064053404	-0.0174935	0.194169483	-0.008211963	-0.067176078	-0.056847587	-0.019560004	0.049997558	0.032053233	0.00859107	0.079073276	0.044667432	-0.022253001	-0.068326088	-0.007829373	-0.005924642	0.060403516	-0.030567429	-0.040093178	0.017960762	0.012620622	-0.035998596	-0.032477298	-0.052956382	0.000509175	0.086347666
MEhoneydew	-0.019998409	-0.087230733	0.003800143	0.006704357	-0.031346151	-0.068632786	-0.04727396	-0.048912466	-0.023354568	-0.051822341	-0.027420467	0.044194283	-0.046431516	-0.072849525	-0.038581337	0.019274694	0.193221058	0.204257857	0.243693214	0.308560121	0.282722642	0.23366405	0.304892626	0.28033605	-0.078165681	-0.075200932	-0.076582324	-0.07434531	-0.069967194	0.244618765	-0.058538049	-0.072508981	0.175424596	-0.07753493	-0.075131958	-0.090204045	-0.078140424	-0.07724685	-0.088833951	-0.045476836	-0.02351565	-0.019558035	-0.053872088	-0.060442033	-0.051367976	-0.038625701	-0.06434048	-0.054814114	0.078180139	-0.061112433	-0.049641166	-0.074899891	-0.023270002	0.143743641	-0.063725416	-0.081536095	-0.069545676	-0.085702895	-0.010675105	-0.047659579	-0.027573215	0.060034722	-0.047371221	-0.077829795	-0.054811911	0.208911117	0.000308696	0.031926764	0.036327874	0.03237977	0.030538197	-0.08299072	-0.10897013	-0.076243805	-0.021198634	0.16487518	-0.07936876	-0.058584443	-0.062341363	-0.008498512	-0.021813539	0.083238984	0.035399824	-0.004599141	0.015603971	-0.008751998	-0.036481965	-0.034616716	0.08092619	0.014627608	-0.020422046	-0.044577902	-0.074221129	-0.018854152	-0.027412896	-0.048377458	-0.064132029	-0.019313584	0.103005984
MElightyellow3	-0.117707345	-0.111826299	-0.092918463	-0.078239043	-0.011125523	-0.099273497	-0.025325818	0.035569219	-0.013912933	-0.08354933	-0.058529455	0.018023095	-0.01374367	-0.04914093	-0.027156619	-0.003416213	0.187212375	0.217475764	0.236401924	0.297139581	0.25260995	0.264332372	0.287847843	0.23579785	-0.014511209	-0.141056293	-0.078835001	-0.11704857	0.062085894	0.218623456	-0.098886378	-0.116399034	0.149944615	-0.104798268	-0.092199619	-0.086511758	-0.04559837	-0.083720622	-0.123374424	-0.064221881	-0.046806514	-0.090383007	-0.072690767	-0.114032572	-0.06508905	-0.097857171	-0.105685984	-0.084269806	0.047198373	0.004396209	-0.060345241	-0.034329525	0.001912285	0.100404848	-0.032741098	-0.044837777	-0.069766602	-0.087964916	0.03622272	-0.09560132	-0.026536351	0.064423676	-0.011529218	-0.053155067	-0.083776669	0.196151338	0.074342393	0.026610591	0.033839321	0.084938583	0.036942442	-0.063306903	-0.059752065	-0.055238687	-0.0078546	0.116361223	-0.015729589	-0.080196107	-0.027217166	-0.015328203	0.029250086	0.039395555	-0.03544456	0.056340631	0.030257887	0.031802448	-0.017207212	0.021563162	0.054088645	0.019496453	-0.023110657	-0.073186528	0.003328523	0.035306368	0.001914222	-0.007869675	-0.027542337	0.006774252	0.123083333
MEfirebrick	-0.091585006	-0.050712506	-0.045099155	-0.101316245	-0.052453155	-0.073640538	-0.041039121	-0.023628996	0.02327146	-0.029171414	-0.057416722	0.05120697	-0.055521911	-0.050913592	-0.06693063	-0.04701663	0.202354929	0.228644691	0.258185392	0.30208255	0.248996833	0.28078047	0.303050589	0.232256332	-0.053580661	-0.080894863	-0.071336718	-0.071056964	0.021031114	0.236968695	-0.07293087	-0.104271481	0.151734034	-0.045143968	-0.135183882	-0.062352976	-0.05349187	-0.054332865	-0.087821811	-0.089730573	-0.064741347	-0.046367316	-0.053449048	-0.120750714	-0.023195525	-0.042557314	-0.052759934	-0.060246047	0.064264091	-0.001239451	-0.059050331	-0.025679028	-0.024280163	0.088838789	-0.007633378	-0.092016193	-0.066493994	-0.03967542	0.009081389	-0.07732864	-0.030251217	0.110377546	-0.013011297	-0.09357275	-0.06036877	0.235476816	-0.03241939	0.050361709	0.034470148	0.09392972	0.053103021	-0.103547511	-0.101106948	-0.032494294	-0.021846316	0.147818113	-0.034269606	-0.049615701	-0.040586086	0.003976247	-0.027245919	0.041034731	-0.033912576	0.000385704	-0.018522688	0.010244258	-0.052396934	-0.019198191	0.019568207	0.008543616	-0.013288276	-0.038973698	-0.047103163	-0.031338207	-0.02517466	0.008191512	-0.069713077	-0.015611108	0.111377673
MEindianred1	-0.1015614	-0.062807892	-0.05474695	-0.022395663	-0.017587807	-0.068062716	-0.071641763	0.000929162	0.034081426	-0.048092332	-0.024993116	-0.008776919	-0.057747482	-0.061276235	-0.046504173	-0.041661849	0.200769798	0.246214162	0.27888536	0.306565577	0.255950691	0.228491053	0.273810663	0.305968473	-0.015625117	-0.170433069	-0.06858566	-0.103313004	0.013159918	0.205304146	-0.049793156	-0.067875248	0.131625854	-0.048596413	-0.050289726	-0.114114036	-0.048895187	-0.114301247	-0.085295301	-0.083931861	-0.015014581	-0.085201307	-0.033335785	-0.093175911	-0.078668792	-0.083911515	-0.076563374	-0.053901434	0.029658448	0.015603738	-0.038526861	-0.036712924	-0.024587049	0.102272371	-0.012538539	-0.069070414	-0.036370094	-0.067717263	-0.000646065	-0.06746811	-0.01883912	0.09879025	-0.00985558	-0.059557112	-0.049280672	0.208076178	0.02854927	0.031894722	-0.003705543	0.104767432	0.022255351	-0.084138361	-0.059998434	-0.072046012	-0.058146328	0.131563808	-0.027314731	-0.0961127	0.028279257	0.012078392	0.019108765	0.068338514	-0.005029267	0.040778297	0.028206091	-0.019690964	-0.006687489	-0.016128701	0.041022704	-0.016132589	-0.07250814	-0.083672911	-0.016951178	-0.015596114	-0.075908549	-0.042226523	-0.097252364	0.001270119	0.094824731
MEturquoise4	-0.108811453	-0.076677026	-0.044821692	-0.069337471	-0.069957768	-0.067869048	-0.041720016	-0.039733939	0.018367098	-0.074691978	-0.061651134	0.028450682	-0.053631339	-0.044339809	-0.028238179	-0.024495441	0.183911916	0.300886339	0.263441909	0.324458416	0.233710135	0.288050302	0.285762924	0.281913432	-0.094436297	-0.127164573	-0.031582997	-0.101338717	0.017810728	0.212700938	-0.075376091	-0.065461691	0.140754101	-0.029219465	-0.09710713	-0.043292287	-0.060182648	-0.110593547	-0.104582988	-0.075643369	-0.045062292	-0.068188975	-0.043730948	-0.09339884	-0.040032439	-0.069986347	-0.075314199	-0.068293246	0.059216487	-0.000220995	-0.049145048	-0.045101706	-0.007576185	0.064670686	-0.072424465	-0.040250458	-0.066118089	-0.044143713	0.016618634	-0.04830807	0.005583796	0.054417519	-0.041914475	-0.083863981	-0.03826936	0.177812695	0.012521345	0.012591741	0.003885198	0.09379089	0.007096849	-0.069647414	-0.059448209	-0.048995903	-0.02851544	0.142180467	-0.045567958	-0.061178254	-0.015482689	0.001465312	0.016335411	0.073052573	0.028960279	0.038607453	-0.022167328	-0.030429421	-0.030502475	0.001208618	0.031182446	0.016567212	-0.02806741	-0.078330515	-0.03746959	-0.000725997	-0.016682677	-0.017848802	-0.051541485	-0.044387896	0.112306859
MEorange4	-0.103407236	-0.082575492	-0.037778498	-0.035446625	-0.012255197	-0.096995961	-0.020489835	-0.023333159	0.000427724	-0.048188426	-0.042926936	-0.01532774	-0.04369727	-0.044743595	-0.039945362	-0.036497403	0.160087949	0.233315733	0.245797738	0.290929147	0.271562902	0.276407833	0.318257273	0.278412924	-0.083932672	-0.124672357	-0.051070377	-0.124902576	-0.039959133	0.261454009	-0.090945978	-0.087948604	0.165554637	-0.063381222	-0.101048057	-0.107434979	-0.067254719	-0.100724416	-0.089653082	-0.073681633	-0.018072316	-0.071762778	-0.022281236	-0.105823709	-0.023025474	-0.075801704	-0.071530755	-0.060489796	0.070256449	-0.01661822	-0.019362922	-0.038933593	-0.016463395	0.105978071	-0.022503275	-0.064379337	-0.059272175	-0.043671012	0.012268729	-0.065948084	-0.006430191	0.03464133	-0.063806192	-0.069470803	-0.060871644	0.20469687	0.028266815	0.00390571	0.038037807	0.055006354	0.025392522	-0.052489916	-0.076733197	-0.039648454	-0.007852346	0.14838952	-0.042407926	-0.080138294	-0.024152513	-0.030176098	0.003172721	0.060177796	0.035535223	0.035423992	0.022004549	-0.009552249	-0.060713551	-0.013397501	0.032828754	0.032023243	-0.03098913	-0.04138039	-0.036004659	0.020864424	-0.018902341	-0.005832311	-0.0734512	-0.003132707	0.062613187
MEwhitesmoke	-0.11008174	-0.077576595	-0.052438775	-0.042279697	-0.040763904	-0.083037373	-0.043913744	-0.023709661	0.020630823	-0.052185437	-0.062538491	-0.007254937	-0.041384606	-0.052213043	-0.046121699	-0.04388973	0.172058237	0.250218699	0.277822634	0.30610014	0.284253023	0.265039574	0.287216775	0.300194495	-0.047775578	-0.12283607	-0.059322371	-0.100334442	-0.027292546	0.235594077	-0.064576893	-0.066861863	0.145969955	-0.06911216	-0.102549276	-0.085913969	-0.066458305	-0.10090791	-0.087331277	-0.071513887	-0.035741114	-0.080232065	-0.040066545	-0.093512739	-0.036580853	-0.076820244	-0.067702629	-0.057526209	0.07295902	0.003053748	-0.014376352	-0.039749314	-0.009812269	0.095809015	-0.035002378	-0.069218676	-0.062964441	-0.056584239	0.010551806	-0.065932579	-0.004991466	0.059832144	-0.048382719	-0.059638928	-0.059577819	0.207593104	0.023354006	0.030103711	0.017006949	0.071178354	0.017775894	-0.05931471	-0.064728806	-0.036373981	-0.028710722	0.135398799	-0.030330717	-0.068362738	-0.028317251	-0.028500856	0.007502985	0.068418892	-0.02134302	0.03249394	0.028121047	-0.01761174	-0.044933685	-0.022657784	0.041985525	0.025327386	-0.040611369	-0.053052827	-0.030541167	0.014913069	-0.037507975	-0.01883144	-0.071785711	-0.014655793	0.076284025
MEcoral3	0.125798443	0.090350789	0.181360715	0.039491658	0.16543337	-0.031139428	0.066388883	-0.075977552	-0.066459703	-0.189740821	-0.027576213	-0.109443026	-0.106608492	0.014016876	-0.088087999	0.095529511	-0.04912207	-0.041729696	-0.010168203	-0.039173621	0.00317655	-0.033939199	0.012232596	-0.005955476	-0.066787737	0.023873277	0.014172673	0.093888517	-0.115796662	0.309787229	0.196874838	0.016355399	0.269138794	-0.083691176	0.073696597	0.131865204	0.076454937	0.151436813	0.076131505	0.056758294	0.165209457	0.10723755	0.123071279	0.041465759	0.131352189	0.148536525	-0.110162996	-0.087882089	-0.006451088	0.068139091	0.02454849	0.110026277	-0.083856583	0.060144122	-0.122803458	0.036067333	-0.010064663	-0.135311495	-0.102262539	-0.111284431	-0.11391677	-0.003483217	0.016317414	-0.146471763	0.049995411	0.037021865	-0.143246861	-0.049880532	-0.100738905	-0.081713957	-0.044726386	0.053904478	-0.097069499	-0.10227728	-0.126973166	-0.075749792	-0.005647273	0.038348088	0.068680339	0.099120146	0.028272098	0.15735843	0.057076773	-0.088419735	-0.145667324	-0.156381559	-0.092839782	-0.050135431	-0.001123217	-0.020211246	0.089037363	-0.116445917	0.088200327	-0.061055064	-0.129063183	-0.138567497	0.031814851	-0.045988942	-0.065888409
MEhotpink4	0.107586969	0.015616244	0.208143007	-0.075750336	0.176356726	0.027646769	0.112004905	0.068031818	-0.055988989	0.102285501	0.085377291	0.154020211	0.131792484	0.112414194	0.057390444	0.18009846	-0.147120483	-0.030985491	-0.118384041	0.096924503	-0.024032905	-0.100768708	0.040553892	0.012189764	0.004514105	0.045450544	-0.002930241	-0.054832059	-0.255666999	0.124427564	-0.124542269	0.011572625	0.015675981	-0.211470645	0.097133449	-0.050962839	0.108241688	0.13466618	-0.082366303	0.029054181	-0.173220949	0.087557437	0.091905466	0.023827005	-0.012905616	-0.010267862	-0.000955596	-0.038285641	-0.029856375	-0.058694137	0.030217747	0.00548098	-0.146974429	0.018789207	-0.005052263	0.072790011	0.024847849	-0.064078358	-0.214140984	-0.010894954	-0.063692733	-0.204697223	-0.253341019	-0.013108972	0.065153125	-0.132078509	-0.051873053	-0.058519558	-0.008661649	-0.071273833	-0.017582887	0.032297286	-0.045489581	0.032554106	0.103246025	-0.040015564	-0.067650339	0.066626601	0.084666939	0.051995323	-0.003659312	-0.122686205	0.114022553	-0.221684788	0.027223379	0.081348397	-0.148787428	0.089702804	-0.119689979	-0.037473969	0.120601392	0.048257939	0.060872049	0.140581214	0.162992482	-0.049889346	0.063142165	-0.099677176	-0.027206382
MEperu	0.0322256	-0.07191174	0.196374537	-0.009410953	0.205845166	-0.07047126	0.111674038	0.066399886	-0.083236659	0.108768505	0.04684886	0.153667632	0.154151872	0.085569068	0.060499082	0.154536109	-0.011123879	-0.017884411	-0.049809678	0.096535231	0.040221977	0.136441949	0.223827242	0.128806597	-0.001708895	-0.080904055	-0.077842322	-0.131667964	-0.118715645	0.308961028	-0.118143486	-0.055747105	0.06221018	-0.189055176	0.003944837	-0.124496584	0.080521317	-0.005588742	-0.168252709	0.025494499	-0.10553324	-0.004474312	0.091503919	-0.069627702	-0.00699178	-0.130978781	-0.06439133	-0.11041983	-0.013609909	-0.087677111	0.051206086	-0.010779038	-0.139916197	0.051947767	-0.037259547	0.042205936	-0.03654436	-0.09694834	-0.161080128	-0.077859892	-0.022769612	-0.093373356	-0.157774076	-0.055937599	-0.006155487	0.016025112	-0.020484012	0.012846771	-0.006318395	-0.155827351	0.029863186	0.013505834	-0.13110441	0.031364915	0.126395339	-0.111040536	-0.053719788	0.004795144	0.111754417	0.037358162	0.082948141	-0.094419724	0.103236892	-0.166102796	0.096914569	0.111458358	-0.106165988	0.087162028	-0.068807786	-0.009884354	0.09103	0.018971197	0.054467291	0.159316527	0.136911478	-0.128093457	-0.027505166	-0.070607085	-0.020560544
