#SampleID	002VWWX	004AWZY	004VWZY	006VHQK	027VYMX	031VPYH	036AXHM	036VXHM	040VYDY	047VLRL	083AYGC	083VYGC	086VHXM	110VZSZ	149VYYD	153VWG	155VCHJ	173VHJW	174LBQA	180VHMQ	189VXZJ	195VXXY	199VOZQ	206ZFDA	215ATKH	215VTKH	220VDXP	227AZMH	227VZMH	230VLSH	235VDBJ	243AHZH	243VHZH	287DJQA	309VHJD	322VCHL	325ALRY	325VLRY	331ALDY	331VLDY	342VCSL	347APZL	347VPZL	348VYQM	350VLYY	351AZDY	351VZDY	353VGSZ	354VPYM	357VLTS	358AWXC	358VWXC	359VYSH	361ATLX	361VTLX	362VLBJ	363VLH	364VCZ	366VZMY	367VWSY	370VLZW	371VTYJ	372VJHK	373VHXR	376VYKZ	377VHWH	379ALJJ	379VLJJ	384VCZL	388DHLA	388VDHL	390VNFD	392VWLL	393VZLH	395VGSQ	C001CJB	C002HHP	C003XYQ	C006LYH	C007XXZ	C008QLX	C009HHY	C010WL	C013MJH	C014LWG	C017YYM	C018LJP	C020LBJ	C022SMR	C024XHR	C025PCY	C026CBR	C031CQS	C034LJ	LR200116-0001	LR200116-0002_L4_1000002	LR200116-0003_L1_1000787	LR200116-0004_L1_1000734	LR200116-0005_L1_1000735	LR200116-0006_L1_1000736	LR200116-0008_L1_1000738	LR200116-0009_L1_1000739	LR200116-0010	LR200116-0011	LR200116-0012_L4_1000742	LR200116-0013_L1_1000743	LR200116-0014_L4_1000788	LR200116-0015_L4_1000789	LR200116-0016_L4_1000953	LR200116-0017_L4_1000954	LR200116-0018_L1_1000955	LR200116-0019_L1_1000956	LR200116-0020_L1_1000916	LR200116-0021_L1_1000957	LR200116-0023_L1_1001357	LR200116-0024_L1_1001404	LR200212-0001	LR200212-0002
K01711	0	0	0	0	0	0	0	0	0	0	0	0	0	0	0	0	0	1.23529	0	0	0	0	0	0	0	0	0	0	0	0	0	0	0	0	0	0	0	0	0	0	15.6667	0	0	0	0	0	0	0	0	0	0	0	0	0	0	0	0	0	0	0	0	0	0	0	0.980392	0	0	0	0	0	0	0	0	0	0	0	0	0	0	0	0	0	0	0	0	0	0	0	0	0	0	0	0	0	0	0	0	0	0	0	0	0	0	0	0	0	0	0	0	0	0	0	0	0	0	0	0	0
K02897	16.375162	2.193466	1.10307	1.824564	0	160.140597	0	4.047298	0.657895	18.52049	25.461569	0.947368	6.865486	0.243421	9.8624746	0.964912	0.125	111.10137	2.793832	59.179763	2.438592	1.06185	0	7.684452	17.1817522	5.677404	0	38.917194	2.003397	0	1.463686	1.785087	20.337662	12.5421133	0.58233	2.936402	10.702099	10.84728	0.0416667	7.1271794	41.095	10.145372	0	7.618206	51.216589	36.539516	13.604164	0.0285088	7.522511	20.443664	0	3.952942	0	25.799676	4.350832	221.122698	0	2.142542	0.221491	11.687874	35.23022	8.119379	2.3184704	13.517967	25.54315	36.043887	24.113046	4.60526	9.593658	9.33812	0	0	1.173993	0	3.19288	24.234537	9.355079	1.8179865	25.3492	59.318123	121.15802	100.09122	10.401158	46.57502	23.289459	41.881628	65.6731974	35.313564	18.588778	70.20492	31.739366	14.725797	15.681068	21.721792	4.344283	0.328947	0.289474	6.144257	0	3.60088	0.140351	31.144012	0.914474	0.989035	0	3.0816223	11.554827	43.04273	2.111145	2.940763	9.412267	7.484387	4.667024	25.032363	0.802632	4.8114	0	1.669328
K00991	0.287179	0	0	0	0	6.361695	0	0	0	0.4946521	1.0565955	0	0	0	0.297619	0	0	0.715719	0	9.483572	0	0	0	0.308642	0.943784	0.149672	0	0.6322	0	0	0	0	0.441036	0.811111	0	0	0.680525	0	0.096124	0	2.41944	1.618293	0	0.7538463	0.565052	0.666316	0.547192	0	0.25641	0	0	0	0	0.297619	0	7.41059	0	0.308642	0	0	0	0.55232	0	0.769231	4.551533	0	0.25641	0	0	1.559802	0	0	0	0	0	0	0.251282	0	1.05696	0.857143	6.662877	3.019327	3.365838	1.889124	2.689064	1.6389251	0.769231	0	1.274526	7.596035	0.468376	0.769231	1.698861	0.285714	0.25641	0.0170543	0	0	0	0	0	3.626398	0	0	0	0	0	1.08213	0	0	0.401905	1.5676801	0	2.835344	0	4.456669	0	0.287356
K00764	0.2742954	0.0931099	0	1.4391559	0	9.6887572	0	0.821918	0.0856164	8.8218718	2.6587981	0.169492	0.224311	0	0.5076623	0	0	10.8048595	1.369998	8.496003	0.0856164	0	0.199772	1.429585	4.920399	0.2675536	0	1.9153644	0	0	0	0.459085	3.643726	1.1393827	0	0	2.1070236	1.5828936	0.0856164	1.3838369	10.4764388	1.3942954	0	6.8947028	9.3205898	4.7756624	1.5024494	0.552846	0.9771303	3.0490687	0	0.513699	0	0.988765	1.421233	8.444046	0	1.3058804	0	3.0466527	5.1617914	1.3121686	0.918171	1.895665	2.8909624	1.44406	26.6634405	0.7861284	4.4253244	1.18676672	0	0	2.443492	0.18622	0.246305	2.5434468	1.245305	1.5461318	4.09313	8.6220752	13.1266242	23.8352541	3.7995604	7.185187	2.1905954	4.7181406	6.011658	6.700744	6.994998	12.471964	5.1031988	5.4696586	5.4420633	0.714519	0.1141552	0.125	0.3431678	2.093213	0.2682645	0.8504284	0.1558219	1.90982863	0.6088478	0.3334421	0	1.171575	3.37983	2.6885391	1.662839	1.1538246	2.6059654	2.1928458	0.4622654	8.185496	0.0856164	7.6537508	0	0.5271754
K02474	0.4	0	0	0	0	10.984489	0	0	0	6.739315	11.201068	0.133333	0	0	0	0	0.124444	2.4553778	0.397333	0.395602	0	0	0.737298	1.272166	1.214211	1.583975	0	1.483043	2.692713	0	0	0	3.535477	0.265957	0	0	7.038698	2.318422	0.456774	1.296319	0.322581	3.980767	0	0	0	0.133333	3.21329	0	0	7.897723	0	0	0	1.983467	0.13369	1.133403	0	0.133333	0	0	0	0	0.799112	0.133333	0	1.743476	33.37263	0.933334	1.9605135	0.3280003	0	0	2.524777	0	0	0	1.031243	0.561289	1.3633139	1.18125	7.537734	0.623278	0	0.260417	0.604386	0.533333	1.094623	0.392889	4.576447	11.05689	39.4044	58.028102	11.9867988	79.185983	2.578202	12.259394	0.265957	0.800001	9.845253	2.139095	0.793366	0.984889	0.130208	0.132979	0.133333	0.133333	0.323068	0.910567	0.668092	0.265778	0	4.522733	0	12.11548	0.0737778	1.07022	0.0570175	0.723084
K01154	0.410494	0	0	0.269563	0	0.379135	0	0.960218	0	0	0.238095	0	0	0	0	0	0	0	0	0.56893	0	0	0	0.492401	0.4216138	0	0	0.277354	0	0	0	0	0	0	0	0	0	0	0	0	0.0377907	0	0	0	0	0	0	0	0	0.371812	0	0	0	0	0	0.290698	0	0	0	0.381679	0	0	0	0	0	2.271003	2.175731	0.145349	0.26455	0.201018	0	0	0	0	0	1.148415	0.879433	0	0.167785	0	0.778548	0	0.146865	0.140845	1.308642	2.418811	0	0	0	0.206349	1.324157	3.204799	2.200102	0.842529	0.669946	2.20255	0	0.77933	1.1106568	1.10634	0	0.280751	0.139906	0.140845	1.147614	0	0	0	0	0	0	0.619387	0	15.681516	0	8.133443	0	0
K00939	1.352246	2.077069	0.35461	1.06383	0	27.788594	0	0.35461	0	0.458333	8.210559	0	1.471159	0	1.231679	0.3079077	0	13.328166	0.136054	9.1110821	0	0	0	3.019343	4.912503	1.13948	0	6.157284	0.410256	0	0	1.133256	3.968566	1.390075	2.12766	0	0.340136	0.70922	0.345154	0.679171	4.751901	0.96217507	0	2.58101	9.763496	19.322999	2.746756	0	0.532626	3.968902	0	0	0	3.905351	0	35.174512	0	0.91253	0.352246	5.769092	3.226953	3.241522	0	3.634389	5.632564	13.60301	6.755342	2.092153	1.893393	2.77898	0	0	2.48227	0	0	6.860226	0.161994	3.382983	5.328216	5.354133	19.619218	20.036605	7.127824	6.303792	6.269403	12.381062	13.86	3.43026	1.93329	7.618678	6.941857	3.4490991	6.086249	14.4568981	0	0	0	1.054142	0.959811	0.8044581	0.352246	3.382159	1.06383	1.06383	0	3.480731	2.243494	5.698896	1.406234	0.186761	2.76596	3.4299	0	4.526921	0	0.997732	0	0.35461
K01790	0	0	0	0	0	0.895833	0	0	0	0	0	0	0.311111	0	0.567901	0.345679	0	1.48148	0	0	0	0	0	0	0.244444	0.37037	0	0	0	0	0	0	0.439506	0	0	0.740741	1	0	0	0	0.965432	0	0	0	5.54568	10.52214	0.261728	0	0	0	0	0	0	0	0	0	0	0	0	2.572842	1.84444	0.833333	0.62963	0	0	5.78765	2.757256	0	1.11111	0	0	0	0	0	0	0.197531	0	1.209877	0.246914	1	0	2.95308	0	1.239506	0	0	4.43704	0	0	0	0.953086	0.864583	0	1.83333	0	0	0	0	1.150618	0	0	0	0	0	0	0.37037	0.207407	0	0	0	0	0	0	0	0	0	0	0.303704
K09861	0	0	0	0	0	0.177236	0	0	0	0.732903	1.115263	0	0	0	0	0	0	0.204509	0	0	0	0	0	0.243902	0	0	0	0.243902	0	0	0	0	0.483092	0	0	0	0	0	0	0.487805	4.25331	0	0	0.241546	0	0	0	0	0	0.00520833	0	0	0	0	0	0.483092	0	0	0	0	0	0	0	1.09756	0	0	0.752013	0	0	0	0	0	2.41546	0	0	0.200521	0.681301	0	0.698331	0	0.894857	0.160976	0	0.483092	0.245098	0	0.243902	0	0.486644	0.8438	1.576593	0	2.606543	0	0	0	0	0.42735	0.365854	0	0	1.941138	0.483092	0	0	0	0	0.291667	0	0.43252	0	0	0.241546	3.101007	0	1.6087	0	0
K03695	4.4065433	1.5200532	0.5309435	5.1936368	0	46.4407801	0.480769	4.0580758	0.192702	74.4386477	7.0520506	3.0145141	8.133468	0.3103666	4.3958499	19.3338583	0.0520705	84.2257332	4.7911541	202.5833125	0	0	4.6527167	3.5021174	25.4040105	6.3760198	0.1366297	14.5373139	1.8716232	0.513626	2.6615888	4.321992	27.711518	3.5630877	0.1385512	0.106601	9.5212635	16.717072	0.7799576	9.2068427	33.9909169	7.7319842	3.3100046	11.734336	144.2506316	19.1935127	18.2825757	0.119332	3.6431915	12.9831061	0	6.2006059	0.3760421	6.2765358	1.7568124	9.3724452	0.2423332	2.0234073	0.246002	32.6846427	13.3213966	5.5861358	5.0300276	39.9088216	41.9612579	2.4668635	14.0127696	8.8829152	24.788846	3.7689926	0	0.123001	1.336783	0.616627	3.5690934	86.6535196	8.5714315	6.1190228	40.3400606	199.159049	108.76025713	79.518305	67.7446616	97.263886	44.963933	254.517918	163.2872462	59.6431787	25.332627	53.5283874	36.5614414	31.595072	28.2966258	7.7799086	2.5472077	0.5245487	0.123001	7.3517539	0.4145966	1.1859646	1.015019	163.5694511	0.8071354	7.4447413	0.4171882	2.55094144	10.3316876	17.9955131	4.6799904	5.2087851	39.2944143	76.891167	6.7242243	24.5032266	0.3880638	7.7246216	0.779528	0.8220803
K03495	1.2521673	0	0	0.4383874	0	3.00827401	0	1.0036688	0	4.4989816	0.5171543	1.4431958	0.0959693	0	0.377753	0.348432	0	6.3543355	0.348432	8.2991959	0	0	0	1.439491	0.3791013	0.34626388	0.087108	0.3918854	0.087108	0	0.18797	0.258635	1.347035	0.553771	0	0	0.0577473	1.0985976	0	1.120061	4.2885066	0.261324	0	1.8056926	1.935186	0.8208523	0.781415	0	0.0646084	1.12227	0	0.25729	0.0857633	0.0959693	0.093985	1.3016705	0	0	0	3.640341	0.688674	0.5101707	0.205339	1.5525713	1.828925	2.872762	2.2904202	0.3410387	1.1760806	0.2599793	0	0	5.2899369	0	0.3715803	2.1995563	0.7797096	0.172414	0.9312774	1.5010119	3.7949503	10.5921455	0.2477712	3.3392006	0.950252	1.78247	10.1525567	1.69977	1.88261645	7.4651613	5.4208685	0.5519743	0.1817326	0	0.172414	0	0	0.110921	0.0857633	0.174216	1.16021	1.5302767	0	0.148664	0	0.259522	1.233003	2.225353	0.3922676	0	0.087108	0.4707	0.181093	1.6587506	0.081761	0.9045783	0.343053	0.087108
K03778	0	1.23214	0	0	0	0	0	0	0	0	1.178571	0	0	0	0	0	0	0.872789	0	0	0	0	0	0	0.138095	0.00952381	0	0	0	0	1.07143	0	0.27619	0.134524	0	0	0	3.021944	0	0.178571	1.65986	0	0	0	0.40119	0.891667	0	0	0	0	0	1	0	0.755102	0	0.596481	0	0	0	4.275	0.7176876	0	0	0.178571	0.605442	0	0.0964286	0	2.42262	0	0	0	0	0	0	0	1.0528985	0	0	0.15119	0	10.13333	0	4.47381	0	0	12.0881	3.8016995	0.619048	0	0.166667	2.252313	0	0	0	0	0	0	0	0	0	0	0.178571	0	0	0	2.31548	0	0.178571	0	4.35374	0.357143	0	0	0	0	0	0.666667
K03737	16.0151292	3.2439457	1.044923	9.7693436	0.867686	96.798063	0	52.2045316	0.208698	60.733725	15.9205584	6.2585736	7.445496	0.175131	5.956344	8.6485588	0.0437828	157.787114	3.4329867	264.629452	0.1670437	0.2626967	6.994018	53.9030047	9.993121	4.3388707	0	10.5104174	3.3889878	0.08726	4.515045	0.9014869	19.81043	12.487885	1.5821117	1.0873202	6.690477	17.9328474	0	15.1324826	82.976289	1.5675944	1.840978	13.4568746	164.018387	27.1479517	13.315393	0	3.6245202	18.361516	0	7.4645386	0	2.7425782	1.2446401	51.9505199	0.3100179	6.7933494	0.9426487	93.761289	23.5634737	9.8318026	10.185301	10.802812	52.7880095	13.729908	13.682417	26.6579598	71.798774	6.756027	0	0.0875657	2.4775787	1.0084878	3.1442838	25.9202584	4.194845	12.9023225	57.668558	70.367132	59.948663	153.1409105	40.461459	60.7880724	62.0886989	61.822197	187.134418	88.3879297	15.97676	105.7466456	66.1589934	12.186296	7.5870037	3.4198777	2.3254624	0.4066355	0.515996	4.6953267	1.4361711	2.4517305	1.2489851	38.0423357	3.9238998	4.6571035	0.1992688	24.739675	17.155107	19.964976	11.285122	5.423314	64.0103274	16.305202	4.2498435	18.616363	0.4332943	23.4320354	0	3.5731631
K03324	0.0961538	0.657895	0	1.2209438	0	6.3817298	0	0.384615	0	3.0423304	3.9459226	0.3619768	1.085686	0	0.179487	1.8544118	0	0.989474	0.069273	6.4384588	0.2241608	0	0.0961538	0.657895	2.401004	0.713542	0	1.5497766	0	0	0	0	1.0187874	0	0	0	2.04159	0.8331558	0.0839744	0.0961538	1.9496204	0.46358811	0	0.0961538	0.828947	0.4756406	0.2280022	0	0.998052	1.1129758	0	0.0961538	0	0.6068948	0	4.0365995	0.144092	0.0435897	0	0.933043	0	0	0.1923076	1.0324898	4.1922911	0	1.1614776	0	0	0.7787468	0	0	0.0654008	0	0.0551282	0.203648	1.4311398	0	2.1060234	2.937351	10.256823	8.644291	1.9587526	1.7259978	1.3782438	2.6765958	2.4842158	0.0961538	0.6064852	6.613218	2.3537801	1.6302126	2.247432	1.4360268	0	0	0	0.7084581	0	0	0	3.6068676	0.0961538	0.205761	0	0.0160256	1.1789688	2.3882678	0.2789122	0.1794871	0	0.87171511	0.128205	2.0209467	0	0.9259776	0	0.2884618
K00941	0.140056	0	0	0.280112	0	5.4117	0	0	0.136029	1.708252	0.420168	0.140056	0	0	0.280112	0	0	0.140056	0.140056	1.46218	0	0	0.560224	0	0.419234	0.280112	0	0.903509	0	0	0	0	0.280112	0.140056	0	0	0.438842	0.139122	0	0.140056	3.08123	0.140056	0	0.280112	0.979458	0.280112	0.280112	0	0	0	0	0	0	0	0	4.78058	0	0	0	0	0	0	0.280112	4.17647	0.980392	0	0	0	0.280112	0.972923	0	0	0	0	0.699346	0.560224	0	0	0.285559	0.979458	2.91223	1.58263	0.257703	1.12045	0.560224	0.70028	0	0.420168	0.140056	4.447838	0.280112	0	0	0	0	0	0	0.140056	0	0.280112	0	0.420168	0	0	0	0	0.139122	1.65173	0	0.280112	0	0.560224	0.140056	0.409897	0	0.769818	0	0
K03470	0	0	0	0	0	0	0	0	0	0	0	0	0	0	0	0	0	0	0	0	0	0	0	0	0	0	0	0	0	0	0	0	0	0	0	0	0	0	0	0	0	0	0	0	0.794872	0	0	0	0	0.794872	0	0	0	0	0	0	0	0	0	0	0	0	0	0	0	0	0	0	0	0	0	0	0	0	0	0	0	0	0	1	0	0	0	0	0	0	0	0	0	0	0	0	0	0	0	0	0	0	0	0	0	0	0	0	0	0	0	0	0	0	0	0	0	0	0	0	0	0
K02600	0	0	0	1.52157	0	4.650553	0	1.592413	0	6.725126	1.554969	0.510204	0.17301	0	0.209205	0.165563	0	0.761245	0	4.609404	0.17301	0	0	7.917567	1.895663	0.517111	0	0.428112	0	0	0	0.112971	2.028444	0.763797	0	0.165563	0	2.658078	0	0	4.484382	0.695578	0	1.891401	4.78593	1.539024	2.918706	0	0.785126	2.448167	0	0.255102	0	0.683214	0.077278	9.505145	0	0.504136	0	0.498039	0.780498	0.673512	0.765306	0.236395	9.875452	0.255102	3.131788	0	0	0.623237	0	0	0	0	0	0.68257	0.540954	0	5.971119	13.353206	5.661496	24.30194	0	2.997728	0.87774	5.9950174	0.7034754	2.200026	6.978327	0.222222	2.452031	0.713368	1.029235	0	0	0	0	0	0	0	0	1.501531	0	0	0	0.583973	0	2.434056	0	0	3.5802	0.387597	0.17301	1.5631216	0	0.541146	0	0.41841
K01736	0.1384452	0.319488	0	0.6286693	0	6.05383	0	0.479233	0	6.004453	2.4697314	0	0.849584	0	0.339032	0.162866	0	2.839246	0	26.9038025	0	0	0.221512	1.188619	1.920839	0.5743761	0	1.129223	1.535018	0	0	0	1.80939	0.343643	0	0	0.159744	0.0692226	0	0	2.645028	1.5081496	0	3.181768	1.3811518	0.2758018	1.0847634	0	0.275122	3.198311	0	0.800852	0	0.277955	0.503387	11.1328016	0	0	0	1.2797583	0	0.5506909	0.559106	1.31948858	4.388011	0	3.7060754	2.3492185	5.603009	1.77083	0	0	0.4977	0.0841321	0.159744	0.323143	0.743483	0.164004	2.8943902	4.703225	7.19943	7.804699	2.100859	4.8865645	9.1751375	3.464666	12.5964421	2.6748208	1.189642	17.678311	2.207442	0.6981074	0.795612	1.028104	0.159744	0.113951	0.159744	1.513942	0	0.962576	0	5.474262	0.82912	0.802831	0	1.315049	0.498159	4.457391	0.81388	0.415335	1.378547	2.1204	0.3305	4.3433534	0	5.521524	0.159744	0.479233
K08307	0.310706	0	0	0	0	0.121693	0	0	0	0.306748	0.4080648	0	0.306748	0	0	0	0	5.180926	0	0.142857	0	0	0	1.502431	0.455927	0.103343	0	0.153374	0	0	0	0	0.238095	0.530764	0	0.303951	0	0	0	0.0557244	2.704499	0	0	0.153374	3.779541	2.45151651	0.5976326	0	0	0.303951	0	0	0	0.153374	0	0	0	0	0	0.558257	0.274955	0	0	0	0.779394	0	0.295915	0	0.891414	0	0	0	0	0	0	0.911854	0	0.147923	1.06383	0.151976	0.31746	4.033498	0	0.262412	0	0	1.245049	4.315292	0.568182	0	1.17325	0.305726	0.15873	0	0	0	0	0	0	0	0	0	0	0	0	1.592287	0.761277	0.327254	0	0	0.151976	0	0	0	0	0	0.291793	0
K01372	1.104679	0.34965	0	0.223368	0	8.515999	0	0.735294	0.119617	3.567987	6.8417954	0.7961469	0.120773	0	0.480293	0.560624	0	1.4137404	0.265957	15.0122495	0	0	0.160287	0.587014	2.180729	1.2047334	0	1.17834	0	0	0.943396	0.628519	0.669989	0	0	0	1.39017	1.236886	0	0.463673	3.5357341	0.478468	0	3.928812	3.3354552	1.548401	0.878002	0	0.933225	2.202026	0	0.471698	0	0.132979	0.119617	8.336045	0	0	0.239234	0.526316	0.588284	0.0661882	0.598086	4.325362	5.593656	0.472431	5.0430866	0	2.03714	2.3383828	0	0	0.683228	0	0	1.5520732	1.042958	0.287356	1.248517	4.622388	15.67548	12.1916175	5.152973	7.238424	2.992441	4.8484851	5.648495	4.126064	1.915684	6.042129	10.41191	6.4421492	3.991183	1.175319	1.249203	0.120773	0.225595	0.239234	0.971485	0.706739	0	9.352813	0.605836	0.716109	0	0.134543	2.944945	6.438327	2.326367	0.756395	2.816879	2.38236	0.392982	11.795641	0	6.6327551	0	1.9812324
K03686	0.148368	0	0	0	0	4.02275	0	0	0	1.37784	0.445104	0	0.522255	0	0.148368	0	0	0.148368	0	56.6113	0	0	0	0	1.01682	0.147379	0	0	0	0	0	0	0.593472	0.148368	0	0.148368	0.296736	0	0	0.148368	0.362018	0	0	0.63996	0.197824	0	0	0	0.111771	0.148368	0	0	0	0	0	2.34224	0	0	0	0	0	0.41543	0.264095	0.296736	0.442136	0.148368	0.265084	0.148368	0.473788	0	0	0	0	0	0.148368	0	0	0	0.295747	0.70821	1.57072	0.78635	0	1.32443	0.148368	3.02275	0	0	0.148368	0	0	0	1.32938	0.138477	0	0	0	0	0.148368	0	0	0.246291	0.116716	0.265084	0	0	0	0.215628	0	0	0.148368	0.532146	0	1.48368	0	0.14639	0	0
K00297	1.2531921	0.176678	0	0.549296	0	16.013907	0	1.05889	0.176056	4.674403	2.708535	0.176056	0.265258	0	0.625441	0.761325	0	10.614894	0.236967	9.295536	0.36193	0	0	1.749118	2.692365	1.741212	0	3.250235	0.176056	0.0883392	0	0.267373	1.465123	1.251436	0	0	0.7121992	2.145375	0	0.353357	3.814336	0.733677	0	0.312727	6.011012	3.345416	1.0101804	0	1.330607	3.1369406	0	0	0	0.5677598	0	17.627898	0	0.176678	0	2.239594	0.872792	1.584573	1.231438	0.389313	1.376882	2.808783	10.7888388	0.705469	2.583912	0.4323525	0	0	2.794778	0	0	1.739343	0.970786	0.935218	2.997959	4.713818	7.528383	14.056417	3.146353	4.6042754	3.382892	0.9490264	8.327986	7.89281	4.165548	11.493113	5.945219	3.973929	1.663344	0.963121	0.2528838	0.176056	0	0.433099	0.530035	0	0	9.951099	0.634865	0	0.590376	1.590107	2.316844	4.782621	2.165992	0.363144	2.47232	0.185874	0.671237	5.759264	0	5.811612	0	0.530035
K04567	5.147232	0.917894	0	6.8691	0.286533	30.415341	0	3.041019	0.283554	14.6903192	15.810649	0.984404	2.379559	0	2.660644	1.916435	0	38.1952524	1.034298	26.57076	0.570252	0.189036	0.2709135	5.1474383	7.8689694	2.2819038	0	13.888419	0.572247	0	0	0.520178	4.2711806	3.264798	0	0	1.8250115	4.369794	0.101246	1.476276	18.1657534	1.2744085	0.666984	1.9698305	35.4582318	19.3197654	5.7790759	0	1.740123	7.1348503	0	1.497206	0.189036	3.532739	0.286533	47.458252	0	0.7579722	0.659624	5.2362151	4.360728	5.3445164	0.365068	5.606378	15.652544	0.094518	11.368931	2.0029225	8.6656884	4.6466064	0	0	0.567108	0	0.726317	5.086027	1.6559174	5.526878	14.4555327	18.8677886	35.678129	26.1652392	24.7232284	11.5620967	12.787077	16.924025	36.6842044	9.4419505	2.9504076	22.799794	16.3186706	7.5363395	3.945661	3.4447992	0.9901	0.181818	0.094518	0.5378012	0.415005	2.039454	0	10.744203	0.143266	0.9743	0	1.811036	1.4086924	7.638699	2.7431144	1.11188	6.734307	5.0550474	1.8442504	6.4002648	0	1.9868886	0	1.1543152
K01924	2.649269	1.03341475	0	5.9893788	0	17.9994186	0	2.922578	0	4.67078	9.2909428	1.409836	1.607439	0	1.464796	0.122249	0	24.8360946	0.268448	45.2008318	0	0	0.611247	3.9838495	7.962209	1.41409	0	4.349237	0.607172	0	0	1.095354	4.7836141	2.679721	0	0	4.07479	1.3691938	0.122249	1.5489097	13.7291356	4.101175	0	4.022538	20.820223	9.8118636	1.9508555	0	2.6154928	6.334068	0	0.2078236	0	1.182825	0.244498	15.833781	0.153374	0.70823	0.121434	6.051544	2.2638222	0.733495	1.9356144	0.9956226	9.6902979	2.631619	4.7508876	0.855745	11.1025508	5.4392808	0	0	0	0	0	6.129622	2.2560146	1.411413	9.926803	13.883543	18.338992	34.5211669	12.800115	11.8314291	9.94871	7.4683788	28.2407018	11.334248	2.480899	32.5791555	9.139585	9.7813453	6.9337	1.657697	1.1731966	0.3105137	0.1872418	0.828614	0.122249	0.956774	0.692149	22.468841	0.807661	1.077127	1.343928	3.883154	9.840433	14.9853117	3.762	3.499407	6.4956709	5.015684	2.6274006	17.100066	0.488997	6.47075	0.122249	1.2332583
K01613	8.071289	0	0	1.78295	0	31.887245	0	2.048648	0.136937	10.725654	14.549546	0	2.783168	0.612546	1.296902	3.374241	0	58.241785	1.35135	64.638779	0	0	0	5.02116	21.726244	1.806281	0	9.356844	1.144144	0	0.500901	1.6284972	9.938381	0	0	0.757576	6.276338	3.731355	0	2.523	18.021271	3.694516	1.07928	2.987385	34.853656	13.836398	2.510901	0	4.029315	3.472476	0	0	0	4.3140727	0	32.540221	0	0.679279	0.491892	7.192166	9.85484	1.325672	2.015338	0.32072	13.663091	6.43423	22.5271026	2.0716719	5.387249	3.24865	0	0	0	0.700901	0.23964	3.804617	0.954681	3.740295	12.789454	17.266138	25.279654	23.5175919	5.21213	15.149821	11.456881	10.190629	26.783973	25.300157	5.823586	43.8546222	9.778593	0.664277	7.646238	1.169055	2.6973	0.27027	0.27027	1.1287273	0	0	0.27027	24.780715	0.27027	0.106306	0	2.1027	11.2233198	18.011508	2.41441	3.680771	11.119533	7.416216	1.329729	11.250437	0.538738	3.918028	0	4.098252
K03625	0	0	0	0	0	2	0	0	0	1.900709	2.957442	0	0	0	0	0	0	0	0	5.23404	0	0	0	0.503546	2	0	0	2.20567	0	0	0	0	0	0	0	0	0	0.546099	0	0	0.971631	0	0	0	0	0	0	0	0.64539	0.992908	0	0	0	0	0.624114	15.0922	0	0	0	0	0	0	0	0	3	0	0	0	1.879433	0	0	0	0	0	0	0	1.90071	0	0.297872	1.546099	7.091258	5.462884	0	2.20567	0	0	0.893617	0	2.06383	0	5.32625	2.710229	0.524823	0	1.77305	0	0	2	0	0	0.64539	2.29078	0	2.127657	0	0	0	7.531911	0.425532	0	0	0.680851	1.602837	17.297869	0	2.87943	0	0
K02338	0	0	0	0	0	0	0	0	0	0	0	0	0	0	0	0	0	0	0	0	0	0	0	0	0	0	0	0	0	0	0	0	0	0	0	0	0	0	0	0	0	0	0	0	0	0	0	0	0	0	0	0	0	0	0	0	0	0	0	0	0	0	0	0	0	0	0	0	0	0	0	0	0	0	0	0	0	0	0	0	0	0	0	0	0	0	0	0	0	0	0	0	0	0	0	0	0	0	0	0	0	0	0	0	0	0	0	0	0	0	0	0	0	0	0	0	0	0
K01756	5.379454	0.754386	0	0.347535	0	41.951513	0	2.5046387	0	12.501714	6.570973	1.62907	0.970221	0	2.694832	3.3518597	0	30.2740525	1.177622	44.467572	0.555004	0	0.501253	4.416142	5.552615	1.933732	0.125313	13.333969	1.843209	0	0.250626	0.2113615	5.01699	3.480643	0	0.659775	1.672828	5.1867252	0	2.286036	22.228934	0.584273	0.583125	2.374136	22.215496	10.2991851	3.1186943	0	2.426213	5.257528	0	2.991957	0	1.45021	0.6842105	32.495419	0	1.323621	1.1640272	14.8079405	10.100185	4.204304	3.247132	9.031047	9.645855	6.8501431	11.351355	3.692251	9.88136	4.3123878	0	0	1.07853	0.537176	0.125313	5.973766	10.35215	2.118784	10.571341	19.3144191	33.243598	25.994181	7.082374	11.599546	23.497261	6.9219005	24.848824	18.394248	6.2018113	51.6742	13.92153	5.615099	8.0453819	1.6750245	2.298576	0.658418	0	4.932425	1.762113	0.501253	0.2113615	28.70323	2.169489	1.14678	0.250627	4.454336	5.764094	10.765079	3.766168	2.741519	22.85769	4.8161127	1.590631	6.325283	0	4.754699	0	0.501254
K03977	2.161657	1.1194273	0	0	0	1.9078085	0	1.297396	0	2.00906	1.136609	0	0.75945	0	0.5953611	1.266468	0	30.97898	0	0.2311	0	0	0	5.395475	1.749284	1.550874	0	0	0	0	0.514605	1.1955599	3.939262	3.85739	0	0	0	1.25888	0	0.38488	8.170015	0	0	0.385739	23.06091	9.5357599	0.930919	0	0.6036734	2.636417	0	0.3336232	0	1.570022	0.28866	0.256873	0	0.6821309	0	3.620295	5.04303	0.5257734	0.643471	1.25773	0.763177	3.39533	0.8618291	1.344502	5.076857	0	0	0	2.43478	0	0	4.084193	0.0979381	1.996286	3.987691	1.979011	3.1391032	19.816187	0	3.065431	0	0.305842	12.291342	7.37823	0.773196	0	3.54955	2.674285	0.12987	0	0.590206	0	0	0	0.38488	0	0	0	0	0	0	2.942626	0.645479	0.256873	0.128007	0.12987	1.235117	0.116838	0.128007	0.128007	0	0	0	0.128007
K00656	7.8138432	1.0286842	0	3.6344807	0.0433953	76.9051166	0	14.4776203	0	26.5987597	6.7517024	1.4035442	5.17841	0.142585	6.4507618	2.4878971	0.2103	87.210719	2.4950683	110.8986442	1.1545598	0	0.6900396	32.9921508	13.519077	5.188555	0	29.2871097	14.3599128	0.338757	1.9554331	1.7991063	16.7902048	5.1454258	1.4734509	1.3427557	2.900158	7.6217848	0.153553	6.7325466	64.177497	1.418448	0	9.625821	65.915374	37.14528	11.5793066	0.0157368	4.2944942	31.9558164	0	5.1756049	0.0715308	6.011938	1.3355864	61.1356708	0.3322394	4.5638979	1.215416	41.1675777	28.5721598	19.5407912	7.5072062	11.4987358	60.62835	29.038883	10.0127422	6.0513298	22.8204669	8.7084401	0.143062	0	3.9391958	1.27628	1.4699724	19.877631	3.10116308	10.8199616	34.6377252	45.6676747	54.5979034	88.4363724	26.4965135	20.8894709	23.125434	21.498364	38.4775021	71.9648971	16.5501839	32.1341346	51.199864	13.9258128	7.3755123	7.0505219	6.3159087	0.400518	0.2703868	2.9488728	1.2156994	2.922989	1.1860206	35.6505599	6.232515	0.5002398	23.8086	23.5944938	11.0596066	15.412285	2.3874726	1.572708	18.7288367	5.9567872	6.4217661	15.4867174	0.2861236	8.3395972	0.1875398	4.3588986
K00789	9.010631	0.658019	0	3.820021	1.1811	41.028917	0	4.759965	0	21.717122	9.934624	0.0909886	3.301665	0	1.5131445	0.945204	0	36.3116824	2.097597	54.706442	1.089903	0	0.656168	3.96678	4.655405	0.9021055	0.131234	9.3595585	1.846889	0	0	0.163605	5.6382987	2.911727	0.131234	0.262467	6.087486	6.269261	0.469197	3.602214	33.29734	1.5840955	0	2.789678	21.385765	9.441692	2.635306	0	2.396742	8.8115834	0	1.3210843	0	1.751128	1.131234	78.517262	0.131234	0.3326434	0	7.690242	9.265403	5.6119796	1.049509	7.971281	8.776446	10.958008	6.1961613	4.331617	10.182412	4.067808	0	0	3.940695	0.304233	0.787402	8.206268	1.234516	2.242472	8.868947	16.079561	32.2223739	38.511402	19.3876215	17.066532	24.628612	18.892848	28.5870564	24.660831	2.444753	44.680084	8.8693967	4.1636258	5.122593	5.159329	0.655294	0	0	3.6208	0.198718	0.384615	0	28.957132	0.8526651	0.744532	0	3.864892	3.624594	10.3472781	4.9048188	1.956744	8.136262	4.7460511	2.410823	9.431183	0	4.3938457	0	0.9082673
K01658	0	0.357143	0	0	0	1.352381	0	0	0	0.557143	1.7785723	0	0	0	0	0.714286	0	3.179766	0	4.938099	0	0	0	1.076191	1.7238096	0.357143	0	0.714286	0	0	0	0.211905	1.428572	0.135714	0	0	1.639612	0	0	2.138093	1.1166671	0.357143	0	0	1.25	0.935715	0.7166669	0	0	0	0	0	0	0	0	3.14123	0	0	0.254762	0	0.357143	0.247619	0	0	0.745239	0.357143	0.326191	0	0	0.357143	0	0	0	0	0	0.611905	0	0	0.47381	3.897621	1.4666671	1.99762	0.357143	0	0	0.807143	0.6666669	2.428572	0.338095	2.911905	0	0.535714	0.602381	0.138095	0.335714	0	0	0	0	0	0	1.940475	0	0	0	0	0.3619047	1.733333	0	0.357143	0	0	0.478572	1.7381	0	0	0	0
K07322	1.208178	0.185874	0	0	0.0619579	21.328535	0	0.156134	0	0.66171	11.62809921	1.41533	1.840148	0	1.523007	1.032218	0	4.939274	0	9.0929069	0.183395	0	0	0.557621	11.364651	0.756362	0	9.0137707	0.185874	0	0.415118	0.364964	1.512946	3.181449	0.743494	1.11524	3.818218	2.314076	0.185874	1.724558	3.50717	11.188387	0	5.057097	3.927804	12.397998	1.585514	0	1.840974	1.387559	0	0.384615	0	4.635989	0	10.199112	0	0.185874	0.371747	1.760674	0.925651	1.317854	0.19206979	0.928177	3.277165	2.4399	15.370609	0	2.281954	1.619292	0	0	0.379487	0	0.185874	1.726536	1.900827	0.679059	1.4381572	4.031401	13.674681	7.140455	4.720804	3.467413	1.910547	2.935529	4.256156	3.454967	0.657613	6.084158	2.0326904	6.2397265	10.469193	4.0024465	0.674378	0.384615	0	1.747688	0	3.4883	0.941026	7.581503	0.953799	0.3992183	0	0	1.470552	10.602534	1.525598	1.521858	0.4671621	2.0569	0.185874	9.642868	0.384615	11.62068	0	0.174359
K07085	1.7137294	0.3267566	0	0.454545	0	8.2212258	0	0.1495809	0	3.697128	3.9039898	0.5842538	0.6763378	0	0.3868472	0	0	9.1847868	0.519866	26.537028	0	0	0.580272	0.868988	3.3646063	0.7709048	0	2.3899474	0.2160438	0.386848	0.193424	0	0.5422306	0.880078	0	0	1.0005092	2.293899	0	1.0667598	7.5069096	0.4261768	0	1.353321	11.5077189	2.0711812	2.1855861	0	0.77305	2.5758686	0	0	0	0.6552656	0.0967118	9.9980591	0	0.7266854	0.0967118	1.3275306	1.373952	1.238721	0	1.675694	8.3875098	4.3061758	2.3313021	0.7736948	1.4118625	1.1592524	0	0	0	0	0	4.1077786	0.8459608	0.471954	5.778881	8.3859008	15.405052	16.8625396	1.377968	4.68628	3.7898168	5.2482878	6.6021928	3.604008	1.8705204	9.4023213	3.8298968	1.4624526	1.6707006	0.265635	0.5125731	0	0.0967118	0.0967118	0.0960671	1.6211738	0	6.7716526	0.5802708	0	0	0.5564158	1.802222	4.2823958	0.6790636	0.6786574	0.205029	0.5082062	0.193424	4.8414075	0	1.0478181	0	0.1508704
K03439	0.174383	0.231481	0	0	0	11.632389	0	0	0	2.588706	6.35266	0.686728	0.160494	0	0	0	0	6.605416	0.462963	6.6461857	0.231481	0	0	3.058911	13.331083	0.779321	0	6.077898	0	0	0	3.32223	0.759973	0.692901	0	0.458537	1.098765	0.368827	0	0.015361	5.063476	2.039679	0	1.6129	4.13889	10.2207937	1.30245	0	0	1.685662	0	0	0	2.684399	0	16.434165	0	0.412037	0	0.828459	1.89043	0.9542454	0.231481	2.873564	1.199353	1.97994	29.539929	0.231481	1.748277	1.503312	0	0	2.370673	0	0.231481	4.307097	1.341157	0.231481	0.750319	3.7433018	6.552138	5.645644	3.284499	2.8037049	1.698598	3.547199	4.068379	2.66049	1.787207	5.481366	2.75304	6.407636	8.744755	2.4513417	0	0	0	0.462962	0.19187	0	0	3.191344	0	0.462963	0	0.229938	0.694444	2.040893	0.316358	0.2321571	1.235432	1.229753	0.12963	5.82687	0.220264	2.6832503	0	0.381172
K02426	1.277154	0	0	1.505622	0.220974	3.94007	0	3.29496	0	0.397004	2.635109	0	0	0	0.101124	0	0	5.0412	0	13.902609	0	0	0	2.277155	3.5217014	0	0	3.787969	0.561798	0	0	0.9288392	3.917608	0.961994	0	0	1.564882	1.685394	0	0.490636	6.7444067	1.370787	0	0	14.268252	9.742118	1.820224	0	0	0.561798	0	0	0	0.59176	0	8.927771	0	0	0	1.68539	1.479401	1.123596	0.187266	2.760298	4.239705	4.175418	4.037292	1.816476	2.224718	2.704118	0	0	0	0	0	3.2996303	0.439807	1.09738	1.558053	1.35206	9.794005	17.228941	3.408238	2.692886	1.958803	2.625467	11.666682	5.408138	1.819304	10.715971	3.315594	2.187266	3.792937	6.561793	0.247191	0	0	0.561798	0	0	0	3.595501	0.561798	0	0	1.123043	8.692883	3.239699	0.247191	0	5.45318	0.322097	0	1.674158	0	0.2397	0	0
K01627	0.2643676	0.246305	0	0	0	13.727994	0	0.246305	0.492611	2.180624	3.619257	0.0788177	0	0	0.246305	0	0	5.529548	0.246305	3.538799	0	0	0	0.300493	1.794745	0	0	2.974758	0.305556	0	0	0.246305	1.573995	0.972085	0	0	1.210181	1.262725	0	0	4.3301201	1.382807	0	0.725168	4.602623	4.4230541	0.737274	0	0.513957	1.19335	0	0.091954	0.595238	2.1699468	0	17.866862	0	0	0	0.392447	0.916256	0.246305	0.305419	1.876847	3.190076	2.0624	4.2282385	0.619048	2.096678	3.314174	0	0	0.684729	0	0	1.724137	1.541233	0.45156	1.372742	5.6624579	9.188394	3.9714053	2.663378	0.96059	2.857538	4.466657	4.444014	3.070606	2.002616	10.64655	2.409677	1.095238	5.861288	0.246305	1.977039	0.213465	0	1.3214495	0.246305	0.683086	0	3.437813	1.12644	0.479475	0	1.23153	0.668308	3.773642	1.060756	0.49261	0.128079	0.377668	0.985221	4.214498	0	0.725169	0	0.246305
K03502	0	0	0	0	0	0.8478907	0	0	0	0.372959	0	0	0	0	0	0	0	0	0	0	0	0	0	0	0.218579	0.0275132	0	0	0	0	0	0	0.323122	0	0	0	0	0	0	0	0	0.334395	0	0	0	0	0.437398	0	0	0.0618632	0	0	0.455556	0	0	2.2836676	0	0	0.172673	0.218818	0.172137	0	0	0	0	0	4.12445	0.218818	0.217613	0	0	0	1.374418	0.218818	0	0.109409	0	0	0.109409	0.660232	0.40706	0.739837	0.225225	0.3846768	0.109409	0.2072337	0	0	0.722868	0.330954	0.901754	1.584692	0.845886	0.4074638	0	0	0	0	0	0.225225	0	2.052962	0	0	0	0	0	0	0.224474	0.239957	0	0	0	0.277778	0	1.32023	0	0.461152
K00548	1.279733	0.17321	0	0.325203	0	12.3357674	0	2.7631266	0.17321	6.2639317	4.32679673	0.0813008	2.1423388	0	0.4571972	0.206612	0	7.7955604	0.1154734	26.2860975	0.3610833	0	0.925492	1.3557216	1.450628	0.8666962	0	3.4911598	0.0577367	0	0	0.41878	3.6445959	0.606582	0	0	1.3249792	5.1938608	0	1.0039159	7.3973343	3.9867427	0	4.2118989	7.5976416	0.8817637	3.4777642	0	0.7822335	4.2071536	0	0.1693606	0	1.1046998	0	14.1558848	0	0.5939491	0.4611095	1.5652593	0.229022	1.4037832	0.7447555	3.2692534	6.674215	1.1817394	21.0444902	1.2018731	1.376316	1.1066605	0	0	1.7618503	0.2509978	0.2309464	3.51653	3.2004133	0.45479976	5.0803467	16.6562048	21.582147	14.9670499	9.2948147	10.3512144	2.8801547	4.4163765	5.0526734	5.6050642	7.3744628	24.9158203	21.0137426	7.338257	11.8632282	2.9592868	0.7683723	0.1678217	0.7615787	0.699664	0.3131818	1.174014	0.7390795	6.8280255	0.7632793	1.5538107	0	0.365901	2.5066738	3.1508972	0.6928533	0.7619323	4.6620699	2.9254413	0.4166907	33.602531	0.167052	23.1542027	0	2.8839882
K06287	0	0	0	0	0	2.53968	0	0	0	0	0	0	0	0	0	0	0	0	0	0	0	0	0	0	0	0	0	0.337838	0	0	0	0	0	0	0	0	0	0	0.210145	0	0	0	0	0	0.724638	0.903382	0	0	0	0	0	0	0	0	0	0.944444	0	0	0	0	0	0	0	0	0	0	0.97619	0	0.362319	0	0	0	0	0	0	0	0	0	0.362319	0	0	0.68254	0	0	0	0	0	0.724638	0	0	0	0	0	0	0	0	0	0	0	0	0	0	0	0	0	0.362319	0	0	0	0	0	0	0	0	0	0	0	0
K03215	1.789698	0.215517	0	0	0	9.724696	0	1.099205	0	1.76257	2.880036	0.215517	0.695413	0.215517	0.61268	0	0	10.105077	0	10.1716406	0	0	0	0.41393	2.4611111	0.654001	0	3.5273314	0	0	0.202586	0.41393	1.747267	0.834241	0.589799	0	1.211666	0.204023	0	0.214799	5.00832	0.98411	0	0.127551	7.917914	4.992879	0.781708	0	0.498716	0.537661	0	0.450811	0.147493	0.676724	0	8.337589	0	0.107759	0	0.215517	0.7279519	0.4132643	0.747845	1.538283	2.092231	1.513806	2.62803	0.215518	1.6688212	0.812665	0	0	0	0	0.323276	1.651583	1.904194	0.803761	2.756355	3.829104	10.546138	9.77555	0.323276	2.974033	2.408769	4.040344	4.968606	3.032492	1.011343	9.935756	3.253269	1.677699	2.517568	0.6765293	0.107759	0	0	1.307764	0.115207	0	0.107759	8.308942	0.523582	0	0	1.284003	2.814063	4.729819	0.645833	0.3404529	0.661376	0.565343	0.353449	2.9321373	0	3.658245	0	1.2507662
K04084	3.2377114	0.582807	0	2.095625	0.182051	30.304223	0	2.074855	0	7.5111811	5.1656111	0.0769231	2.6050045	0.152278	2.38718	1.4250362	0	15.9739513	0.439529931	31.2773984	0.4009044	0	0.5625512	3.585055	5.1297628	3.0831632	0	6.4257563	0.5379491	0	1.197228	0.236967	5.6781332	2.4965881	0.727273	0.153846	4.3148626	4.4902101	0	1.3850601	16.0333892	2.3454604	0	1.8935202	26.9153281	6.5132096	4.8916972	0	1.6675064	10.9839971	0	1.1185302	0	3.8262602	0.230769	29.710538	0	1.5057127	0.5253531	10.84513	3.583559	4.372139	1.1627762	2.834504	10.333302	5.369711	8.2014292	5.3811201	7.8187119	2.298195	0	0	1.5058881	0.0769231	0.3767763	2.2033876	3.253537	0.9037695	13.4734381	19.1162332	50.5522341	46.441444	3.7391593	20.2423456	9.8283341	20.7657581	34.1310746	15.5544031	4.9016779	27.2866321	10.7421984	5.8383272	4.2316314	2.8428951	2.142635	0.1225122	0.0818505	2.9454372	0.3965019	1.1941488	0	27.4332081	0.2838606	0.952888	0.587571	7.3255731	4.0887781	10.685174	1.0780551	0.6269164	6.0023571	5.9289153	0.7328961	8.1708742	0.236967	2.7422717	0	2.3296713
K03584	0.260355	0	0	0	0	0.719191	0	0	0	0	0.25	0	0	0	0	0	0	0.941041	0	0.75	0.25	0	0	0	0.25	0.97619	0	0	0	0	0	0	0	0	0	0	0.320513	0	0	0	1.135907	0.956242	0	0	1.337401	0.2464352	0	0	0	0	0	0	0	0	0	0.25	0	0	0	0	0	0	0	0	0.545858	0.479886	0	0	0	0.463333	0	0	0	0	0	0.147569	0	0	0.545858	0.68	1.604846	0.745931	0	0.167598	0	0.741913	0.271667	0.591716	0	0	0.17103	3.95238	3.545661	0	0.37037	0	0	0	0	0	0	0	0	0	0	0	0	0.557638	0	0.25	0	0	0.136667	1	0	0.516579	0	0
K15977	0	0	0	0	0	2.730739	0	0	0	1.68825	5.32374	0.357314	0	0	0	0	0	2.81535	0	4.31655	0	0	0	0	0	0	0	0.359712	0.357314	0	0	0	0	0	0	0	4.2542	0	0	0	7.38994	0	0	0	0	0	0	0	0	0	0	0	0	0	0	2.252134	0	1.07194	0.426791	1.07674	0	0	0.714628	1.79856	0.714628	0	0	0	1.07914	0	0	0	0	0	0	0	0	0	4.98048	0	0.824604	1.43405	1.42926	8.247	18.55678	2.50839	1.07674	0	1.07434	0	1.76499	2.84771	0.717026	0.714628	0	0	0	0	0	0	0	8.36404	0	0	0	0	0.714628	5.3789	0	0.46729	0	0.359712	0	1.07674	0	1.124408	0	0
K01803	2.1902645	0.460234	0	2.1311563	0	28.787127	0	1.93926	0.165913	6.1652986	6.5893928	0.287816	4.102934	0	1.9661404	1.1866638	0	13.1034398	0.4961717	14.7713679	0	0	1.2116046	1.4291815	3.1623644	0.5373125	0	5.4113358	0.100074	0.15083	0.681488	0.2262444	1.7310166	1.38964	0.2269335	0.3016588	1.9733999	2.038427	0.144737	2.5104263	9.869864	0.8314993	0	1.768495	6.9505941	5.3715444	1.9249628	0	2.3459006	3.8669004	0	0.9087478	0.0754148	1.2274313	0.109649	28.831809	0	0.3667023	0.2276218	5.179954	0.670661	2.7888976	0.6033188	6.6715594	4.896158	17.309839	3.3051934	1.1488705	6.221979	2.1867911	0	0	0.421387	0.110375	0.73246	5.3060128	0.8180153	0.6794223	7.9093325	12.1974918	17.182065	16.3483534	4.787609	6.7109921	7.2147658	12.8192108	9.174523	3.998751	3.932377	19.663769	5.1482308	2.4406912	3.0279888	3.6319634	0.371581	0	0	2.0669916	0.296286	1.1218332	0.3935185	6.9778418	0.4857733	0.681323	0.0761035	1.6647978	3.1521986	6.4746063	0.8262563	0.9423186	2.4418506	1.9388974	1.0233425	22.7311133	0.1571034	1.186282	0	0.4910656
K05515	0.3203195	0.45283	0	1.51619	0	10.970183	0	0.268817	0	3.9077115	1.0632471	0.2406764	0.162602	0	0.1605339	0.852646	0	18.0378842	0.4628478	12.148041	0	0	0	2.475154	3.1444705	1.0978746	0	2.2332675	0.0813008	0	0	0.7504	1.823793	2.5600564	0	0.31746	2.403519	1.746843	0	0.7666251	4.747456	0.7895753	0	1.2672856	13.9166758	2.1908344	1.1256933	0	0.2406764	2.3697664	0	0	0.537634	0.5823595	0.15368	6.4329185	0	0	0	3.51434163	0.8384096	0.3973426	0	1.8183	6.054616	2.4346003	2.907659	1.4826343	3.762818	1.6935525	0	0	0	0	0.0786164	3.1153595	0.493914	0.7440665	2.7305774	4.034821	9.441373	13.387301	3.4087254	1.90057828	0.8391931	1.6762765	15.3017153	2.261019	0.8300016	11.153031	2.3594402	1.7773734	1.446561	0.6831658	0	0	0.0566038	0.405186	0	0.608153	0	5.4935385	0.3409604	0	0	0.1709333	3.849053	1.4456757	0.1599172	0.2433972	2.674573	0.5955746	0.249725	4.195125	0	0.5912655	0.222802	0.1597852
K11717	5.6431628	1.097405	0	42.942249	0.424929	25.9547646	0	13.359973	0	19.2427634	9.5683071	2.586416	3.990688	0	2.7055177	2.019242	0.280899	53.389691	1.729847	84.7595985	0.228464	0	1.890167	9.328825	9.837638	3.609872	0.137741	3.88181	2.269343	0	2.40095598	2.6129279	11.840594	9.292245	0.252874	1.252341	1.0404485	7.478306	0	4.354351	36.7749569	0.485277	0	9.7275842	61.851263	10.5959045	5.6837046	0.280899	1.289684	14.9346171	0	1.038327	0	3.82701	1.225722	10.449592	0	0.282092	0	16.151109	3.440781	7.862133	2.1297794	18.185798	31.849998	5.258123	5.051262	8.746692	8.9842668	5.985817	0	0	0.222846	0.2603	0.702247	32.435386	8.1741154	2.432353	34.718705	57.865186	41.486885	105.432442	7.020601	16.920971	17.910694	20.977861	51.4406927	21.311798	5.7537834	44.587053	14.59278	4.216525	3.085326	0.5810388	1.496163	31.4204341	0.933333	3.507677	1.6191667	1.238658	0.2363506	18.49195	0.5309316	2.100383	9.143502	3.3277822	6.5084356	6.7579395	1.2072947	14.41615	19.6210757	5.938545	1.191858	7.983118	0	2.896916	0	1.279579
K00645	0	0	0	0	0	0	0	0	0	0	0	0	0	0	0	0	0	0	0	0	0	0	0	0	0	0	0	0	0	0	0	0	0	0	0	0	0	0	0	0	0	0	0	0	0	0	0	0	0	0	0	0	0	0	0	0	0	0	0	0	0	0	0	0	0	0	0	0	0	0	0	0	0	0	0	0	0	0	0	0	0	0	0	0	0	0	0	0	0	0	0	0	0	0	0	0	0	0	0	0	0	0	0	0	0	0	0	0	0	0	0	0	0	0	0	0	0	0
K04066	0.257264	0	0	0	0	4.9589328	0	0	0	1.0434342	1.0290083	0	0.3876743	0	0	0	0	3.7181266	0	4.3862925	0	0	0	0.651101	1.3005422	0.139082	0	2.418778	0	0	0	0.0678426	0.135685	0.5622246	0	0	0	0.621476	0	0.069541	4.4428423	0.089172	0	0	2.922162	1.453811	0.8272996	0	0.0868056	1.2802173	0	0	0	0.1674753	0	3.4477406	0	0	0	0.458669	0.222546	0	0.5685666	0.290597	5.8849053	1.244652	1.78986	0.784231	0.855019	0.3065849	0	0	0	0	0	0.4337406	0	0.1101036	1.0843309	1.9842044	3.6124642	4.6463679	0.339213	2.1088806	0.490032	1.210663	3.5348548	1.264793	0.382041	2.7414646	0.7719976	1.624569	0.8500009	0.0157626	0.208623	0	0.069541	0.124688	0	0.139082	0	4.245631	0	0	0	1.045564	0.541753	1.960973	0.0653686	0.233645	0.7970304	0.681261	0	0.775132	0	0.3269639	0	0
K04075	1.105685	0	0	0.378307	0	0.274623	0	0	0	0.6858431	0.736282	1	0.244881	0	0	0	0	2.477562	0.381679	6.60033	0	0	0	0.519675	0.839582	0	0	0.36855	0	0	0	0	0	0.12285	0	0	0.12285	0.63908	0	0.0573301	1.892917	0.334714	0	0	4.2316491	0.984886	0.2457	0	0.390206	0.7494457	0	0	0	0.8060141	0	1.268095	0	0.12285	0	0.396825	0	0	0	0	2.525981	2.00573	1.638498	0.0671736	0.42735	0.526652	0	0	0	0	0	1.2915611	0.198413	0	1.7654	2.054602	3.9370321	3.2786356	2.262292	1.185531	0.733006	0.12285	1.343872	0.8257243	1.34443	2.00082	1.104281	0.798735	0.12285	0.930385	0.12285	0	0	0.12285	0	0	0	3.086211	0.4914	0	0	0.2457	0.396825	0.347832	0.361382	0	0.822277	0.4915061	0.0540541	0.453381	0	0.12285	0.0827191	0.763876
K09015	4.1930116	3.668012	1.11019	0.27933	2.854795	28.2678723	0	11.716128	0	21.3213756	5.059315	0.752931	6.4845778	0	3.29583	1.78244	0	62.73598	1.8660914	79.231028	0.766654	0	0.771356	11.7036564	13.4002135	4.8072573	0.125628	7.273968	1.096249	0	0.632911	6.403417	12.033389	12.686654	0	0	6.9816022	8.706376	0.251256	5.470471	54.559313	1.726909	0.480737	2.280566	68.452048	13.704888	11.189168	0	1.0315594	6.669837	0	4.930722	0	5.1192624	0.353938	16.532181	0.251256	1.688967	0	19.666096	3.6879348	8.198885	1.793241	6.747879	23.1229633	3.2495693	6.2211	5.680498	24.4241958	5.283427	0	0	3.6140071	0.251256	2.129397	18.9843099	7.7975225	7.064146	27.786674	40.0356899	53.6456231	156.1217584	10.257116	23.5414162	12.188709	31.2547245	108.069639	36.846693	6.42709965	32.961422	13.375642	15.335053	6.0612379	3.30926	2.943191	0.455345	0	6.4702876	0.72278	0.859834	0.889029	39.0760885	1.39994	1.0531662	0	7.9314	16.699672	6.329433	4.927245	2.9274776	28.1937991	8.383881	2.937015	20.4781308	0	8.0991135	0	1.190987
K01585	2.5053581	0.902606	0	2.94455	0	20.518327	0	2.2674876	0.241538	4.207825	3.5149884	0	0.353414	0	0.3776722	1.5513973	0	20.8269456	1.124498	10.137113	0	0	0.2982508	2.536461	3.4616632	1.09327629	0	3.6261564	0.183601	0	0	0.5207486	3.8452975	3.9696275	0	0.689062	5.5168303	2.2875491	0	0.987902	22.0434582	2.7807374	0	0.4126951	17.9034176	4.99313039	2.6063048	0	0.679249	3.2581594	0	0	0	2.3432163	0.0196418	22.4909636	0	0.5304411	0.3623015	1.7042789	1.2040466	0.42337334	0	3.2616591	5.5795827	3.9661553	3.4167178	1.706587	0.6647895	1.1875834	0	0	1.768791	0.13089	0.0717154	5.1639672	0.2914569	1.7200327	6.358219	5.7314076	33.0032746	33.530732	3.5289545	10.7670005	2.6878105	6.243927	21.0155909	1.1948002	1.9541037	11.7757431	4.6272864	4.4498606	4.9486255	2.52485834	0.172117	0.0860585	0.0860774	0.4487666	0	0.0860585	0.334421	9.8884165	0.4116791	0.3930005	0.311532	0.4001247	7.658893	3.9168952	0.978772	0.7084375	1.74502	2.201733	0.326449	4.9472928	0.0860585	2.3625893	0	0.560606
K03924	0.755612	0.35461	0	1.227141	0	29.6972555	0	3.94771	0.0212766	8.98049	9.286274	0.321246	0.976866	0	1.4400497	1.337921	0	22.081712	0.374933	34.9514574	0.167849	0	0.343643	2.484	10.855646	1.2438659	0	9.752397	1.176123	0.339339	0	1.728518	4.9682	3.415993	1.25526	0.9630648	5.218411	3.777445	0.2556284	1.410631	29.839034	2.309364	0.343642	5.81863	22.648948	25.4739386	2.217623	0	2.265404	3.379897	0	1.567463	0	5.075933	0	16.0701823	0.204082	0.7977769	0.9822697	7.691786	1.275668	1.9045615	1.06383	7.173549	10.892387	5.975836	44.936967	2.562412	4.373087	4.925434	0	0	0.771781	0	0	10.398371	4.3857963	4.187193	7.0416267	11.362339	29.596018	29.4502445	3.226185	8.89140033	5.8603276	13.3527203	14.2094497	15.2504036	10.7449521	20.336509	16.5172296	3.7962228	10.3693027	5.419639	2.3177367	0	0.0969267	4.18078	0.177305	0.605469	0	19.3830976	0.4089836	2.891272	0.35461	3.142221	3.2613461	14.670325	4.302462	0.818627	10.2223246	8.673794	2.178612	6.343693	0	4.22224	0	1.765418
K02527	0.276244	0.1415	0	1.69972	0.283286	8.772564	0	0.14245	0	2.794415	2.826838	0.276243	0.552486	0	0.0837937	0.138122	0	1.3881676	0.276243	41.538507	0	0	0	0.0959164	1.671641	0.1703504	0	1.3637179	0	0	0.42735	0.949495	1.137584	0.460675	0.263456	0	2.082557	0.888806	0	0.418693	4.172333	0.546514	0	0.7679562	1.4846093	0.552487	0.975997	0	0.495396	0.532067	0	0	0	1.41151	0	10.489775	0	0.138122	0	0.539595	0.42735	0.3609584	1.368349	0.690609	7.9794108	0	1.646435	0.2999086	1.127052	1.263412	0	0	0	0	0.1777168	0.414365	0.9138931	0.14245	2.4518371	6.0400306	9.311409	7.300373	5.1556158	2.806914	5.576636	2.8848955	13.419779	0	0.716167	19.3683663	0.692485	0.138122	1.4433818	0.82873	0.134438	0	0	0	0	0.690608	0	4.67057	0.122468	0	0.951389	0	0.0788224	2.466809	0.414365	0.414365	0	0.6396879	0.7667554	3.8846001	0	0.4303379	0	0.222222
K02864	0	0	0	0	0	0	0	0	0	0	0	0	0	0	0	0	0	0	0	0	0	0	0	0	0	0	0	0	0	0	0	0	0	0	0	0	0	0	0	0	0	0	0	0	0	0	0	0	0	0	0	0	0	0	0	0	0	0	0	0	0	0	0	0	0	0	0.138211	0	0	0	0	0	0	0	0	0	3.26016	0	0	0	0	0	0	0	0	0	0	0	0	0	0	0	1.00813	0	0	0	0	0	0	0	0	0	0	0	0	0	0	0	0	0	0	0	0	0	0	0	0	0
K00946	0.15625	0	0	0	0.491342	0.678125	0	0.296875	0	0.3125	0.625	0	0	0	0.15625	0	0	1.907245	0	0.922917	0	0	0	0.0479167	2.144792	0	0	0.15625	0	0	0	0.0114583	0	0.232558	0	0	0.625	0	0	0	1.1894524	0.15625	0	0.3125	1.8737963	0.996439	0.0489583	0	0.145833	0.15625	0	0	0	0.603094	0	0.3125	0	0	0	0.625	0	0	0	0	0.396875	2.77083	0.639297	0	0.966095	0.107292	0	0	0	0	0	0.201042	0.294118	0.15625	0.637175	1	0.738542	4.426868	0	0.46875	0.465625	1.625	3.1625	0.0489583	0.3406247	0	0.15625	0.5510823	0.919792	0	0	0	0	0.15625	0	0	0	0.505208	0	0	0	0.232558	0.936458	1.265931	0	0	2.677083	0	0.148148	0.277083	0	0.334375	0	0.292708
K01662	1.1427624	0.3497488	0	7.90249	0	9.56039	0	2.3230788	0.42735	4.1250246	3.0009916	0.2054248	0.812599	0	0.0891266	1.29745	0	21.9624076	0.079661	12.94855	0.2984208	0	0.2440683	2.5753738	3.0701258	0	0	1.424159	0.2542378	0	0.798722	0.4121207	3.4509806	2.8878293	0	0.169492	1.456265	1.458637	0	0.338984	9.2176556	0.5660508	0	0.72602	15.7584705	4.8622136	1.8773374	0	0.7949814	3.1170044	0	0.254237	0.372475	1.7295288	0.2542378	6.8043408	0	0.0847458	0	4.542477	0.9420774	0.3769606	0.6815562	2.4424118	3.2050706	3.288821	2.1554836	0.604593	3.616772	1.368838	0	0	0	0	0.136612	4.2905547	1.3757726	0.91504	6.4242696	7.7275002	9.3309052	15.8030268	2.368994	4.3991043	2.7221466	2.5059242	7.2976798	6.6893826	2.0812496	11.9327038	4.5082919	2.4937359	1.332733	0.9716238	0	0	0	0.4034408	0.0847458	0	0	3.4451286	0	0	0.316102	0.3588856	1.168944	2.380718	0.5394995	0.2463278	2.144323	0.6314994	0.4249745	2.3890238	0	1.6962098	0	0.1378531
K01676	0	0	0	0	0	0	0	0.100402	0	0	0	0	0	0	0	0	0	0.502008	0	0	0	0	0	0	0	0	0.100402	0	0	0	0	0	0	0	0	0	0	2	0	0	0.483009	0	0	0	0	0.0876841	0	0	0	3.10107	0	0	0	0	0	1.00402	0	0	0	0	0	0	0	0	0	1.19746	0	0	1.30455	0	0	0	0	0	0	0	0	0	0.100402	0	0.200803	0	0	0.903614	0	0	0.100402	0	0.381526	0	0.100402	0	0	0	0	0	0	0.668675	0.200803	0.200803	0	0	0	0.200803	0	0	0	0.100402	0.100402	0	0.100402	0	0	0	0	2.98527	0	0.400937
K01783	2.341515	0	0	0.899061	0	13.41794	0	0	0	4.908237	0.645623	1.230159	0.48468448	0	0.370588	0	0	5.041944	0.571957	5.822489	0	0	0.216963	1.693897	4.545147	1.88189	0	2.738665	6.145811	0.588235	0.588235	0.286275	1.266355	1.007353	0	0.238095	0.110454	0.588235	0	1.183453	3.311066	0.647971	1.18343	2.935444	11.948545	4.124639	2.434422	0	1.059835	1.05634	0	0.556213	0	0.459566	0	14.345807	0	0	0	0.3338424	4.030329	2.56833	0	1.341493	2.774416	3.133909	9.864706	1.47059	2.361687	1.356536	0	0	1.53649	0	0.591716	5.095477	4.453656	1.457148	7.3262766	6.871651	15.455276	13.9746221	3.676533	3.092331	4.678075	3.858546	16.882759	4.78235	3.1293513	10.838051	4.294538	2.858224	4.496968	0.591716	0	45.76323	1.20635	1.927024	0.0589319	1.180814	0.892857	5.79007525	0.892857	2.052033	8.49112	2.401591	2.625503	6.565461	1.710318	18.941954	3.47283	3.988255	0.95069	7.68086	0	3.906874	0	0
K03702	0.0791139	0.0791139	0	0.3312505	0	1.7256065	0	0.7485706	0.0791139	1.3662188	0.2242462	0.0826446	0.346939	0	0.0791139	0	0	4.7071643	0.0316456	8.6531682	0	0	0	0	0.3626549	0	0.0797448	1.0042198	0.316456	0	0.617792	0	0	0.125313	0	0.148734	0.4020799	0.337853	0.190114	0.308148	2.5129465	0	0	0.503104	6.4775176	0.5446139	0.5447129	0	0.1570117	0.9291398	0	0.077686	0.0797448	0	0.140449	1.4304887	0	0.0791139	0	1.2663557	0.3719889	0.3495486	0.3164558	0	1.2109486	1.5867195	0.5572684	0.5028648	1.7794276	1.6282138	0	0	0	0	0.2403215	0.474684	0.394717	0.0733122	1.187321	2.3071482	3.067692	5.7355816	0.5522149	1.420549	1.9785226	0	2.4176449	0.6289329	0.169779	9.9942	1.1886225	0.2874268	0.4506946	0.3469435	0	0	0	0.9383744	0	0.088968	0.0797448	1.1827694	0.158228	0	0	0.6078255	0.9232265	0.3983152	0.2373417	0.0791139	0.556919	0.9759918	0	1.320361	0	2.434101	0	0.270069
K04759	2.3215276	0.63185	0.284762	1.9368632	0	28.044441	0	2.0226442	0.19305	8.9812368	4.9195163	0.6268158	2.1089655	0	1.0208628	0.7942294	0	30.6758452	1.1901041	38.5010171	0.1425814	0.39382	1.0090321	8.2143032	5.1605414	1.7882073	0	6.0968856	0.5297762	1.05856	0.2574	0.4715411	6.167737	0.6117507	0	0.4740451	3.404426	4.1766084	0.0643501	3.2847584	25.4115794	6.4212165	0	3.60047	33.561101	11.486249	2.6170492	0	1.6163221	4.5523807	0	0.677655	0.2808001	1.4808752	0.931526	20.510856	0	1.8584205	0	13.0060967	5.071915	4.0039913	1.8388728	5.2206217	23.959388	2.5178002	4.4362088	1.9691657	7.7554884	5.3229881	0	0	0	0.0728863	1.5105692	7.7405641	1.6457552	6.6118171	13.2103502	15.1690543	20.0183535	58.550909	9.887981	5.1266178	10.6577942	4.589679	73.6567562	13.9529312	3.5673358	18.2313823	14.5576603	4.0532484	3.0694658	2.610194	1.756086	0	0.0643501	0.7311645	0.593307	0.1287	0	13.3690744	1.0051044	0.8272043	0	3.642819	10.5083709	5.0505663	1.4005835	0.9012954	5.8782482	2.6171682	2.3041891	9.5396829	0	2.8617081	0	0.5877856
K07405	0	0	0	1.54839	0	7.079738	0.231481	0	0.115741	6.822535	7.062036	0.83871	0.207562	0	0	0.0679012	0	0.23071	0	26.527068	0.115741	0.231481	0.317902	0	2.73843	1.439479	0	2.54854	0.115741	0	0	0	4.44146	0	0	0.231481	2.108797	1.8410479	0.108796	2.096719	8.783947	1.286266	0	3.273186	0	1.564816	4.197971	0	1.200104	9.320215	0	0	0	0.462962	0.231481	2.574176	0	0.115741	0.578704	0.334877	0	0.5254633	0.636574	0.694445	5.532573	0	8.959186	1.507415	0.996914	1.3788582	0	0	0.165951	0	0	0.677469	1.966735	0.1643523	3.2894379	37.341931	23.75583	11.747737	2.357251	9.394291	4.9452183	6.656569	0.462192	1.44444	1.0979276	14.580241	28.2790982	6.666663	10.7413126	5.1585035	0.809414	0	0.231482	1.036195	0.0949074	0.925925	0.179784	5.558121	0.462192	0.576389	0	0.231481	0.399692	3.869031	0.4135806	0.69302	0.23071	3.614973	0.290123	4.85571323	0	24.932916	0	0.92515521
K00763	0.27027	0.571475	0	0.405405	0	2.294503	0	1.56757	0	2.099957	1.769691	0	0.606061	0	0.477477	0.508046	0.263158	1.910664	0.381679	4.863058	0.109848	0	0	1.082838	3.894838	0.5242088	0	1.367391	0	0	0	0	1.3665411	0.493911	0	0	1.462492	2.140022	0	0.652249	2.19168	0.403408	0	0.28409	1.385747	9.350204	0.876683	0	0.28409	0.404505	0	0	0	2.8047042	0.150602	4.169773	0	0.486873	0	0.451807	0.420872	0.526515	0.142045	0	1.109319	6.71479	1.434432	0.246819	0.263158	0.857955	0	0	0.568182	0	0.0426136	0.807323	0.408809	2.556436	1.126	4.3141999	6.6142704	4.036565	0	2.151235	0.661932	1.413544	3.883821	1.38501	1.189494	4.781208	2.247166	1.188317	1.678693	1.0389271	0.294118	0	0	0.87058	0	0	0	1.83428	0.425442	0	0.217803	0.223423	0.802209	0.976003	0.60303	0.4317	0.562087	1.040569	0.135135	2.532098	0	0	0	0
K03210	0	0	0	0	0	0	0	0	0	0	0	0	0	0	0	0	0	0	0	0	0	0	0	0	0	0	0	0	0	0	0	0	0	0	0	0	0	0	0	0	0	0	0	0	0	0	0	0	0	0	0	0	0	0	0	0	0	0	0	0	0	0	0	0	0	0	0	0	0	0	0	0	0	0	0	0	0	0	0	0	0	0	0	0.59375	0	0	0	0	1	0	0	0	1.16667	0	0	0	0	0	0	0	0	0	0	0	0	0	0	0	0	0	0	0	0	0	0	0	0	0
K00954	0.945946	0	0	0	0	0	0	0.885714	0	0.242424	0.755946	0	0	0	0	0	0	2.77778	0	0	0	0	0	0	0	0	0	1.90236	0	0	0	0	0	0	0	0	0.8	0	0	0	6.58889	0.424242	0	0	2	0	0	0	0	0	0	0	0	0	0	0.222222	0	0	0	0	0	0	0	0	0	0	2.0101	0.229391	0	0	0	0	0	0	0	1	0	0	0.820513	1.632997	0	0	0	0	1.55219	0	0	0	0	3.41077	0	0	0	0	0	0	0	1.64444	0	0	0	0.933333	0	0	0	0	0	0	0	0	0	0	0	1.184606	0	3.30303	0	1
K03711	0.333333	0	0	0	0	3.561472	0	0	0	1.254789	0	0	0	0	0	0	0	2.130226	0	0.241135	0	0	0	0	2.2234	0.602804	0	0.557632	0	0	0	0	0	0	0	0	0.725857	0.305296	0	0.0177305	1.043763	0	0	0.934579	2.199392	4.503248	0	0	0	0	0	0	0	0	0	1.451812	0	0	0	0	0	0	1.06383	0.276596	0.531915	0.524823	0.400709	0	0.75174	0.386525	0	0	0	0	0	2.29787	1.344495	0	1.254751	0.776596	4.149934	5.141651	0	0	0	0	1.70237	0.276667	0.439716	1.93617	3.3784	1.285809	0	0	0	0	0	0.454829	0	0	0	0.934579	0	0	0	0	0.988369	3.163788	0	0.803738	0	0	0	1.520482	0	0	0	0
K02916	1	0	0	1	0	88.8333	0	3	0	8.104163	10.583333	0	3	0	0	0	1	0.958333	0	35.7917	2	0	6	0	10.437497	0	0	32.0208	0	0	0	0	8.833337	1	0	0	7.479167	7.08333	0	8	5.85417	14.4375	0	11.0625	3	10.999967	7.645833	0	3.79167	7.39583	0	0	0	8	2	151.645837	0	0	1	2.35417	1	3.97917	0	14.9167	20.874967	1	20.2917	0	3	0	0	0	33.16667	0	2.54167	2	4.8125	0	11.041667	41.8333	67.2708	26.39583	2	35	4	35.5833	1	1	19.1667	51.4792	12.0417	19.00003	15.625	6.02084	0	0	0	6	1	4	1	26.8958	5	1	0	0	0	11.604133	3	0.541667	2	5.45833	1	78	1	42.8333	0	3.72917
K09013	3.0920412	1.096879	0	9.955321	0	22.149098	0	8.47639	0	20.523016	7.357719	1.133511	2.346469	0	1.4696221	1.562062	0	58.851153	2.21027	96.21286804	0	0	1.337943	8.2101822	4.653021	2.5839929	0	13.73873	1.149425	0	0.985222	2.8491093	12.0859294	4.357666	0	0.492611	11.485193	4.304502	0	2.182227	41.433395	2.992113	0	1.451559	70.773203	11.157996	5.895029	0	0.172414	6.772202	0	0.840117	0	2.685237	0	11.3111554	0.246305	1.530381	0	9.717412	1.029556	5.9690871	0.3103448	6.368837	19.705449	3.574712	3.813876	2.533661	14.843875	4.293348	0	0	0	12.3722	0.985221	17.922947	0.799671	3.144421	24.620399	39.779519	26.8115329	76.672077	27.885976	14.093084	16.810405	25.2870089	61.190663	27.032042	3.576796	44.9475	12.40616	7.0318581	6.322995	5.556652	3.781605	0.413793	0	0.885058	0.0295567	1.12634	0	27.032325	0.492611	0.551861	0	2.518886	5.3205	5.5251125	3.0712231	2.190808	20.28187	7.859647	0.952176	13.221039	0	2.521651	0	0
K04761	0.413223	0	0	0	0.367769	4.16413	0	0	0	0	0	0	0	0	0	0	0	10.485875	0	0	0	0	0	0.619835	0	0.206612	0	0	0	0	0.413223	0	1.019284	1.863752	0	0.413223	0	0.710417	0	0.545455	2.880611	0	0	0	7.148186	6.285944	0.864507	0	0.320513	0.413223	0	0	0	0.290698	0	0.320513	0	0.206612	0	1.212003	1.878355	0.206612	0	0	1.549459	3.097793	0	0	0.519112	0	0	0	0	0	0.277778	5.25694	1.32381	1.812291	1.35124	0.279167	0.9	7.292632	0	1.373278	0	0	5.915855	6.1808643	0.769112	0	2.2634	0.703921	0	0	0	0	0	0	0	0	0	0	0	0	0	4.842481	1.520275	0.6831959	0	0.493421	3.173935	0.290698	0	0	0	0	0	0
K03437	1.16981	0.160558	0	1.01351	0	5.693155	0	0	0	0.78534	6.184614	0.279221	0.237347	0	0	2.639135	0	3.906668	0.26178	1.792316	0	0	0	0	4.579879	0.26178	0	6.45754	1.012284	0	0	0	1.49505	0.368237	0	0	1.383948	0	0.26178	0	0.710296	1.837109	0	0.26178	2.583835	9.921317	0	0	0	0.883272	0	0	0	1.205933	0	6.43596	0	0	0	0.697259	4.394486	0.244328	0	0	1.209243	2.1291404	3.6576756	1.3089	0	0.179756	0	0	0	0.52356	0	0.404887	0	0.26178	1.40221	2.810608	3.68426	5.9137892	0.979058	0.975567	1.0837	0	2.733671	1.0798434	0.52356	4.068371	1.186849	2.076853	4.228724	0.0930736	0.0715532	0	0	0	1.63542	0	0	3.850637	0	0	0	0.855148	2.336885	2.268856	0	0.260035	3.38467	1.614969	0	0.95637	0	0.7814712	0	0
K00560	1.258024	0	0	0	0	3.0072496	0	0	0	2.624441	1.116753	0	0	0	0	0.221691	0	7.44307	0	10.552205	0	0	0	1.421661	0.932762	0.92284	0	1.1679424	0	0	0	0	1.3760403	0.232558	0	0	1.639914	0	0	0.977453	3.387157	0.853441	0	0.866066	7.526237	1.65637	1.189496	0	0	0.465116	0	0	0	0	0.218605	7.302817	0	0	0.232558	0.713523	0	0.502486	0	0.5930904	2.366587	0	2.009817	1.12363	0.232558	0.462963	0	0	0	0	0.285271	0.303876	0.240271	0	2.718642	3.434968	6.868389	8.6857744	0.877193	2.691966	2.156588	6.081378	6.17461	1.696458	0.917273	5.95039	1.465534	1.679311	0.726477	0.232558	1	0	0	1.765987	0	0	0	4.226357	0	0.372093	0	0	1.113548	0.736326	2.375266	0.218605	0.253807	1.205105	0.215504	1.6071552	0	0.375615	0	0
K07387	1.067164	0	0	0	0	0	0	0.2350749	0	0	0.186567	0	0	0	0.559701	0	0	7.972276	0	0	0	0	0	1.903821	0.30597	0	0	0	0	0	0	0.103234	0.353234	0.186567	0	0.068408	0	0.0609453	0	1.292717	2.041046	0	0	0	4.296448	4.240047	0.542288	0	0.273224	0	0	0	0	0.186567	0	2	0	0.459791	0	2.558457	3.021149	0	0.845771	0	0.186567	15.692834	0.233831	0.559701	1.921642	0	0	0	0	0	0	2.966422	0	0.186567	3.775344	0.6106968	0	3.256215	0	2.031094	0	0	11.2077	4.289804	1.438376	0	2.084597	0.559701	0	0	0	0	0	0	0	0.918339	0	0	0	0	0	2.252075	1.392627	0.373134	0.373134	0	2.139304	0	0.273224	0	0	0	0	0
K00850	1.036675	0	0	8.042644	0.362319	30.468729	0	12.034185	0.181159	9.906382	5.518016	0.506892	2.686103	0	2.059674	2.698664	0.362319	46.4792733	0.525185	40.9870892	0	0	1.364661	8.681672	2.951591	0.9565206	0	3.0745177	0.786781	0	0.543478	0.827569	5.217678	3.272534	0	1.449276	0.617421	3.49898	0	3.295001	21.456074	0.6186281	1.26812	8.748787	36.444136	5.793614	1.8027859	0	1.05037	9.538941	0	1.575555	0	0.7705314	1.773115	13.889316	0.240385	2.5229442	0.181159	24.596324	5.220517	2.1648703	2.126727	4.303087	11.74968	8.222974	3.962223	6.873444	17.30146084	4.952505	0	0	0.502415	0	1.35071	15.170343	1.998324	0.965029	13.380115	7.9977333	18.521887	44.073959	2.734296	15.660858	19.739744	10.234241	63.22678	17.423932	3.2434137	50.674822	10.978848	0.926874	2.329579	1.5362052	0.881111	0	0	0.2620769	0.37149231	0	0	8.28997	5.416619	0	0.361111	4.45548	1.746883	3.2549637	0.706343	0.559383	5.840045	1.448968	0.46525	4.242755	0	2.459854	0	0.425392
K01424	0.16835	0	0	0.526316	0	7.551685	0	0	0	1.200273	4.16705	0	0.503928	0	0.515572	0.62004	0	5.919399	0.0796857	7.9414938	0	0	0	0.9835502	2.104317	0.169492	0	1.585178	0	0	0	0.169935	0.893531	0.730946	0	0	4.419342	2.070517	0	0.6734	3.613985	0.251403	0	0	5.07874	1.826284	0.68677	0	2.669418	1.491058	0	0	0.0486891	0.60408	0.691441	14.827934	0	0.294963	0	1.4539186	0.7956592	0.6734	1.060606	2.199709	2.340174	5.672391	1.434971	0.515572	0.562007	0.924935	0	0	0	0.16835	0	1.723101	1.463198	0.358346	1.4169651	6.063301	9.358805	8.4704174	0.228956	2.476924	1.8945	2.187912	9.278115	3.870001	0.437632	5.84961	3.256266	2.120968	1.253807	0.13468	0.617599	0	0	0.474589	0.165563	0.3367	0	5.991374	0.252759	0.486111	0	0.352182	3.384064	3.216766	0.908127	0.357143	0.917051	1.219336	0.133558	5.859915	0	0.435466	0	0.116743
K03811	0	0	0	0.390625	0	0	0	0	0	0	0.78125	0	0	0	0	0	0	0	0	0	0	0	0	0	0	0	0	0	0	0	0.238426	0	0.78125	0.266204	0	0	0.337838	0	0	0	0.347222	0	0	0	0	0.476727	0	0	0	0.390625	0	0	0	0	0	0	0	0	0	1.01351	0	0	0	0	0	0	0	0.087963	0	0	0	0	0	0	0	0.731657	0	0.347222	0	0.494792	0.331111	1.01351	0	0.943396	0	0	1.66216	0	0	0.167742	1.436056	0	0.390625	0	0	0	0	0	0	0	0	0	0	0	0	0	0	0	0	0	0	0	0	0	0	0	0	0
K01607	0	0	0	0	0	0	0	0	0	0.524823	0	0	0	0	0	0	0	0	0	1.41844	0	0	0	0	0	0	0	0.700935	0	0	0	0	0	0	0	0	0	0	0	0	0.61838	0	0	0	0.224299	0	0	0	0	0	0	0	0	0	0	0	0	0	0	0	0	0	0	0	0	0	0.46729	0	0	0	0	0	0	0	0	0.700935	0.185358	0	0	0.233645	0	0.457944	0	0	0.194704	0	0	0	0	0	0	0	0	0	0	0	0	0	0.193146	0	0	1.10436	0	0	0	0	0	0	0.233645	0	0	0	0	0	0	0.429907	0	0
K09760	0	0.0998308	0	1.76632	0	3.6720282	0	0.126904	0	1.579999	0.667182	0	0	0	0	0	0	4.190202	0.253807	1.752963	0	0	0.292096	0.126904	1.1838823	0.126904	0	0.552454	0	0.253807	0	0	0.490694	1.048133	0	0	0	0.507614	0	0.3079525	1.327413	0	0	0.508503	3.01092	0.634518	0.506769	0	0	1.081497	0	0	0	0.126904	0	1.247117	0	0	0	0.253808	0.265026	0.126058	0.126904	1.0948861	0.995013	1.29526	0.69103	0.126904	0	0.507614	0	0	0	0	0.0998308	0.507614	0	0.126904	0.9763774	1.5752935	4.6695154	5.425544	0	0.126904	0.8629443	0.735294	0.626151	0.341794	0	3.1319818	0.620565	0.241546	0.265468	0.126904	0	0	0	0.252962	0	0.253807	0.458545	0.8443314	0.126904	0.138122	0	0.126904	0.528377	0.875667	0.185279	0	0.253807	0.633476	0.36845	1.00085	0	0.126904	0	0.758871
K00341	0.378071	0.123131	0	0	0	10.401342	0	1.285271	0	9.227383	2.2800052	0.1905972	0.261097	0	0	1.892294	0	11.1018915	0	8.728866	0	0	0.624312	2.321677	3.218523	1.4864267	0	0.241413	0	0.261097	0.396313	0	4.6292102	0.9821566	0	0.223714	0.838655	3.538601	0	1.90582	6.896538	7.1654922	0	4.422885	9.7943	1.963412	4.8796112	0	1.606727	2.7370178	0	0.524651	0	0.130548	0	10.83847	0	0.360963	0.425601	2.3632022	1.211161	0.5869102	0.244318	1.5416704	0.0539542	0	29.9653722	3.0103362	1.6787939	1.4374334	0	0	4.1834	0	0.110865	0.222722	0.9398522	0.3944	3.4506042	32.024573	15.192109	6.75515	7.700587	14.808566	0.32021	8.203747	1.1989992	4.1659164	1.2443602	3.088475	44.32873188	10.70666	4.493567	10.934957	0.5116792	0.1905972	0.2314962	1.9984762	0.7805581	2.705693	1.5858268	7.742743	1.0215222	1.259843	0	1.4197382	0.111857	0.8754374	1.7788134	0.335263	5.937925	5.7145537	0.357694	40.134063	0.3149602	29.821324	0.152905	2.942403
K00239	2.2066599	0	0	4.0972111	0	21.224082	0	4.0504571	0	9.347804	5.2977481	0.1636662	0.6056291	0	0.5268681	5.8926872	0	14.5345555	1.0890942	20.1518094	0	0	1.2154872	1.774451	2.5262892	1.4129316	0	0.9996101	0	0.0285171	0.09319	0.18	4.0912583	3.095591	0	0	2.2174911	1.3428031	0	2.2441979	32.781421	0.4429684	0	2.738497	37.1763371	2.115526	5.2670936	0	1.0971684	9.40091	0	0	0.0818331	0.862471	0.40824	9.6877551	0	0.145773	0.0818331	9.8808638	1.790139	1.0216011	0.4240701	1.8837284	6.973301	4.20022	2.6488591	1.1680153	5.7345099	3.3008781	0	0	2.042623	0	0.163666	8.111159	1.3664387	0	7.1148326	15.0091263	40.616571	39.4543944	1.93233	17.4582651	5.7715792	20.217286	25.4165257	5.8206352	3.7397382	18.6088199	7.1325754	2.4631953	2.8117063	1.7263128	0.5898535	0.588235	0	1.418889	0.41173	0	0.2454991	6.5064335	0	0.163666	0	2.504952	3.527144	7.2849001	1.437473	1.327043	10.133966	3.0543242	0.424687	6.5227467	0.0818331	0.4814013	0	0.6112651
K03685	2.79003	0.688466	0	2.4988939	0	21.210882	0	2.890606	0	10.369547	8.530508	0.884648	0.619672	0	1.1039004	1.046247	0	18.5765325	1.111183	36.171065	0.969813	0	0.163934	3.15312	5.376254	0.717052	0	5.290268	0.231694	0	0	0.247525	5.846989	2.3599054	0	0.571031	0.752094	1.878184	0	0.946797	6.6358758	2.64792	0	4.628009	18.187795	2.432666	2.317844	0.15016	0.975024	2.874511	0	0.664452	0	1.963805	1.433082	13.444846	0	0.15873	0	2.1160568	5.927975	2.381846	0.729477	2.365388	5.485552	2.755902	16.054382	0.3728583	3.533119	4.011194	0	0	3.341411	0	0	2.7940953	0.4700205	0.288293	2.868002	9.855064	21.79862	18.274465	1.6500647	3.798123	2.736602	1.265545	11.925934	4.483039	5.226562	22.552136	7.491177	1.2166147	7.736289	1.308841	0.919113	0.163934	0	0.805551	0.441618	1.647212	0.382552	11.5994947	0.792713	0.930853	0	1.926772	5.049128	5.230177	1.926724	0.738177	3.811614	3.094167	1.033504	22.5326689	0.311966	10.892641	0	0.810277
K01277	0.490752	0.6708136	0	0.172043	0	15.969876	0	3.5217522	0.124864	10.634169	25.617463	0.6559312	1.7838564	0	0.2442992	1.1822524	0	10.123555	2.0228432	37.4355832	0.680365	0	0.930253	1.690571	26.601017	1.102793	0.0925926	22.220208	0.1547231	0	0	0.6439402	3.150285	0.110865	0	0.2442992	14.450704	2.093657	0.0814332	1.011382	12.0751446	5.1486573	0.2806733	1.9488059	8.170725	7.318597	2.690849	0	0.9055364	3.2835792	0	0.162866	0.455512	1.7898657	0.0814332	16.73077	0	0.4664054	0.1590662	2.1594012	0.673372	0.624037	0.7256283	3.5868393	5.9844092	1.1824035	25.750722	2.3001287	1.2545066	3.8440912	0	0	1.67598	0	0.0814332	3.4113072	1.6106232	3.1777415	7.146809	11.7702158	27.008042	15.8037599	6.0511482	10.212406	6.2480868	3.121608	5.4072051	2.8594798	5.32142	25.632101	7.620558	9.278101	28.758098	4.744083	2.679356	0.4071662	0.162866	3.7597522	0.2315719	2.4383	0.3756703	15.922706	0.5307838	0.162866	0.162866	1.580577	3.6603715	20.034238	2.0856508	2.2119857	3.255218	3.734558	2.4506562	22.02961	0.2314716	3.6348895	0	2.2431325
K11031	0.3639634	0	0.967118	1.9491321	0	9.539089	0	0.893117	0.0998004	1.6981789	2.64542	0.9062165	0.385085	0	0.1522812	0	0	3.146412	0.4277628	0.3528178	0.4023748	0	0.382178	0.3553405	3.4551078	0.3984109	0	1.380258	0	0	0	0.193424	1.814652	1.4106808	0	0	2.772981	3.3490468	0	0.788764	3.9039367	8.5873468	0	0.726087	2.57978	12.446099	1.526108	0	0	0.428456	0	0	0	2.1825035	0	9.141896	0	0.118174	0.209901	0.1957217	0	3.588043	0	0.501319	2.9482828	1.6036658	4.948525	0.923149	0	0.602826	0	0	3.1846256	0	0	2.2839188	0.328793	1.2755278	2.019045	3.2794948	5.6641191	13.5086364	6.506802	4.184705	2.7866431	1.978479	2.028837	1.3937229	0.61271923	5.630761	4.7190889	5.0105618	24.240264	24.027872	0.315028	0.4469809	0	0.7462574	1.96377	0.965251	0.0965251	3.8192609	0.9002688	0.568855	0	0.407498	0.6461049	5.7074099	3.3634071	2.438321	1.3726281	2.723317	0	4.6610442	0	5.883332	0	0.827055
K03565	0	0	0	0	0	1	0	0	0	0	0	0	0	0	0	0	0	0	0	0	0	0	0	0.682927	0.5	0	0	0	0	0	0	0	0	0	0	0	0	0	0	0	0	0	0	0.968254	0	0	0	0	0	0	0	0	0	0	0	0	0	0	0	0	0	0	0	0	0	0	0.2	0	0	0	0	0	0	0	0	0.144444	0	0	0	0.758065	0.633333	0	0	0.739837	0	0.875969	0	0	0	0	0	0	0	0	0	0	0	0	0	0	0	0	0	0	0	0	0	0	0	0	0	0	0	0	0	0	0	0
K00688	0.7464048	0.1779241	0	0.277259	0	30.66784	0	0	0	6.382709	1.925703	2.52965	1.0795667	0	0.1255552	1.4293817	0	2.1385054	0.190597	77.877423	0.1246106	0	0.296166	3.30729	3.2443488	0.554092	0	0.798591	0	0.124688	0	0.0594347	2.066023	0.684932	0	0.158854	1.5870783	0.694031	0.2505644	0.4351174	7.12574	5.3295898	0	3.021746	1.1884081	0.9439008	1.720952	0	2.2307918	6.6065288	0	0.1267435	0	0.5826032	0.1413491	11.7546	0	0.0623441	0	2.707835	0.1882204	0.596868	1.1090284	1.996201	13.8915	0.124688	3.7234995	0.8217435	8.8851965	1.9640546	0	0	3.940896	0	0.253066	0.2615701	0.6994681	0.124688	1.931136	3.639958	16.817204	8.8805878	26.110924	12.178961	10.045015	10.5735688	1.2891594	0.678668	5.3360864	3.3183694	4.175169	7.2481344	1.996817	9.077687	0.1878991	0.0623441	0	0.7269909	0.0632111	0.124533	0.2522985	9.322622	0	0.502221	0.126641	0.1882206	0.1878993	2.5028068	1.1275624	0.2519771	0.349411	4.8248202	0.4550311	3.897527	0	0.7142956	0	0.4367015
K03572	0.84766	0	0	1.7648066	0	10.2058263	0	0.430293	0.0860585	9.8708455	1.1221186	0.0508096	0.309811	0	0.0860585	0	0	14.2202675	0.396332	15.0623425	0	0	0	1.0631815	3.4196894	0.5443261	0	1.976745	1.1297485	0	0.172117	0.0860585	2.3200575	2.662025	0.447504	0.0803213	0.7876995	1.43446	0	0.604813	8.3531866	0.442334	0	3.032397	11.4414883	2.811181	1.190516	0	0.918881	1.8336305	0	0.115892	0.8759745	0.276535	0	3.491191	0	0.0860585	0.641414	1.9928967	0.430293	1.326582	0.7332179	0.475744	4.06561	1.8617318	2.187385	1.9776555	2.5814715	1.252814	0	0	0	0	0	3.7905303	0.3551115	0.3121055	4.030174	4.767726	13.045223	16.8951345	1.8726221	3.9934366	3.2753825	2.1375369	10.0214376	2.859596	1.835303	10.3947	2.6166116	2.451189	0.7205151	0.258176	0.2581755	0	0	0.8340006	0.0826162	0.3075157	0	5.6161789	0.655462	0	0	0.2312105	1.228754	2.4031687	1.209516	0.530266	1.861257	0.3419276	0.2652695	3.05578	0	0.3575805	0	0
K00788	1.237909	0	0	0.534137	0	4.4353075	0	0	0	1.807307	5.1217526	0	0.578035	0	0	0	0	8.694029	0	12.750305	0	0	0	0	4.446131	0.477341	0	2.003458	0	0	0	0	1.626796	0.525253	0	0	1.63399	0.578035	0	0.714286	3.270081	0.700315	0	2.249769	7.15134	1.643721	1.912119	0	0.318083	0.562249	0	0	0	0.137255	0	1.755059	0	0	0	0	0.0761317	0.326797	0	1.29412	2.612461	0.308642	2.108932	0	4.650849	0.825708	0	0	0	0	0	0.566448	0.317269	0.571789	1.143494	1.30501	6.527052	4.715051	0.860566	1.93115	2.725869	0.167756	0.798357	1.0549007	0.999867	8.259485	2.497111	1.192927	2.250079	0	0.980392	0	0	0.326797	0	0	0	2.6914513	0	0	0	0	0	4.741442	0	1.114676	2.15657	1.30283	0	2.826174	0	0.49891	0.144033	0.997593
K02557	3.448729	1.7799324	0	7.4786088	0	54.01585	0	4.938934	0.409283	27.9812106	54.36336	0.994373	3.110263	0.202454	3.327662	2.731361	0	22.60003528	0.542256	57.4493802	0.553436	0	1.176308	4.400627	22.3376944	5.023377	0	37.41252	1.26755	0	0	7.2960835	13.117896	3.2356287	0	1.85951	14.6007	9.345943	0.42194	6.120596	68.093628	29.416511	0	13.4105897	35.930505	68.179487	10.420095	0	10.8936074	23.404553	0	0.447257	0.21097	7.891965	3.172567	52.238777	0	1.9003464	1.413501	13.626906	4.93189	4.56537794	2.474494	16.7972328	9.089766	38.022501	91.053998	3.234608	7.2906274	6.601965	0	0	7.992092	1.053445	1.251757	10.402736	1.996832	3.530456	10.9194422	47.651957	66.6937402	45.112617	75.596533	85.233467	25.657376	58.56494	61.6607991	18.568952	22.236787	97.18245	62.871492	81.150042	64.882715	25.587142	4.2291874	0.0703235	0.632911	8.2177124	3.158642	3.376931	4.224057	23.167302	3.451941	3.86349	0	4.633537	6.0145075	18.424004	3.284724	1.320734	9.865255	24.118211	1.750538	96.8394116	0.818565	85.958294	0	3.859563
K00600	1.065269	0.397878	0	3.682175	2.53846	14.789185	0	0.854701	0	8.0363424	4.22583	0.131742	0.412909	0	1.335987	1.233864	0.383142	14.4380438	0.954741	29.2907284	0.548188	0	0	2.88241	3.210862	2.092801	0	1.228923	0.0601238	0	0.530504	0.265252	2.5786151	3.2626	0	0.530504	0.750591	2.980337	0	1.566755	12.4542023	0.524783	0	4.5446474	24.119326	3.621116	3.572924	0	0.397878	2.557496	0	0.510168	0	0.822122	0.123784	5.461983	0	0.306808	0	7.729816	1.592396	0.993235	1.768817	5.949028	6.608812	9.427928	3.211275	2.7732391	4.390806	0.976128	0	0	3.745728	0	0.328704	12.337722	4.810349	1.569408	6.630367	22.889984	15.283193	25.573171	2.972627	6.3901191	4.385989	8.401347	20.9795544	12.685517	3.5627262	14.004908	8.437313	4.0317441	4.534053	0.8411333	1.553874	0	0.328704	0.839639	0.340095	1.207414	0.45045	8.695523	0.530504	1.333165	0.265252	2.020481	5.366044	7.0234559	1.557599	0.456823	6.056167	3.330758	0.257294	9.336498	0.2334218	3.9842391	0	0.843185
K08681	2.03783	0	0	2.13474	0	9.245933	0	0	0	1.369864	1.130934	1.081757	0	0	0.972603	0.0205479	0	1.9702805	0	12.621	0.67619	0	0.945205	1.8967504	0.821918	0.225287	0	1.1244484	0.326484	0	0.694444	0	2.518203	0.833776	0	0	0	1.027398	0	0	12.276734	0.342466	0	0.847032	11.29900632	0.347222	1.0642624	0	0.342466	2.783039	0	0.784431	0	0	1.712332	6.102736	0	0	0	1.770804	2.533454	0	0	4.209407	2.205668	11.713487	1.859905	1.088216	4.046146	1.6369835	0	0	0	0	1.36986	6.194672	2.7863123	0.206019	3.730551	5.77326	3.315069	19.7958487	0.606838	2.805549	0.940639	4.5713796	8.6829699	3.078979	0.507039	18.968052	0.715754	0	0.821592	0	0	0	0	0	0.0416667	0.319635	0	0.543379	0	0	0	0.5254628	0	0.684932	0	0	0.425926	1.022832	0	2.392695	0.342466	1.025115	0	0
K15738	0.479535	0.409283	0	0.903947	0	8.4543322	0	0.2032691	0.0914077	2.7804497	2.1746075	0	0.182815	0	0.11236	0.9850749	0	4.5957872	0	7.7561529	0.141377	0	0	0	2.4582524	0.3902272	0	3.2888535	0.0962828	0	0	0.483698	0.7404377	1.1528054	0	0.2080675	1.3155756	1.243669	0.12543	1.3384432	5.4089492	2.4303294	0	1.463741	8.8561324	3.5474316	2.3206374	0	0.8208407	1.1545311	0	0.0914077	0	0.9454201	0	8.6793858	0	0	0	4.0628227	0.11236	1.5589019	0	0.0914077	2.080075	2.4707726	20.6611632	0.107296	3.2980309	1.1454274	0	0	0	0	0	2.2203171	1.9854308	0.432369	1.7884151	3.5809045	9.8289422	13.7308342	0.8332763	2.1618802	2.4181491	1.2877607	2.1580837	3.6852415	2.1561727	8.1188321	3.2431957	3.0909892	4.9994844	0.0420475	0.7306517	0	0	2.3304517	0.2742227	0.5038837	0.0914077	4.2290124	0.2742227	0.5484457	0	0.671148	0.8150687	2.0914698	0.316148	0.5502745	3.2234437	1.4478451	0.182815	7.7288582	0.0914077	6.1224741	0	2.3898379
K19353	0.10989	0.15528	0.178571	0.21164	0.189394	3.0077621	0	0	0	0.90848	2.112626	0	0	0	0	0.157173	0	2.3741659	0.459259	2.5935531	0	0	1.419171	0.1966956	1.0665709	0	0	1.2080868	0	0	0	0	0.5959793	0.109158	0	0	1.5558519	1.5675967	0	0.1846835	2.6877099	0.4553936	0	0.0862069	1.6505254	0.6066642	1.01852	0	0.284522	3.5063019	0	0	0	0.2260804	0.172414	4.4027616	0	0.138122	0	0.598607	0	0.172414	0	1.2475689	0.7500073	0.346946	1.9007264	0	0.5738404	0.2916118	0	0	0	0	0	0.3460449	0.583341	0	1.2121821	1.420541	1.9440727	1.6623217	0.885319	1.1466241	0.4420912	0.4199275	0.823741	1.2808714	1.0802465	0.5640109	0.284091	1.187826	1.465259	1.1865549	0.258046	0.2184819	0	0.4220115	0.160681	0	0	0.9501326	0	0.172414	0	0.6123576	0.5613449	3.1273877	0.3491036	0.825228	0.801904	0.0494253	0.172414	2.2119997	0.0862069	0.6730499	0.120244	0.309106
K00849	3.800739	0.582591	0	0	0.7487639	7.889407	0	0.551977	0.138122	3.044298	1.66292	0.138122	2.238673	0	2.173134	0.498264	0	23.671685	0.276243	19.251718	0.414365	0	0.201613	3.308893	4.160347	1.664554	0	0.936057	0.515917	0	0	0.789974	5.10884	4.371848	0.352113	0	3.824747	1.764785	0	2.6031017	15.399761	0.528546	0	6.0078237	31.7351614	1.945845	3.4306884	0	1.430676	12.305431	0	0.352113	0	1.843229	0.117371	6.075314	0.138122	1.4756	0	9.585645	1.88625	2.142129	1.632103	5.347214	10.398746	23.8639473	4.619759	0.401538	9.7210538	1.087578	0	0	0	0	0.240952	19.8989448	2.024098	0.4754517	3.890809	11.388787	25.349593	52.5932333	0.992381	7.1412192	6.995581	12.895965	41.7815892	6.5528605	2.383315	19.9044637	9.2147875	2.522389	3.917355	0.838451	1.183942	0.523313	0	2.0669065	0.986355	0.276243	0.147379	8.904029	0.653808	0.325733	0.162866	2.674117	4.853864	4.8905455	0.7466271	1.7958	9.411771	2.27862	1.08876	6.738614	0.147379	14.254051	0.296736	1.572308
K02503	0	0	0	0	0	3.07576	0	0	0	0	0	0	0	0	0	0	0	0	0	0	0	0	0	0.954545	0	0	0	0	0	0	0	0	0	0	0	0	0	0	0	0	0	0	0	0	0	0	0	0	0	0	0	1	0	0.382716	0	0	0	0	0	0	0	0	0	0	0	0	0	0	0	0	0	0	0	0	0	0	0.763158	0	1	0.238095	2.66667	0	0	0	0	0	0	0	1.53788	0	0.734848	1	0	0	0	0	0	0	0	0	0	0	0	0	0	0	0	0	0	0	0	0	0	0	0	0	0	0
K07164	0.982222	0.251819	0	0.197037	0	3.319556	0	0.22695	0	1.687133	3.874839	0	0.444444	0	0.877244	0	0	0	0.888889	0.597951	0	0.653595	0	0.218341	1.20993	0.326055	0	6.5840341	16.68	0	0	0	1.847022	0.706957	0	0	2.6333846	0	0	0.748074	0.472845	18.79725	0	0	0	0	1.213887	0	0.655022	1.286326	0	0	0	0.0794326	0.222222	2.347123	0	0	0	0.959184	0	2.71348	0	0.222222	0.222222	0.160116	4.18156	0.431107	0.425532	0.434988	0	0	0	0	0	1.449297	14.146612	0	0.562963	1.129462	3.886808	0.212766	0.531285	6.166417	0.440563	3.618644	0	3.735081	1.7154661	0.73617	0.368794	1.015774	3.996286	5.792398	0.436681	0	0	3.299664	1.098011	0.425532	0	2.238201	0.419462	0.212766	0	1.023774	0.436681	2.11206	0	0.617021	0.580142	0.740444	0	6.729503	0	8.00922	0	0.428918
K07114	0	0.176123	0	0	0	2.91962	0	0	0	0.886525	3.362885	0	0	0	0	0	0	1.35579	0	5.92901	0	0	0	0	4.93026	0.35461	0	1.23759	0.177305	0.35461	0	0.177305	0	0.177305	0	0	1.77305	0.62766	0.531915	0.160756	2.127655	0.35461	0	0.358566	4.09456	3.26427	0.520095	0	0	1.353428	0	0	0	0.886525	0	4.150187	0	0	0.177305	1.713684	0.531915	0.113475	0	1.020289	2.000978	0.177305	3.050798	0	0.35461	0.268322	0	0	0	0	0	0.35461	0	1.317629	0.177305	1.06383	3.699205	5.571022	0	1.534122	0.70922	1.85934	2.535253	1.322488	0	4.311635	1.180643	2.401123	2.503649	0.278235	0.35461	0	0	0.35461	0	0	0.199203	0.820331	0.177305	0.177305	0	0.177305	0.167849	1.404255	0	0.376508	1.12884	0.176123	0.177305	1.159489	0	0.529551	0	0.177305
K01775	2.8091028	0.9989291	0	1.4600226	0	16.7087179	0	3.0663991	0	8.5493662	1.0080718	0.297856	2.2512215	0	1.4473558	1.9567511	0	15.9644433	0.26282	15.9506871	0.2565021	0	1.105524	2.0348719	4.5579258	1.76408	0	1.721856	0.8307309	0	0	0.0716431	2.260809	2.1363634	0.1287	0	1.9282031	2.0943986	0.0643501	0.7760583	8.9859471	1.1700879	0	6.4447121	8.5351489	1.525398	1.499703	0	1.5598281	3.5664566	0	0.256873	0.1355752	0.5188459	0.216978	17.01491	0.172414	0.2607169	0.0634518	3.5264932	2.224557	1.1991831	1.3846219	1.349403	7.7746383	5.3198381	6.86628864	0.995018	3.6884415	2.1437093	0	0	1.364803	0.2574	0.0643501	4.2306258	1.0911	0.4868729	3.8962371	12.3912453	23.6847151	14.9026453	2.5047298	6.2538361	4.89737	6.445223	10.6725842	4.3744906	2.7557561	11.4519864	4.4467023	3.7073398	3.3599697	1.1577262	0.5196632	0.1541167	0	0.9626881	0.338364	0.1287	0.1278019	10.3226461	0.2005901	0.383405	0.0643501	0.6679691	1.7246853	2.8056122	1.8094102	0.6977783	2.6120628	0.9155432	0.6684612	8.961207	0	2.6232694	0	1.4688529
K03327	3.968418	1.162478	0	3.300417	0.742574	15.998907	0	1.852103	0	11.685672	9.43672	0.98419	1.3636	0	1.683062	0.736139	0.124688	23.976027	2.567739	5.1408619	0	0	0.939282	2.52002	13.117411	1.3184701	0	8.484059	0	0.123762	0.74813	1.499587	1.432387	1.833561	0	0	1.346822	2.392915	0.36648	1.4506957	19.052202	0.3171332	0	3.239235	42.444094	7.258894	2.5233323	0	1.997595	2.520459	0	0	0	5.194211	0.124069	13.895648	0	0.635403	1.1835258	7.031918	5.427761	1.926039	1.066325	1.0559399	7.38139	2.820891	7.203172	2.940885	4.2338897	0.933786	0	0	0	0	0.566	11.668821	0.7765107	1.458891	5.950315	19.716053	13.645571	28.2188199	5.933921	11.153209	6.725437	9.985619	37.1956311	7.7942113	3.4214724	25.610153	5.5492695	4.426485	5.113154	1.777037	0.9423507	0.247311	0	1.04688	0	1.0555457	0	13.387698	1.534998	0	0.248139	0.99673	5.9541904	6.4939803	1.190122	1.167526	6.129538	1.841841	1.370494	3.4204978	0	0.871475	0	1.04651
K08218	0.722198	0.1830171	0	1.506632	0	8.556493	0	0.256014	0.262055	5.92556796	3.5889432	0.128007	0.2485	0	0.249141	0.00257069	0	16.353743	0	38.736589	0	0	1.32895	0.94604	4.9679921	0.534746	0	4.1674223	0.597222	0	0	1.339309	1.0801295	1.1801757	0	0	5.1486863	1.921901	0	1.15563	16.2661699	1.973213	0	1.784308	15.9717767	2.0253444	3.83643396	0	0.4374231	1.98470975	0	0.536193	0.128007	1.5702189	0.104558	7.331498	0	0.385077	0.268097	5.5349382	1.734882	1.360285	1.39059	1.631893	4.6271	3.9431457	6.436011	0.936694	4.033434	4.3111386	0	0	0	0	0	1.7760322	1.5230048	0.268097	3.74017211	11.2345634	23.0107762	16.296056	3.436874	5.4738719	3.2861492	3.7377469	5.386463	2.184634	1.972768	24.9759461	10.5869737	4.0549191	6.087917	0.8503885	1.439146	0	0.124339	0.128535	0	0.49925	0.128535	4.8954353	0.134048	0.5355102	0	0.5256193	0.9496689	6.027235	1.093716	1.0151667	3.227695	1.0536917	0.255434	4.8652453	0	1.876681	0.147929	0.500568
K00800	0.306717	0	0	0	0	1.470318	0	0	0	0.167224	0	0	0	0	0	0.13587	0	3.557278	0.678788	0	0	0	0	0.271739	1.334448	0	0	0	0	0	0	0	1	0.270833	0	0	0.167224	0.271739	0	0	3.163604	0.167224	0	4.167224	4.73188	1.025432	0.167224	0	0	0.13587	0	0	0	0	0	0.83612	0	0	0	0.271739	0.0769928	0	0	0	0.167224	0.13587	1.470318	0	0.677536	0	0	0	0	0	0	2.37591	0.13587	0	0.637542	1	1.141583	1.710702	0	0.271739	0	0.167224	0.846572	0.950181	0.13587	0	0	0.13587	0	0	0	0	0	0.13587	0	0	0	0.668896	0.167224	0	0	0	0.13587	0.334448	0	0.83612	3.8596	0.13587	0	0.167224	0	0.115942	0	0
K01633	0	0	0	0	0	0	0	0	0	0	0	0	0	0	0	0	0	0	0	0	0	0	0	0	0	0	0	0	0	0	0	0	0	0	0	0	0	0	0	0	0	0	0	0	0	0	0	0	0	0	0	0	0	0	0	0	0	0	0	2	0	0	0	0	0	0	0.142857	0	0	0	0	0	0	0	0	0	0	0	1	0	0.323529	0.183673	0	0.346939	0	0	2.45614	0	0	0	0	0	0	0	0	0	0	0	0	0	0	0	0	0	0	0	2	0	0	0	0	0	0	0	0	0	0	0
K01925	1.121411	0.844444	0	3.195178	0	10.106532	0	1.646359	0	5.113675	5.35833	0.573333	0.9382399	0	0.0685279	1.974998	0	18.471028	0.198816	35.332576	0.253808	0	0	2.433166	3.3478502	0.761422	0	1.3663745	0.624365	0	0.634518	0.253807	2.686974	2.249336	0.253807	0	2.2163251	2.995295	0	1.246194	19.502219	0.9771588	0	2.010576	19.2699443	1.8429	2.890256	0	0.803722	2.38272	0	0	0	1.1013134	0.796547	12.345935	0.00169205	0.2984099	0.126904	4.256349	0.9331769	0.6539767	0.4619293	1.131981	14.9784449	2.000004	4.257063	1.714042	7.646146	5.097733	0	0	0	0.418105	0	5.6825972	0.585333	0.795693	10.659892	9.2627267	14.8425206	29.9235247	7.2331466	8.48112	6.047377	10.366692	16.3863	7.62942	1.2208146	16.4586802	7.5315241	1.6668965	3.074406	3.0734036	0.495354	0	0.326107	1.01523	0	0.652947	0	19.128716	0.126904	0.233645	0	3.7129052	3.9847762	6.5549522	2.89386	1.275514	15.4423705	4.135414	0.857023	6.1709217	0	4.2685997	0	0.6480544
K02111	2.952597	0	0.209205	3.836373	0	45.89088	0	7.362385	0.136681	27.473671	4.60543	3.263036	4.0838963	0	2.065965	4.889284	0	2.201594	2.266921	90.947732	0.686193	0	1.293584	1.050791	3.873141	2.3891231	0.183951	2.808304	2.13389	0	0	0.104603	3.331258	0.185185	0	1.209312	1.93023	6.313341	0	5.142264	13.349982	0.9972114	1.33473	4.396099	8.099367	0.394391	5.766773	0	2.41126	2.58525	0	2.1721619	0.104603	0.104603	0.418411	42.804377	0	0.543934	0.104603	4.79265	0.482257	3.881176	1.045328	16.287005	22.074473	0.933263	2.082676	2.11589	7.5325655	3.711301	0	0	5.943063	0.209205	2.068307	2.1279537	2.1220317	0.5214688	8.194426	26.2009535	40.851972	75.279576	12.826123	10.849599	17.709911	24.572868	6.353692	2.10030054	5.552657	64.738005	7.930328	3.6789282	2.96768	2.202221	1.0928395	0.209206	0	0.4865233	0.104603	0.920502	0.357742	25.7033317	0.585077	0.313808	0.41841	1.1802727	0.831242	5.061992	3.893277	3.3834903	1.9335866	5.158768	0.523013	11.985175	0	9.699983	0	0.699132
K01176	0.174989	0.189394	0	0	0	2.7895216	0	0.473485	0	0.0798722	0	0	0	0	0.189394	0.0798722	0	0.131944	0.0308839	5.18317	0	0	0	0.094697	0.0798722	0	0	0.0919118	0	0	0	0	0	0.472854	0	0	0.58	0	0	0.094697	1.0821053	0.190114	0	0	0.2692662	0.193823	0.261317	0	0.0798722	0	0	0	0	0	0	0.5125642	0	0	0	0.4502422	0	0.145349	0	0	3.446607	0	14.8520011	0	0.184162	0	0	0	0	0	0	0	1.4547682	0	0.2640342	0.0815661	0.9194892	1.7894135	0.244698	0.251172	1.13046	2.062657	0.0919118	0	1.0054341	4.5408872	0.182934	0	1.2112822	0.4512012	0.275735	0	0	0	0	0.319489	0	0	0	0	0	0	0	0.1004531	0	0	0	0.094697	0.163132	0	0	0.190114	0	0
K02945	15.3792211	1.7345571	0	26.186005	1.3870215	168.838217	0	26.531321	0.4859888	90.029843	31.286259	6.398814	13.138634	0.366972	9.0921931	13.1553761	0.8	250.19788	8.154432	321.469198	2.8413341	0	9.2767711	21.147386	27.948848	8.403314	0	18.459293	6.628141	0	3.39572	1.795109	30.399402	18.0563741	1.712462	3.160547	7.492612	22.748545	0.4183481	16.969079	171.988085	8.735051	1.9827942	61.735164	138.845674	28.596292	17.194454	0	5.5273	26.169115	0	9.505865	0.5355992	10.210702	3.7585071	156.707304	0.2752291	5.5629461	0.3663611	45.520755	32.633097	19.300756	5.239168	23.1003761	84.056257	40.542371	54.32059	18.202188	38.33874	17.72126	0.102141	0.887574	44.90304	3.078432	4.880699	32.885292	14.731785	6.1005131	47.450749	66.808646	159.927831	135.964799	10.85311	76.32192	40.553352	46.255363	78.67164	49.120014	60.777724	213.408765	57.248014	19.923405	22.214185	7.5257861	4.36594	0.64159	0.5877291	4.14106	1.1634011	4.205689	2.4335051	35.494409	2.384709	2.4152881	0.0917431	7.7540391	18.037882	36.705879	6.328038	5.5396286	24.894991	10.0979511	4.424821	65.99192	0.604281	56.101396	0	6.595351
K02040	0.423351	1.78495	0	6.71818	0	9.900093	0	1.96078	0	1.977676	8.208413	1.15152	0.460829	0	0	0.230415	0	0.423351	0	0.184314	0.192308	0	0	0.0645161	2.551419	0.381699	0	5.017938	0.392157	0	0	0.227273	1.76873	0.194771	0	0	5.76993	1.957302	0	0.614439	2.886413	0	0	0.192308	0	0.477896	0.706581	0	0	1.139506	0	0	0	0.588235	0	0.388386	0	0.196078	0	6.076658	0	0	0	1.37634	0.0551282	0	0.819759	0.886394	4.399829	1.806979	0	0	0	0	0.195084	0.68496	0.423351	0.196078	7.48206	12.02362	9.426284	16.59205	0.681818	1.37255	1.03975	0.196078	49.674132	0	0.588235	16.19033	1.908668	8.21601	6.007377	1.05098	0.196078	0	0	0.784314	0	0.576923	0	5.684909	0	0.101961	0.192308	0	11.271686	4.898979	0.960256	0.196078	0	2.553088	0.196078	0.96078	0	0.773001	0	0.351206
K16345	0.157233	0	0	0.125628	0	4.59392	0	0.0691824	0	3.093401	1.040755	0	0.785616	0	0.125628	0.369004	0	7.8354726	0.986653	3.8383616	0	0	0	1.111912	1.106332	0	0	0.251256	0	0	0	0	1.055684	0.263229	0	0	0.544108	0	0	0.994487	8.6933672	0.0921273	0	0.306479	5.09014	0.877132	0.44365	0	0.544108	0.59837	0	0	0	0.0607966	0	2.044504	0	0.1542259	0	0.535792	1.389746	0.123953	0	0.125628	1.9068665	1.585424	0.534117	0.491298	0.798715	0.1716917	0	0	0	0	0	1.922108	0.251256	0.37056465	1.128205	0.745856	2.885351	5.306091	0.125628	0.668899	0.3835846	0.951424	2.3968442	1.786809	0.274707	2.341708	1.4470368	0.716081	0.292852	0.125628	0.154941	0	0	0.502513	0.249581	0	0	1.577608	0	0	0	0.540566	0.71646	0.5593004	0.172529	0.501675	0	0.803267	0.126465521	1.087939	0	0.4505858	0	0.222632
K02519	9.9155468	2.3296126	0	6.0856637	1.134486	38.983249	0.0675676	8.2891917	0.325945	27.6616865	9.5980673	1.4148384	4.644022	0	3.3852867	2.9710787	0.390037	163.832543	3.0438134	141.6130354	0.4938099	0	1.8413542	28.4531131	13.7970741	3.7537874	0	9.9003097	2.5150432	0.26982	0.605313	2.1044376	11.8883036	16.9693445	0.4623591	2.0326246	4.2932857	10.9224911	0.0684932	5.2550849	49.3185646	1.9961852	0.273973	5.5079228	147.285531	25.5300895	7.244062	0	1.1943801	12.9205681	0	1.1870446	0.864795	6.961397	2.8564531	37.476168	0.0679348	2.3065123	0.258333	30.2567396	8.3218292	11.1997939	4.3354068	6.2109731	37.974053	24.5417341	12.17563	6.1808616	20.8957105	6.4329433	0	0	1.156695	0	1.0920299	36.8921174	2.8346889	4.789256	21.6591346	32.8704681	53.612175	97.691738	27.6424417	27.788006	23.6408265	15.282185	73.932621	42.7067738	15.344828	82.1154853	24.33331	13.929054	5.9840891	2.539143	1.6429166	0.0866551	0.2291051	2.5670999	0.8838022	1.18182	0.6294655	24.334683	2.3977577	0.521198	0	20.5020618	11.577921	7.3743712	2.0455976	2.2822092	35.8596908	5.0078481	1.5160297	14.7085573	0.1363358	2.323193	0.625	1.9198785
K00208	11.382765	4.7798792	0.423729	14.580033	0	83.021969	0	19.900602	0.211864	42.747854	54.625388	2.729519	11.0936636	0	7.390479	3.813552	0	143.800604	6.860402	180.654426	0.7134373	0	3.960355	23.993395	48.5547661	4.0306963	0.211864	71.0764636	3.093262	0	0.423729	11.3831337	19.184896	5.524561	0	1.629944	26.29134	13.6998182	0.794579	2.8620949	71.251039	7.13388	0	8.573116	68.325491	84.808676	12.443658	0	6.4764438	12.3086348	0	10.34523	0	14.078027	0.8839682	69.47322	0.635592	7.530564	1.045197	42.652019	22.07897	6.075658	10.976003	25.057297	53.405205	17.90587	58.040547	14.617534	23.3062453	7.864351	0	0	0.864472	0.723164	4.457156	18.6792156	3.47052	25.293119	71.115044	41.455338	51.873206	96.115496	65.2928307	57.459184	48.590295	38.110739	186.034881	67.960005	24.4179652	118.40317	78.858841	36.776968	21.1810942	14.748911	9.1061068	0.624293	0.211864	10.281707	0.4943505	0.987288	0.9394503	90.339808	4.60971	1.940371	0.503807	23.081182	16.798289	58.120237	4.973605	6.26802	45.816559	21.5634578	6.87236	16.579008	0.423728	7.828091	0.570621	2.199146
K03152	0	0	0	0	0	0	0	0	0	0	0	0	0	0	0	0	0	0	0	0	0	0	0	0	0	0	0	0.814815	1	0	0	0	0	0	0	0	0	0	0	0	0	0	0	0	0	0	0	0	0	0	0	0	0	0	0	0	0	0	0	0	0	0	0	0	0	0	0	0	0	0	0	0	0	0	0	0	0	0	0	0	0	0	0	0	0	0	0	0	0	0	0	0	0	0	0	0	0	0	0	0	0	0	0	0	0	0	0	0	0	0	0	0	0	0	0	0	0	0
K00796	0	0	0	0	0	1.03356	0	0	0	0.393701	0.393701	0	0	0	0	0	0	0.787402	0	0	0	0	0	0	0	0	0	0	0	0	0	0	0	0	0	0	0	0	0	0	0	0	0	0	0	0	0.393701	0	0	0	0	0	0	0	0	0.33557	0	0	0	0	0	0	0	0	0	0	0	0	0	0.393701	0	0	0	0	0	0	0	0	0	0	0.33557	0.33557	0	0	0	0	0	0	0.393701	0	0.393701	0	0	0	0	0	0	0	0	0	0	0	0	0	0	0	0	0	0.787402	0	0	0	0	0	0	0	0	0
K01520	0	0	0	2	0	0	0	0	0	0	0	0	0	0	0	0	0	0.574074	0	0	0	0	0	0	0	0	0	0	0	0	0	0	0	0	0	0	0	0	0	0	3.23577	0	0	0	0	0	0	0	0	0	0	0	0	0	0	0	0	0	0	0	0	0	0	0	0	0	0	0	0	0	0	0	0	0	0	0	0	0	0	0	3	0	0	0	0	0	0	2.9187	0	0	0	0	0	0	0	0	0	0	0	0	0	0	0	0	0	0	0	0	0	0	0	0	0	0	0	0	0	0
K01493	0	0	0	0	0	0	0	0	0	0	0	0	0	0	0	0	0	0	0	0	0	0	0	0	0	0	0	0	0	0	0	0	0	0	0	0	0	0	0	0	0	0	0	0	0	0	0	0	0	0	0	0	0	0	0	0	0	0	0	0	0	0	0	0	0	0	0	0	0	0	0	0	0	0	0	0	0	0	0	0	0	0	0	0	0	0	0	0	0	0	0	4	0	0	0	0	0	0	0	0	0	0	0	0	0	0	0	0	0	0.318841	0	0	0	0	0	0	0	0
K12267	0.933962	0	0	0.93389	0	12.3644647	0	0.852159	0	12.666918	3.1699502	1.283982	1.084536	0	3.62591	3.15555	0	2.16146	2.6855433	26.747075	0.157233	0	1.25786	0.722686	4.372577	1.2476114	0	3.905297	0.502581	0.157233	0	0.471698	3.39536	0.692963	0.314465	0	1.771628	1.18462	0	3.5600058	12.532586	1.3870556	0.471698	16.4735	8.535939	1.9457791	3.3334791	0.314465	1.8605105	2.299911	0	1.334286	0	0.205451	0	10.336547	0	0.146154	0.445075	2.767361	0	1.607984	0.103774	11.214765	12.870042	3.9150913	13.583078	2.24983	23.445379	1.731073	0	0	1.867383	0	3.232744	4.910287	0	0.349541	4.619783	45.5022529	20.3562798	16.2109248	2.724742	13.9010033	15.5547821	21.3301951	8.548203	0.66552	4.86714	19.285227	7.8320194	6.007554	7.9830225	8.416536	0.4653278	0.314465	0.20059	1.459399	0.551036	2.385119	0	39.6845873	0.0691824	1.49155	0	0.94919	4.383249	3.896787	1.716937	1.7978557	20.991836	7.0780916	0.62893	19.8667252	0	14.9965268	0	1.1361302
K01142	1.729634	0.111111	0	0.0166667	0	7.772076	0	0.426173	0	3.92166	5.203908	0	0.297386	0	0.183007	0	0	2.8059367	0.570017	12.067927	0.251256	0	0	1.72005	3.094635	0.867801	0	3.841157	0.514706	0	0	0	1.08083	0.590098	0	0.48	1.732682	0.383333	0	1.135243	10.623678	0.7802131	0	2.21819	7.731002	5.8208363	2.551421	0	1.000825	3.9455791	0	1.38636	0.465	1.02305	0	5.404118	0	0	0.140893	2.0813516	2.033873	0	1.640403	5.768589	5.626156	2.80167	4.731263	0.5378429	3.030757	0.746354	0.658333	0	1.5	0	0	2.72122	1.180946	0.383333	2.9151597	9.8544573	12.2177419	13.108986	4.303843	7.5879294	2.596497	3.844572	7.3554179	1.757724	0.8974187	11.505047	6.0934497	6.0815379	6.799132	1.828873	0.990196	0.137476	0.0915033	0.908119	0.452972	0.764706	1.083554	12.583584	2.685868	0	0	1.278227	3.631198	4.979486	2.038886	1.883166	5.642961	2.415776	0.25	29.916672	0	5.194835	0	0.1327176
K03284	4.794409	1.056154	0	0.247002	1.5444	16.783265	0	1.3268981	0	3.877592	9.920197	0	0.19305	0	0.282274	1.084522	0	9.2920511	1.205635	7.258689	0	0	0	2.242219	4.670355	1.017384	0.19305	9.665371	0	0.3861	0	0.948941	2.573307	2.5523317	0	0	2.1447503	1.803649	0.021879	0.9932481	10.996335	1.393537	0.772201	0.7722	10.393931	22.1670381	4.606778	0	1.138884	2.598871	0	0	0	3.3280355	0.854676	33.463206	0	0.6001562	0.7722	3.0597561	4.123018	2.367334	2.542524	1.817246	3.27381	5.697102	9.46294	0.2785572	2.300905	1.988903	0	0	0.19305	0	0.19305	1.7410671	2.711816	1.911242	2.264538	11.351488	16.993634	11.473001	2.50708	4.845004	2.943083	4.317262	6.2875851	7.736101	0.552123	13.7593	4.981216	1.195345	2.0071631	0.760505	0.845037	0.182254	0	2.208144	0.263052	0.673819	0	9.5899759	0.652064	0.526384	0	2.2752771	4.477194	8.220949	0.435006	1.9518143	6.490832	2.4873021	0.6692401	10.178467	0.19305	1.284426	0.217391	0.554417
K07484	0	0	0	0.35461	0	0.709543	0	0	0	0.524374	0.26455	0	0	0	0	0	0	3.587662	0	0.592885	0	0	0	0	0	0	0	0	0.125165	0	0	0	1.84314	0	0	0	0	0.395257	0	0	0	0	0	0	0	0.197628	0	0	0.395257	0	0	0	0	0	0	0.197628	0	0	0	0.507246	0	0	0	0	0	0	0.197628	0	0.262787	0	0	0	0	0	0	0.197628	0.462178	0	0.389573	3.914724	0.980392	0.552238	0	0.197628	1.302105	0	0.495389	0	0	0	1.197628	0	0.35461	0.197628	0	0	0	0	0	0	0	1.145124	0	0	0	0	0	0	0.197628	1.13966	0	0.197628	0	0	0	0	0	0
K00790	3.056249	0.256873	0	0.831042	0	13.022262	0	0.841065	0	3.417315	2.33232	0.944436	0.0257732	0	1.260996	0	0	22.956882	0	0.172865	0	0	0.14881	2.771919	2.2002521	2.175382	0	0.3573891	0	0	0.985879	1.0508779	1.855458	3.954289	0	0	1.002646	2.2850365	0	0.7948164	10.8891097	0	0	2.4549424	18.4267566	3.513266	3.500347	0	0.128007	1.8350157	0	0	0	0.222222	0	4.714907	0	0.282486	0.14881	5.491907	1.343863	0.3369005	0.657331	0.924665	0.442747	3.8092832	4.7960063	0.931272	6.893307	2.108087	0	0	0	0	0.178657	6.976958	0.876473	0.6291728	4.095852	11.2544909	2.638716	24.03734	1.97944	4.002664	0.779232	2.569553	22.778165	7.490724	1.4988996	0	4.432152	0.140873	0.767912	0.0844156	0.79097	0	0	0.38488	0	0.198454	0.24451	2.1656413	0.6958632	0.25	0	1.941757	5.340202	0.9043851	0	0.300013	10.666678	1.352134	0.337596	0.3296071	0	0.578666	0	0.308924
K01079	0	0	0	0	0	3.136234	0	0	0	0.136612	0.797814	0	0	0	0	0	0	0	0	3.030052	0	0	0	0	0.0336976	0.136612	0	0.935333	0	0	0	0	0.0846995	0	0	0	0.273224	0.273224	0	0	0.136612	0	0	0.758312	0.136612	0	0.0783242	0	0.273224	0	0	0	0	0.0856102	0	1.091985	0	0	0	0	0	0	0	0.273224	0.136612	0	0.597806	0.191919	0	0.136612	0	0	0	0	0	0	0	0	0	1.697632	2.9124031	0.787792	0	0.347565	0.546448	0.136612	0	0	0.136612	2.769584	0.136612	0.748311	0.900836	0.2094717	0	0	0	0	0	0.786248	0	0.136612	0	0	0	0	0.230415	0.894924	0.2726695	0.136612	0	0.273224	0	0.496357	0	0	0	0
K00868	0	0.3663	0	0	0	5.211686	0	1.444501	0	1.170173	0.582361	0	0.636877	0	0	0	0	3.3299308	0	2.189147	0	0	0	0.604396	1.248054	0.16129	0	2.010043	0	0	0	0	0.948718	0.444858	0	0	0	0.505731	0	0	1.667218	0.507937	0	0.363487	1.14164	1.893804	0.352149	0	0.170068	0.50775	0	0	0	0.16129	0	6.32142	0	0	0	0.18315	0	0.214592	0.77821	0.626543	0.967742	0.542203	0.974749	0	0.930418	0.350467	0	0	0	0	0	1.4884	0.50118	0.3663	2.508197	2.103384	4.724062	2.21507	0.894624	2.2606	2.189136	0.348365	3.00733	1.79976	0.733545	8.124348	0.851038	0.194553	0.326011	0	0	0	0	0	0	0.348898	0	1.069377	0	0	0	0.868132	0.194553	0.477158	0	0.128118	1.092548	0	0	0.194553	0	1.408407	0	0.405372
K00919	0	0	0	0.434783	0	1.3550697	0	0	0	0.430434	0.3478261	0	0	0	0.217391	0	0	0.0913043	0	3.55217	0	0	0	0	1.29855	0	0	2.686957	0	0	0	0	0.663769	0	0	0	0.217391	0	0	0.434783	0.434782	0.544927	0	0	0	0.757971	0	0	0.166667	0	0	0	0	0.6362314	0	1.67971	0	0	0	0	0	0	0	0	0.215942	0	1.228985	0.217391	0.217391	0.173913	0	0	0	0	0	0.12029	0	1.217391	0.571471	0.859421	1.4753662	0.815942	1.5029	0.652173	1.52463755	1.199999	0.217391	0	0.371014	3.52319	0.434782	0.713043	0.4391309	0.989855	0	0	0	0	0	0	0	2.175362	0	0.217391	2	0	0	0.26087	0	0	0	0.1768114	0	1.0260857	0	0	0	0
K09474	0	0	0	0	0	0	0	0	0	0	0	0	0	0	0	0	0	0	0	0	0	0	0	0	0	0	0	0	0	0	0	0	0	0	0	0	0	0	0	0	0	0	0	0	0	0	0	0	0	0	0	0	0	0	0	0	0	0	0	0	0	0	0	0	0	0	0	0	0	0	0	0	0	0	0	0	0	0	0	0	0	0	0	0	0	0	0	0	0	0	0	0	0	0	0	0	0	0	0	0	0	0	0	0	0	0	0	0	0	0	0	0	0	0	0	0	0	0
K00700	2.6403333	0.4321004	0	11.329299	0.390447	9.48484	0	1.085873	0	7.4242852	6.612802	0.6692754	1.201925	0	0.45569294	1.6446854	0	19.4815466	0.6448804	16.1388892	0.2242865	0	0	3.84837757	2.2427931	0.7176474	0	2.0801324	0.669178	0	0	0.658136	3.943714	1.946874	0	0.155039	1.7047612	2.3048388	0.42866	0.7357284	24.6101474	1.1153013	0	4.145525	24.5449409	4.4923563	2.2564187	0	1.4491678	10.0213997	0	0.2585588	0.2285764	1.0825577	0.12093	9.9999463	0.0775194	0.9603374	0.0775194	7.76949	2.3716269	2.0285528	1.111046	1.9210329	6.171733	3.3336844	10.9814784	0.7773654	7.5978504	1.6926967	0	0	0.259751	0	0	7.6532451	1.5710454	0.8860268	6.6713945	9.4936983	20.821888	28.8803747	4.8422805	3.4352441	5.114113	4.5322475	16.4227804	4.5566134	2.1239394	10.203702	4.5526259	5.0633148	4.8546216	2.1339719	0.7803134	0.1647794	0.0777605	3.8418426	0.2226885	0.612234	0.927215	7.9479156	2.4387343	0.388802	0	0.5448122	1.8995202	3.8905919	0.7728238	1.8671004	6.589962	2.5970608	0.3883212	4.4187074	0.0777605	16.1052562	0.352113	0.5558564
K02687	0	0	0	0	0	1.2194442	0	0	0	0.2347219	0.866667	0	0	0	0.208333	0	0	0	0.37594	4.00833	0	0	0.358333	0	1.788888	0	0	1.84028	0.208333	0	0	0	0.416667	0	0	0	0.2361108	0.275	0.208333	0.624999	1.856291	0.208333	0	0	0.291358	1.0002081	0.2097221	0	0	0	0	0	0	0	0	3.333024	0	0.208333	0	0	0	0.416667	0	0	1.21111	0	2.4180553	0	0.398611	1.0375	0	0	0	0	0	0.748299	0.347222	0	1	1.39306	3.184722	0.968995	0.683333	0	0.297222	0.625	0	0.877551	0	3.281943	0.0388889	0	0.944444	0.208333	0.208333	0	0	0.987179	0	0	0	1.915275	0	0	0	0.122963	0.37594	0.416666	0.625	0.7777774	0	0.888889	0	0.632454	0	0.833333	0	0.203008
K07025	0.959611	2.598114	0	0.511005	0.487805	92.728738	0	10.234067	0.502969	39.10458	47.5388862	1.199367	2.908282	0	1.775418	0.978727	0.164228	56.9633674	2.508145	58.067605	3.536834	0	7.53924	4.947403	33.8956927	1.5979782	0	34.796528	2.249771	0.459259	1.20813	2.743816	6.543089	1.382185	0	2.081712	11.945055	5.116406	3.10829	3.7556228	22.225258	15.215899	2.6180929	40.293709	26.777398	37.054466	8.275909	0	8.539717	10.044772	0	4.57648	0.243902	2.807875	0.731707	167.046708	0.241796	0.6234885	1.454088	2.700968	4.578793	11.670151	2.922311	25.149981	9.9596043	16.798476	480.308924	2.123825	8.286957	3.502169	0	0	41.252256	0.518135	0.259067	14.991885	4.052566	4.505007	3.591836	16.316128	59.526572	14.259901	32.081584	56.8455492	37.087951	26.250681	50.8330317	9.299449	47.6982986	142.8552891	24.918125	63.79580835	119.606783	8.526758	5.893037	0.3155866	0.663414	3.260033	3.60787	7.802647	5.170514	46.349864	3.8747354	6.54497	0	1.498167	17.489	37.510641	10.615037	10.053045	14.276089	8.123824	5.089982	105.609564	1.291056	111.264789	0	8.997854
K01745	0.854845	0	0	0.161812	1.8481	0.6652581	0	0	0	0.746942	0.2027031	0	0.337838	0	0	0.323625	0	5.168531	0	1.4737273	0	0	0	0.561006	0.225225	0.112613	0	0	0	0	0	0	0.7765766	0.715352	0	0	0	0.225225	0	0.112613	1.447106	0	0	0	7.860007	0.593844	0.21922	0	0	0.1921926	0	0	0	0.112613	0	0	0	0	0	1.8916371	0.151057	0.112613	0.151057	0	0.3524628	1.005857	0	0	0.414728	0.122549	0	0	0	0	0	2.6662044	0.45045	0	0.908425	0.660242	2.585816	10.381343	0	0.6306311	0	0	5.588533	0.936088	0.112613	1.33859	0.496466	0.225226	1.5062166	0	0	0	0	0.112613	0	0	0	0.245098	0	0	0	0.26367	0.601508	0.4531766	0	0	1.015228	0	0	1.216115	0	0.235162	0	2.51773
K03628	6.956903	2.8149168	0.3322255	0.731312	0.1572536	51.9470873	0	2.2374852	0.1619454	15.4217408	10.2774701	0.5535283	3.330341	0	1.1166945	1.7328195	0	54.7546598	3.077584	47.920303	0.7896695	0.166113	0.166111	4.3459505	11.2596798	3.0598094	0	11.9485575	4.691839	0	0	1.914954	9.078859	3.1422351	0	0	3.820044	7.471533	0.1666666	3.5204274	43.4103376	3.2579111	0.651985	15.7081579	54.1597665	5.4607265	6.2082036	0.0830565	1.198089	5.418304	0	0.1622222	0.0788889	3.4894663	0.232558	54.4154025	0	1.219823	0.5228888	16.8929005	5.154095	2.3253048	1.8020975	8.142598	10.399467	4.0483152	45.2187269	4.7312757	10.9310985	4.8620264	0.0815661	0	5.0140825	0.332226	0.4983385	7.583054	3.4730775	0.675145	12.9131185	19.7954455	71.8431009	61.6259223	3.161589	16.345623	4.8757278	7.4903972	40.4843325	9.142652	12.0841047	57.31721012	17.003958	4.5808201	12.7358045	2.6849979	5.0974021	0.6119081	0.181667	6.0887631	4.003121	3.8031181	1.3756505	45.148882	1.7840784	1.2449031	0.0830565	4.7558758	21.0037368	24.9504853	3.685125	4.844504	36.2762017	6.8688471	1.9868267	43.1086169	0.4161133	42.3079409	0.5505225	5.5310266
K00973	0	0	0	0	0	0	0	0	0	0	0	0	0	0	0	0	0	0	0	0	0	0	0	0	0	0	0	0	0	0	0	0	0	0	0	0	0	0	0	0	0	0	0	0	0	0	0	0	0	0	0	0	0	0	0	0	0	0	0	0	0	0	0	0	0	0	0	0	0	0	0	0	0	0	0	0	0	0	0	0	0	0	0	0	0	0	0	0	0	0	0	0	0	0	0	0	0	0	0	0	0	0	0	0	0	0	0	0	0	0	0	0	0	0	0	0	0	0
K07098	5.9005337	0.157233	0	21.25909	0	15.226102	0	2.0124624	0	4.547984	2.467557	2.1843655	0.668344	0	0.445095	0.157233	0	25.9285363	2.22572665	19.3807115	0	0.293255	0.194595	6.060385	2.122099	0.98043	0	2.5819943	0	0.795918	0	0.471698	4.88339657	1.174226	0	0.115347	2.84374	1.970531	0	1.3634	10.496376	1.502419	0	5.016937	30.110798	9.176334	2.911409	0	0.14565	2.4639399	0	0.157233	0.315457	1.804083	0.666667	9.9188683	0	0.157233	0.151057	5.3360276	0.503145	16.761974	1.47027	0	7.1849062	2.19078	3.2132108	0.892195	4.172128	0.297685	0	0	2.027699	0	0.295858	12.558504	3.621581	2.796012	3.386665	8.882056	19.007495	19.711568	1.15341	10.4074154	0.99755	1.0323412	18.566248	4.567661	2.382241	9.986113	5.500451	7.618636	4.977525	0.444313	0.4918415	0	0.153374	0.922081	0.488944	0.888572	0.146628	5.1485026	0.157233	0.809668	0	0.6184828	2.435854	0.8689792	0.4110148	0.4698991	3.519047	2.2554242	2.8441169	6.6277656	0	2.062796	0	1.14418
K01624	3.66961	0	0	0	0	0	0	0	0	0	1.675	0	0	0	0	0	0	0.275	0	0	0	0	0	1.99005	0	0	0	0	0.791667	0	0	0	0	0	0	0	2.55	0	0	3.15	0	0	0	4.30833	0	0	0	0	0	0	0	0	0	0	0	0	0	0	0	0	0	8.32338	0	0	0	0	0	0.391667	1.275	0	0	0	0	0	0	0	0	0	0	0	0	11.745025	0	0	0	0	4.43333	0	0	0	0	0	1.59167	0	0	0	0.916667	0.248756	0.497512	1.215423	0	0	0	0	0	0	0	0.248756	0	6.38143	0.497512	0.497512	0	8.24167	0	0	0	0
K00337	2.7972358	0.477708	0	9.8225588	1.561571	18.106461	0	2.634823	0	10.805732	6.79405	0.159236	2.0191068	0	1.157644	0.543525	0	34.60078	0.768578	55.391739	0	0	1.41295	1.87447476	4.073251	1.3951384	0	4.338525	1.557917	0.159236	0.636943	0.636943	4.9394856	3.031777	0	0.29724	2.245219	2.1295127	0.159236	2.0403404	10.164549	1.730362	0.955414	2.920384	26.98586	7.0240862	1.641424	0	0.477707	8.2508773	0	0.267035	0	1.2261147	0	13.895946	0.159236	0.5912953	0	8.737791	2.857746	1.534713	1.002124	5.177283	13.456467	9.942676	4.646507	0.318472	5.5731801	1.79936	0	0	1.11465	0	0.0286624	4.202158	0.581742	2.093422	7.596724	13.159025	15.290046	19.709176	7.5764318	6.146724	7.226116	5.843941	12.243107	7.61571	3.686007	18.353454	8.6358793	1.207006	2.149681	3.5655289	0.636943	0	0	0.159236	0	0.0774947	0.277053	4.535879	0.187898	0	0.276243	1.765324	1.4617841	2.8598764	0.796178	0.2154993	8.539411	1.706559	0.816166	4.816349	0.159236	0.157113	0	0
K11068	1.11402	0	0	0	0	1.919343	0	0.175542	0	0.745562	1.256175	0	0	0	0	0	0	2.0509203	0	0.258427	0	0	0	0.711566	0	0	0	0	0	0	0	0	0	0	0	0	0	0	0	0.222836	2.7627678	0.295858	0	0.887574	2.475136	0.256014	0	0	0.295858	0	0	0	0	0	0	0.162921	0	0	0	1.012248	0	0	0.655409	0	0.751479	0.963168	0.250493	0.848344	0.887574	0.295858	0	0	0	0	0	0.845304	0.276243	0.276243	0.198895	2.319527	1.311193	4.571322	1.282129	0.760255	0.739235	0.363296	0.268244	1.775585	0.504604	0.576136	4.404353	0	0	0	0	0	0	0	0	1.183432	0	1.166622	0	0	0	0	0.52302	0.280899	0	0	0	0	0	3.293888	0	0.872615	0	0
K00174	3.7485611	0.6597214	0	1.460832	2.522516	37.4947479	0	10.309467	0.331783	14.4560229	7.43746951	1.276709	2.663462	0	1.6997034	1.5042734	0	45.2592473	0	58.1689233	0.320513	0	0.838675	5.4852003	9.76658	1.2631133	0	3.4425953	0.641025	0.0480769	4.6170406	0.32906	3.7585516	3.7389642	0	0.1645295	2.6041325	3.8349328	0	4.3203694	28.310459	1.9855332	0	4.6824773	23.3818067	5.2282193	4.15648646	0	1.7935129	5.105166	0	0	0.0182962	2.5844193	0.919553	15.492046	0.228632	1.457996	0.6619802	19.2796434	2.7480614	0.6333072	1.754861	10.1741307	14.3482519	12.6961797	6.4875026	4.5355683	15.6059708	7.1409926	0	0	0.641026	0.172987	0.266908	15.689706	2.9377722	2.274666	15.3482283	17.9329547	38.016968	81.8428892	5.7268	21.5653356	14.5418722	5.9355715	35.9434912	24.559281	3.8761012	50.0206433	10.0874149	3.6339971	4.0067759	1.5139061	1.3435213	0	0	1.9615053	0.159188	1.157051	0	6.1599638	1.081555	0	0	3.068014	5.0044606	6.5763203	1.228631	1.81187	2.7655773	6.0418526	0.6936683	11.4822703	0	1.2373892	0.191239	1.8143763
K00806	3.088437	0.743806	0	2.318252	0	16.5028789	0	3.23757	0	7.460747	6.535287	0.712322	1.278607	0	1.029553	2.405006	0	28.082572	0.655896	20.525708	0.0983936	0.497512	0.47138	3.745043	3.3455463	1.076613	0	5.785518	0.686567	0	3.36111	0	5.24679	2.29989	0	0	0.898838	2.4103979	0.162521	1.451238	11.374579	2.035179	0.5	2.554103	19.923868	3.611333	2.2985091	0	0	8.6476264	0	0	0	0.818442	0	14.505767	0	1.253951	0.866086	8.309456	1.0610306	1.771571	0.746268	2.3434106	6.3072924	5.759649	1.137377	0.6934691	11.365095	3.1448764	0	0	0.75	0	0	4.492217	4.634207	0.997202	7.239197	8.991775	22.916289	46.743907	16.167586	13.854394	11.980048	4.354105	21.76041416	14.194431	2.89045878	32.446134	6.208429	1.15402	4.934267	0.9547426	2.0516321	0	0	3.646826	1.955814	1.164179	0.232558	11.4505595	0.386803	0.597214	0	0.592425	4.331943	5.11435	1.033401	0.481314	9.912954	3.739927	1.160077	10.912179	0.481314	9.609408	0	0.9861391
K01868	1.7946603	0.0833333	0	17.9020482	0	18.414908	0	4.0984965	0.0433333	8.4898067	5.1813237	0.2633173	2.1593022	0	3.5442963	1.418165	0	50.7485137	0.7115479	40.4166597	0.4934283	0	1.046583	11.9398103	3.5971856	1.8584909	0	2.7191946	0.44287572	0	1.853007	0	3.6255583	3.291794	0.530635	0.5655553	1.0744151	3.2590224	0	3.806349	11.232569	14.1018726	6.81579	1.0875152	17.4316543	1.569299	2.5042736	0	0.2370947	10.1735163	0	1.541363	0.144317	0.73125	0.8031773	17.475136	0	0.3457854	0.2500003	18.333645	3.2210542	4.2584713	0.191571	3.9390468	7.1640174	9.7255879	4.089843	2.0169061	10.7996648	1.5470902	0	0	1.916114	0.2046474	0.0833333	5.4570046	10.0444153	1.0482911	4.0738463	11.1043392	17.2667825	18.8017961	4.997214	11.7181992	8.4211374	4.8402059	30.6106216	17.1529638	2.74966463	24.0267329	11.0786397	2.4342575	6.854832	3.8274173	1.079648	0	0.25	3.6261709	0.8011107	0.546638	0.0383333	9.203216	0.633328	0.5032423	0	4.0824987	5.9161656	7.3669452	2.2637673	1.4046653	2.2546283	2.0331324	0.6170913	9.0972384	0.195697	12.4335936	0	1.0472212
K03657	0.4825206	0	0	1.0161324	0	7.0215518	0	0.2073792	0.207039	2.8471006	2.5715295	0.8695382	0	0	0.0623441	0.0884956	0	5.3157632	0.1810234	7.0869231	0	0	0.125945	0.4005604	2.6383344	0.4301731	0	1.4209327	0.3924341	0	0	0.1650131	1.8796211	1.3451504	0	0	0.6501238	1.8861974	0.0589623	0.4752422	10.9911558	0.7904202	0	2.7511302	4.6172779	2.303287	0.8755953	0	0.0623441	1.1245054	0	0.2771696	0.0629723	0.481725	0.2734825	5.0811596	0	0	0	2.5517826	1.082058	1.3133762	0.00124533	2.1479062	4.1698783	1.078996	6.91922848	0.6220116	2.5981828	0.6789253	0	0	2.6249562	0.114611	0	2.0027128	0.8712051	0.312318	0.8947487	4.9088123	7.6571277	10.887514	1.3750836	2.8994218	0.8265031	1.7885707	4.733874	4.4644504	2.4846551	10.5752754	2.531513	2.1802908	3.6325269	1.8753566	0.5335479	0.4040169	0	0.6048022	0	0.640745	0.1287	3.850349	0.125945	0.430391	0	1.0154844	2.1053141	2.3741351	0.5493855	1.0270303	0.8645263	1.1530195	0.123153	4.7141265	0.0650195	2.86705951	0.111671	0.6002103
K16211	0.8902947	0.126582	0	0.122363	0	4.062305	0	1.774688	0	3.808894	0.152439	0.152439	0.126582	0	0.379747	1.116996	0	12.901266	0	12.6105248	0.126582	0	0	1.26498	0.253164	0.527886	0	0.804219	0	0	0	0.126582	1.3552765	2.4428262	0	0.253165	0.783122	0.548523	0	0.70633	6.226505	0	0.759494	0.457317	24.6044801	2.9834041	1.2383359	0.0810127	0.253164	0.932962	0	0.126582	0	0	0	0.351055	0	0.379747	0.759494	6.039175	0.379747	0.757807	0.253165	0.693019	7.9080156	4.638817	0.5316448	1.165402	2.3169165	0.935942	0	0	0	0	0.221097	3.9088652	0.405603	0.253164	6.466808	1.51307634	3.690847	10.243885	1.39241	3.2825664	2.249793	2.8472571	28.2264194	3.4579247	1.2544684	26.043864	4.919922	0.26075894	0.61097	0.321519	0.7142299	0.126582	0	0.253164	0.253165	0.44557	0	2.103797	0	1.13924	0	0.9030098	1.688607	2.2120522	0.8396108	0.378903	25.861194	3.257278	0.379747	0.632911	0	0	0	1.127264
K01817	0	0	0	0	0	2.450061	0	0	0	0.301205	1.812122	0	0	0	0	0	0.33913	4.5256955	2.8	3.779798	0	0	0	0.960317	1.0933877	0	0	0.5777777	0.143434	0	0	0	0	0	0	0	1.09899	0.606061	0	0	2.303081	2.240998	0	1.78571	0.4525248	4.410864	0	0	0.492424	1.483044	0	0	0	0	0	5.680837	0	0	0	1.179688	1.498317	0	0	0	0.606061	2.58182	7.853481	0.324638	1.168807	0	0	0	0	0.251984	0.19798	0.638968	0	0.30303	0.60404	3.3411173	4.041497	3.705557	0.30303	2.246645	0.30303	2.410992	1.721529	1.919191	2.289018	2.124906	0.543434	0.959766	2.962044	1.831585	0.606061	0	0	1.863853	0	0.704225	0	1.0101	0	0.482828	0	0	0.197832	1.6672637	0	0.609756	0.507937	0.816074	0	3.98804	0	1.6854805	0	0.794146
K03553	0	0	0	1.788725	0	2.536534	0	0	0	3.312646	0.72213	0.171233	0	0	0	0	0	0.175439	0	0.606542	0	0	0	0.738585	0	0.0897436	0	1.52281	0.525146	0	0	0	0.940464	0	0	0	0.513699	0.171233	0.171233	0	0.0821918	0.534027	0	1.417533	1.222831	0.273973	0.870424	0	0	0.923595	0	0	0	0.2883914	0.342466	0	0	0	0	1.51538	0.164384	0	0.350877	0.349708	0.342466	0	1.05263	0	0.859229	0	0	0	0	0	0	0.560054	0.978608	0.0871795	1.291341	9.512502	3.245254	2.161951	0.339744	0.513699	8.25433	0.684932	1.2829714	0.0821918	0.919389	0	0.513699	1.524498	0.968564	0.175439	0	0	0	0.350877	0	0	0	3.15556	0	0	0	0	0	1.569366	0.526316	0.138462	0	0.558608	0	0	0	0	0	0
K01993	0.311827	0	0	0	0	1.989242	0	0	0	0.537634	1.309609	0.238095	0.716846	0	0	0.356033	0	2.075272	0	3.371742	0	0	0	0.928315	0.928708	0	0	0	0	0	0	0.037037	0.6212662	0.358423	0	0	1.09398	1.559291	0	0.221027	2.2449218	0	0	0.463559	4.41099	1.91278	1.057346	0	0.358423	0.358422	0	0	0	0.448028	0	0.3082432	0	0.179211	0	0.755094	0	0.190114	0	0.167264	0.716846	3.9534	0.424309	0.526433	0.179211	0.211864	0	0	0	0	0	0.889793	0.62137994	0.179211	1.0764632	5.40471	9.4348026	2.308389	2.68817	0.570286	0.596176	4.203418	2.695686	0.574671	0	2.01673	2.351118	0.179211	0.179211	0.179211	0.179211	0	0	0.4121862	0.0908005	0.262843	0.507766	0.808841	0.0716846	0.570287	0	0	0.537634	1.2594646	1.1536	0	0.179211	0.9979513	0.179211	5.4157686	0	0.179211	0	0
K02919	12.0333	0	0	1.7094	0	14.615355	0	6.233976	0	7.000003	14.532705	1	3.2906	0	1.940171	2.99145	0	3.664531	16.306624	79.6066	0.854701	0	0	17.2917	7.59829	3.532903	0	14.4017	0	1.675	0	0	4.64103	5.75	0	0	6.91453	5.52991	0	0.888889	2.58184	1.52991	0	6.54701	8.04573	2.36218	8.18803	0.65812	4.83398	7.93954	0	0.791667	0	2	0	13.3846	0	0.623932	0	2.324782	0	6.25812	2.2735	19.8291	9.35897	0	5.65812	0	0.589744	5.5812	0	0	0	0	2.82906	2.752135	4.58761	2.215602	15.01492	43.778833	53.622265	30.206624	7.99145	13.47052	5.37607	19.6154	1.7265	4.240171	8.79316	29.3675	5.05128	7.12821	13.7949	6.84615	0	19.4188	0	1.69167	0	2.88718	0	2.83761	1	0	10.8547	0	0	14.951098	0	11.09701	4.35	1	0	2.08547	0	0.623932	0	0
K01785	1.320365	0.187266	0	0.168919	0	9.41831	0	0.561798	0	1.528939	2.991937	0	0	0	0.856061	0.373283	0	16.975224	0.227273	5.419724	0.0436954	0	0	1.467507	2.026872	0.168919	0	1.215031	0.702671	0	0.374532	0	0.976927	1.89247	0	0	0.726971	1.334929	0.187266	1.324652	6.395225	0.842028	0	0	28.552884	6.403	1.43149889	0	0.2807345	1.891803	0	0	0	0.749064	0	14.238302	0	0.187266	0	3.1619	0.533883	0.785269	1.25384	2.506377	2.109547	1.754817	4.9015292	0.279279	2.450224	0.739957	0	0	1.1236	0	0	4.789371	0.903107	0	3.190651	4.75534	7.0008	14.766418	1.46567	2.2009944	3.393412	1.2003098	8.810709	2.782283	1.306654	5.69708	3.106885	2.0829505	0.578829	0.168919	0.649912	0	0	1.723302	4	1.88889	0.187266	6.259391	0	0.757576	0	1.358809	3.1483156	3.510526	0.771322	0.3743668	3.040908	1.423575	0	2.950373	0	0.61036	0.952381	0
K06881	0.359234	0.168919	0	0	0	2.74271	0	0	0.337838	1.907435	2.25742	0.337838	0	0	0.3704959	0.337838	0	3.7046049	0	3.367117	0	0	0	0.5619374	0.67455	0	0	0.167793	0	0	0	0.168919	0	0.337838	0	0	0.325169	0.506757	0	0.226351	2.419456	0.337838	0	0.986486	2.897524	0.506757	0.335017	0	0	0.8793703	0	1.551429	0	0.2342343	0	2.573597	0	0.344193	0	0.168919	0.844595	0.294118	0	0.168919	0.5664419	0.337838	1.380725	0.166667	0.74565	0	0	0	0.502252	0	0	1.94032	0.168919	0	1.173313	2.709677	3.445577	4.312138	0	0.6182471	1.661039	1.193549	1.045045	2.282658	1.172856	4.6569743	1.009009	0.499891	0.791866	0.168919	0.337838	0	0	0.734742	0	0.543137	0	2.427928	0	0	0	0.2015767	1.004505	1.128744	0.337838	0.5125865	0.757931	0.168919	0	1.4117873	0	1.4720822	0	0.168919
K00097	0	0	0	0	0	0.151976	0	0	0	0.151976	2.51587	2.00794	0	0	0	0	0	0	0	0	0	0	0	0.151976	2.55556	0	0	0.201621	0	0	0	0	0.302938	0	0	0	0	0.303951	0	0	0	0	0	0	0	0.151976	0.151976	0	0	0	0	0	0	0	0	0	0	0.151976	0	0.920635	0	0	0	0	0.150963	0	0	0	0	0.126646	0	0	0	0	0	0.151976	0.81746	0	0	1.46302	0.416413	0	0	0	0	0	0	0	0.151976	6.97974	0.151976	0	0	0	0.303951	0	0	0	0	0	0	1.12259	0	0	0	0	0	0.151976	0	0	0	0	0	0	0	0.151976	0	0
K02888	0.936508	0	0	0	0	0	0	0	0	0	0	0	0	0	0	0	0	11.4365	0	0	0	0	0	5.69048	1.81746	0	0	0	0	0.468254	0	0.015873	0	1.93651	0	0	0	0	0	0	3.85714	0	0	0.206349	5.97619	6.09524	1.11111	0	0	2.69048	0	0	0	2.5	0	0	0	0.31746	0	0.944444	5.03968	0.531746	0	0	0.174603	7.84921	0	0	1.52381	0	0	0	0	0	0	1.74603	0.126984	0	9.80159	0	0	6.25397	0	0	0	0	11.1984	1.10317	0	0	0	0	0	0	0	0	0	0.801587	0	0	0	0	0	0	0	0	3.1746	0	0	0	3.44444	0	0	0	0	0	0	0.896825
K01712	1.4807183	0.2825007	0	1.1098063	0	1.0980616	0	1.736932	0.0802568	1.6152762	0.6635902	0.0422686	0	0	0.381679	0	0	3.1424466	0	4.2162785	0	0	0	0.3580348	0.6660381	0	0	0.2156139	0	0.8515705	0	0.381679	1.23005	0.485732	0	0.150883	1.442935	0.2415468	0	0.8961635	3.8339902	0.144092	0	0.4032254	3.3709572	0.142066	0.6731133	0	0	1.9128406	0	0	0.0805153	0	0.9876638	1.2726557	0	0.0802568	0	1.334185	1.0174354	0.0802568	0.0806452	2.35473	0.5268838	0.9331109	0.150858	0.0922509	2.1437387	0.9837661	0	0	0.644624	0	0	4.1243514	2.5307399	0.33105	1.4028186	2.5499855	4.7486981	8.4386536	0.2311825	5.510244	1.0203225	0.1677532	6.7166112	1.4022352	0.3282668	2.9990724	1.7192949	1.4598952	1.0423581	0.302154	0.193491	0	0	1.0116214	0	0	0	1.7745314	0.08407724	0.1612904	0	0	0.815793	1.7260087	0.482158	0	3.2908382	0.4295793	0.0806452	2.169579	0	0.439247	0	0.759071
K03046	10.589168	1.8809305	0.7671802	54.6886564	0.792284	98.298113	0.0355366	17.3467242	0.221985	60.832316	18.7749961	4.2485082	12.0793016	0.151745	9.9692148	3.8689682	0	201.0607732	3.1706624	291.37942	0.364415	0.1421464	2.0352268	18.308667	10.3632858	10.1975126	0.0161099	12.5332992	4.1156228	0.1066098	1.205281	1.177071	26.892663	21.8274805	1.66001	0.9317732	5.895293	18.4115199	0.0222696	11.7115516	75.952425	7.219482	2.3091617	19.4572344	126.3543621	15.1621042	24.7376982	0	5.7411765	26.3810852	0	3.3524704	0	7.3720187	3.707539	124.3935	0.321423	2.1738086	0.3580387	42.0815454	5.40691	14.3077	4.705036	15.514059	90.094098	18.1377116	15.6045519	14.3508155	29.8736145	17.521101	0.4264392	0	1.222911	1.1201372	0.907612	46.961693	6.6494621	2.264339	37.6146757	70.027475	219.6742523	221.0655393	25.6016974	43.523335	24.2363768	58.932298	91.9000744	75.0721671	11.2390585	87.3516269	24.056113	9.5606598	10.0887799	4.5048461	3.4222207	0.2030995	0.2185662	2.5394545	0.76115	1.805832	0.6612628	33.8334322	0.3106978	0.7205305	0.6838367	7.4287177	6.2284422	10.468916	7.1259304	1.3923106	12.2477097	8.8526008	1.3257731	30.4136868	0.2228182	4.6835895	0	0.9680782
K01006	6.383372	2.8578262	0.465658	15.0389021	0.6985543	45.773691	0.1165503	8.759653	0.299573	59.846703	11.038556	1.057378	6.038443	0	4.1058431	5.0096181	0.1164144	182.90802	2.620114	149.933013	0.0583431	0	7.068921	13.6351429	11.889069	3.851955	0.0582072	9.9257657	1.577286	0.0582751	1.410555	2.688922	13.3581092	15.7088982	0.4074502	1.1611174	6.049487	11.545582	0.15371	5.4136116	58.24805	3.364274	0.717839	19.032412	155.56875	28.604692	9.1508492	0.0582072	7.0851102	18.6231432	0	1.9329602	0	3.0786511	0.995343	19.3152618	0.0582072	2.753935	0.1165503	52.059104	8.9159271	9.462933	3.867548	18.4006161	33.642373	23.4509282	20.642733	6.384691	35.941528	5.0937981	0	0.116414	1.16545	0.0582072	2.833203	54.1438779	17.1959405	4.206199	31.4359052	42.010299	36.5795752	120.933838	18.62468	51.862195	38.779658	41.683995	278.865048	32.8148693	12.2097644	88.0685333	34.672659	19.591211	7.575456	17.8067932	2.6581592	0.2668381	0.0582072	3.455968	2.6529083	4.524556	0.6292032	18.2316825	1.4743514	1.0186724	0.232829	8.322654	6.6131002	12.967464	4.4537284	5.9145998	29.396815	18.215575	1.715271	16.659752	0.427451	14.246308	0.116414	6.859152
K03719	0	0	0	2.49505	0	0.790909	0	0	0	0.242424	2.29697	0	0	0	0.49505	0.0454545	0	0.454545	0	1.22727	0	0	0	0.306931	1.118181	0	0	1.181818	0	0	0	0	0	0	0	0	0.793939	0	0	0	0.904762	0	0	0	0	1.381817	0	0	0	0	0	0	0.875758	0.136364	0	0.966667	0	0	0	0	1.203031	0	0	0.238095	0	0.245455	0.584848	0	0.409091	0	0	0	0	0	0	0.127273	0	0	0.260606	1.154629	1.540138	1.228383	0	1.746945	0	0	0.454545	0.354545	0	0	0.327273	0.309091	0.627273	0	0	0	0	0	0	0	0	0.233333	0	0	0	0.909091	0	0	0	0	0	0	0	0	0.454545	0	0	0
K03602	0	0	0	0	0	1.9375	0	2	1	0	2	0	0	0	0	0	0	2	0	11.7083	0	0	0	0	0	0	0	3.89583	0	0	0	1	0	1	0	0	1	0	0	0	3.769231	2	0	0	3	1	0.916667	0	0	4.958333	0	0	0	2	0	1.89583	0	0	0	0.923077	0	0	0	0	0.916667	0	1.471015	0	0	0.0416667	0	0	0	0	0	0	3	1	0	0.820513	3.6875	5.16827	0	0	1.0416667	1	2.230769	0	0	5.266023	0	1	2.35417	0	0	0	0	0	0	0	0	1	0	0	0	0	0	0	0	1	2	0	0	2	0	0	0	0
K00651	1.458589	0	0	0.910828	0	6.024394	0	2.550375	0	1.765036	0.663723	1.654353	0.406504	0	0.857351	0.0560109	0	11.256106	0	3.5359846	0	0	0	1.904195	1.232945	0.40351	0	0.7139123	0.0883534	0	0	0	1.634833	0.441257	0	0	0.401378	2.133824	0	0.88937	6.107298	0.379032	0	3.90713	8.400941	1.6315553	2.052055	0	0.129781	1.7566122	0	0.203252	0	0.0776439	0	7.063756	0	0.204918	0	0.340249	1.079235	0	0	0.785502	1.28936	1.1202146	2.518327	0.458654	0.596995	0	0	0	2.107654	0	0	1.800933	1.136117	0.547384	2.439706	2.604492	8.64055	8.795812	0.369646	1.5013697	2.709875	4.016945	9.640017	2.068279	2.220692	6.556138	4.4038199	0.75659	0.564754	0.203252	0	0	0	0.203252	0	1.818644	0	4.5657561	0	0	0	0.5698371	0.598946	0.8812162	1.207822	0.458354	3.627052	0.331126	0	3.8268531	0	1.02016	0	0
K01265	19.6140699	9.434845	0.88092	24.43317	0	139.3773612	0	40.274982	0.745008	126.6607896	97.278888	10.534688	26.221494	0.453149	19.722404	12.510911	0.691244	247.5749651	15.744189	646.2389492	1.922697	0.313364	5.702566	52.287008	99.260002	8.875377	1.10294	134.8376892	11.79453	0.477727	10.507809	16.72831	45.876914	35.038325	2.0722	4.9831	65.226847	25.122505	0.46083	12.407698	109.2630488	21.041763	0	32.088079	242.703063	49.638314	26.8760078	0	11.6913134	38.980121	0	8.550137	0	14.7212924	6.074227	131.7005525	1.6241801	4.785147	2.290046	96.287696	18.063289	26.6035906	10.539242	103.161839	107.9599895	25.6670071	87.971259	16.1744751	109.563804	34.753806	0	0	2.103099	0.868992	5.061513	57.187263	12.828042	19.101745	116.0202887	121.70018099	192.505987	280.523277	107.2164819	133.113466	50.361331	66.433996	204.613393	68.893555	21.061732	264.573531	61.10738	71.876699	70.786816	19.677104	6.395046	1.34961	0	13.668155	3.055349	2.090626	0.823703	50.930011	10.050348	1.1455132	0	7.2732173	21.4420025	85.771716	7.785884	9.566743	41.69438	16.612255	4.359336	44.417185	0.414746	11.211003	1.402587	2.352286
K03217	0.8485311	0.2525251	0	4.3667801	0	23.158329	0	3.9920642	0	12.026526	9.0991863	1.009618	1.241302	0	1.1537872	1.508979	0	22.3719522	0.2559157	28.6649331	0.2528097	0	1.767452	2.8213268	3.4318529	0.7879229	0	6.723821	0.504489	0.332211	0.240385	0.810507	3.5797074	1.2094965	0	0.303591	4.3362966	4.277009	0.2470637	2.13049962	14.4165682	0.910782	0	7.042195	22.283476	9.3055771	2.8386453	0	0.9096984	9.1584173	0	0.5832421	0	2.0037468	0.2525251	15.7464783	0.0841751	0.8602691	0	5.832597	4.834916	1.7171793	1.7374361	4.927866	9.8791987	8.1398614	13.6242562	2.1464304	7.3815788	3.7053502	0	0	2.614552	0	0.8617161	7.1433968	1.0092323	1.857199	8.1365687	13.0324196	26.2322733	22.1213561	11.8952349	8.7949207	6.549876	9.6030214	16.0063388	8.2392827	8.6011036	28.429431	8.4775321	7.5442429	9.2613495	1.8358141	0.9427611	0	0.0844595	3.0697661	0.676261	1.1018481	0.3079951	9.4259225	0	0.4127195	0.253378	1.752779	1.4599897	5.0424632	1.4434175	1.673266	5.008344	8.1676185	0.8019073	8.8809079	0.0844595	8.9290643	0.7338631	0.5337724
K01791	0.3181174	0.552803	0	0.835897	0.0533333	14.885508	0.153846	0.923077	0	4.861597	5.720051	0.307692	0.153846	0	0.953472	1.705231	0	14.941891	0.307692	23.7710691	0	0	0.153846	0.190114	6.298477	0.867014	0	2.9596829	0.153846	0	0	1.514156	5.362278	1.4866672	0	0.834907	4.6961119	1.877453	0.2546233	0.819774	11.196716	1.973766	0	1.168837	23.219759	8.187798	2.403563	0	0.504579	1.762049	0	0.307692	0	0.243077	0.379487	5.874543	0	0.562047	1.238213	6.293767	2.63088	1.385792	0.548023	4.163014	10.051498	5.136441	7.1483571	1.622932	6.63863	1.431182	0	0	1.89861	0	0.1641024	8.11373	2.6857183	3.2985383	7.0106073	6.382933	13.890098	36.138948	2.76821	7.368862	3.98461077	8.309288	20.035316	2.6673663	1.631896	21.105622	5.223681	4.2823628	4.44869	0.8728892	2.366626	0	0.316901	2.125569	0.153846	1.169056	0	11.7876532	0.461538	0.4372582	0	2.556767	7.427956	6.316698	1.230147	0.6687173	9.285718	1.798371	0.981764	2.6061574	0	2.907807	0	0.107692
K02067	1.262335	1.246278	0	0.525872	0	22.094779	0	0.180505	0.361011	6.29569	11.60155	0.541516	5.023426	0	0.447653	0.721846	0	23.230077	1.4141288	32.8975513	0.180505	0	0	2.801205	7.293434	1.13237	0	7.7012378	1.281488	0	0	1.25967	5.469249	1.631456	0	0	3.151504	1.760786	0	0.543923	13.8424639	2.098658	0.722022	2.981947	20.040783	16.152858	4.504665	0	0.8182906	1.764139	0	0.190114	0	2.731133	0.180505	8.778024	0	0.767492	0.180505	9.264562	1.588783	2.113098	0.12033674	3.241876	6.3606561	12.991076	11.368751	0.9956721	3.339347	2.522559	0	0	1.594464	0	0.1436265	4.47172	0.68953	3.831969	8.2625724	7.252424	22.181714	27.213829	2.829126	9.217529	10.53554	6.753979	26.611002	8.978045	1.6594457	34.541221	3.1912637	2.245487	6.688802	1.645005	0.902527	0.0505415	0	1.083032	0.361011	0.36101	0.657589	8.245466	1.372086	0.362319	0	2.837813	5.739944	3.8518473	0.2659442	0.0577617	7.165556	3.147659	0.466907	7.239605	0	1.308062	0	0.541516
K00981	2.749064	0.41841	0.420168	0.151515	1.6914	25.465364	0	1.677167	0.798483	40.076471	4.814053	0.62622	3.168488	0	1.427159	4.478139	0	5.190396	4.505266	78.786259	1.121248	0	4.8204168	4.688251	7.074412	0.7280334	0	2.826059	0.902371	0.46729	0	1.1994693	5.605868	0.8718487	0	0.420168	1.5146727	5.259018	0	3.2371113	19.783857	12.14775	0	7.645938	14.863513	3.002063	7.6705404	0	1.357116	4.391301	0	2.0862264	0	0.279819	1.199608	15.272545	0	0.93261	0.182073	3.131891	1.996484	4.071253	1.1632794	2.607353	11.342579	6.382012	4.398939	5.5046483	8.803105	3.102898	0.352941	0	0.308229	0	0.950895	11.6584157	1.395332	1.3955406	9.709283	55.8070666	33.0477	43.297074	12.037285	19.2079545	14.051896	55.8555773	9.487534	11.837132	2.294616	32.843474	11.378337	1.8588138	6.544442	1.78223	1.624825	0	0	0.985438	0.210084	0.4473	1.553635	38.9858018	7.115263	2.00363	0	2.538954	5.460594	23.2139504	4.177517	1.295837	16.167746	12.952195	1.859808	19.56168	0	18.234769	1.029893	0.909566
K00558	0	0	0	0	0	0	0	0	0	0	0.842409	0	0	0	0	0	0	0	0	0	0	0	0	0	0	0	0	0	0	0	0	0	0	0	0	0	0	0	0	0.227011	0.621088	0	0	0	0	0	0	0	0	0	0	0	0	0.431034	0	0	0	0	0	0	0	0	0	0	0	0	0	0	0	0	0	0	0	0	0	0	0	0	0	0.0181518	0	0	0	0	0	0	0	1.713668	0	0	0	0	0.247525	0	0	0	0	0	0	0	0	0	0	0	0	0	0	0	0	0	0	0	0	0	0	0	0	0
K02469	7.692181	1.4314958	0	1.4948276	0.598064	86.1033493	0	15.26248938	0.125156	26.4775	8.8875868	1.8452221	3.506356	0.8907842	2.5364519	4.89039	0	64.5087937	0.3507391	12.2178934	0.4523952	0	2.75017544	13.384464	8.2100773	2.132366	0.0875657	6.2531573	2.0726125	0.160772	3.399363	1.2110238	7.75815	3.5479753	1.867303	1.548518	2.6127972	4.96798	0	5.3656624	43.32757	5.5912539	0.125628	28.7189346	57.2043838	31.780586	4.1608673	0	5.6877933	23.2205637	0	1.6094566	0.380889	2.469767	0.8075331	26.2904006	0	2.854521	0.5740773	22.7935132	4.443928	4.6084356	4.9090355	8.3204592	38.9772267	9.5586151	24.0456371	6.3340545	16.4309925	7.1228647	0.123457	0	8.9050298	0.332779	2.203097	12.4848062	3.7596	4.8994577	14.534825	11.8711044	22.717532	73.594898	16.6035489	31.985637	4.5036309	23.1748379	59.1488046	21.84588	15.7263518	41.6675185	21.9008468	8.2695112	7.8997538	4.4905375	2.2565747	0.4380759	0.0777605	4.631795	0.7104674	2.1215997	0.784319	15.114476	1.1879291	2.9185411	0.584875	3.1194749	6.3753337	4.9000958	3.4495982	2.0499607	17.5018005	5.2584247	0.9287244	50.2139625	0.0466563	12.383774	0.1059002	3.4538109
K01933	0	0	0	0	0	0	0	0	0	0	0	2	0	0	0	0	0	0	0	0	0	0	0	0	0	0	0	0	0	0	0	0	0	0	0	0	0	0	0	0	0	0	0	0	0	2	0	0	0	0	0	0	0	0	0	0	0	0	0	0	0	0	0	0	0	0	1	0	2	0	0	0	0	0	0	0	0	0	0	0	0	0	0	0	0	0	0	0	1	0	0	0	0	0	0	0	0	0	0	0	0	0	0	0	0	0	0	0	0	0	0	0	0	0	0	0	0	0
K00817	0.1968801	0	0	0.166667	0.333333	1.226675	0	0	0	2.26514	7.27702	0	0.442963	0	0.333334	0	0	0.5183781	0.240385	2.467777	0.240385	0	0	0.260417	5.669846	0.707686	0	3.542899	0.243333	0	0	0.426409	2.097195	0.5584798	0	0	4.899943	0.68669	0	0.616612	0.632592	0.497793	0	0	1.390659	2.917468	0.331126	0	0.500001	0.163934	0	0.126031	0	1.27275	0	2.700143	0	0.163934	0	0	0	0.232222	0	0.473223	1.6649086	1.67965	4.978504	0.486809	0.12459	0.457806	0	0	0	0	0	0.765666	0.166667	0.43223	1.345772	1.888279	3.8963751	3.839856	0.945148	0.85012	0.165563	0.815427	1.572795	1.953107	0.166667	2.48222	1.299333	1.344828	6.6276207	0.2908786	0.555556	0	0.166667	0.260417	0	0	0	2.7049233	0.166667	0	0	0.166667	0.671283	2.740803	0.176678	0.0911111	0.986339	0.690601	0.336442	1.6903763	0	0.5182829	0	0.179724
K01960	3.0295207	0.291284	0	1.031832	0.368324	55.040733	0	7.166387	0.449296	12.304491	8.203592	0.5997607	3.112331	0	2.0678167	1.0620145	0.0712093	33.6631677	0.423616	26.479287	0.3584227	0	1.454321	7.214138	3.297977	1.2285257	0	5.1753817	0.511871	0	2.547062	0	3.908269	3.1383204	0.184162	0.184162	3.057668	3.289796	0.0896057	2.86634	9.440929	1.6341747	0	7.985481	15.7181147	4.858608	1.6100797	0	2.1628907	5.061224	0	0.1761619	0	0.623741	0.729364	37.135911	0	0.5885607	0	6.913493	4.7644577	7.065939	1.076278	8.412182	9.023961	17.7856917	6.2040221	1.645533	3.621422	5.453252	0	0	5.853439	0	0.999562	6.678541	2.0046157	1.225792	8.551793	7.262068	19.424086	29.39126	9.038496	14.025517	16.174544	17.256227	15.987811	5.700075	4.208795	40.2420116	13.11074	0.9246692	1.7299877	1.5923397	0.4439267	0.2433727	0	1.555304	0	0	0	11.84253	0.629715	0.362145	0	3.296015	1.255226	3.931558	1.410718	0.6924337	3.171509	1.246823	0.7072877	10.274283	0	0.9612507	0	0.5475354
K22928	0	0	0	0	0	0	0	0	0	0	0	0	0	0	0	0	0	0	0	0	0	0	0	0.475	1.451852	0	0	0	0	0	0	0	0.492754	0	0	0	0	0	0	0.607407	0	0	0	0	0.152778	2.33333	0	0	0	0	0	0	0	0	0	0	0	0	0	0	0	0.680556	0	0	0	0	0	0	0	0	0	0	0	0	0	0	0	1.596491	0	0.314815	1	2.44565	0	0.976744	0	0	1.28333	0	0	3.31159	0	0	0	0	0	0	0	0	0	0	0	0	0	0	0	1	0	0	0	0	1	0	0	0	0	0	0	0
K03630	0	0	0	0	0	0	0	0	0	0	0	0	0	0	0	0	0	0	0	0	0	0	0	0	0	0	0	0	0	0	0	0	0	0	0	0	0	0	0	0	0	0	0	0	0	0	0	0	0	0	0	0	0	0	0	0	0	0	0	0	0	0	0	0	0	0	0	0	0	0	0	0	0	0	0	0	0	0	0	0	0	0	0	0	0	0	0	0	0	0	0	0	0	0	0	0	0	0	0	0	0	3.24638	0	0	0	0	0	0	0	0	0	0	0	0	0	0	0	0
K00282	0.120773	0	0	0	0	0.65942	0	0	0.120773	0.702899	0.241546	0	0	0	0	0.241546	0	0.170692	0	0.241546	0	0	0	0	0.520934	0	0	1.6095	0	0	0	0	0.325282	0	0	0	0.120773	0	0.120773	0	0.718196	0.120773	0	0	1.128183	0	0.240741	0	0	0	0	0	0	0	0	0.29066	0	0	0.120773	0	0	0.0821256	0	0.228663	0.241546	0	0.00483092	0.239936	0	0.0555556	0	0	0	0	0	0	0	0	0	2.96135	1.51691	0.899356	0.241546	0.292271	0.416264	0	0	0.119163	0.202093	3.57166	0.566828	0.120773	1.56361	0.120773	1.24074	0	0	0	0	0	0.194847	0.587762	0	0	0	0.120773	0	1.23349	0	0.0748792	0	0.0853462	0	0.483092	0	0.120773	0	0
K03646	0	0	0	0	0	0	0	0	0	0	0	0	0	0	0	0	0	0	0	0	0	0	0	0	0	0	0	0.149847	0	0	0	0	0	0.458716	0	0	0	0	0	0	0	0	0	0	0	0.363914	0	0	0	0	0	0	0	0	0	0	0	0	0	0	0	0	0	0	0	0	0	0	0	0	0	0	0	0	0	0	0.039886	0	0	0	0	0	0	0.278287	0	0	0	0.42735	0	0	0	0	0	0	0	0	0.458716	0	0	0	0	0	0	0	0	0	0	2.530122	0	0	0	0	0	0	0	0	0	0
K00757	0.403582	0.867052	0	0.115702	0	10.25897	0	0.206612	0	4.147551	4.571	0.206612	1.2781571	0	0.0812672	0.157025	0	5.173909	0.206612	13.952887	1	0	0.320937	1.8437246	1.9637059	0.322314	0.206612	3.110994	0	0	0	0	0.784647	0.644628	0	0	3.518692	0.353943	0	0.297619	5.0825356	2.411401	0	1.850531	8.167328	7.0410374	2.690591	0	0.211348	1.490808	0	0	0	1.279612	0	2.733985	0	0.162534	0	1.136365	1.1157	0	0	0.938017	2.227938	0.619835	3.153897	0.690983	1.485509	1.033157	0	0	0	0	0	4.329156	0.51149	0.206612	2.707949	4.197975	3.2716171	8.744359	5.046832	4.1017267	3.835416	4.335304	13.7379515	2.466945	1.248756	8.0212252	3.8645081	1.013451	1.409668	1.004391	1.095942	0.206612	0	0	0.206612	0.387052	0.206612	5.559207	0	0	0	1.163503	3.78015	3.34438	3.020952	1.026284	1.487213	0	0.247525	3.249409	0.471698	0.2369149	0	0
K05349	0	0	0	0.1539021	0	0	0	0.0691563	0	0	0.0740113	0	0	0	0	0.10189	0	0.0691563	0.3524554	0	0	0	0	0	0	0	0	0	0	0	0	0	0	0.1539021	0	0	0.2271343	0	0	0	0	0	0	0	0	0	0	0	0	0	0	0	0.0650069	0	0	0	0	0	0	0	0	0	0	0	0	0	0.0677732	0	0.207469	0	0	0	0	0	0	0	0	0	0	0	0	0	0	0	0	0.207469	0.0847458	0	0.171969	0	0.0691563	0.0691563	0.0691563	0	0	0	0	0	0	0.0691563	0	0	0	0.138313	0	0.0691563	0	0	0	0.0917474	0	0.1631697	0	0	0	0	0	0.1383126
K07054	0.204082	0	0	0.203704	0	2.214966	0	0	0.204082	0	0.458503	0	0	0	0	0	0.0655106	0.84169	0	2.473474	0.204082	0	0	0.927891	1.664795	0.155102	0	0.696598	0.185034	0	0	0	0.408163	0.493099	0	0	0.52517	0.204082	0	0.329252	1.614966	0	0	0	0.495026	1.417168	0	0	0	0	0	0	0	0.408164	0	2.927896	0	0	0	0	0.204082	0.202721	0.610884	1.212085	0.794557	2.85714	0.204082	0	0.204082	0.816327	0	0	0	0	0	0.0884354	0.134875	0	0.222222	2.370817	1.448354	3.638377	0.164626	1.108255	1.106123	0	3.21905	0.2435378	0.204082	4.310206	0.765207	0	0	0.172789	0.408163	0	0	0.772309	0	0	0	0.204082	0	0	0	0.490378	0.898541	0.593197	0	0	0.905669	0.204082	0	0.376871	0	0	0	0.225225
K01735	0.589118	0.326061	0	0.331698	0	8.843443	4.63934	0.83612	0	1.172125	1.3945893	0.338203	0.493868	0	1.115444	0.501672	0.248756	2.376187	0	9.314616	0	0	0	0.167224	2.5016047	1.99171	0	3.344535	0	0	0	0	2.885595	0.132664	0	0	0.6850981	1.563474	0	1.480949	1.662874	0.423729	0	0.167224	4.460787	8.241721	1.358371	0	0.67199	0	0	0.164474	0	1.215756	0	10.7140549	0	0.143813	0.882883	0.831234	0.7474213	0.46868	0.285396	0.836685	4.319338	7.1890039	6.0330341	0.9883317	0.701386	0.501672	0	0	0	0	0	3.480488	0.167224	0.670325	0.844411	6.575304	9.375303	13.6179944	5.4828583	2.125454	1.768121	3.668885	5.991013	9.1346393	1.1172701	8.24303	2.541178	1.664437	0.281086	0.553156	0.164474	0	0	0.4147156	0	1.668896	0.333333	1.140468	0.3848754	0.29661	0	0.765408	1.207553	4.007671	0.501672	0	3.4242673	0.211864	0	4.24768	0	0.331698	0	0
K03701	2.4247389	0.235849	0	3.176635	0.111982	14.9860141	0	3.0902618	0	5.1738711	3.8074014	0.2642105	0.700687	0	0.1098703	0.113122	0	9.1800808	0.392157	7.8458191	0.520014	0	0.199487	1.4245583	1.9736125	0.3538558	0	1.1945262	0.419745	0.110375	0.2804378	0.712552	3.209089	1.166743	0.0980392	0	2.1408446	2.475599	0.219048	0.9651992	8.8026251	2.9549933	0	2.4141943	7.8404198	1.1235709	1.9404511	0	0.3417846	4.2968972	0	0.45033	0	0.4999323	0.5533015	9.9556893	0	0.0550055	0	3.2798846	0.7002642	1.2263755	0.751305	1.2036199	6.680807	1.621332	4.537368	1.179498	3.5732015	0.827476	0	0	2.846003	0	0.2296882	4.1766476	1.2325848	0.0550055	9.6451988	5.8146284	13.8610865	18.9115243	1.8239868	4.4664016	2.2623017	4.836833	9.0308443	3.9171594	2.772306	10.2692856	7.3035939	2.7821494	2.043025	1.609925	0.5476578	0	0.0561798	0.6784264	0.130337	0.637308	0.3059344	4.4622531	1.1029323	0.2194832	0	2.0882583	1.5847855	3.3603672	0.8286175	0.8665824	3.2606279	1.6435372	0.5214773	4.506589	0.0561798	5.5985309	0.5423759	0.406971
K02217	0	0	0	0	0	0	0	0	0	2	20.2473	1.62366	0	0	0	0	0	2	0	1.90323	0	0	0	0	0.419355	0.72043	0	2.95699	0	0	0	0	0	0	0	1.24731	0	2.204301	0	0	0	0	0	0	0	0.870968	0	0	0	0	0	0	0	0	0	12	0	0	0	0	0	0	0	0	0	0	14	0	0.397849	5.02151	0	0	0	0	1	0.354839	0	0	0.827957	1.02151	5.86022	0	0	6.58065	0.795699	1.56989	0	0	1.77419	0	0	2.87097	0	0	0	0	0	0	0	0	0	3	0.903226	0	0	0	0	15.2043	2.48387	0	0	1.7957	0	7.69892	0	0	0	1
K01710	0.796002	0.625905	0	0.352113	0	4.384861	0	0.312438	0	5.5091442	4.289887	1.048295	0.746269	0	0.1641791	1.178407	0	14.239895	0.450484	8.235199	0	0	0	2.160676	7.0913919	1.451057	0	4.889059	0	0	1.2987	3.237924	4.929907	1.387919	0	0.149254	2.6672627	1.7604765	0	0.96617	13.594618	0.9736033	0	2.407391	21.971831	6.729325	1.789787	0	0.379105	4.1029398	0	0.597015	0.149254	0.8399529	0	10.418893	0	0.298507	0	4.585516	2.050665	2.050873	0.30123	0.472786	5.237986	3.509454	19.0883304	1.483055	1.745671	0.9880596	0	0	2.073632	0	0	4.532212	0.149254	3.298891	4.867795	6.017253	8.060736	18.925058	8.238804	7.951619	5.102445	9.337346	12.11118	4.940531	4.8113161	14.74672275	11.539595	9.284114	4.7764057	5.118664	0.757213	0.144279	0.149254	1.949798	0	0.440796	0.597014	6.607768	0	1.630634	0.298508	1.143215	3.833039	5.128503	1.564403	1.2559175	5.2870864	2.990502	1.076048	6.794184	0.149254	9.050217	0	0.959333
K06177	0.342466	0	0	0	0	0.970154	0	0	0	0	0	0	0	0	0	0	0	0.328947	0	0.193798	0	0	0	0	0	0	0	0	0	0	0	0	0.185771	0	0	0	0	0	0	0	1.200697	0	0	0	0	0	0.1726881	0	0	0.135135	0	0	0	0	0	0.205339	0	0	0	0.808413	0	0	0	0.100671	0	0	0.135135	0	0.263982	0.102669	0	0	0	0	0	0	0	0	0.0988142	0.135135	1.9471751	1.129395	0	1.104041	0	0	1.511169	0.0985626	0.102669	0	0.297619	0.761905	0.297619	0	0	0	0	0	0.370787	0	0	0.300297	0	0	0	0	0	0	0	0	0	0	0	0	0	0.370787	0	0
K01874	1.1641389	0.381448	0	1.3567091	0	15.3010183	0	1.251713	0.0783699	7.3239548	1.5096184	0.5292586	0.5055429	0	0.4317307	0.9461039	0	16.0107339	0.7937049	14.0047259	0.194932	0	0.275862	2.6664141	1.9337638	1.4542198	0	0.5405168	0.624974	0	0	0.606593	1.9050111	2.0889386	0.182482	0.330149	0.6264369	1.9001934	0	0.4814149	6.2800923	0.4379569	0.482839	4.215509	8.1251742	2.4054838	2.3262428	0	0.9876086	4.9878292	0	0	0	0.593833	0	22.0394738	0	0.3346879	0.31348	2.2603319	0.8061167	1.6347968	0.5721007	0.9597173	4.7767352	3.297402	5.7526479	0.2666939	5.690601	1.314069	0	0	6.6227939	0	0.2351099	6.8167675	1.149237	1.39849	5.6993996	6.5211599	12.2350796	20.4119908	2.6546449	12.9541368	4.830744	4.5883469	8.400544	6.146324	6.2881847	10.9641649	4.8988929	2.6530844	0.9958343	0.9421891	0.0783699	0	0.0783699	1.1673159	0.3228689	0.15674	0.4791009	6.061308	0.15674	0	0.122249	1.2531099	1.8025099	3.22736845	0.8055995	0.3626607	2.8812219	0.7938042	0.2865418	7.690352	0.2938869	2.0097869	0.0783699	0.4159388
K06201	0	0	0	0	0	0	0	0	0	0	0	0	0	0	0	0	0	0	0	0	0	0	0	0	0	0	0	0	0	0	0	0	0	0	0	0	0	0	0	0	0	0	0	0	0	0	0	0	0	0	0	1	0	0	0	0	0	0	0	0	0	0	0	0	0	0	0	0	0	0	0	0	0	0	0	0	0	0	0	0	0	0.384615	0	0	0	0	0	0	0	0	0	0	0	0	0	0	0	0	0	0	0	0	0	0	0	0	0	0.00512821	0	0	0	0	0	0	0	0	0	0
K00812	1.723939	0.482485	0	0	0	12.483311	0	0.568182	0.142045	4.277292	9.91576	0.397878	1.148598	0	0.142045	0.812599	0	8.142343	1.224966	16.887702	0.358423	0	0.380376	0.782375	5.75155	0.132626	0.0520231	2.619044	0	0	0	0.265252	1.989502	0.93114	0	0	3.900035	2.30314	0.132626	1.2378068	6.00819	1.610017	0.284091	1.774622	7.441627	3.163804	1.667997	0	0.142045	1.8948488	0	0	0	1.605555	0.132626	14.064159	0	0.142045	0.496655	2.875683	1.435408	1.080758	0	2.139617	3.0609673	0.692308	14.403491	0.971257	2.696521	1.145122	0	0	1.838432	0	0	2.427117	0.309931	1.293938	1.740543	6.5582064	14.042244	7.28194	2.394971	4.072278	2.3523921	3.635423	6.87570441	1.806264	1.275857	12.026683	3.9931647	10.5097578	6.22887997	0.6641827	0.7421839	0	0	2.401814	0.132626	0.81692	0	5.602297	0	0.639374	0	1.291771	1.625012	6.1997996	1.412416	1.480504	0.76387	1.722256	0.78926	4.976125	0.142045	5.552518	0	0.846548
K01738	1.77778	0.18797	0	0	0	23.54613	0	6.57895	2.18296	7.916787	1.126566	0	2.65794	0	0	0	0	18.823976	0.18797	64.64981	0	0	0.942356	0.35589	1.442356	1.556487	0	10.38467	1.31579	0	0	1.091061	4.14488	0.37594	0	0	1.24436	2.591555	0.18797	0.93985	4.18151	2.61404	0	5.976534	4.955757	1	1.94766	0	2.401339	1.58271	0	11.72233	0	0	1.67521	0.18797	0	4.43358	0.0989975	0.18797	0	1.3396003	1.21986	2.05764	5.11111	0	2.421475	5.434108	2.976194	11.064256	0	0	2.06767	0	0.570176	0.18797	1.061403	6.49573	68.93946	22.96487	23.344157	6.101262	16.862079	22.42035	0.853384	11.58772	7.56093	10.068913	12.649061	569.964	5.17026	2.146533	5.94036	1.165663	0.299499	0.186717	0	2.140181	0.75188	0.796993	0.186717	35.98493	0.288221	1.03258	0	0	0.37594	4.350874	1.969924	2.04261	0.388471	3.156574	0.471178	29.61592	0.18797	8.92231	0	3.180452
K01934	1.98728	0	0	0	0	7.47837	0	0.26972	0.170483	1.447837	11.185197	0	0	0	0.916031	0.572519	0	1.81679	0	11.4122	0	0	0	0.300254	6.259541	0.145833	0	8.949333	0	0	1.09415	0.526718	2.590722	0.0508906	0	0	2.907542	3.211233	0	0.531806	7.19084	0.760814	0	1.14249	1.83461	11.107619	0.732824	0	0.282443	0	0	0	0	2.83206	0	10.656479	0	0	1.14249	1.57761	0.4427477	0.811704	0	2.503816	1.87277	0	11.522981	2.290079	0.0559796	1.310432	0	0	1.78117	0	0	2.904	0.625954	0.763359	3.803237	5.464204	11.844936	12.765034	4.785084	1.727736	3.470739	4.335543	2.04835	2.74046	1.012722	7.76336	1.933842	6.521288	10.872095	2.852222	0.0152672	0	0	2.844216	0	1.002545	0	5.842239	0	0.124682	0	0.231552	0.529262	1.666662	0.882576	1.035623	1.14249	0.75827	0.643766	3.554712	0	0	0.763359	0
K17828	0	0.152833	0	1.165107	0	2.936212	0	0.843215	0	0.808959	1.042357	0.35461	0	0	0	0.395257	0	4.966719	0	12.280933	0	0.364954	0	0.592885	1.104683	0.379446	0	0.385598	0	0	0	0	0.4141695	0.445855	0	0	0	0.740448	0	0.197628	3.9003442	0	0	0.583227	5.168907	0.395256	0.384716	0	0	0.503293	0	0	0	0	0	1.5783966	0	0.197628	0	1.349143	0	0	0	0.197628	4.727258	0.777339	1.18417	0.197628	0.197628	1.397628	0	0	0	0	0.833333	1.6748216	0.7317297	0	1.0706904	1.76407	3.650493	6.839547	0.395257	2.030303	2.740983	0.672901	4.228787	0.393939	1.385751	3.43233	0.6885	0.517786	0.0776942	0.592885	0.327157	0	0	0	0	0	0	0.790513	0.197628	0	0	0.949934	0.563492	0.696968	0	0.197628	0.503546	0	0	0.6179179	0	0.197628	0	0
K02108	1.585374	0.403326	0	0	0	15.942666	0	0.8048531	0.158228	10.982635	3.204246	2.138948	0.922381	0.316456	2.350956	1.4902566	0	7.6229488	0.8484348	44.292046	0.474684	0	1.154708	2.581709	4.2173042	2.605811	0	4.95061	1.738925	0	2.69608	0	3.766201	1.296848	0	0.703587	3.63233	2.644614	0	2.32216	7.9125987	0.949368	0.516878	0.2373419	7.896163	0.756329	4.412533	0	0.918777	3.762888	0	0	0	0.10865	1.089509	11.265509	0	0.0390295	0.208333	1.2083052	0.158228	0.5559076	0.9564406	14.041204	11.739009	1.624598	3.4624809	1.1149	4.350131	2.7792893	0	0	1.32812	0	0.245098	1.241562	2.591379	0	8.207544	9.482933	16.3281883	44.926725	10.332328	14.820849	13.8217024	9.8049317	1.829918	0	1.015823	31.781603	3.0070922	2.242437	1.635351	1.539028	0.316456	0	0	0.767933	0	0.316456	0	9.426554	0	0.158228	0	0.2341774	0.6213078	3.6985111	2.55979	1.716947	0.3706856	0.976662	0.209916	4.555904	0.0917722	0.664557	0.79114	0.631725
K02356	2.179852	0.359712	0	0	0	32.490533	0	0.841727	0	7.436543	2.148681	0.359712	0.302158	0	1.302049	2.71223	0	17.4349584	0.359712	21.040335	1.079136	0	0	12.369772	2.923424	1.071943	0.151079	3.083934	1.558753	0	0	1.20624	3.01199	1.578962	0	1.717615	0.889688	1.07914	0	1.812949	7.184875	1.673272	0	3.21343	4.325897	11.160688	3.580236	0	2.983217	1.657074	0	0.829736	0	1.671462	0.6163071	109.832446	0	1.564408	0	1.683028	5.652982	2.980815	0.52518	2.1492462	5.719515	6.20863	6.783961	0.719424	2.136014	3.045081	0	0	0.671463	0	2.09353	9.415615	2.599868	4.720067	10.627664	15.255247	30.255367	21.857567	1.119795	12.459234	10.659529	17.656963	23.8093303	14.921403	3.370541	28.510832	8.901729	4.720951	1.923261	7.30455	1.766042	0	0	0.448441	0.359712	0.94964	0	15.407895	0	0.717026	0	1.983209	7.465482	13.400569	2.203837	1.740034	2.496402	0.496403	0.630695	6.96163	0.359712	2.1414898	0.359712	0
K01533	0	0	0	0	0	0	0	0	0	0	0	0	0	0	0	0	0	0.0980392	0	0	0	0.196078	0	0	0	0	0	0	0	0	0	0	0	0	0	0	0	0	0	0	0.196078	0	0	0	0	0.0620915	0	0	0	0.490196	0	0	0	0	0	0.0980392	0	0	0	0	0	0	0	0	0	0	0	0	0.142484	0	0	0	0	0	0	0	0	0	0	0	0	0	0	0	0	0	0	0	0	0	0	0	0	0	0.185185	0	0	0.171242	0	0	0	0	0	0	0	0.0980392	0	0	0	0	0	0	0	0	0	0.442701	0	0
K01892	1.315963	0.725392	0	2.34303	0	7.868787	0	0.454921	0	1.9422356	4.721897	0.244897	0.557485	0	0.1952022	0.372208	0	8.837724	0.489033	9.557124	0.243309	0	0.307407	1.366254	4.53095	0	0	4.74612	0	0	1.04179	1.110007	0.526881	1.589891	0.248139	0.248139	2.941026	1.718021	0.243309	0.3970893	6.567235	1.921461	0	1.085167	10.930938	9.278113	0.7080895	0	1.153912	3.6667241	0	0	0.248139	1.684567	0.457402	9.130658	0	0.333333	0	2.784508	2.226435	1.160795	0.124069	0.6391624	2.220741	3.9387946	3.740048	1.13511417	1.880892	1.225112	0	0	0.124069	0	0	6.072906	1.434482	1.166188	4.856142	4.6706111	14.6987483	12.322761	1.452039	2.003776	1.36482639	3.469458	5.7158367	3.019684	1.471311	6.67163	4.419593	3.414358	4.304093	1.239868	1.042251	98.9828	0.4914	0.620346	0	0.36855	0.612236	2.585417	1.603967	0.2457	2.33661	0.554026	2.473944	2.739968	0.7983897	3.339522	2.482549	1.972137	0.144357	3.5837324	0	0.943193	0	0.37472
K02066	0.753769	0.251256	0	0.746032	0	12.827949	0	0	0.108878	2.432165	5.61404	0	0	0	0.251256	2	0	0.680066	0	18.269261	0.251256	0	0	0	4.815323	0.60469	0	6.915459	0.502512	0	0	0	0.664992	0.214405	0	0	1.294807	0.4840868	0	0	3.328311	1.689141	0	2.989946	0	1.18258	1.278057	0	0	1.031458	0	0	0	0.763397	0	23.54909	0	0	0	0.659967	0	1.955765	1.39698	3.277049	2.933001	0	1.917923	0.00670017	0.3375869	1.790199	0	0	0	0	0	1.005025	0	0.506358	1.8995	3.621367	11.113896	6.142748	4.677076	4.308625	5.448911	5.199341	0.502513	0	0.968174	15.361903	0.862647	0.625406	4.993302	1.331657	1.415411	0	0	0.895464	0	0.361809	0	9.365538	0	0.291782	0	0	0.341708	9.576053	1.336683	1.25293	0	1.306111	0.62144	4.227801	0	1.721259	0	0.221106
K21571	3.2976615	1.274052	0	4.613148	0	15.409371	0	2.1213608	0.482021	21.5540346	3.5136778	0.291545	0.748183	0.291545	1.7956599	2.138914	0	3.439395	1.5066784	41.0883014	0	1.2027005	0.276243	3.1660672	3.242865	1.247354	0	2.0176156	1.033841	0	1.04956	0.145773	4.678684	2.0039807	0.123421	0.790773	8.8094688	3.311262	0	1.941863	34.331734	1.108219	0.552486	2.595225	26.803347	3.820927	1.3864731	0	1.352336	4.029132	0	1.736383	0.18797	1.559452	1.633477	6.244074	0.0524781	0.482994	0	9.02982	1.696525	2.040817	0.252672	9.672797	39.093381	2.7112197	3.853117	3.4441881	2.5513786	2.9438	0	0	0.145773	0	0.263158	6.03245	1.783798	0.925926	21.2927857	9.7178281	19.8848837	31.10852	6.26094	15.835617	11.350025	28.05433797	43.3130331	2.695062	3.9733821	35.9267034	8.5080528	3.747759	10.6151207	6.027013	2.209037	0.408931	0	2.372818	0.932658	0.718713	0.148688	13.603903	0.320575	0.291545	0	1.038458	1.969671	7.278654	0.145773	2.699698	55.563927	3.79535	2.511414	7.3599418	0	2.4828189	0	1.1740867
K03455	0.4238569	0.17675	0	0.718391	0.141443	3.4892716	0	0.177936	0	0.406884	0.36481	0.0707214	0	0	0.2069779	0.212164	0	6.1166454	0	6.8276705	0	0	0	0.3356724	0.378748	0.147763	0	0.3163598	0	0	0	0.0707214	0.4950504	0.2121644	0.141443	0.141443	0.126904	0.2184846	0	0.0707214	2.9196699	0.1414428	0	0	9.7996592	0.8165958	0.581922	0	0	0.561056	0	0.133899	0	0	0.0707214	1.8621502	0	0.1414428	0	0.72598	0	0.0755008	0	0	1.418758	0.565771	0.0707214	0.1414428	2.2544068	0.3530928	0	0	0.636492	0.0697784	0	1.4869093	0.177936	0.0259312	0.4873014	3.8996058	3.8859085	8.8723035	1.0678	0.9340418	1.5262374	0.4656981	6.7203028	2.1195564	0.276334	4.936342	0.9386164	0.981829	0.250433	0.282885	0.4243278	0.1517587	0	0.3834058	0	0.02876	0	1.6899138	0.2121644	0.0707214	0	0.2828854	1.2028812	2.2439114	0	0.7000094	3.1287458	0.828518	0.1900534	3.010948	0	0.2326351	0	0.2661565
K11085	0.6589317	0.3536763	0	0.3125	0	5.5557463	0	0.0298246	0	2.1004779	1.5328853	0	0.3508776	0	0.2149453	0.0818713	0	6.5593316	0.0877193	6.1556313	0	0	0	1.419557	3.549472	0.1634833	0	1.9216356	0	0	0	0	0.972978	0.2415653	0	0	1.4200729	1.8424093	0	0.2631583	5.898681	0.6310569	0	0.0877193	5.2053273	1.4681936	0.254453	0	0.8100286	1.3163263	0	0	0	0.6644033	0	5.6715676	0	0.0877193	0	0.526316	0.4385963	0.0479532	0.132164	0.8216365	3.0146503	1.905448	0.6140353	0.175439	1.283497	0.9237844	0	0	0	0	0	0.4488016	0.4002193	0.2375	2.1986509	3.7695293	10.3532365	4.3259916	0.9829023	3.2261916	1.2596486	2.2664783	4.9918136	3.4906293	1.9393003	4.651465	0.9036689	1.5703183	0.9825239	0.4385969	0.0877193	0.485437	0	0.0877193	0	0.2931275	0	4.4663283	0	0	0	0	1.56257	2.786811	0.6510801	0.8886999	1.044189	0.145759	0	0.602339	0	0.5616803	0	0.182848
K03703	0.117096	0	0	0	0	1.5482352	0	0	0	0.644872	0.3133886	0	0	0	0.480627	0	0	0.642846	0	1.259401	0	0	0.142045	0	0.5858041	0	0	0.821162	0.559361	0	0	0	0	0.628483	0	0	1.2974275	0	0.0848896	0	0.8958482	0.7727879	0	0.1950735	0.459068	0.157233	0	0	0	0.356554	0	0	0.191111	0.8504314	0	0.9010479	0	0	0	0.157233	0	0.088968	0	0.0808081	0.0848896	0.8333133	1.341111	0.131737	0	0	0	0	0	0	0	0.553934	0.5018323	0.291529	0.2922097	2.8620086	1.2398805	1.81015213	1.265183	0.7501293	0.735655	0.433202	0.9260057	1.096722	0.4276145	1.62034	2.643296	1.097168	1.4514791	1.3754904	0.2800817	0	0.2489955	0.266904	0	0.2604562	0.0860585	0.7579245	0	0	0	0.351838	0.351838	0.1907982	0	0.088968	0.6538795	0.4463275	0.1744953	3.655092	0	2.3998446	0	0.3262367
K00346	2.639124	0.375	0	4.3392	0.844167	22.8045605	0	2.157172	0	13.302015	2.975097	0.717023	0.860833	0.248333	0.5	0.971667	0	32.638513	0.325833	31.505318	0.285833	0.5	1.15	2.780498	4.564615	1.370146	0	3.760495	0.621667	0	1.625	0.75	2.865067	1.717807	0	1.006667	2.50298	2.7642207	0	2.409332	14.368401	1	0.2175	5.2585043	21.144203333	6.261079	2.1017874	0	0.501667	5.077205	0	0	0	0.5501777	0.8375	18.0647347	0	0.96	0.375	4.845863	5.41489	1.2796723	0.373333	5.1825063	11.663769	10.4070433	31.190804	1.940508	4.928925	3.053337	0	0	3.73	1.2125	0.584167	7.651273	2.424105	0.962607	6.880728	11.231422	21.47739333	30.207346	5.223341	10.6871283	7.6061226	10.783554	14.372551	8.05187	6.876272	26.040257	11.0843447	9.048883	4.0597573	3.17495703	0.625	0	0	1.968728	0.18	0.1025	0.235	7.3082106	0.1625	0.474206	0	0.555505	0.875317	5.587134	1.3483337	1.303838	5.174444	2.131667	0.375	10.024163	0	5.739997	0.125	1.003099
K19355	1.494909	0.0859929	0	0.137363	0	2.455396	0	0.143266	0	0.2994551	0.181738	0	0	0	0.1875	0	0	10.330585	0.530743	0.137363	0	0	0	0.751336	1.331125	0	0	0.265957	0	0	0	0	1.599959	0.747131	0	0	0	0.432899	0	2.174298	7.313526	0	0	0.887411	7.451968	4.051478	0.143266	0	0	1.985063	0	0	0	0.286533	0	0.151786	0	0.154244	0	1.5485359	0.686336	2.062328	1.02174	0.223214	0.143266	10.210666	0.409223	0	1.426909	0	0	0	0	0	0	3.472761	0.682625	0.864055	3.2210519	1.024319	0.398936	2.620144	0	0.644542	0	1.4047929	2.881835	7.947475	0	0	1.185098	1.90358	0.726087	0.132979	0	0	0	0	0.375887	0	0	0.158688	0	0.132979	0	0.441813	0	0	0.037234	0	0.871612	0.132979	0	1.194149	0	0	0	0
K07005	0.276836	0.344633	0	0	0	0.306748	0	0	0	1.416918	11.06497	0.519901	2.145077	0	0.336158	1.27119	0	1.296296	5.53107	70.6967891	0.29661	1.74074	0	0	55.71754	1.6476471	0.874179	4.446827	0	0	0	0.423729	6.889285	1.143427	0	0.737288	12.72864	3.457209	0	0.847458	5.753492	2.106063	0	7.42938	5.75424	161.340186	4.021711	0	13.13245	19.434173	0	0	0	23.530988	6.003669	39.201723	0	2.309414	0	0	0	5.17922	1.67797	2.89266	1.781137	1.639767	90.54657	1.518361	0.644068	11.1328	0	0	13.553558	0.217514	0.228814	12.4058533	0.768362	2.264002	15.403904	6.67279	63.20715	8.266584	12.868747	24.604642	21.165491	24.991995	9.71538	0.4778601	12.349838	4.345442	15.159605	10.7705748	30.959775	13.749585	0.610169	0.731638	0.646893	26.7121	2.66667	9.789798	5.275678	54.140123	5.1171893	10.7768	0.734463	0	2.42938	17.988146	13.5452	3.1861	8.24859	11.135051	4.63842	254.853682	2.38983	150.628522	0	88.260438
K05366	1.7451292	1.0992775	0	5.560331	0	24.5135368	0	2.914215	0	8.8348768	13.8844851	0.8687388	0.366088	0.139276	0.9806019	0.317846	0	13.6705039	1.4236996	34.320523	0	0	0.139276	1.9613432	10.7701496	1.1361414	0	8.6244587	0.7388296	0	0	1.0281987	4.943198	1.3135129	0.27248	0.126263	6.0490838	3.0928025	0.6430976	2.3883099	13.551997	2.5547699	0	2.8901605	13.0796808	8.3544507	3.3087261	0	1.2946237	3.9120309	0	0	0	3.3195582	0	23.0180138	0.0953678	0.415428	0	3.8080663	3.927843	1.1567289	0.9014836	2.279409	10.1906749	4.588982	8.3341889	1.7733278	3.2348868	4.7495325	0	0	0.674035	0.122549	0.3484808	5.8809579	1.6087608	1.8733201	6.4686709	13.6930674	32.46304	27.004434	7.3414981	8.8875129	9.2867476	4.9638952	11.1191206	5.8123706	2.1096119	30.4639343	8.9130085	5.9330817	10.965535	2.2725443	1.132913	0.0990099	0	1.7147599	0.393643	1.025327	0.265539	11.282864	0.1915636	0.742257	0	1.8637835	5.5503758	16.343494	2.9776451	1.4070605	3.6512369	3.604342	2.5581358	9.1524978	0	2.1713439	0.0631313	0.5905026
K00895	8.6979722	1.1158848	0	0.9896334	0.0334672	45.5069306	0	8.287106	0.100402	25.206211	8.6070934	4.651886	3.159667	0	3.7120012	2.7768016	0	31.2366202	1.8837356	41.399114	0.2780459	0	1.3730923	7.479967	9.252924	3.4941799	0.0998004	9.539632	1.314948	0.501292	0.394244	0.281125	15.3655394	4.413024	1.454745	0.301205	8.009261	7.6636565	0.0346667	7.8602962	22.1843184	7.7722607	0.610803	6.044815	24.9483514	13.757425	8.192577	0	2.7053333	8.2921382	0	0.502008	0	2.655225	0.4965383	50.3335253	0	1.5452432	0	23.137031	3.812529	11.5888562	3.74099	11.5447374	16.111814	8.151557	21.044378	4.3273409	13.7319871	3.4517355	0	0	3.348059	0	1.69682	12.6775543	49.5852931	4.07215	11.549355	21.7572164	50.7057813	36.697452	11.206671	26.274455	12.866803	37.7547028	42.345789	7.9730099	8.630153	36.784688	19.6813744	10.1789052	13.729334	11.411212	1.8666684	0.3006044	0.1	11.497035	1.066806	1.586308	1.007347	16.499149	0.869213	3.186514	0.190763	7.9052613	8.5583024	10.1973894	3.887564	4.0927561	6.530416	4.7207316	2.055724	25.579819	0.156402	16.26739	0.0998004	4.014211
K02337	1.3385256	0.885532	0.0420168	7.735403	0	15.8887876	0	1.2657677	0.0420168	5.5564262	7.5393254	0.3311088	1.9116992	0	0.782698	0.3085149	0	12.0651504	0.0420168	13.7697854	0.1270495	0	0.0616246	3.053667	22.9873007	0.3830573	0	4.9864302	0.2484528	0.149925	0	0.128522	1.409047	1.6542151	0	0	1.67994047	4.6056233	0	2.1001956	10.2585597	2.0159451	0.2171896	5.7601097	12.9599863	4.2525259	2.6986233	0	1.7610219	4.2747169	0	0.183824	0.2495731	0.4721756	0	14.9915586	0	0.2958892	0.2048828	3.002687	0.7992193	1.6261566	0.3926751	4.7162436	5.437846	1.78327	6.0745222	2.2354419	3.9941699	3.5768764	0	0	0.1772377	0	0.0840336	5.8551422	1.1602411	2.4268853	12.0446283	10.0299742	22.1575013	33.7424262	6.4322636	4.6283573	4.517938	3.1361557	17.611294	6.949284	1.6419625	16.895407	5.4890777	2.2245029	12.8709427	1.0284425	0.631058	0.088968	0	1.03238	0.2100836	0.8530742	0.3224266	12.5898721	0.4041536	0.095896	0	1.658187	5.9306046	11.6507455	1.9077894	1.1034372	4.1560961	1.6186231	0.9469476	5.1176315	0.0420168	3.5933204	0	0.4513276
K01938	0.293628	0.0988142	0	0.540597	0	4.9521266	0	0.333333	0	3.8831142	1.6910396	0	0	0	0.2819642	0.1627141	0	7.4810994	0.1910408	9.0918589	0.1442688	0	0	0.5895852	1.7482804	0.0988142	0	1.2313364	0	0	0.197628	0.0988142	1.279974	1.2459017	0	0	0.9400467	1.917306	0	0.0988142	4.1626882	0.7622949	0	3.2584418	7.3684202	1.3455322	1.0231949	0	0.1976284	1.236495	0	0	0	0.196311	0	2.6550966	0	0.1976284	0	1.9578392	0.395257	0.3952572	0.67523	1.666667	1.9104374	1.03755	9.3064157	0.8506628	3.6808966	0.5163222	0	0	1.3326746	0	0.682405	3.1330714	0.4881418	0.3794463	1.244694	4.3128168	9.2970274	8.2663404	2.0715687	3.5016923	3.7378974	3.1637452	7.5797104	1.6568102	1.6940967	11.3636762	3.7044042	2.5236583	2.0402268	0.7845845	0.0968379	0.0988142	0	0.5943104	0.197628	0	0.0988142	3.8901353	0.197628	0.126482	0	0.0988142	1.1575775	1.4797917	0.87014	0.3698889	0.7905142	0.4542642	0.0988142	4.462275	0	2.9545464	0.197628	0.6719374
K03310	0.966982	0.666667	0	0.496491	0	1.290854	0	0.586855	0	3.2733772	0.490602	0	0.201878	0	0	0.233177	0	9.7514068	0.708333	4.498462	0	0	0	1.389135	0.7556285	0.1484976	0	0.562586	0	0	0.216006	0	0.820031	1.040818	0	0	1.348024	0.220657	0.771429	0.117371	10.947643	0.2543509	0	0.235018	10.871701	1.509638	0.763784	0	0.2111436	1.238539	0	0	0.117371	1.152473	0	0.773844	0	0.109557	0	5.161179	0.469484	0.117371	0	0.539102	2.277369	1.13364	0.4825192	0.995305	4.32298	0.459889	0	0	0	0	0	3.585078	0.3468838	0.234742	7.27846	0.882521	1.818194	7.128198	0.234192	2.3835751	4.54665	2.564948	10.213093	19.43551	0.723502	6.561891	2.263948	2.218873	0.6047462	0.199216	0.117096	0	0	0.117096	0.117371	0	0.010929	2.649774	0.3815721	0	0	0.94121	7.142443	6.060947	0.117647	0.11655	5.561979	1.452496	0	0.562269	0.117371	1.09168	0.117371	0
K01992	0.491561	0	0	0.753438	0	1.766579	0	0.514318	0	0.290698	0.354554	0.209205	0	0	0.328994	0	0	2.330405	0	1.768162	0	0	0	0	0.464838	0.9540382	0	0.290698	0.145349	0.145349	0	0.145349	0.541601	0	0	0	0.595791	0.612241	0.159744	0.145349	2.50523	0.159744	0	0	3.37983	0.717668	0.608056	0	0	0.7298364	0	0.115016	0	0.669152	0	0.285798	0	0	0	0.752389	0.319489	0	0	0.564972	1.101748	0.581395	0.445203	1.348099	0.319489	0.0998062	0	0	0	0	0.145349	0.61016	0.583883	0	0.635142	2.8647792	4.56612498	3.990698	1.24185767	0.0366667	0.957401	3.452041	1.46000722	1.47233	0.108889	3.8326946	2.372612	0.602714	0.246069	0.745737	0.207364	0	0	0.144509	0	0	0	0.72176	0.159744	0	0	0	0.280899	0.335271	0.290698	0	0.514788	0	0	0.7956915	0	0.590891	0	0.159744
K00175	1.284581	0.211864	0	5.625	0	4.9459664	0	0	0	1.869874	0.799216	0	0	0	0.803623	0.233645	0	2.672721	0	5.941983	0.122265	0	0.565167	0.7800509	1.215469	1.174216	0	1.397648	0	0	0.175439	0	2.8735545	1.512246	0	0.305459	1.7073236	0.695703	0	0.17301	6.128222	0.174216	0	0	4.288075	0.619898	2.106649	0	0	2.55692582	0	0.522648	0	1.248024	0	2.9074309	0	0.0614887	0	1.484056	0.896102	0.241623	0.174216	1.6259397	0.521442	2.082587	1.7322626	0	7.6116136	0	0	0	0	0	0	10.6233148	17.07855	0.413223	2.055716	15.278868	7.1047857	15.321874	0	4.0163114	6.486782	2.066957	7.889932	2.816815	0.508176	3.9913408	5.214147	0.529078	1.219882	0.174216	5.768468	0.174216	0	0.14518	0	0.174216	0.219512	9.6822869	6.6	0.174216	0	3.319489	3.0069	3.0433654	0.4250425	0.348432	1.0662277	0.320491	0.15331	2.881078	0	2.17301	0	0.196078
K22699	0	0	0	0	0	0.45045	0	0	0	0	0	0	0	0	0	0	0	0.129808	0	0.427885	0	0	0	0	0	0	0	0	0	0	0	0	0	0	0	0	0	0	0	0	0	0	0	0	0.474359	0.887278	0	0	0	0	0	0	0.240385	0	0	0.19391	0	0	0	0	0	0	0	0	0	0	0	0	0.232372	0	0	0	0	0	0	0.455657	0	0	0	0.240385	0	0.102564	0	0	0.240385	0	0.240385	0	0	0.911859	0	0	0	0	0	0	0	0	0	0	0	0	0	0	0	0	0	0	0	0.0576923	0	0	0	0	0	0	0	0
K03177	0	0	0	0	0	0	0	0	0	0	0	0	0	0	0	0	0	0	0	0	0	0	0	0	0.273224	0	0	0	0	0	0	0	0	0	0	0	0	0.546448	0	0	0	0	0	0	0	0	0	0	0	0	0	0	0	0	0	0	0	0	0	0	0	0	0	0	0	0	0	0	0	0	0	0	0	0	0	0	0	0	0	0	0.185792	0.273224	4.55738	0.0692168	0	0.273224	0	0	0	0	0.273224	0	0	0	0	0	0	0	0	0	0	2.98179	0	0	0	0	0	0	0	0	0	0	0	0	0	0	0	0
K01784	2.305372	0.771588	0	0	0	16.56024	0	1.52027	0	5.222168	20.2965442	0.422297	0.6732762	0	1.64577	0.506757	0	10.90998	0.426802	12.9725677	0	0	0	1.5902407	19.330957	0.266892	0	10.20505976	0.1876875	0	1.01351	0	1.545659	0.7234758	0	0.337838	11.460841	1.060906	0	1.875237	7.882356	3.411283	0.336712	0.706081	6.7034205	10.8454506	2.57233	0	1.2105863	2.0830901	0	4.470048	0	3.4307823	0.507571	10.236906	0	1.581079	0.3907658	2.371622	1.586688	1.4628382	1.190315	4.66892	6.62536	3.031527	9.7754588	1.519149	2.1337761	2.8213598	0	0	0	0.0315315	0.509427	1.9777653	0.8614872	1.525754	4.0960686	7.3819937	19.6428941	20.257728	0.920045	4.404516	3.746517	5.4263731	16.190629	4.866226	3.789057	21.511307	6.53005	17.192575	19.172802	2.1118678	2.037092	0.168919	0	3.682077	0	0.952703	0	18.401536	0.675676	1.013514	0.269144	0.844595	9.184186	12.3727401	1.6006	2.944063	3.587626	5.213531	1.3832673	9.027358	0	2.8607478	0	1.386646
K00634	0.373283	0.131086	0	0	0	2.569708	0	0	0	3.050217	8.2745	0	0	0	0.374532	0	0	2.752607	0	6.33833	0	0	0	0.353308	5.798992	0.151061	0	7.17631	0	0	0	0.374532	2.103822	0.374532	0	0	2.9488098	0.749064	0.342072	0.360774	4.443205	0.17603	0	0.9013737	3.23221	5.599043	0.859969	0	0.187266	0.666667	0	2	0	0.88015	0	2.287033	0	0	0.925542	0.749064	1.367041	0	0	0.876405	1.498128	2.03246	6.84621	0	0.993758	0.730337	0	0	0.374532	0	0.485437	1.781526	0.443137	0.711611	1.321826	2.734538	5.768624	9.253517	0	3.800803	1.4382	0.539326	1.43945	1.67291	0.549313	5.594055	2.30885	2.748856	5.420733	0.549313	2.223457	0.187266	0	0.122347	0	0.884736	0	8.809579	0.187266	0.921348	0.281553	0.187266	2.730333	6.360946	0.799893	0.672703	0.374532	1.756349	0.166042	3.158501	0	0.915526	0	0.502401
K18828	0	0	0	0	0	1.714812	0	0	0	2.181486	0.392593	0	0	0	0	0	0	0.866667	0	0	0	0	0	0.511111	0	0.622222	0	2.362965	0	0	0	0	0	0	0	0	0	0	0	0	0	0.318519	0	0.859259	0	6.05556	0	0	0	0	0	0	0	0	0	0	0	0	0	0	0	0.22963	0	0	2.24074	0	0.914815	0.52963	0	0.87037	0	0	0	0	0	0.111111	0	0	0	2.32222	0	1.82963	3.82593	2.48148	0	0	0	0.555556	0.437037	4.13704	0	0	0	0	0	0	0	1.485184	0	0	0.314815	3.86296	0	0	0	1.46296	0	0.351852	0	0	0	0	0	0	0	2.514812	0	0
K01358	5.123389	0.974406	0.753223	4.64921	0.552486	76.173524	0	4.044203	0	26.080837	11.142069	2.298342	3.079189	0.528545	1.53407	1.709563	0.276243	56.3759563	0.901937	80.7746697	0.276243	1.10497	2.513815	13.8173448	8.901235	3.788216	0	7.717279	2.090236	0	2.23941	0.60221	10.53087	1.871087	0	1.662981	3.854021	8.747219	0.265193	4.497616	32.235443	5.0299747	0	15.437318	54.776844	18.575739	10.677969	0	5.209943	31.294651	0	4.833777	0	4.006635	2.682523	32.071161	0	1.388582	0	15.929243	8.746024	4.159871	2.23211	11.340701	22.0197555	13.551721	11.717719	3.2420598	21.2982527	5.871004	0	0	4.419886	0	1.907923	24.702284	6.6524	5.641373	16.865061	55.992816	67.89286	56.964451	29.565462	49.86708	20.785302	45.171653	52.965506	22.4896369	6.992989	55.639097	94.948218	19.947038	6.558384	13.591129	1.661141	0.828729	0.274401	4.360962	1.75333	3.942901	1.699815	30.168358	1.556169	7.521183	1.66667	8.025626	7.398215	16.957646	7.790791	3.056287	24.554234	6.738134	2.9263391	55.807157	0	6.503426	0.81768	5.688286
K02939	0	0	0	0	0	11.83478	0.541667	0	0	3.828992	2.646737	0	0	0	0	0	0	0	0	13.28587	0.516667	0	0	0	0.816667	0.791667	0	5.265942	0.641667	0	0	0	2.167753	0	0	0	1.60145	2.40833	0	0	0.866667	1.05072	0	0.716667	1.68333	0.95	0	0	0	0.456522	0	0.633333	0	0	0	16.908333	0	0	0	0.541667	0	0	0	2.075	2.01667	0.971014	1	0.625	0	0	0	0	2.68116	0	0	0.550725	0	0	1.18333	12.43442	17.9083	6.55978	0.791667	2.975	3.247467	9.959787	0	0	1.19167	11.55	2.232971	0.791667	2.259055	1.35	0	0	0	0	0	0	0	1.29167	0	0	0	0	0	2.61667	0	0	0	1.36232	0	2.233333	0	1.278261	0	0
K01869	2.4626811	0.5431574	0	5.1720357	0	24.9315962	0	3.1724131	0.178818	5.9171266	4.1819749	0.326231	1.285332	0	0.806105	1.117732	0	24.4486372	1.6181806	26.8346467	0.1675669	0	0.6403331	3.800312	2.7456679	1.460698426	0	2.6506525	0.750833	0	0.764741	0.0978474	2.7430363	1.8013331	0.108814	0.326442	3.3571661	1.38027214	0.190114	1.3746121	18.5912443	2.202515	0.1172211	7.326635	21.7571399	12.8987468	3.3103726	0	5.1208355	9.6694815	0	1.1053274	0	0.5295369	0.6451141	11.521898	0	0.6181401	0.100834	15.094164	2.2614749	3.0252886	2.0375836	3.6340182	8.6969437	6.384471	4.3759598	1.7998536	8.3264696	2.4324439	0	0	1.436939	0.108814	0.164185	5.7134281	1.8975296	2.6112782	7.6123426	19.6781399	21.8225543	30.6059463	13.9215627	16.2947399	9.5091937	12.6777039	19.7454421	8.518907	2.2055464	18.4498163	7.9984278	5.0231951	2.7674143	6.752373	0.2110297	0.104603	0.2169645	1.0802087	0.054407	0.451037	0.217628	7.227131	0.469002	0.5709674	0	4.8970125	2.2935731	3.45221	2.1464204	0	9.124069	2.3735968	0.266957	20.0861721	0.249263	3.1139684	0	0.970430826
K03517	1.089246	0	0	0	0	0.165049	0	0.3861	0	0	0	0	0	0	0.462783	0	0	2.354666	0	0	0	0	0	0.485437	0	0.752922	0	0	0	0	0	0	0.58269	0.0802005	0	0	0.273224	0	0	0	2.571842	0	0	0	5.725438	1.466555	0	0	0	1.18797	0	0	0	0.660168	0	0	0	0	0	0.42735	0.57407	1.163924	0.19305	0	0.242718	0.610032	0.729617	0	0.42735	0	0	0	0	0	0	1.37973	0	0.18797	0.37594	0.515942	1.136692	6.0802829	0	0.758044	0	0	0.317685	0.324561	0	0	1.942325	1.683438	0	0	0.174185	0	0	0	0	0	0	0	0	0	0	0.242718	0.181704	1.348811	0	0	0.752922	0.24812	0	0	0	0	0	0
K00949	0.217094	0	0	0.490196	0	1.529096	0	0	0	0.897998	0.179245	0	0	0	0	0	0	0.223881	0	0	0	0	0	0.248756	0	0.0805484	0	0.248756	0	0	0	0	0.891981	0	0	0	0	0.318279	0.248756	0.215007	1.1840416	0.237607	0	0.208547	0.794589	0.438596	0	0	0	0	0	0	0	0.292398	0	1.8991414	0	0	0	0	0	0	0	0.248756	0	0.74461	0.1988	0.248756	0.3243228	0.21645	0	0	0.0514139	0	0	0	0.28381	0.281138	0.998316	1.8897499	2.8285361	1.4079602	0	1.003898	0	0	0	1.594615	0	4.206612	1.291369	0.543731	0.680815	0.43552	0.74461	0	0	0	0	0	0	1.406033	0.80381	0	0	0.248756	0	0.512821	0	0	0	0.676767	0	0.772473	0	0.7248345	0.251889	0
K02536	0	0.167785	0	0.746096	0	2.100966	0	0	0	0.33557	1.988875	0	0.33557	0	0.124161	0.208772	0	0.661074	0.167785	2.205466	0	0	0	0.3987279	0	0.51235	0	0.33557	0.33557	0	0	0	0.540919	0.167785	0	0	0	0.33557	0	0.96871	0.966751	0.165548	0	0	0.430943	0.449725	0.663357	0	0	0.33557	0	0	0	0	0	1.467355	0	0.167785	0	0	0	0.186567	0	1.612288	0	0.263158	0.105721	0.488814	0	0	0	0	0	0	0	0.761745	12.611564	0	0.522137	0.629371	1.027776	1.332783	0	1.75838	0.430943	0.261404	0.619191	8.49105	0.72241	0.794737	0.131579	1.300053	1.520616	0.505745	0.505638	0	0	3.73937	0.557047	0	0.167785	0.167785	0	0	0	0.00111857	1.1745	0.167785	0	0.531305	0.526316	1.3882	0.186567	0.815389	0	0.52203	0	0.671141
K09704	0	0	0	0.121951	0	0	0	0	0	0	0	0	0	0	0	0	0	0.121951	0	0	0	0	0	0	0	0.111607	0	0.121951	0	0	0	0	0.223214	0.2654794	0	0	0	0	0	0	0.815393	0	0	0	0	0	0.223214	0	0.121951	0	0	0	0	0	0.111607	0	0	0	0	0.114943	0	0	0	0	0	0.724935	0	0	0.233558	0	0	0	0	0	0	0.243902	0.486607	0	0.677966	0.317241	0	0	0	0.111607	0	0	0.121951	0.0910569	0	0	0	0	1.660481	0	0	0	0	0.154321	0	0	0.111607	0.079096	0	0	0	0	0	0	0	0	0	0	0	0	0	0	0	0
K02355	24.5569353	4.1222786	0.886554	41.3836261	4.2792865	216.0670769	0.630178	34.433635	1.712402	155.3627146	51.0554176	8.7812314	15.178087	0.199203	19.0689708	17.6187432	0.445627	260.4405884	9.4598039	514.5522186	2.7675445	0	6.0516079	38.6663706	46.197367	14.1978918	0	33.3557806	6.3352898	0.486937	7.820568	4.8076281	49.9433186	26.8290952	2.50263	2.8588386	19.8425998	35.2823779	0.7746759	17.6248145	199.4651674	14.02651271	5.862788	62.9721296	242.8771286	27.3349702	40.1274009	0	10.7295174	192.6733197	0	8.9282385	0.4439181	10.8342574	5.3976604	197.9040353	0.647359	8.3351211	2.7199045	93.7519559	19.7814217	30.0186336	11.3125856	49.980446	130.5708671	22.477437	79.5843052	21.1564649	94.7566646	26.0373172	0.151931	0.0818089	17.203598	1.259914	7.7543206	76.2646312	17.1967688	9.030211	96.0077845	158.9354429	315.2007139	336.4840282	92.1661588999999	136.964797	134.8557291	119.261381	212.0860086	87.011924	31.0196615	308.9380932	102.0164016	52.6518698	42.6577007	14.1664981	7.9559722	1.2935127	0.8873065	14.8572399	3.57750211	5.0632197	3.738943	91.6760662	3.0823163	5.3744332	3.26325	17.138633	17.0418806	41.8414937	14.9380551	13.3858533	31.5361703	21.2551078	6.6208608	82.8687511	0.7562072	49.2162879	0.3886186	6.5449661
K06180	1.57107	0.27933	0	5.54085	0.455939	29.4616194	0.560224	1.6194581	0.316456	7.556378	12.9057535	0.524551	1.3032364	0	0.419386	1.685703	0	10.1225896	0	55.586022	0	0	1.489253	4.467039	9.475331	3.79293	0	11.3392093	0.298284	0	0.316456	0	3.9075474	3.411045	0	1.92478	8.7146947	3.659191	0	0.202429	14.8043037	1.8863498	0	1.619437	16.3763884	5.663703	4.5910337	0	1.3762175	3.7164046	0	0.580103	0.140056	4.79881451	0.373134	26.41354375	0.287356	0.994627	0	8.276751	1.950502	2.7101541	1.292258	4.484197	9.5595599	3.627989	10.3589108	0.370214	5.4987215	4.004847	0	0	1.612518	0.74662	0.472574	6.675649	2.150996	0.85377	6.3275956	21.9054192	40.3746991	26.870264	9.1313669	9.065322	9.3796481	8.347418	13.365093	1.998248	6.090898	34.98992	7.14035	4.9547599	6.6353221	1.734387	2.9613658	0.202429	0.190283	2.1027536	0.3613393	1.847588	2.158121	15.2465439	0.63392	1.089442	0	1.894079	5.622397	11.6955083	4.3206892	1.517425	7.388137	7.232486	1.077544	14.1349633	0.2735543	6.580629	0	1.203862
K08968	0	0.282282	0	0	0	1.642654	0	0.190909	0	2.243994	0.624613	0	0	0	0.45045	0	0	5.263636	0	8.13393	0	0	0	0.454545	1.51818	0.921212	0	0	0	0	0	0	0.909091	0.454545	0	0	0	0.89697	0.454545	0	5.207447	0	0	0	4.328039	0	0	0	0	0.909091	0	0	0	0	0	4.084963	0	0	0	1.64865	0	0	1.1697	0.454545	2.79287	0	1.424835	0.315152	1.109691	1.454545	0	0	0	0	0	1.419766	0.0344828	0	0.835926	2.390881	3.027126	4.703715	1.613266	3.41704	0.621212	1.132377	2.647822	3.065305	0.948884	5.670669	1.135054	0	0.854545	1.32164	0.0909091	0	0	0.736363	0	0.847938	0	1.42424	0.630303	0	0	0.221212	0	1.217116	0	0	0	1.775757	0.454545	0	0	0.372024	0	0
K00606	0	0	0	0	0	0	0	0	0	0	0	0	0	0	0	0	0	0	0	0	0	0	0	0	0	0	0	0	0	0	0	0	0	0	0	0	0	0	0	0	0	0	0	0	0	0	0	0	0	0	0	0	0	0	0	0	0	0	0	0	0	0	0	0	0	0	0	0	0	0	0	0	0	0	0	0	0	0	0	0	0	0	0	0	0	0	0	0	0	0	0	0	0	0	0	0	0	0	0	0	0	0	0	0	0	0	0	0	0	0	0	0	0	0	0	0	0	0
K02911	3	0	2	0	0	107.24978	0	0	0	14.75	12.166644	1.916667	3	0	3.02778	3.08333	0	7.27778	1	174.527333	0	0	0	4	22.3333	3	0	33.22227	13.13888	0	1.97222	0	13.1389	1	0	5.63889	12.5	10.9444	0	2	27.8611	7	0	6.36111	1	4	12.5	0	11	9.77778	0	1	0	6	1	141.639	0	0	0	3.91667	0	7.38889	5	16.8056	32.0833	1	24.75	1	2	10.4167	0.861111	0	4.63889	1	5.83333	19.02778	6.44444	1	18.8889	39.0278	94.4444	32.83333	16.5	28.16668	30	48.0278	2.97222	2.61111	7.97222	51.9722	12.0278	13.91667	10.2778	14.499978	1	0	0	2	0	141.917	0	34	1	0	0	0	2	14.0833	8	2	2	3	1.72222	17.5	0	2	0	0
K02996	0.456522	0	0	0	0	2.250107	0	0.131313	0	0.634146	0	0	0	0	0	0	0	0	0	2.22764	0	0	0	0	0	0	0	0	0	0	0	0	4.616293	0	0	0	0	3.44133	0	1.109794	0	0.666667	0	1.88406	0	0	0.898551	0	0	0	0	0	0.550725	0	0	0.918699	0	0	0	0	0	0.300813	0	0	0	0	0	0.449275	0	0	0	0	0	0	0	0	0	0	0	9.34058	0.593742	3.818178	0	0	0.560976	4.007462	0	3.27642	0.951219	0	0	0	0	0	0	0	0	0	0	0.727273	0	0	0	0	0	0	0	0	0	0	0	0	0	1.504392	0	2.32609	0	0
K05988	0.0471698	0	0	0	0	1.7436312	0	0	0	0.554577	1.3636159	0	0.145597	0	0	0	0	0.133648	0	4.7965398	0	0	0	0	0.4439116	0	0	0.429496	0	0	0	0	0.2555691	0	0	0	2.2282358	0.188679	0	0	0.2401879	0.2341218	0	0.5464586	0.0471698	0	0.2037603	0	0	0.0471698	0	0	0	3.00368	0.2515726	0.3986553	0	0	0	0.480226	0	0	0	0	3.3481033	0	0.257703	0.2845953	0	0.9783008	0	0	0	0	0.141195	0	0.4468376	0.0361635	0.6844475	1.6533488	3.3342704	0.2244373	2.0491536	0.2106921	0.4767293	10.521983	0.2284341	0.0471698	0.8970301	0.410377	0.8880796	0.7616348	1.9395976	4.9958367	0	0	0	0	0	0	0	0.6459644	0	0	0	0	0	0.2273335	0.0471698	0	0	0.2659878	0.0471698	0.8628586	0	0	0	0.1415094
K03289	1.48535	0.101527	0.671159	2.148226	0	10.990178	0	1.108996	0.134771	4.509927	4.958931	0.943397	0.269542	0	0.860478	0.78794	0	5.250503	0.677206	7.0088376	0	0	0	4.049496	4.5121653	0.525364	0	6.702726	0	0	0.369004	0.134771	1.084869	0.723586	0	0.268643	4.765475	1.103331	0	0.561545	3.426732	0.190476	0	1.7241688	6.433541	5.360465	1.268518	0	1.356474	2.1789	0	0.741683	0.134771	1.4243471	0	12.74082615	0	0.134771	0	1.4860679	1.17763	0.0161725	1.487146	2.1033442	3.712487	2.904762	5.7096156	1.19003	1.8101985	0.530998	0	0	1.363209	0	0	2.161567	0.3872419	1.45147469	1.42048	5.732279	8.5182347	13.4953255	4.030829	4.1248957	2.3815608	6.583945	3.775029	2.456786	1.902305	10.05546	3.728357	4.349554	4.612899	2.555115	0.286613	0.134771	0	0.538359	0.513206	0	0.154799	3.779879	0.134771	0.5197236	0	1.624108	0.638415	2.352216	0.492775	0.273136	0.539084	0.938374	0.268643	2.347199	0	0.534771	0	0.272026
K01186	0.238554	0.37874	0	0.114056	0	4.978917	0	0	0	4.73398	3.018372	0.240964	1.1180728	0	0.36385564	0.969956	0	17.652167	0.32	20.4543259	0	0.22008	0.318471	0.539759	2.99992	0.644227	0	1.257583	0	0.120482	1.20402	0.227309	2.6261169	1.023404	0	0	0.590953	1.7651692	0	1.304007	8.3041253	0.1735666	0	3.1926471	12.166943	0.960643	2.2727268	0	0.998935	2.610482	0	1.194286	0	0.5272255	0	5.754295	0	0	0	3.408156	0.4024097	0.772691	0	4.849763	9.5117087	6.614462	3.080138	1.619278	3.552284	0.572365	0	0	0.866667	0	0.226506	3.142974	1.6594148	0.147059	9.011235	13.4778689	11.5144717	16.576448	0.60241	17.2029759	2.167072	8.209796	7.120787	3.527357	5.237241	14.56575088	4.4020693	5.197576	1.877902	0.832496	1.260516	0.120482	0	0.722892	0	0.776382	0	5.604631	0.662	0.120482	0	0.361446	0.6118959	3.732197	1.0839332	1.177158	1.89109	1.988257	0.887906	3.409231	0	1.9250079	0.120482	0.3315
K00661	0.344828	0	0	0	0	0.367647	0	0	0	0	1.01471	0	0	0	0	0	0	1.652569	0	0.335632	0	0	0	0	1.614217	0	0	0.651411	0	0	0	0	0	0.367647	0	0	1.08696	0	0	0	2.490083	0	0	0	0.45098	0.411765	0	0	0	0	0	0	0	0	0.328947	1.031103	0	0.344828	0	0.775194	0	1	0	0	0	0.17402	0.735294	0	0.223039	0	0	0	0	0	0	0.457471	0	0.387597	0.356589	0	1.152233	0.959815	0	0.22069	0.328947	1.002723	1.54005	0.333333	0	4.28922	0.343137	0.534314	0	0	0	0	0	0	0	0	0	0	0	0	0	1	0.732425	0.429885	0	0	0	0	0	0	0	0	0	0
K00831	0.5784315	1.204622	0	5.85359	0.479913	18.402426	0	0.469241	0	6.892043	15.724437	1.089865	0.305103	0	0.5958334	1.253682	0	9.002414	1.285442	21.876712	0.378383	1.220355	1.812162	2.90433	8.233101	3.277106	0.320513	11.967404	0.977198	0	0	0.694758	10.2407734	0.2204122	0	0	13.953533	7.681363	0.136808	6.3058719	7.303466	15.730721	0	5.179687	6.352386	8.117483	7.867829	0	3.159581	5.1400864	0	1.845783	0	2.6999726	1.103285	15.132444	0.242718	0.437568	0	0.488599	0.325732	2.575466	2.560688	4.974399	5.254053	2.125292	37.316756	2.081137	29.2315881	1.769095	0	0	1.001115	0.815929	0.325733	6.885323	4.1341866	0.269273	2.591607	36.049733	29.863343	8.6025743	24.3631288	35.71707	11.075388	36.685918	8.249686	37.5462368	27.798751	23.913	35.415796	5.842033	59.5985598	113.521479	2.602639	0.162866	0.350034	37.6279478	6.271626	5.847964	1.382951	23.4812222	2.001879	3.486012	0.0977199	3.41351	2.550794	16.4956296	9.7228196	3.039762	5.004976	16.2483508	0.3876212	103.397597	0.0749186	30.9575555	0.228632	8.450482
K00873	2.148156	0	0	3.83693	0	12.249262	0	0.420168	0	1.363514	4.727652	0.217087	0.718539	0	0.617587	0.580532	0.105042	5.692743	0	2.046967	0.925	0	0.248756	1.92434	0.732493	0.0917367	0	0.799594	0	0	2.45399	0.306748	0.980444	0.4999529	0	0	0.411765	0.248756	0	0.248599	2.781214	0.105042	0	2.891766	5.238314	3.760766	1.17165	0	0.210084	0.6952843	0	0	0	0.928623	0.513305	6.577385	0	0	0	1.41997	0.954694	0.888989	0	0.182773	1.876243	0.202454	6.4062151	0	2.586446	1.70906	0	0	0.381285	0.365546	0	0.052521	0.210084	0.516832	2.377626	1.531654	2.701812	7.756314	1.96336	3.409106	1.791521	5.54488	8.36851	8.93574	1.4303621	3.5275475	1.353776	0.45678	0.279579	0.236695	0	0	0	0.315126	0	0	0.150912	0.726347	0	0.248756	0	0.105042	0.58711	1.413987	0.0511204	0.105042	0.50438	0.457439	0	4.564789	0	0.241597	0	0
K01673	0	0	0	0	0	2.506133	0.580952	0	0	0	0.359712	0	0	0	0.359712	0.561681	0	0	0	3.384902	0	0	0	0	0	0	0	0.290698	0	0	0	0	0	0	0	0	0	0	0	0	2.776853	0	0	0	0	0.514286	0	0	0.359712	0.685714	0	0	0	0	0	1.290698	0	0	0	0	0	0.290698	0	0	0.359712	0	0	0	0	0	0	0	0	0	0	0	0	0	0	1.677729	2.070605	0.632968	0	0	1.06977	0.316547	0.471545	0	0	1.40767	0.571429	0.980952	0	0	0	0	0	0	0	0	0	1.014275	0	0	0	0	0	2.076919	0	1	0	0	0	0.676259	0	0	0	0
K03575	0	0	0	0	0	0.572464	0	0	0	0	1.363946	0	0	0	0	0	0	0	0	0.179856	0	0	0	0	0	0	0	0	0	0	0	0	0	0	0	0	0	0	0	0	0	0	0	0	0	0	0	0	0	0	0	0	0	0	0	0.495726	0	0	0	0	0	0	0	0	0	0	0	0	0	0	0	0	0	0	0	0.540816	0	0	0	0	1.971744	0	0	0.179856	0	0.802158	0	0	0	0	0	0	0	0	0	0	0	0	0	0	0	0	0	0	0	0	0	0.179856	0	0	0	0	0	0.582751	0	0.136691	0	0
K00283	0.447428	0.111857	0	2.267253	0	2.864482	0	0	0	2.856973	1.727021	0	1.11782	0	0.335571	0.329605	0	3.421914	0	4.261002	0	0	0	0.310057	1.0001679	0.111857	0	0.5111172	0.658152	0.223714	0	0.0202312	1.326482	0.469212	0	0	0.447428	0.668904	0	0	3.888073	0.223714	0	1.097968	5.672331	0.432563	1.101564	0	0.222968	1.8189747	0	0.163399	0	0.111857	0	1.241245	0	0.239025	0	0.379964	0.256366	0.5741989	0.933208	1.73823	3.677789	0.510813	2.3032862	0.669649	0.753621	1.014825	0	0	0	0	0.0753169	4.2097618	0.465463	0	1.450732	5.281748	7.922585	8.151747	0.447427	2.6243827	2.516781	1.61731	3.382446	1.102908	1.873068	4.26249	2.122226	1.7011572	2.272358	0.2141661	0.33557	0	0	0.638889	0	0.0477256	0	9.648563	0	0	0.223714	0	2.438381	6.546148	0.91667	0.808813	0.111857	0.6951787	0.223714	5.224312	0	0.683984	0	0.116331
K04069	3.228623	0.0136986	0	0	0.473934	16.654917	0	0.217656	0	13.4404334	2.8435026	1.108658	0.457187	0	2.1351043	0	0	28.4545562	0.374074	42.657619	0	0	2.363082	6.7121164	4.53951	1.495608	0	9.041603	0.183333	0	2.220374	2.419105	4.313458	2.368822	0	0	1.67274	3.0554343	0.180095	3.2777768	13.805826	0.456631	0	4.4774589	22.914572	10.931925	2.9094302	0	0.833612	7.0366213	0	0.87263	0	4.328291	0.680845	27.243419	0	0.456631	0	8.484496	4.3812136	4.6586443	0.550292	4.326328	12.794034	11.8272	12.187722	2.049517	3.276357	2.918185	0	0	0.518392	0	0.367647	8.253852	1.466497	2.874706	7.311803	18.9250899	24.344041	30.38657	5.07577	5.301577	4.1289607	5.21946	12.378784	14.5479525	7.0981128	16.171388	13.930852	7.652383	2.4552554	1.2898669	0.6216864	0	0	0	0.19697	0.724846	0.172196	6.914998	1.054769	0.227273	0	2.150423	2.750114	3.4921	0.960209	0.581818	3.702964	0.649292	1.905648	11.516977	0	6.51219	0	1.813938
K00099	0	0	0	0	0	0	0	0	0	0	0	0	0	0	0	0	0	0	0	0	0	0	0	0	0	0	0	0	0	0	0	0	0	0	0	0	0	0	0	0	0	0	0	0	0	0	0	0	0	0	0	0	0	0	0	0	0	0	0	0	0	0	0	0	0	0	0	0	0	0	0	0	0	0	0	0	0	0	0	0	0	0	0	0	0	0	0	0	0	0	0	0	0	0	0	0	0	0	0	0	0	0	0	0	0	0	0	0	0	0	0	0	0	0	0	0	0	0
K03438	1.284227	1.165058	0	0.467925	0	16.1880689	0	0.840251	0	4.526201	5.249362	0	0.931882	0.473333	0.4418852	0	0	14.5804456	0.525506	19.119503	0.945436	0	0	1.41762	5.070783	0.397252	0	1.957027	0	0	0	0.504403	1.948428	2.057813	0	0	0.188679	1.86933	0	0.7094334	9.999611	0.693082	0	1.692953	9.8763325	3.2457566	2.6722882	0	1.503299	1.449842	0	0	0	1.279716	0	13.280021	0	0	0	3.3055322	0.854088	0.680502	1.004096	2.925042	4.5264846	2.1912	1.979852	0	6.780522	5.618759	0	0	1.88428	0	0.186164	2.63541	1.6107589	0.674614	7.793452	7.4296929	11.843669	13.743372	2.4016276	6.250163	16.518662	0.566037	5.5027918	6.939731	0.810013	18.839338	4.121579	2.30483	0.521412	0	0.757608	0.188679	0.188679	0.63937	0.186462	0	0.242718	8.509245	0.286792	0.188679	1.132075	0.607498	4.680533	12.566623	1.5306912	1.290941	6.98397	3.8560112	0.804025	3.901471	0.168553	2.450818	0	0.38025
K02357	0	0	0	0	0	0	0	0	0	0	3.61111	0	0	0	0	0	0	0	0	0	0	0	0	0	0	0	0	0	0	0	0	0	0	0	0	0	0	0	0	0	7.36111	0	0	0	0	0	0	0	0	0.513889	0	0	0	0	0	0.777778	0	0	0	0	0	0	0	0	0	1.05556	0	0	0	0	0	0	0	0	0	0	0	0.881944	1.52778	0.472222	0	0	0	0.756944	2.60417	1	0	0	0	2.47917	0	0.534722	3.27778	0	0.451389	0	0	0	0	0	0	0	0	0	0	0	0	0	0	0	0	0	0	0	0	0	0	0
K16053	1.297601	0	0	0.231667	0	3.5701497	0	0.604705	0	1.378013	0	0	0	0	0.142045	0.284091	0	2.9195032	0	7.51937	0	0	0	0.426136	0.142045	0.142045	0	0.316556	0	0	0	0	0.3229168	0.559659	0	0	0	0.426136	0.142045	0.496711	7.319145	0	0	0.142045	4.212121	1.058033	0	0	0	0.704949	0	0.363636	0	0	0	3.4237114	0.120265	0.28409	0	1.388258	0.142045	0.223485	0	0.759329	2.5596627	2.13636	0.533808	0	0.902687	0.142045	0	0.620773	0	0	0	1.572241	0.142045	0.28409	0.350378	1.174011	5.282757	3.444769	0.908144	3.010843	0.710227	1.410575	2.504851	0.954167	0.436108	5.21591	3.8622719	0.426135	0.375378	0.6098487	0.121212	0	0	0	0	0	0	2.256583	0.395833	0.852273	0	0.244318	0.852273	0	0	0	0.604072	0	0.14881	3.154356	0	0.142045	0	0
K07091	2.7595125	0.9819519	0	3.5843118	0	15.8113609	0	1.775474	0	5.1239048	19.2480714	0.810075	0.507615	0	0.4224484	0.327129	0.0846024	12.8061128	1.7855928	37.7680809	0.0847458	0	0.142132	2.3380876	14.2526684	0.6619792	0	17.5586023	0.151515	0	0.676819	1.552331	4.665021	1.353074	0.0846024	0.150028	6.155036	1.3530742	0	0.7348455	9.6393628	4.5087103	0	0.894906	6.9009534	9.7995174	2.6634686	0	1.1666088	4.4009576	0	0.1692048	0	6.0585326	0.0846024	18.519404	0	0.2538072	0.3384098	4.442963	1.0094344	1.0636184	0.5533524	4.48172	12.5521088	0.3209254	14.8649	1.3030872	7.387144	1.8844832	0	0	0.758577	0	0.1686408	2.1702372	1.9384079	1.277497	7.257073	8.4813372	28.312116	15.8395088	8.3961204	8.7522622	4.3394998	6.562177	8.7622248	4.3925524	2.5330639	19.9448854	9.6684306	13.3701104	16.0122444	2.9099137	1.7730014	0	0	2.3785793	0.3386968	0.338409	0.1692048	11.2788555	0.8230428	1.0212624	0.285956	1.32342296	5.5646412	13.7083012	4.2664728	0.6999434	4.6672888	1.9243648	1.8083504	8.2687169	0	4.0397284	0.0840336	0.5922174
K09810	0	0	0	0	0	0	0	0	0	0	0	0	0.238095	0	0	0	0	0.238095	0	0	0	0	0	0	0	0	0	0	0	0	0	0	0	0	0	0	0	0	0	0	0.111111	0	0	0	0.506024	0	0	0	0	1.15556	0	0	0	0	0	0	0	0	0	0	0	0	0	0	0	0.714286	0	0	1.19048	0	0	0	0	0	0	0	0	0	0	0	0.435185	0	0	0.646032	0	0	0	0	0	0	0	0	0.518519	0	0	0	0	0.147619	0	0	0	0	0	0	0	0.0666667	0	0	0	0	0	0	0	0	0	0.604762	0	0
K03501	0	0	0	0	0	5.706247	0	0	0	0.316456	0.459119	0	0.172996	0	0	0	0	0	0	0.833333	0	0	0	0	0	0	0	0	0	0	0	0	0.896825	0	0	0	0	0	0	0	0	0	0	0	0	0	0.316456	0	0	0.632911	0	0	0	0	0	1.189873	0	0	0	0	0	0.561181	0	0	0	0	7.286062	0	0	0	0	0	0	0	0	0	0	0	0	0	3.65843	0	0	0	0	0.316456	0.762708	0	1.31224	1.74895	0.991561	0.911694	0.921941	0	0	0	0	0.595238	0	0	0	0	0	0.316456	0	0	0	0	0	0	0	0	0	1.35443	0.634921	1.11603	0	0
K06925	0.8045983	0	0	0	0	15.396473	0	0	0	4.9738	2.827583	1.360149	0	0	0.714672	0	0	7.624523	0	12.275824	0	0	0	3.58621	1.735634	2.246564	0	3.10728	1.367816	0	0	0.727969	3.281631	1.918251	0	0	2.63218	4.183913	0.390805	0	4.938698	0.574713	0	0.398467	6.620693	7.73947	0.823755	0	1.004265	4.876849	0	0	0	0.574713	0	10.6169713	0	0	0	1.218391	0	0.241379	0.245211	1.357417	2.157084	2.97701	12.793096	0	3.111111	0.241379	0	0	6.25288	0	0	3.306514	1.513974	1.14943	2.40613	4.1417662	13.314212	16.78928	5.072796	5.739887	2.83525	4.938706	10.800813	5.804136	3.771237	1.597643	7.076624	7.019155	8.5336881	4.987357	0.291188	0.237548	0	0	0	0	0.471698	12.107281	0	0	0	0.291188	3.24138	1.6053642	0.0574713	0	2.563217	1.738	2.034482	7.985547	0	4.984675	0	1.494254
K06188	0	0	0	0	0	0	0	0	0	0	0	0	0	0	0	0	0	0	0	0	0	0	0	0	0	0	0	0	0	0	0	0	0	0	0	0	0	0	0	0	0	0	0	0	0	0	0	0	0	0	0	0	0	0	0	0	0	0	0	0	0	1	0	0	0	0	0	0	0	0	0	0	0	0	0	0	0	0	0	0	0	0	0	0	0	0	0	0	0	0	0	0	0	0	0	0	0	0	0	0	0	0	0	0	0	0	0	0	0	0	0	0	0	0	0	0	0	0
K04041	1.4030777	0	0.17331	1.3718775	0	10.370318	0.376068	0.884596	0.0805153	3.1722596	5.0658603	0.1931283	0.485776	0	0.107527	1.05263	0	12.886357	0.497367	32.2152838	0	0	0.483092	0.5569386	3.526167	2.2817598	0	1.581112	0.0203972	0	0	0.3552131	3.2639495	1.9671876	0.321524	0	0.2402593	2.269007	0	1.4983943	6.9997146	0.43342	0.161031	2.6101626	15.2138313	1.4765023	3.5950556	0	0.6515778	3.6405993	0	0.2110633	0	0.5159444	0.272357	8.0582653	0	0.4187781	0	4.9573796	0.538591	2.9910194	1.8724615	1.941493	7.2069063	1.6419355	2.1246244	1.2718016	2.2545989	5.8494919	0	0	0	0	0.0805153	5.8061583	0.6461926	0.4637089	4.04121357	10.6639255	28.264156	28.7758566	2.60923	2.6478443	4.1716876	3.5667787	9.5529973	3.7918754	0.929926	19.6914	3.6958953	1.8460216	1.6674727	0.51196848	0.7525568	0.131579	0	1.3977773	0.2415463	0.161031	0.2538253	10.3565163	0.806452	0.161031	0.241546	1.079727	4.6736619	5.5235553	1.4824128	1.045413	2.7758933	4.7925306	0.4191528	7.4459567	0.0805153	1.383419	0	0.2693939
K22900	0	0	0	0	0	0	0	0	0	0	0	0	0	0	0	0	0	0.806452	0	1.85575	0	0	0	0	0	0	0	0	0	0	0	0.155556	0	0	0	0	0	0	0	0	0	0	0	0	0.664435	0	0	0	0	0	0	0	0	0	0	0	0	0	0	0	0	0	0	0	0	0	0	0	0.292398	0	0	0	0	0	0	0.216374	0	0	0	1.49513	0	0	0	0	0	0	0	0	0	0	0	0	0	0	0.185185	0	0	0	0	0	0	0	0	0	0	0	0	0	0	0	0	0	0	0	0	0.292398	0	0
K01719	5.494682	0.331683	0	0.812292	0	14.0440456	0	2.632192	0	3.902015	6.865352	0	3.044701	0	1.481088	1.0538245	0	21.593199	1.017609	32.884426	0.49505	0	0	1.133664	10.255956	3.707055	0.247525	7.892015	1.168691	0.49505	0	1.980194	4.5419599	1.737623	0	0	3.121736	4.718415	0.117162	1.896632	12.887581	3.056435	0	0.982819	17.5023912	16.980184	3.527519	0	1.253258	3.269341	0	0	0	4.072142	0	30.823557	0	0.49505	0.247525	4.582498	2.18152	3.447983	0	3.844915	5.805575	5.7199697	11.382008	1.219715	3.202121	4.876871	0	0	0	0.102941	0.653595	6.245394	2.22475	0.874587	9.172004	13.433526	26.8729613	25.123347	4.048409	5.650658	5.061148	9.275678	10.98509095	10.633665	2.1186648	30.074989	10.2169877	3.203212	7.9790888	7.968311	0.5277297	0	0	3.065616	0.333333	0.49505	0.49505	2.62522	0.247525	0.627054	0.49505	0.90429	3.173269	10.592748	1.771798	1.282097	4.8897552	1.637207	1.227917	6.309429	0	0.758208	0	0.247525
K07271	0	0	0	0	0	0	0	0	0	0	0	0	0	0	0	0	0	0	0	0	0	0	0	0	0	0	0	0	0	0	0	0	0	0	0	0	0	0	0	0	0	0	0	0	0	0	0	0	0	0	0	0	0	0	0	0	0	0	0	0	0	0	0	0	0	0	0	0	0	0	0	0	0	0	0	0	0	0	0	0	0	0	0	0	0	0	0	0	0	0	0	0	0	0	0	0	0	0	0	0	0	0	0	0	0	0	0	0	0	0	0	0	0	0	0	0	0	0
K15876	0	0	0	0	0	4.152492	0	0.2	0	0	0.558419	0	0	0	0.589976	0.588235	0	1.084967	0	0.861737	0	0	0	0	0.231373	0	0	0.356863	0	0	0	0	0.621118	0	0	0	0.360784	0	0	0	1.771692	0	0	0.856642	7.673025	0.196078	0.294118	0	0	0.745464	0	0	0	0.3496882	0	0.407867	0	0	0	0.271222	0.491124	0	0	1.24706	0.239216	1.40787	0.542337	0.691511	0	2	0	0	0	0	0.376812	3.278967	0	0	1.847307	2.21749	3.585584	1.822859	0	1.583088	0.814481	2.6539	1.327145	0.0509804	0.498891	2.0826397	3.128524	0.621118	0	0	0.201961	0.295858	0	0	0	0.564103	0	1.551515	0	1.0331263	0	0	0.54902	2.431898	0.268245	0	0	0	0	2.528393	0	0	0	0
K00240	0.847291	0.091954	0	1.70936	0	7.898214	0	1.642039	0.246305	3.024663	8.115764	0	1.15271	0	0.326398	1.011494	0	1.7780633	0.170772	16.630592	0.162562	0	1.100164	0	0.376026	0.807881	0	1.967159	0.400657	0	0	0	3.00057	0.39573	0	0	1.774544	3.5778932	0	1.27422	4.25451	0.490968	0	1.793103	4.6712804	0.492611	1.891625	0	0.876847	3.543514	0	0	0	0.49261	0	4.397375	0	0	0	0.739887	0.149425	0	0.463054	2.233168	4.45156	0.471264	4.200223	1.106732	1.819381	1.106733	0	0	0	0	0	2.615763	1.477832	0	4.985228	9.722511	23.958876	9.762387	2.008228	5.912217	2.810467	14.987709	3.621844	0.868637	0.190476	16.057447	1.755355	1.444991	1.449918	0.348112	0	0.131363	0.246305	0	0	0.490969	0	7.193482	0.492611	1.031199	0	0	0.407225	2.215106	0.985221	0.49261	0.170772	5.169131	0.49261	23.497501	0	0.413793	0	0.246305
K01945	0.2279549	0.278402	0	2.594402	0	19.113697	0	1.333211	0	12.1269696	3.453062	0.369973	0.241533	0.080429	0.825848	0.268097	0	14.9722192	0.268096	21.7761443	0.619127	0	1.35657	1.437578	2.9478917	0.4647	0	3.72483	3.763259	0	0	0.42313531	1.3008154	1.688554	0	0	1.141733	3.0149878	0	1.6433368	8.9824708	1.222703	0	6.279877	16.0970949	6.522491	2.4364994	0	0.621548	4.8674082	0	0.402145	0	0.6589633	0	13.2192172	0	0.66791	0.202429	3.033417	1.996864	0.938338	0.497766	8.181697	4.286315	3.28372	6.101748	1.353747	4.524287	1.070204	0	0	3.129882	0	0	5.2337222	1.284376	0.522952	5.005525	5.582824	21.15591	18.929337	2.997547	6.310785	4.87441664	6.907966	8.7254204	2.78226	5.7350861	13.5070974	2.8081852	1.994207	5.4860023	1.6357663	1.621883	21.7677	0	1.763914	0.133155	0	0	6.2349	0.1383986	0.674315	3.18661	0.7057196	0.5820117	2.4971654	0.658229	2.311885	3.164974	1.305515	0.414947	4.727378	0.0616622	4.73096	0	0.687117
K03629	2.0850422	0.54533	0	0.180662	0	7.655094	0	0.629455	0	3.105324	2.448493	0	0	0	0.149701	0.626959	0.296761	5.6058405	2.488955	6.50052	0	0	1.33333	0.915233	4.339507	0.1586814	0	2.7468752	0	0	1.910348	1.632255	0.77743	0.965932	0	0	1.663735	2	0.0988024	1.091319	5.873847	0.766958	0	0.924765	5.164684	2.499105	2.202364	0	0.527952	1.0634584	0	0	0	0.919018	0	8.434821	0	0	0.103053	1.581678	0.935514	1.17647	0.15674	0.821317	3.438899	1.097179	15.2386222	1.352133	3.220013	0.487839	0	0	0	0	0	1.687439	0.862946	0.6701474	2.7389034	4.2941519	6.456722	11.524727	2.771156	2.7866826	3.525997	3.007115	8.14579	2.722913	1.590786	6.877503	6.418199	3.837342	4.048554	1.6085035	2.170091	0.15674	0	1.950326	0.668663	0	0	6.280522	1.0638723	0.47022	0	1.9836474	3.425367	5.5319035	0.62696	1.0204764	2.851343	3.017707	0	3.579371	0	2.188422	0	1.468973
K03497	2.48278	0.37594	0	0	0	8.825874	0	1.713773	0.198413	1.379366	0.7131029	0.164021	0	0	0.176692	0	0	10.331308	0	8.818541	0	0	0	1.968562	3.715432	0.181217	0	2.349588	0	0.33967	0	0	1.209413	1.103772	0	0	1.812737	0.378961	0	0.495516	6.6643596	0.18797	0	0.79365	7.87659	1.570593	0.79932	0	0.7791	1.627979	0	1.524367	0	0.761905	0	7.330151	0	0.987548	0	4.935861	2.066808	1.753211	2.19883	0.943122	3.250928	3.839424	1.373894	0	2.382424	0.622051	0	0	0	0	0	3.7059721	0.931596	0.3774728	2.431639	4.647245	5.3612688	16.243324	3.171206	3.9650788	4.208192	3.909512	14.59729	3.279363	1.382982	13.925343	1.385986	0.793651	2.524307	0	0.198413	0	0	0.526455	0	0.198413	0	4.472061	0.4542756	0	0	1.0168306	1.714381	2.888702	0.538738	0	2.665349	1.243386	0.307483	3.444653	0	0.291005	0	0.198413
K00876	0.87456	0.310559	0	1.70325	0	8.1789579	0	0.10352	0	6.8103118	5.9836184	0.943396	0.4838491	0	0.169811	1.3003104	0	5.0263062	0.4084126	13.5774916	0	0	0.651863	1.9124227	3.3673653	0.454297	0	3.7917294	1.1954847	0.397614	0	0	2.463842	1.0996804	0	0.574713	0.7841642	0.577236	0.0992064	0.792365	6.4065381	0.8709935	0	1.1410114	3.7687067	5.4961474	0.4090754	0	0.408418	3.4150054	0	0	0.553951	1.0554361	0.333333	7.8956337	0	0.3214284	0.566038	3.792928	0.18797	0.6322714	0	0.9991354	2.8753019	1.49537	5.2728185	0.198413	4.6694075	0.6051588	0	0	0	0	0.178862	2.510836	1.5381738	0.4649484	3.3952822	4.83737821	13.2399364	14.7191704	2.810831	9.1413511	2.8771654	5.0515212	10.3188374	2.63604845	1.745404	6.3194464	5.0836397	1.9844618	1.5380138	2.0705983	0.826682	0	0.314465	0.3483611	0	1.1181194	0.1984128	9.9976013	0.4715614	0.507263	0	3.7552504	4.5996308	4.8566115	1.4543774	1.8098021	11.3217606	1.7176789	1.7801275	1.9659644	0	0.8558804	0	0.198413
K12524	0.520697	0.1312336	0	1.176793	0	7.6325744	0	0.156863	0	1.6873681	3.2483507	0.1655497	0	0	0	0.285623	0	7.7319764	0.3224199	3.9645836	0.0656168	0	0	1.9340018	2.3223125	0.643184	0	2.1483813	0.0284339	0	0.5879726	0.0227472	1.1241996	0.5173336	0.379665	0	3.0490609	0.4567323	0.0656168	0.105708	4.306397	2.7485226	0	0.328084	4.194905	5.8018756	0.4689616	0	0.4562096	1.8379802	0	0	0	0.5596556	0	5.8680238	0	0.3280844	0.131234	1.6541379	0.8307785	0.200846	0	0.574621	0.8657046	1.5713	2.5529519	0.330137	2.2715356	1.2791757	0	0	0.131234	0	0	2.5551589	0.5841996	0.5819248	3.1533045	2.529912	8.266685	7.6524862	3.882	3.0734495	1.7629033	4.788301	8.9837098	1.359279	0.9533337	5.97651	3.2024888	2.2947476	4.774081	2.5490415	0.223998	0.0656168	0	1.799025	0.5323664	0.297901	0	4.7911295	0.2660291	1.2482595	0	0.8666966	2.6525646	1.3828036	0.246766	0.3674716	2.158507	0.255102	0.6155517	3.8237724	0	3.1662169	0	0.9607108
K01462	0	0	0	0	0	0	0	0	0	0	0	0	0	0	0	0	0	0	0	0	0	0	0	0	0	0	0	0	0	0	0	0	0	0	0	0	0	0	0	1	0	0	0	0	0	0	0	0	0	0	0	0	0	0	0	0	0	0	0	0	0	0.589744	0	0	0	0	0	0	0	0	0	0	0	0	0	1	0	0	0	0	0	2	0	3.73333	0	0	0	0	0	0	0	0	0	0	0	0	0	0	0	0	0	1.94872	0	0	0	0	0	0	0	0	0	0	0	0	0	0	0	0
K04043	9.5155991	1.80623	1.262555	78.0616338	0.447786	112.580746	0.3411645	33.113336	0.3417342	102.569901	6.7749406	13.6406884	8.9852773	0.2212808	6.9845141	25.2838644	0	122.313645	11.4033634	452.960576	0.820973	1.3892824	12.8505241	39.022758	13.3563014	16.277506	0	5.7875248	2.4836221	0.643671	5.3504027	0.1762333	41.396842	2.4106184	1.32743	0.6771743	6.3487898	29.3389238	0.8758732	12.6606937	92.662743	10.396703	4.2487414	29.695463	146.8948523	10.8430652	36.390606	0	4.3610973	55.128906	0	11.8489287	0	1.8736099	0.5136346	16.0773825	0.530028	4.7003092	0.4689562	72.9799258	5.225056	12.1854634	12.267863	22.9251104	64.273629	3.184173	9.7385396	18.3701044	79.263932	9.6069841	0	0.255754	16.100093	2.055555	4.155158	18.0992641	5.6693974	7.0660104	21.902186	602.212252	43.56005	158.481149	76.625866	110.071651	60.493603	104.819154	257.000743	42.634444	21.516504	98.5303794	45.625176	15.9312322	13.474393	7.670944	3.509738	0.5453815	0.0260606	9.7383846	0.6218551	1.7464112	0.5029633	77.773404	1.5812034	4.177127	0.88599	3.9879404	7.0362666	14.9428331	9.07794	3.0004882	41.5664799	72.798022	3.8078456	48.6075059	0.170648	14.356381	0	5.1309296
K07301	0	0	0	0.349873	0	3.765904	0	0	0	0.572519	0.173028	0	0	0	0	0	0	0	0	5.98473	0	0	0	0	0.469466	0	0	0.19084	0	0	0	0	0	0	0	0	1.515267	0	0	0.380407	0.6081424	0.159033	0	0	0.377863	0	0.944021	0	0	0	0	0	0	0	0.3125	3.773542	0.19084	0	0	0.19084	0	0.772949	0	1.328244	0.763359	0	0.572519	0	1.09915	0	0	0	0.763359	0	0	0.188295	0	0	0.19084	1.187023	2.07888	0.913486	0.381679	0.744275	0.8218825	0.763358	0.19084	0	0	3.306619	0.25641	1.122464	0.19084	0.169211	0	0	0	0	0	0	0	0.888041	0	0	0	0	0	0.554707	0	0	0	0.313917	0	0.945293	0	0.19084	0	0
K01129	0	0	0	0	0	0	0	0	0	0	0	0	0	0	0	0	0	1.6	0	0	0	0	0	0.391111	0	0	0	0	0	0	1.29333	0	0	0	0	0	0	0	0	0	0.968889	0	0	0	0	0	0	0	0	0	0	0	0	0.577778	0	0	0	0	0	0	0	0	0	0	0	0	0	0	0.515556	0	0	0	0	0	0	0.911111	0	0	0	0	0.959184	0.591111	0	1.27111	0	0	2.88444	0	0	0	0	0	0	0	0.515556	0	0	0	0	0	0	0	0	0	0	0.422222	1.74222	0	0	0	1.21778	0	0	0	0	0	0	0
K05808	1.36842	2.642276	0	13.97561	0	4.73984	0	0	0	0	15.40516	0	0	0	0	1	1	0	0	0	0	0	0	0	3.05691	0	0	1	0	0	0	0	2	0	0	0	7.02439	0	0	0	8.882851	3.77642	0	0	7.19444	3.726289	0.634146	0	0	3.5935	0	0	0	1.3252	0	15.4472	0	0	0	1	1	0	0	7.21951	11.9167	11	1.256311	0	4	0	0	0	0	0	4	2.42276	1.120145	1	4.572723	2.56911	5.29268	12.33333	2.73984	3.37398	5.01626	0	37	11.8333	5.656163	1	4.869919	6.59756	8.25158	5.29268	0	0	0	0	0	0	0	2	0	0.658537	0	0	0	1.50407	0.723577	0	0	0.682927	0	2.29268	0	1	0	0.658537
K03111	0.656915	1.403407	0	0.910569	0	10.059453	0	0	0	5.326681	33.274685	0.284553	0.778443	0	0	0	0	4.997485	0	20.753526	0	0	0	0	27.60923	0	0	13.5283051	0.868056	0	0	5.69763	0	0.996454	0	1.726951	9.529	1.38028	0	0.704225	11.007101	5.626947	0	1.3615	14.55822	15.25107	1.045804	0	0.204861	1.097042	0	0	0	5.4173973	0	11.42771	0	0.520833	0.180851	0.638211	8.134062	0.531915	0	0.569444	4.832812	0.386525	35.599904	3.477642	2.787171	0.958627	0	0	0	0	0	1.276409	0.920537	1.020211	6.7433105	16.622013	9.447955	16.211004	1.04167	1.757906	1.613947	1.281886	1.222781	0.219858	2.00205	21.51546	2.30685	12.530621	8.794938	2.231088	2.422975	0	0	3.410546	2.12766	0.704225	0	5.027873	0	0	0	0	2.783336	4.88141	1.379017	1.50347	1.06383	0.601507	0.699531	2.637261	0	0.520833	0	2.30159
K01939	3.890073	2.01876	0	5.114664	0	23.161884	0	4.760851	0.0835556	7.003658	4.232644	0.690667	0.748445	0	1.322666	0.857868	0	20.66574	0.7171885	27.971678	0	0	0	1.470222	4.233783	3.68006	0	3.4377936	0.330961	0	1.623755	0.5357737	4.578042	2.597052	1.101618	0.584049	2.907555	1.7394516	0.133333	1.7374562	16.646298	0.6877954	0	1.026666	36.484339	10.403291	2.673446	0	1.26278	5.480086	0	0.4791111	0.446809	1.964336	0.133333	26.953442	0	0.888478	0	5.025322	2.8849688	1.323555	0.820689	3.431129	8.692469	6.1764387	7.2590904	2.4808876	6.389141	2.626691	0	0.250667	0.232558	0	0.5245273	11.5465604	2.0110593	1.722161	8.949692	11.0973676	23.932404	31.511217	1.53778	10.33868	5.145208	7.8416733	30.3060311	15.999836	2.522556	15.8818	11.7949229	3.597068	1.92087	1.42785	1.423107	0.127111	0.133333	1.461644	0.266666	0.533333	1.126337	11.8068356	0.338666	0.120889	0	2.113931	4.06562	5.513214	0.4	0.482335	3.300378	1.386334	0.64958	8.246251	0	0.9777774	0	0.4198
K01870	10.2304265	1.3399442	0	7.9075336	0.833384	37.0387316	0	5.613886	0.1678181	17.4152038	12.1788826	2.4796768	7.0709094	0.729927	3.6026033	1.5336019	0	30.2824207	2.5059992	29.4042838	0.3796968	0	0.332226	12.4452033	3.6991286	1.8207815	0	7.7195101	3.1218939	0	0.5119452	0.8660794	6.5854206	4.7326044	0.064562	0.6574362	5.8367702	9.3063198	0	6.0365636	35.174583	2.7637928	0.511661	6.9926323	33.631805	9.8637292	7.4119654	0	1.4480418	6.4878052	0	2.7866884	0.0406712	2.1446665	0.5167812	22.1028068	0	0.5037054	0.8944305	28.3434838	4.7614001	3.1021766	1.5972804	10.5479762	27.9108591	6.5170642	10.0179389	2.1370006	23.6077863	9.0613593	0	0	1.6877557	1.9569061	0.6603201	8.6146799	1.5384796	1.3865492	16.1053534	24.5577527	32.5699073	62.9204072	13.9352522	22.9562432	14.11767	30.5500861	98.6863527	14.4665511	9.4625164	32.723758	21.268963	3.9198613	6.7652055	3.1708388	0.9396079	0.0426621	0.115741	3.1670426	1.2815521	0.7312419	0.664796	21.7787729	1.1162992	0.9010421	0.772201	5.0173802	12.331025	7.686371	1.9239764	1.6472842	19.1491796	3.3756805	1.7844386	6.8071926	0.574074	6.270571	0	1.0812123
K02437	0	0	0	0	0	0	0	0	0	0	1	0	0	0	0	0	0	0	0	0	0	0	0	0	0	0	0	0	0	0	0	0	0	0	0	0	0	0	0	0	0.62963	0	0	0	0	0	0	0	0	0	0	0	0	0	0	1	0	0	0	0	0	0	0	0	0	0	0	0	0	0	0	0	0	0	0	0	0	0	0	0	0	0	0	0	0	0	0	0	0	0.685185	0	0	1.05556	0	0	0	0	0	0	0	0	0	0	0	0	0	0	0	0	0	0	0	0	0	0	0	0	0
K01952	1.1011118	0.6791917	0	2.5750485	0.2690253	20.4374521	0	0.3683126	0	16.5309601	1.9980172	0.2218493	1.1962769	0	0.43309	1.2456517	0	16.7760047	0.245229	6.0288441	0	0	0.6921089	1.2638938	3.8587075	0.981999	0	1.5542705	0.328133	0	0.0454545	0.0451237	2.7370622	1.9881714	0.291121	0.111359	0.9584365	3.1761191	0	2.6292047	16.226069065	0.9076985	1.73611	8.335605	11.1843095	0.9497255	2.918845	0	1.6845086	7.584795	0	0.262727	0	0.1409444	0.373134	11.971052	0.0454545	0.2949021	0	6.7869236	0.9895426	0.7589784	0.6357826	1.6527689	5.3182615	0	2.5394342	1.42140215	7.3769056	2.0715315	0	0	3.220944	0	0.059312	0.3975456	0.734681	0.366965	4.2225457	11.7721425	25.1170491	29.02273235	2.4591783	10.7373136	0.5743553	7.0069285	23.6841069	7.529524	9.0317451	4.9594263	3.7917518	2.6669668	1.2147368	0.5411338	1.1746164	0.34965	0	1.340438	0.0454545	0.1231236	0	7.7353475	0.313419	0.176056	0.418262	1.3846531	1.9068717	3.9219412	2.078748	2.541052	1.109466	0.6624185	0.214274	11.1657881	0	1.58275	0.221115	2.059003
K03169	0.273208	0	0	0.5906	0	6.782293	0	0.23065	0	0.6445764	1.7507858	0.0424666	0	0	0	0.0773994	0	0.9904316	0.2064776	1.07213	0.162338	0	0	0.2002494	1.667879	0.136986	0	0.8521742	0	0	0	0	0.521815	0.232198	0	0.52356	0.197949	0	0	0.140449	1.266403	0.266185	0	0	0.614898	0.6206478	0	0	0	0.2917944	0	0.314465	0.08726	0.5481166	0	1.6072964	0	0.08726	0	0.602299	0.143688	0.150669	0	0.6630872	0.354424	0.4264394	0.96999	0.419013	0.142045	0.2709129	0	0	0	0	0.0773994	0.34904	1.418179	0.17452	0.5892554	1.3620204	1.66001	1.491016	0	0.24254	0.4182383	0	0.834317	0.08726	1.9578	2.008595	0.1616835	0	0.2219777	0.0773994	0.17452	0.0773994	0	0.635066	0.154283	0	0	0.781974	0	0.222222	0	0.08726	0.2001507	0.689432	0.0773994	0.161255	0	0.372647	0.153846	0.905064	0	0.1151238	0	0
K06131	0.117925	0	0	0	0	1.9184524	0	0.117925	0	0.475068	2.7983473	0	0.526363	0	0.361011	0.398987	0	5.318957	0	10.568734	0	0	0	1.11792	2.5909738	0.117925	0	1.3844918	0	0	0	0	2.068918	0.311321	0	0	1.3007434	0.498153	0	0	4.220815	0	0	0.3019987	5.84867	1.547318	0.934971	0	0	0.117925	0	0	0	0.117925	0	1.484901	0	0	0.0463836	0.726299	0.627603	0	0.180505	0.353774	1.16981	0.941824	3.840671	0.716044	0.2750197	0.117925	0	0	0	0	0	0.646074	0.254296	0.709091	0.352988	2.297595	3.5807259	4.404273	0	1.084768	1.659772	1.501723	3.46389	2.2289223	0.0424528	6.817615	2.224922	1.470485	1.094602	0.216981	0.117925	0	0	0	0.117925	0	0	1.5815339	0	0	0	0.180505	0.547478	0.590593	0.29843	0	0.634434	0.378132	0	1.404085	0	0.106918	0	0
K00648	10.372883	1.54138	0.117241	7.717236	1.622985	86.53079	0.0724138	18.170177	0.0965517	27.387511	10.678156	2.13908	8.787004	0	5.2804631	1.96437	1.034484	86.705914	2.7114945	171.4988977	0.332184	0	0	10.435306	15.348378	6.219716	0.172414	16.783914	3.643677	0	4.37456	1.21494	27.524415	11.2814908	2.29916	2.847525	7.462067	8.525474	0	7.1337789	34.6438123	3.004597	1.37931	8.740947	60.540546	18.367812	10.826446	0.344828	3.31528398	16.547309	0	7.95889	0	7.141571	1.7172405	130.0982166	0.167816	3.055049	0.6597699	20.802579	24.9089556	13.403531	5.708771	25.68168	30.164931	32.862653	13.4896579	12.979895	25.298093	7.381612	0	0	3.491866	0	3.76322	20.746865	3.739188	4.575718	30.973125	42.28346	106.33586	85.521792	22.380512	41.198945	23.756703	50.621538	43.420818	43.514305	9.420951	67.83563	23.72745	9.719309	8.8907226	3.65747	1.736782	0.172414	0.344828	2.017242	0.404598	0.61839	0	25.16781	1.033334	0.802299	2.198998	5.192674	2.789661	14.226433	2.970114	7.4556276	7.500637	4.612648	0.910346	14.786737	0.0793103	1.609196	0.172414	0.90083
K03979	2.967062	0.139216	0	2.245402	0	15.9834991	0	1.83738	0	2.071272	2.409204	0.864762	0.541177	0	1.1738818	4.209693	0	8.150188	2.117785	11.9001422	0	0	0.193137	11.3634999	3.569971	0.32466	0	1.438719	1.571265	0.275794	0	0.916174	4.622227	1.536351	1.22324	0	0.587384	0.358423	0	0.9636893	9.9215378	3.828998	0	0.993138	15.465626	7.0781371	1.464645	0	1.8365015	1.587115	0	0.705882	0	1.5225242	0.152905	12.747929	0	0.926511	0	1.383774	2.440342	2.850911	1.975939	1.3968575	4.32612	7.471431	2.994414	0.575048	2.853033	0.2380345	0	0	0.71782	0	0	6.48215	2.4833536	1.249008	2.727627	4.8471656	12.489191	12.197887	1.896079	2.3698	1.51268	2.546011	4.591549	3.553666	1.060938	8.0451008	3.367061	0.987899	1.551535	0.5901963	0.702905	0	0	1.183995	0	0.891026	0.0470588	3.207519	1.48589	0	0	3.519848	0.652031	5.284845	1.05634	2.2560272	5.011789	1.753313	0.454112	2.1680961	0	1.245694	0.119608	2.22071
K03574	0	0	0	0	0	0	0	0	0	0	0	0	0	0	0	0	0	0.666667	0	0	0	0	0	0	0	0	0	0	0	0	0	0	0	0	0	0	0	0	0	0	1.546296	0	0	0	0	0	0	0	0	0	0	0	0	0	0	4.5814	0	0	0	0	0	0	0	1.46099	0	0	0	0	0	0	0	0	0	0	0	0	0	0	0	0	0.775194	1	0	0	0	0	0	0	0	0	0	0	1	0	0	0	0	0	0	0	1	1	0	0	0	0	0	0	0	0	0	0	0	1.18605	0	0	0	0
K03086	0	0	0	0.821138	0	0.27933	0	0	0	3.3445	0	0	0	0	0	0	0	0.27933	0	0	0	0	0	0	0.0577281	0	0	0	0	0	0	0.27933	0.163873	0	0	0	0	0	0	0	0	0.027933	0	1.03352	0	0.0406504	0.277467	0	0	0.558659	0	0	0	0	0	2.024209	0	0	0	0	0	0	0	0	0	0	18.16391	0	0	0	0	0	1.11732	0	0	0	0	0	0	1.51389	2.62384	0.476723	0	0.27933	0.0502793	0	0	0	3.834265	1.03166	1.540037	1.49534	2.32961	0	0	0.260708	0	0	0	0	0.27933	0	0	0.837989	0	0	0	0.232775	0	0	0.27933	0.27933	0	5.56425	0.27933	6.54004	0	1.16889
K03787	1.336309	0	0	0.2804491	0	7.0202175	0	0	0	1.91743	1.768766	0	0.269287	0	0.643328	0.218341	0	5.011806	0.218341	6.682681	0	0	1.31004	1.144819	0.9172421	0.120567	0	3.042896	0	0	0	0.462963	0.631732	0	0	0.436681	0.78166	0.218341	0	0.0262009	3.42181	0.48077	0.1875	1.60325	3.42939	1.435995	1.0489684	0	0.218341	0.84488	0	0	0	0.436681	0	5.294526	0	0.149038	0	0.637555	0.609759	0.218341	0.240385	1.628856	2.324595	0.783574	3.3733517	0.939495	0.798262	0.895407	0	0	0.341346	0	0.218341	1.8020354	2.608486	0.435226	0.218341	1.800956	4.477853	5.492143	1.284437	2.734952	2.287086	1.1571912	1.110836	4.754755	0.993149	8.263054	2.297635	0.766701	0.48077	1.7195021	0.123726	0	0	0.811303	0.241546	0	0	1.524129	0.453151	0.458726	0	0.364111	0.524017	1.367246	0.170306	0.102694	0.137589	0	0	6.254281	0.107372	1.659046	0	0.493589
K00847	0.0901639	0.0694444	0	0.190114	2.29358	15.9024188	0	0.759189	0	5.516726	9.38048	0.504611	1.62705	0	0	0.190114	0	12.1086204	0.5531458	16.3144091	0.380228	0	0.760456	1.575679	5.4480324	0.456274	0	7.461059	1.140684	0	0.605505	0	1.248992	0.204918	0	0	3.621876	1.798373	0	1.004664	13.106627	3.38197624	0	0.380228	5.5155115	7.0063738	0.2907766	0	2.578162	2.564638	0	0	0	0.190114	0	5.349011	0	0	0	3.4955642	0.585146	0.441612	0.712475	6.1788195	6.155104	1.02459	3.056054	0.334923	4.4825	3.7961755	0	0	0.949303	0	0.95057	1.790525	0.489515	0.58684	8.560372	7.603563	7.923594	18.753962	2.0545	5.488214	9.620377	3.907789	2.438125	8.300332	1.954369	29.2083155	1.916332	1.8054048	5.2733	1.249683	1.427138	0	0	0.727503	0	0.790064	0.915944	8.790265	0.472751	0.862738	0.456522	0.785714	1.551439	8.081543	2.8063888	1.7708752	3.813852	2.618744	0.928413	5.2966578	0.190114	1.5880856	0	0.919645
K03786	0	0	0	0	0	1.096296	0	0	0	0	0	0	0	0	0	0	0	0.268519	0	0	0	0	0	0	0	0	0	0	0	0	0	0	0	0	0	0	0	0	0	0	0.385185	0	0	0	0.537037	0	0	0	0	0	0	0	0	0	0	0.6	0	0	0	0	0	0	0	0	0.418519	0	0	0	0	0.485185	0	0	0	0	0	0	0	0	0	0	0	0.555556	0	0	0	0	5.209677	0.354839	0	0.192593	0.37037	0	0	0	0	0	0	0.255208	0	0	0	0	0.992593	0	0	0	0	0.462963	0	0	0	0	0	0.218519	0	0.555556	0	0
K00347	0	0	0	0	0	0	0	0	0	0	0.756863	0	0	0	0	0	0	0	0	0	0	0	0	0	0	0	0	0	0	0	0	0	0	0	0	0	0	0	0	0	0	0	0	0	0	0	0	0	0	0	0	0	0	0	0	0	0	0	0	0	0	0	0	0	0	0	0	0	0	0	0	0	0	0	0	0	0	0	0.152941	0	0	0	0	0.164706	0	0	0	0	0	0	0	0.294118	1.07255	0	0.294118	0	0	0	0	0	0	0	0	0	0	0	0	0	0	0	0	0	0	0	0	0	0	0
K06217	0	0.18797	0	0.444444	0	12.334601	0	0	0	1.81203	3.254991	0.582707	0.37594	0	0	0.56391	0	0.410192	0.18797	7.883454	0	0	0	0.17543853	4.784467	0.374687	0	5.71178	0.75188	0	0	0	0	0	0	0.37594	1.173975	0.293233	0	0	0.730577	0.18797	0	0.431078	0.93985	1.421053	0.833333	0	0.18797	0.787802	0	0.37594	0	1.1728931	0	6.354643	0	0.186717	0	0	0.2832081	0.18797	0.37594	2.167921	2.493735	0	1.1966338	0.18797	0	1.615288	0	0	0	0	0.10401	0.171852	0.620301	0.129073	1.030007	5.5415237	7.548864	0.898686	1.07895	1.922306	1.969925	0.773115	0.313283	0	0.37594	7.281957	1.4398502	1.250627	1.345865	1.45614	0.279449	0.10401	0	1.221805	0	0.486216	0	3.369606	0	0	0.360902	0	0.18797	4.307439	0.93985	0.815789	0	1.437275	0.9197998	2.795672	0	1.505013	0.146617	0.18797
K03665	1.415541	0	0	0	0.15674	5.491848	0	1.53964	0	1.84595	0.90851639	0.629943	0.997043	0	0.158046	3.251376	0	8.045316	0.131363	15.026719	0	0	0	3.157424	1.7671541	0.15674	0	1.490367	0.6022036	0	0	0.456621	1.8083805	1.09520488	0	0	0.521344	1.7641222	0	0.561547	5.9070102	0.0345141	0	2.51823	7.551416	1.124733	0.378788	0	0.455729	2.146122	0	0	0	0.4267626	0.27933	3.2548573	0	0.810528	0.31348	2.717911	1.299667	0.15674	0	1.280033	4.020869	2.94744735	1.054661	0.797257	4.295071	1.140795	0	0	0	0.443902	1.187339	3.0457655	0.696839	0.29298	3.3999573	3.7390309	7.319844	9.5202498	0.790191	5.6303263	5.3358786	1.5219206	12.768092	6.128546	0.893221	10.95667242	4.167807	0.27248	1.2979546	0.681199	0	0	0.40872	0.668941	0.215517	0	0	2.2954575	0.22831	0.39881	4.12591	1.131635	0.2159499	3.425425	0.364915	3.703013	3.109002	0.684624	0.2436021	3.282545	0	0.54496	0	0
K05801	0.354096	0	0	0.577509	0	3.875611	0	1.72994	0	4.9294267	2.0405708	0	0.454545	0	0.0852359	0.691244	0	7.373799	1.405702	15.607255	0.240385	0.38965	0	1.098221	11.252122	0.659673	0.231481	3.6838978	0	0	0	0.913242	2.212217	0.120244	0	0	4.9127905	1.229982	0	0.92482	6.749305	0.156061	0	0.35	8.729954	10.637745	1.021016	0	0.204545	9.799387	0	0	0.466049	1.59823	0	6.707874	0	0.216134	0	3.4634221	0.669711	0	0.877273	3.401476	3.92401835	7.195928	6.0273592	0.140909	17.358156	0.227273	0	0	0	0	0.227273	6.665898	1.3932593	2.221296	3.1486379	13.516775	12.55720945	9.741765	2.6264	8.061724	7.8508236	12.134448	20.699126	3.98326	2.144554	9.300154	6.088466	6.634468	5.105317	0.227273	1.943951	0.22831	0.22831	3.7060221	0.453619	0.75794	0.231481	27.005094	1.1308078	0.681818	0	1.454992	5.861905	8.243205	1.24697	1.1615975	10.349043	6.060221	0.454545	5.44347	0	12.3028431	0	1.476145
K01185	0	0	0	0	0	0	0	0	0	0	0	0	0	0	0	0	0	0	0	0	0	0	0	0	0	0	0	0	0	0	0	0	0	0	0	0	0	0	0	0	0	0	0	0	0	0	0	0	0	0	0	0	0	0	0	0	0	0	0	0	0	0	0	0	0	0	0	0	0.424501	0	0	0	0	0	0	0	0	0	0	1	0	0	0	0	0	0	0	0	0	0	0	0	0	0	0	0	0	0	0	0	0	0	0	0	0	0	0	0	0	0	0	0	0	1	0	1	0	0
K02493	0.574713	0	0	0	0	0.444826	0	0.420168	0	0	0.210084	0	0	0	0	0	0	1.73529	0	0	0	0	0	0	0.62605	0.210084	0	0	0	0	0	0	0	0	0	0	0	0	0	0	0.210084	0.210084	0	0	1.47059	0.208683	0	0	0	0	0	0	0	0	0	2.031218	0	0	0	0	0.210084	0	0	0	0.888889	0	0	0	0.210084	0.26455	0	0	0	0	0	0	0	0	0	0.148459	0	0.91703	0.105042	0.886399	0	0.444826	0	0	0.00980392	0	0.410364	1.678595	0.210084	0	0	0	0	0	0	0	0	0.65491	0	0	0	0	0	0.420168	0	0	0	0	0	0.210084	0	0.210084	0	0
K04079	5.44934	2.2244715	0	0.655066	0.0987654	43.160901	0	3.121714	0.0729659	53.6693253	24.760654	2.691912	6.6906435	0	2.827666	4.2779262	0	104.5405312	4.620546	67.6633662	0	0	2.862169	5.4768604	42.374778	4.0914359	0	31.006896	1.844533	0	0.2371025	4.4783472	14.3324029	3.344514	0.311801	0	34.776257	9.2749182	0.3454023	5.4750155	37.3946852	4.1237055	0.414592	9.020455	112.859664	43.737927	13.0386128	0	1.6751524	4.7415719	0	0.8181921	0	10.2382301	0	15.9718861	0.0787402	2.262992	1.4453125	16.697525	9.039928	4.0669969	5.3931412	20.5490565	25.1030533	2.4384162	29.9326342	4.961602	15.4155918	2.516536	0	0.125065	1.2067	0.3328082	2.431898	52.0496072	2.98533096	15.5481482	22.610747	90.4348975	64.1535962	65.922422	43.0386654	43.7379391	47.208918	97.894519	49.663297	30.739499	11.495735	27.210265	24.2044815	30.0203494	42.833641	11.3045232	3.7308207	0.8315672	0.1804473	9.9608144	0.549969	2.5256617	0.7343788	99.207138	1.2805212	3.2523637	0.419947	9.843425	17.436532	16.9790802	7.8094802	4.3010825	77.455998	29.0887002	4.9753029	20.937721	0	11.362268	0.3642952	1.5479169
K06001	0	0	0	0	0	0	0	0	0	0	0	0	0	0	0	0	0	0	0	0	0	0	0	0	0	0	0	0	0	0	0	0	0	0	0	0	0	0	0	0	0	0	0	0	0	0.182482	0	0	0	0	0	0	0	0	0	0	0	0	0	0	0	0	0	0	0	0	0	0.118005	0	0	0	0	0	0	0	0	0	0	0.182482	0	0.364964	0.364964	0	0.364964	0	0	0	0	0	0	0	0	0	0	0.182482	0	0	0	0	0	0	0	0	0	0	0	0	0	0	0	0	0	0	0	0	0	0	0
K23257	0	0	0	0	0	0.176678	0	0	0	0	0	0	0	0	0	0	0	0	0	0	0	0	0	0	5.806108	0	0	0	0	0	0	0	0.574713	0	0	0	0	0	0	0.0812721	0	0	0	0	0.405877	0	0.0636042	0	0	0.216667	0	0	0	0	0	0	0	0	0	0	0	0	0	0	0	0	0	0	0.290931	0	0	0	0	0	0	0	0	0	0	0	0	5.295695	0	0.906015	0	0	0	0	0.574713	0	0	0	0	2.16254	0	0	0	0	0	0	0	0.352179	0	0	0	0	0	1.00471	0	0	0	0	0	0	0	0	0	0
K01689	4.67357	1.37219	0	5.772179	0	3.387737	0	10.6062	0	0.258204	2.41442	0	0.957686	0	3.22971	2.68566	0	57.304	0.129534	2.32383	0.935484	0	0	18.2979	2.10794	0.767703	0	0.129534	0.516408	0	2.72712	1.37824	2.34974	4.93869	1.30915	0.259067	0.129534	2.4525	0	2.20207	18.5423	0	0	0.328152	49.981	21.6537	1.69085	0	0.259067	10.5086	0	0	0	3.86442	1.1019	1.114853	0.129534	1.94301	0.129534	17.0199	7.76598	3.10104	0.88601	0.777202	1.5544	0.129534	5.50215	1.78756	5.09499	0	0	0	0.129534	0	0	23.2314	5.419911	6.64853	13.4983	7.160427	0.388601	32.3264	2.57081	9.38169	0.518135	2.709234	64.5872	24.9655	1.77807	0.259067	18.12718	0.232297	0.518135	0.125216	0.247841	0.177893	0.259067	0.717617	0.129534	0.339378	0.388601	0	0.388601	0	0	12.6883	9.09499	2.84629	0	0	6.01209	1.28152	1.16494	0.129534	0	0	0.129534	1.529189
K03325	0.2529641	0.414078	0	0.357388	0.859235	0	0	0.47079	0	0.695652	0	0	0	0	0	0	0	1.044104	0.331118	0.691496	0	0	0	0	1.908095	0	0	0	0	0	0	0	1.610061	0.158305	0	0	0	0	0	0.166113	0.4123884	0.0519481	0	0	0.383674	0	0.709764	0	0	1.15549	0	0	0	0	0	0	0	2.120689	0	0.996858	0	0	0	0.166113	3.198351	0	0.678141	0.243867	0.158361	0	0	0	0	0	0	0	0.332226	0.166113	0.5357434	0.166113	0	0.200577	0	0.166113	0	0.128427	0	0	0	0	0.681432	6.7834363	0	0	0	0	0	0.166113	0	0	0	0	0	0	0	0	0	0.777943	0	0.395382	0	0.135705	0	0	0	0	0	0
K02967	0	0	0	0	0	0	0	0	0	0	0	0	0	0	0	0	0	0	0	0	0	0	0	0	0	0	0	0	0	0	0	0	0	0	0	0	0	0	0	0	0	0	0	0	0	0	0	0	0	0	0	0	0	0	0	0	0	0	0	0	0	0	0	0	0	0	0	0	0	0	0	0	0	0	0	0	0	0	0	0	0	0	0	0	0	0	0	0	0	0	0	0	0	0	0	0	0	0	0	0	0	0	0	0	0	0	0	0	0	0	0	0	0	0	0	0	0	0
K01468	0.136986	0	0	0	0.0812785	0.271739	0	0	0	0.134058	0	0	0.547945	0	0.136986	0	0	1.652452	0	1.641806	0	0	0	0.136986	0.4420092	0.13587	0	0	0	0	0	0.136986	0.793706	0.0942029	0	0.294064	0.13587	0.494772	0	0	0.8794522	0.13587	0	0	2.700454	0.374515	0.252055	0	0	0.136986	0	0	0	0.136986	0	0.52907	0	0.136986	0	0.10411	0.302326	0	0	0	0.545711	0.441096	0.7710797	0	0.739495	0.136986	0	0	0	0	0	2.3105	0	0	0.718453	0.4094203	0.819685	3.7535904	0	0.292398	0.272856	0.46281	2.015524	0.982649	0.271739	0.845662	0.52207	0.272856	0.252928	0	0.136986	0	0	0	0	0.271739	0	0.544595	0.273973	0	0	0.1945202	0.958904	0	0	0	3.386303	0	0.273973	0.511073	0.13587	0	0	0.136986
K01991	4.33128	0	0	0	0	0.792049	0	0.621118	0	3.730999	4.234231	0	0	0	0.308642	0.310559	0	4.412674	0.458716	0	0	0	0	1.84979	0	0.207819	0	2.595398	1.52294	0	0	1.693286	2.266768	3.238539	0	0	0	1.534715	0	0.45045	4.155737	0	0	0.308642	2.27516	3.54974	1.684089	0	0.774775	0	0	0	0	5.831263	2.193286	0.924079	0	0	0	3.462644	0	0	0.285285	0	0	0.616977	16.37802	3.021651	3.073235	1.37615	0	0	0	0	0	0.548141	2.188715	1.907271	0.587992	5.79785	9.15369	3.374477	0.414079	0.897554	1.27523	0.308642	0.766216	22.70885	1.06987	0	3.730433	9.674588	3.783589	0.932379	0.767358	0.259939	0	1.563142	0	0.666667	0	0	0.576614	0	0	4.43621	1.969424	0	0.285714	0	5.5679	2.632626	0.42042	3.751084	0	0	0	0.763594
K03496	1.2130226	0	0	1.050672	0	4.1362314	0	0	0	3.901665	1.953216	0	0	0	0.609756	0	0	6.690541	0	8.23587	0	0	0	0.385185	1.1948709	0.292398	0	0.584795	0	0	0.45614	0	1.382053	0.300813	0	0	1.209753	0.350877	0.17154	0.976609	3.359577	0	0	0	3.453474	1.2856944	0.787402	0	0	3.048174	0	0	0	0.584796	0.292398	5.264128	0	0.534897	0	1.404684	1.241716	0	0	0.79922	2.576998	0.421687	1.561737	0	2.161793	0	0	0	0	0.904484	0	2.05848	0.429825	0.847573	1.191051	1.459899	3.754784	4.272192	2.88889	2.944583	1.66082	2.474085	5.567959	2.739562	1.126706	1.506047	1.006398	0.726156	0.584796	1.345029	0.233918	0	0	0.20122	0	0	0	0.169591	0	0	0	0.20122	1.16959	1.320529	0.680312	0	6.782459	0.894808	0	1.46199	0	0.524367	0	0.694444
K13378	3.0549429	1.4346888	0	6.424443	0.22779	40.4331758	0	4.4405875	0.364211	19.0948588	16.126331	0.635087	1.659846	0.210526	1.107735	1.844264	0.0526316	46.3903612	0.429338	49.4317621	0.473111	0	2.143651	4.875694	8.763876	1.5165199	0	6.7451826	1.425262	0	0.152982	0.16	9.3485365	3.9098805	0.824023	0.210526	3.81314	4.5976541	0.111857	2.6936868	19.309946	6.2441248	0	6.676279	36.892709	6.9394576	4.09357948	0	1.065636	12.9458523	0	0.421052	0	3.1740998	0.421053	33.238106	0.080486	0.721186	2.037425	13.357124	5.6828858	3.2827215	2.598625	5.548877	14.894909	9.351573	48.815381	1.268803	11.7410676	4.438119	0	0	3.828136	0	0.21712	11.0572564	2.855355	1.118167	9.344593	19.636086	35.2953493	40.9247294	8.63985	15.633755	8.790442	14.273366	18.6140038	16.53565	19.368251	27.800398	22.314078	13.9948739	7.8524711	12.20116148	0.673023	0.125313	0.105263	1.781182	0.3344265	0.567719	0.650527	7.636793	1.44628	0.764912	0	1.49347	2.800378	5.027088	2.1419018	1.458754	7.992109	2.6448692	0.9639003	11.3838594	0.210526	8.7225992	0.384742	1.138529
K00962	7.951313	0.7834752	0.14245	12.7205162	0.839145	132.866018	0	19.215288	0.2830011	56.7692037	25.3797061	4.9029812	9.844546	0.14245	7.4356345	11.115942	0.0883191	85.468187	3.0537272	99.852202	2.0497692	0.762808	4.611594	10.399892	17.619681	4.255703	0	22.062232	14.352316	0.125	2.10185	0.9630801	16.050574	8.729635	1.693634	4.497143	6.7442161	14.975626	0.2735636	15.404591	86.760429	5.2529958	7.169149	15.887916	46.092469	17.828723	15.454455	0	4.7675323	25.338601	0.14245	5.535921	0	6.381759	2.288625	114.23457	0.1049382	3.7708881	0.5799502	22.114094	10.873929	15.995948	3.661064	37.115235	65.037384	38.3189389	22.066081	6.7850946	35.317607	16.5148733	0	0.229345	5.782143	0.6481482	4.419531	37.267376	8.432491	2.6340085	20.560103	59.535918	122.49182384	97.605285	16.102825	49.449208	19.5885326	40.688824	35.651071	41.6317781	13.440908	144.1508208	23.935671	13.199837	12.20651	7.2075013	3.322965	0.8279032	0	6.664574	4.1650927	2.297719	0.96872	40.4400087	1.828567	1.5330012	0.641025	4.270844	5.7724812	24.14233	11.249287	3.3321832	13.247623	6.688297	3.0983811	43.125036	0.3299681	11.439187	0.267806	1.8101511
K00014	0.5605302	1.25361	0	0.420645	0	4.3816267	0	0	0	1.50575287	4.254627	0	1.135878	0	0	1.50912	0	4.8346752	1.158431	6.504151	0	0	0.177446	4.980098	4.655648	0.663722	0	2.736944	0.248756	0	0	1.129353	3.415383	1.755581	0	0.378109	3.283826	0.716417	0.252525	0.5128896	2.2669979	4.745922	0	1.179892	3.472329	10.679619	3.631649	0	0.33665	19.959346	0	0	0	1.25995	0	6.3561311	0	0	0	0.792081	0.939264	1.662086	0	0.180763	2.392845	4.412538	2.461696	0.310559	3.2227321	0.497512	0	0	2.21667	0	0	2.491077	4.217074	0.195688	0.871715	6.606793	5.928042	5.4102091	4.437386	2.883642	0.245439	1.924772	2.905784	7.500832	6.1101982	6.463515	2.44945	5.019135	11.3134785	8.864291	2.4359594	0	0.248756	2.086239	7.230971	1.475953	0.454394	4.48341	1.605307	0.039801	0	0.671642	2.153081	3.87791	2.404179	0.498756	0.488186	0.905058	0.393056	3.820542	0	10.209936	2.230961	0.730546
K07386	0.8301791	0	0	0.1802376	0.0807754	8.6093123	0	0.6363314	0.0807754	5.7465742	2.4215342	0.2827488	0.2094778	0.318471	0.3108048	0.700114	0	10.8661107	0.3704954	26.8895132	0	0	0.393131	2.5312523	2.1784434	0.591549	0	1.8522809	0.161551	0	0.161551	0.0807754	2.2709318	1.122776	0	0	0.9071348	0.5595184	0	2.2158463	12.6435621	0.2918369	0	3.4562294	10.376589	1.3373734	0.9013129	0	0.3722423	1.9062671	0	0.238853	0.0807754	0.3021002	0.398089	32.1429872	0.0807754	0.2706747	0.2079	2.1375442	0.3138872	1.0264799	0.4416301	2.257013	6.9827068	2.2465091	5.7838142	0.7317624	4.4715325	2.1909788	0	0	1.582573	0	0	3.0213374	0.6701122	0.161551	3.7837109	4.7599745	8.7883008	10.0890101	3.5839269	4.1806387	3.5474378	12.5752866	6.4088219	4.106294	3.4681687	10.3735814	4.2127778	3.7894136	0.844767	1.3092573	0.323102	0	0.159236	0.732356	0.161551	0.3467104	0.0549273	9.9622634	0.0796178	0	0.555556	0.4683724	1.1472614	0.9317386	0.3341534	0.3915576	1.1871448	0.5520775	0.0807754	4.7991661	0	3.1329374	0	0.242326
K03466	0.4956611	0.0757576	0	0.333333	0	18.509021	0	0	0.0648508	3.24512	5.3606618	0.3493296	0.330411	0	0.2145465	0.793418	0	15.3791646	0.589031	10.472585	0	0	0.129702	2.3116905	1.1896558	0.3	0	3.2731616	0.5199	0	0.32368	0.0648508	2.761633	0.4515162	0	0.0298314	1.6313427	2.8305868	0	1.1881019	9.6347986	1.1333728	0	2.2306348	6.8547158	3.1985498	2.761545	0	0.5825552	5.6366361	0	1.395007	0	0.5866774	0.0600951	22.330061	0.2956224	0.0851789	0	4.1106916	1.3689934	0.2891108	0.8435916	2.4010804	4.8019413	2.915079	4.0692868	0.6584949	4.6028318	4.8771142	0	0	0	0.1757586	0	2.906065	1.1125756	0.6483945	6.1284559	4.8932718	11.706125	11.324769	2.9428128	3.9918605	4.0400568	5.62156	8.8277866	8.609375	1.7523695	10.902556	6.4818898	1.5566296	1.7547486	0.45887	0.681383	0	0	0.3536555	0.452899	0.5804988	0	9.4759118	0.70954	0.4191926	0	3.055179	5.3496734	4.9617575	1.0718878	1.64988	1.982497	4.3311415	0.2473328	3.7933616	0	0.8598928	0	0.5262377
K01206	0.7109715	0.538561	0	1.1142513	0	7.0345529	0	0.1927415	0.107527	3.857243	2.0193773	0.30914	0.804302	0	0.215054	0.34965	0	2.9665154	0.5571498	7.035537	0	0	0.215054	0.8546253	1.456128	0.316846	0	2.528242	0.364596	0.813814	0	0.107527	1.253706	1.457369	0	0	0.890726	0.930703	0	0.795712	8.3660317	0.924896	0	0.869087	4.136567	3.388236	1.214697	0	0.685555	0.924473	0	0.752689	0	0.680452	0.130208	3.9899129	0	0.523288489	0	2.03259	0	0.974782	0.34965	3.969686	3.126894	2.5915372	3.8259311	0.645162	3.305442	0.9404982	0	0	0.104167	0	0	2.135026	0.521173	0.603913	3.888003	5.6292968	8.090507	12.8055413	3.615739	6.0786532	5.4107327	7.132833	10.99323241	4.005545	1.5347409	10.2769728	9.3508798	1.823839	1.21363	1.9351076	0.0982079	31.2939	0.257069	0.808081	0.430108	0	0.1833357	1.71479	0.613077	0.421836	2.40617	0.967612	1.161929	1.2297962	0.418821	4.518537	0.606019	1.1039602	0.4695398	2.796537	0.0154242	4.356456	0	0
K06142	0	0.5625	0	4.81333	0	0	0	1	0	0	0.5	0	0	0	0	0	0	2.6875	0	0	0	0	0	0	0	0	0	0	0	0	0	0	2.60834	0	0	0	0	1.1	0	0	1.55263	0	0	0	2.875	26.5972	0	0	0	1.710631	0	0	0	1.89583	0	0.722222	0	0	0	0	0	0	0	0	0	0	0	0	0	0	0	0	0	0	0	0.863333	0.323333	3.57639	0.673611	2.95333	0	0.903509	1	0	0	1.94737	0.886667	2.90278	0	0	4.64583	0	0.123333	0	0	0	0	0	0	0	0	0	0	0	0	0	0	0.881944	0	0	0	0	0	0.131579	0.520833	0	0	0
K03589	3.036659	2.776932	0	4.00458	0	13.365085	0	0.190114	0.190114	3.887203	9.4739953	0	1.73584	0	0.6115941	0.188847	0	17.9911108	0.692015	50.4037424	0	0	0.12294	3.978458	9.33215	0.4550062	0	4.998732	0.6147024	0	1.12167	2.2839033	3.873786	1.1292779	0	0	5.382541	5.376756	0.190114	1.093889	15.484477	2.716668	0	0.444867	17.279999	6.652715	2.6032953	0	0.4220532	4.414786	0	0.190114	0	1.291509	0.190114	8.514473	0	0.574144	0.0544994	5.467685	1.13502893	0.8212928	0.994931	2.263051	7.524724	1.975914	9.3437748	1.621039	3.989862	6.016321	0	0	0	0	0.544994	4.098386	1.803281	3.330791	11.3488568	10.780767	19.561742	33.719001	10.607105	8.172367	12.432307	7.145584	17.3397171	3.6096352	2.5023749	22.7098	7.9274275	7.17438	8.7515484	1.833699	0.917617	0	0	1.3536118	1.503168	1.111534	0.190114	15.035577	2.809888	0.91635	0.102662	3.324462	10.493032	10.496198	2.967738	0.98072	16.5080439	2.537646	0.6058302	7.7155164	0.2420785	2.4896605	0	0.8610375
K16363	2.554244	0.724163	0	1.54444	0.242131	23.4975135	0	1.243745	0	8.016236	10.79124941	0.940737	1.116102	0	1.896709	0.592413	0	28.6556751	0.13089	24.7385642	0.114609	0	0	2.751383	10.245711	1.38436	0	4.853567	0	0.259054	0.368039	1.424815	1.4979054	1.335102	0	0	4.062843	5.737904	0	1.552234	17.7065732	1.419577	0	2.9616481	27.780794	13.348653	4.336237	0	0.9023403	3.0150451	0	0.128535	0	2.739331	0.121065	21.01898894	0	1.0025577	0.651739	11.7009083	2.033092	1.90851472	2.003663	5.22350672	7.01773	3.617039	12.4823495	1.640777	4.7886459	4.00297	0	0	2.3301069	0	0.242131	6.854547	0.9012462	6.37637	7.238054	11.172832	23.814652	28.9215257	5.3115454	10.028479	5.292809	6.2146477	25.6900751	5.707644	2.7799187	25.6876102	9.093475	9.508038	7.62532451	3.493511	1.137508	0.78643	0	1.434843	0.760266	0.713478	0.2025829	11.835702	1.6153562	0.363196	0.0677966	3.654846	8.0036633	9.1551171	1.9521184	0.659542	10.0001024	1.958121	1.047618	8.987867	0	4.186506	0.257069	1.6133361
K07088	0	0	0	0	0	0	0	0	0	0.0601504	0	0	0	0	0	0	0	0.109023	0	0	0	0	0	0	1.34848	0	0	0	0	0	0	0	0	0	0	0	0	0	0	0	0	0	0	2.27318	0	0	0.18797	0	0	0.56391	0	0	0	0	0.14411	0.18797	0	0	0	0	0	0	0	0	0	0	0.121554	1.40909	0	0	0	0	0	0	0	0	0	0	0	0.431818	0.37594	0	0	0.675085	0	0	8.96212	0	0.37594	1.10777	0.18797	0	0.504274	0	0	0	0	0	0	0	0	0	0	0	0	0	0.969697	0	0	0	0	0	0	0	0	0.153846	0	0
K00610	1.05769	0	0	0	0	7.549741	0	0	0	0.431034	3.094936	0.591402	0	0	2.85577	0	0	4.03205	0.431034	10.57847	0	0	0	0.451923	6.136807	0	0	4.325599	0.0316092	0.640805	0	0.285256	0.862069	1.123095	0	0.862069	2.691093	0.775687	0	1.72414	3.438587	0.92123	0	0	4.298079	7.38172	0.350575	0	0.844828	0.911803	0	6.43236	0	1.44193	0	6.31936	0	0.480769	0.628205	0.425287	0.480769	0	1.96552	4.734674	1.722637	7.19231	4.238285	0	1.205128	0.431034	0	0	0	0	0.480769	1.26282	0.970965	1.38782	0.891818	1.75	8.010464	4.041807	3.50287	1.797635	1.7610433	2.06218	4.793218	1.496796	0.75	11.551635	0.780031	2.732233	2.609183	0.656863	0.480769	0	0	1.273027	0	0	0	4.278717	0	0	0	0.61859	0.326923	2.711235	0.589302	0.95098	0	2.299744	0	3.338803	0	1.16092	0	0.288462
K01262	3.537256	0.9452431	0	9.462827	0.145773	24.3454114	0	4.923356	0	12.7957171	7.1436592	0.681849	0.967843	0	3.0484841	2.2320931	0	24.6832891	1.3867509	38.732976	0.119332	0	1.047532	7.137783	3.54333171	1.6745232	0	1.93426546	1.0398686	0	2.414563	0.63059764	5.278753	3.2733961	0.291545	0	4.1673742	6.7852851	0	1.901544	17.2556999	1.618426	0	7.2958931	24.1906257	4.5074732	4.5483061	0	2.168514	10.3339936	0	0.282799	0	1.2356036	0.832027	17.8708794	0.476475	1.398032	0	21.244492	3.655007	1.7950311	1.1451252	2.1848951	10.759803	6.786014	4.506616	2.8065842	15.056442	5.110654	0.441614	0	1.347222	0.291545	0.34965	12.6000538	1.3072614	1.5601861	13.68215526	20.4044601	26.6637345	39.4333228	5.250202	11.4980281	18.046174	17.1474807	40.6365228	14.5324176	7.4901648	25.652907	12.0898367	4.339756	5.3230942	1.1922677	1.7995916	0.583182	0	5.6956743	0.281554	2.018599	0.0540971	16.2772562	0.2994232	0.663099	0	4.083099	9.7970391	8.9056426	3.8118462	3.0410595	10.155094	4.0797073	0.789259	9.7372742	0	3.7621898	0.238663	1.68827
K08984	0.710628	0	0	0	0	1.789809	0	0	0	0	2.582535	0	0	0	0	0	0	0	0	1.28875	0	0	0	0	0.636942	0	0	0.745223	0	0	0	0	0	0	0	0.600849	0.242038	0	0	0	1.28155	0.318471	0	0	0.318471	1.138004	0	0	0	0	0	0	0	1	0	0.577495	0	0.70098	0	0.81104	0.318471	0.333333	0	0.559829	0.318471	0.318471	0.938024	0.985185	0	0	0	0	0	0	0	1.27389	0.316348	0.614767	0	0.138004	0.98726	0.717622	0.985138	0.318471	0.324841	0.318471	1.046362	0.869281	0	0.558386	0.862069	0.0721868	0.636942	0	0	0	0	0	0	0	0	0	0.636943	1.490446	0	0	0.220044	0.133758	0	0	0	0	0	0	0	0	0	0
K01639	0.195312	0	0	0	0	1.79974	0	0.330729	0	2.598425	2.2327395	0	0	0	0.585938	0.0950521	0	8.579608	0.387596	10.178375	0	0	0	0.6531205	0.6157746	0.192506	0	0.581395	0.192506	0	0	0	2.8797644	0.265625	0	0	0.387597	1.124031	0	0.193798	5.5767	0	0	2.518089	8.632383	1.72362	2.109672	0	0.773901	2.666736	0	0.138243	0	0.486767	0.387597	2.7953272	0	0.3798346	0	0.664811	1.296872	0.6114534	0	2.266067	3.282084	10.77216	0.900737	0.193798	3.621088	0.6026	0	0	0	0	0	4.418247	0.195312	0.35026	4.047821	11.38502	20.560205	14.149108	0	2.168416	5.3232443	4.498334	5.357987	0.707324	1.457471	9.0297137	0.710815	0.97822	1.7527726	0.4354	0.193798	0	0	0	0	0.735142	0	1.110846	1.3373	0	0.386305	0.409598	2.38911	0.8604643	0	0	0	0.195312	0	3.054265	0	0	0	0
K01867	0.2931501	0.159744	0	0	0	18.394035	0	0.159744	0	2.571353	1.364217	0.541	0	0	0.638977	0.391906	0	4.539939	0.319489	29.109732	0	0	0.159744	1.829607	0.998935	0.960595	0	0.27156485	0.153355	0	0	0	1.765708	0.107561	0	0.638978	1.9435571	2.654948	0	1.374062	6.226859	0.57295	0	2.555909	4.566071	1.525048	2.554845	0	0.603834	6.718332	0	0.958466	0	0.159744	0	12.538872	0	0	0	3.940359	1.299255	1.1991471	0.3727361	1.27796	2.673463	5.28434978	2.1001	0.1512247	1.1118213	2.609157	0	0	0.319489	0	0.319489	4.035146	0.7199142	0.7719245	3.790073	12.272633	11.949943	12.187525	3.450476	8.0607019	4.80085	3.693296	3.661338	2.473685	1.501597	2.511182	17.6958317	2.1959506	1.415335	0.319489	0.550921	0.595314	0	0.26198	0	0.56869	0	2.955269	0.159744	0.159744	0	0.957448	1.173588	3.493076	1.41853	0.319488	2.583105	2.264111	0	7.785946	0	0.686901	0	0
K03593	0	0	0	0	0	2.103772	0	0	0.157729	1.707222	0.31205	0	0	0	0	0.315457	0	0.472197	0	0	0.318501	0	0	0	0.509842	0.628447	0	0.8804384	0	0	0	0	0.316456	0	0	0	0	0.776917	0	0.939998	0.269253	0.852612	0	3.909827	0	0	0.583814	0	0	0.589857	0	0	0.124473	0	0.308642	1.411197	0	0	0	0.318501	0	0.15674	0	0.783258	0	0	1.09598	0.153605	1.2069752	0.289562	0	0	1.36172	0	0	0.31348	2.090311	0.158228	0.364964	1.556999	3.077947	0	0.473186	1.974436	0.647887	0.771769	0.364964	0.953704	2.260464	1.769094	0.157729	0.764459	0.666678	0.784311	0	0	0	1.521272	0.492691	0	0	0.487853	0	0.15674	0	0	0.154321	0.16835	0	0.160772	0.444525	0.153292	0	1.371339	0.176678	3.7621	0	0.774988
K00969	0	0	0	0.0987654	0	1.7709695	0	0	0	3.177643	2.7315984	0	0	0	0	0	0	1.13158	0	3.315056	0	0	0	0	1.133869	0	0	0.244576	0	0	0	0	1.174189	0.301205	0	0	0.0441767	0.807128	0	1.225316	6.160761	0	0	0	1.24542	0	0.800839	0	0.628931	0.827665	0	0	0	0.159763	0	2.453353	0	0	0.314465	0.443775	0	0	0.60241	0	1.09438	0	6.140806	0.314465	1.68639	0	0	0	2.965443	0	0	0.741124	0.418605	0	0.326797	0.214859	3.950063	2.290554	6.978291	0.897848	0.301205	1.917603	0	0.272894	0.24109	4.408052	23.1553206	2.802252	0.93712	0.610417	0	0	0	0.270217	0	0.591716	0	0	0	0	0	0	0.301205	0.939422	0.301205	0.897562	0	0.257384	0	1.500678	0	1.587525	0	0
K00067	0.569096	0	0	0.512347	0.816327	6.82761709	0	0.756462	0	3.975149	1.408468	0.204082	0	0	0.202721	0	0	2.937832	0.170068	5.370281	0	0	0	0.37415	1.0912714	0.463767	0	2.350396	0	0	0.669388	0	0.933255	0.500681	0	0	0.926477	0.409836	0	0.371429	1.82056174	2.819476	0	0.408164	2.038408	3.377349	0.839457	0	1.206612	4.158112	0	0	0	0.771167	0	7.02106	0	0	0	1.59657	0	0.474054	0	0.201361	2.25753	3.322902	5.063616	0.339628	1.391852	0.7104044	0	0	0	0	0	1.5795887	5.871947	0.313349	1.343077	3.244018	6.89987881	6.835977	0.8703656	5.770778	3.135864	2.523013	3.675261	3.149585	4.1541377	4.00136	1.283739	0.305175	1.117923	1.8256596	0.204082	0	0	3.075978	0	0.608039	0	5.0969767	0.204918	0.2908023	0	0.206086	1.009525	2.114086	0.9552717	0.204082	0.6845552	0.2876968	0.204918	2.7523871	0	8.2656892	0	1.840081
K02065	0.376936	0.946319	0	2.015169	0	8.680146	0	0	0	2.184841	7.540279	0.227273	1.152664	0	0.198039	0	0	6.48771414	0	18.347531	0.235589	0	0.242718	0.877767	2.651951	2.162621	0	4.236065	0.454546	0	0	0.221239	1.771529	1.3384492	0	0.92054	2.5215803	2.721238	0.227273	0.447059	6.754519	0.598007	0	0.682855	7.151957	5.2352	1.205352	0	0.37594	1.669806	0	0.227273	0	1.7347039	0	16.417053	0	0.221239	0	1.802439	1.984519	0.505272	1.219515	4.886131	3.26184	4.815598	3.710871	0.45303	1.347151	1.194279	0	0	0	0	0	2.802718	0.242718	0.923061	3.169676	5.3171566	17.019098	15.230978	4.385426	6.443407	3.998764	6.63271	11.3441635	4.6530589	1.915126	9.950501	4.337795	3.393448	2.93284	1.941632	0.859874	0	0	1.503906	0.681416	0	0	6.742618	0	0.222727	0	1.00968	3.544379	7.1304523	3.015369	1.503099	2.759096	2.5666967	1.484863	2.13208912	0	0.615576	0	0.639073
K02314	0.465353	0.109409	0	0.720353	0	8.454573	0	0.437637	0	1.786288	1.687346	0	0.350838	0	0.218818	0.437637	0	4.292088	0	6.842889	0	0	0	1.937637	0.5820571	0.765136	0	1.4434714	0.109409	0	0	0.1670314	0.816191	0.8181074	0	0	0.547045	0.6371761	1	0	4.042507	0.3034278	0	0.656455	4.485535	1.624361	0.395331	0	0.396061	1.638184	0	4.873988	0	0.229601	0.133333	8.126179	0	0	0	1.81572	1.946755	0.437636	0.218818	1.531729	1.401167	1.79723	0.851203	0.513109	0.218818	0.8169212	0	0	0	0	0.109409	1.663944	0.349794	0.505288	2.309227	2.450064	6.0360016	7.982595	2.814989	1.6280091	3.332601	1.377268	3.385606	1.234865	1.077314	3.1225431	2.7281664	1.69075	1.274823	0.426592	0	0	0	0.3304156	0	0.0787746	0.109409	2.663019	0.109409	0.347192	0	0.326769	1.097495	3.4915453	0.328227	0.344274	2.66356895	0.437636	0.109409	1.9941601	0.109409	0.7138687	0	0.277899
K01056	0	0	0	0	0	0	0	0	0	0	0	0	0	0	0	0	0	0	0	0	0	0	0	0	0	0	0	0	0	0	0	0	0	0	0	0	0	1.70732	0	0	1	0	0	0	0	0	0	0	0	0	0	0	0	0	0	0	0	0	0	0	0	0	0	0	0	0	0	0	0	0	0	0	0	0	0	0	0	0	0	0	0.373984	0	0	0	0	1	0	0	0	0	0	0	0	0	0	0	0	0	0	0	0	1	0	0	0	0	0	0	0	0	0	0	0	1	0	0	0	0
K02313	1.6287808	1	0	3.975769	0	10.21606	0	0.251256	0	1.3834524	5.999094	2.953859	0.238663	0	0.469372	0	0	12.680378	0	17.991876	0.265591	0	0	1.7606446	2.783707	0.244645	0	2.974377	0.119332	0	0.238663	0	2.717186	2.357361	0	0	0.953858	2.156055	0.125313	0.744157	6.120375	0.285569	1.108194	0.950141	10.8873146	3.728244	1.071409	0	0.347689	5.254315	0	0	0	1.472374	0	6.846532	0.119332	0	0	1.135535	4.3371	1.322231	1.178998	2.314858	3.7748059	8.78761	4.4107967	0.9418222	1.280668	1.544783	0	0	0.0970565	0.238663	0	6.7732684	1.042928	0.558659	1.100342	8.861911	15.549852	20.536398	1.528431	2.68266	1.611395	0.947941	3.304538	0.978325	1.04017	6.84089	3.7496	0.813117	2.502555	0.238664	0.744631	0	0	1.189682	0	1.119332	0	3.88787	0.305206	0.125628	0	0	3.437439	6.347656	0.2426159	0.993635	0.476475	2.443381	0.867347	3.992838	0.119332	4.337494	0	0.97815
K00605	0.780982	0.304487	0	0.480769	0	4.3004154	0	0.160256	0	5.071197	3.6083794	0.160256	0.516026	0	0.301282	0.760684	0	4.26043	0.0619658	4.503203	0	0	0.219017	1.466666	5.720927	0.760684	0	3.312785	0.320512	0	0	0.320513	1.25641	0.474359	0	0.0994872	4.274123	1.090811	0	0.0245726	6.62478	0.84556	0	0.623931	4.015149	2.151196	0.1997863	0	0.700066	1.184828	0	0.480769	0	0.551993	0	3.580125	0	0.282051	0	2.192506	0.641026	0.160256	1.246895	9.638	2.197399	4.342353	1.8234923	1.198211	0.6794871	0.847221	0	0	0	0.135684	0.0961538	4.079539	0	0.318376	1.4721252	7.851492	11.387686	8.383217	0.320513	2.329296	2.225166	2.683815	5.70299	0.809829	0.339743	5.19551	1.627842	2.5659708	4.106999	0.320512	0.320512	0.572079	0	0	0	0.861353	0	11.217117	0	0.320513	0.160256	0	2.379473	6.914877	1.184235	1.554065	0.155983	2.760262	0	2.548072	0	0.9658121	0	0.241453
K01197	3.6558171	0.0615764	0	0.125	0	5.2829292	0	0.182815	0	6.11633	5.8200768	1.1303476	0.6387311	0	0.4858577	0.312308	0	16.7210935	0.6432891	15.0108366	0	0	0.2815514	1.8949148	3.7497302	0.2767705	0	0.6184457	0.252525	0	0	0.273614	0.9724959	0.7761868	0.0615764	0.359606	0.9155219	2.320868	0	1.0992476	13.9451941	0.0402299	0	4.5092954	26.3514972	2.526345	2.2310899	0	0.4053305	1.3954007	0	2.040253	0.10917	0.3059678	0.288113	5.169993	0	0.5658281	0.2154841	1.0803818	0.763548	1.4485129	0.3528344	3.7807992	2.37103	5.048701	3.455176	0.7014307	2.6528628	2.6137767	0	0	1.704442	0	0.6984305	5.3387827	1.0861614	0	3.9620868	8.7714364	22.512985	9.633919	0.836494	6.947899	4.731484	6.972179	5.569921	2.4334375	2.9174517	21.9518512	3.6566064	0.4614328	3.2995786	0.5620879	0.4168152	0.223214	0	1.1531776	0	0.241441	0.146781	10.126918	0	0	0	1.6580658	1.4673621	4.501039	1.357221	0.2515666	1.3252492	0.1650183	1.5324769	6.0159655	0	0.9376748	0	0.4148943
K02109	4.2865	0.768595	0.406504	0.413223	1.40496	24.139203	0	17.93972	0	29.538313	3.856988	0.637461	7.6968241	0	10.82644	1.974332	0	61.267718	0.413223	74.202974	1.48963	1.300275	3.509889	11.54579	5.020832	2.617081	0	4.028471	2.275733	0	4.385672	1.790634	8.6584	5.179068	1.980716	1.887053	1.668604	4.628701	0	9.4967843	24.961156	0.490515	0	3.985644	60.790619	8.2802704	3.336002	0	2.559518	18.283785	0	3.551793	0.31405	0	1.4652552	31.186659	0	2.235706	0	19.823002	10.487773	5.140474	0	9.760767	22.820448	43.311345	4.054581	6.916175	23.814201	4.169918	0	0	0	0	3.80564	17.018972	2.820939	1.151515	20.575653	16.680421	39.871674	81.26007	6.430581	22.4426193	17.477051	21.818196	52.862942	24.309283	4.193867	69.810471	12.135009	0.5227663	1.740229	0.743802	2.709536	0	0	0.826446	0	1.969339	0	19.954443	0.732782	3.486688	0	3.15703	5.195593	9.631433	2.236915	3.620168	11.26446	3.348809	1.891352	18.825264	0	4.840986	0	0.385675
K02113	0	0	0	0	0	0	0	0	0	0	0	0	0	0	0	0	0	0	0	0	0	0	0	0	0	0	0	0	0	0	0	0	0	0	0	0	0	0	0	0	0	0	0	0	0	0	0	0	0	0	0	0	0	0	0	0	0	0	0	0	0	0	0	1	0	0	0	0	0	0	0	0	0	0	0	0	0	0	0	0	0	0	0	1.52381	0	0	0	0	0	1.83333	0	0	0	0	0	0	0	0	0	0	0	0	0	0	0	0	0	0	0	0	0	0	0	0	0	0	0	0
K01956	0.549765	0	0	0.404851	0.160215	8.259213	0	1.66559	0	3.7177616	0.1877021	1.3129	0.638619	0	0.64727	0	0	13.891033	0.574358	10.479456	0.364829	0	0	0.545683	3.328153	0	0	1.251276	0	0	0	0	1.915699	0	0	0	1.719426	0.323625	0	0	1.709032	0.5652641	0	0.323625	7.8729667	0.323102	0.970873	0	0.323624	0.9849332	0	0.161812	0	0.409337	0	1.964741	0	0.280092	0	0	0	0.8808193	0	0.799686	3.7092989	0.16129	2.0664374	0	0.409586	1.141364	0	0	0	0.323625	0	0.159655	0.5286255	0.485437	2.0248644	4.020398	8.1745669	3.703586	0.989812	2.551124	0.970874	4.656338	0.867188	2.035471	0.9697519	10.105715	1.358101	1.835508	2.147692	0.852211	0.323625	0.247525	0	0.4206346	0.806452	0	0	3.141661	0	0	1.31993	0	0.434783	1.7787391	0.161812	1.07689	1.227891	0.616592	0.161812	1.33225	0	0.894774	0	0.0424837
K00942	0	0	0	0	0	2.062823	0	0	0	4.891201	1.639295	0	0	0	0.02418641	0	0	6.138863	0.314466	4.8301894	0.157233	0	0	0.628931	1.668848	0	0	0.649895	0	0	0	0	0.47065	0	0	0.246331	0.620196	1.608458	0	0.157233	2.2970794	0.140461	0	0.533333	1.874345	0.6991616	0.157233	0.157233	0.2410904	2.640014	0	0	0	0.314465	0	8.6045082	0	0	0	2.048214	0.391849	0	0	0.676714	1.053543	0.314465	16.8613394	0.936508	0.71174	0.157233	0	0	2.055553	0	0	2.1879882	0.870021	0	1.574258	2.761283	2.329766	4.548649	0.157233	1.5215082	0.463312	0.54818	3.840673	0.252621	1.486724	8.218588	0.617284	2.533395	5.845553	0.314466	0	0	0	0.0425056	0	3.962261	0	2.025605	0.314465	0	0	0	1.14465	0.762055	0.2722032	0	0.786164	0.305381	0.157233	1.8313928	0	2.002721	0	0.157233
K03925	0.196429	0.238095	0	0	0	14.279151	0	1.122024	0	3.6785763	0.375	0	1.766429	0	0.178571	0	0	6.726189	1.35417	17.901762	0	0	0	1.952382	1.386906	1.357144	0	1.428572	0.416667	0	0	0.64881	2.363092	1.613099	1.33929	0	0	4.383929	0	0.446429	6.718616	0	0.446429	0.00595238	5.068457	3.768928	1.565476	0	0.366071	0.4702385	0	0.235119	0	0.446429	0	20.877985	0	0.279762	0.190476	2.75298	2.24405	1.979167	0.607143	4.607148	3.529766	5.33631	1.30357	0.991072	2.348216	2.514876	0	0	0	0	0	1.492942	0	2.008933	5.668885	10.56548	9.029765	12.8209235	4.779764	5.625002	7.87361	2.137305	21.379277	5.5119	1.988097	19.931557	6.101188	2.2281243	1.244048	1.0744	0.455357	0	0	0.4375	0	0	0.892857	5.008932	1.535715	0.154762	0.446429	3.595239	8.58334	8.508923	2.708329	1.726191	7.7381	0.958334	1.208333	2.476194	0	1.857139	0	0.672619
K10773	0	0	0	0	0	0	0	0	0	1	0	0	0	0	0	0	0	0	0	0	0	0	0	0	0	0	0	0	0	0	0	0	0	0	0	0	0.555556	1.5614	0	0	0	0.125926	0	0	0	0	0	0	0	0	0	0	0	0	0	0	0	0	0	0	0	0	0	0	0	0	4.244448	0	0.824561	0	0	0	0	0	0	0	0	0	0	1	0.277778	0	0	0	0	0	0	0	0	0	0	0.172222	0	0	0.277778	0	0	0	0	0	0	0	0	0	0	0	0	0	0	0	0	0	0	0	0	0	0	0
K01787	0.167979	0	0	0.767521	0	2.015371	0	0	0	0.411502	1.202757	0.262467	0.289017	0	0.115324	0	0	4.766412	0	3.896919	0	0	0	0.236967	0.506717	0.144509	0	0.246628	0	0	0	0	0.289017	0.767045	0	0	0.508938	0.309461	0.586021	0	2.09736	0.0558767	0	0	5.80844	0.933339	0.7109	0	0	3.262478	0	0	0	0	0	0.7206139	0	0	0	3.12453	0.144509	0.524297	0	1.260115	0.6027377	2.65442	0.275743	0	0.518877	0.5031026	0	0	0	0	0	3.1479682	0.120735	0.262467	0.957276	1.926179	2.8053803	8.952464	0.890119	1.356081	1.254544	0.5753725	7.249524	1.44433	0.409654	4.22276	0.56476	0	0.144509	0.691715	0.255094	0	0	0.455909	0	0	0	2.256474	0	0	0.289017	0.131234	2.536758	1.730709	0.400919	0	0.703276	0.76153	0.144509	0.722543	0	0.144092	0.144509	0.573218
K17758	0	0	0	0	0	0	0	0	0	0	0	0	0	0	0	0	0	4.92754	0	0	0	0	0	0.548246	0	0	0	0	0	0	0	0	0	0.320906	0	0	0	0.0635965	0	0	0.219298	0	0	0	0.918129	0.219298	0	0	0	0.704678	0	0	0	0	0.328947	0.914103	0	0	0	0.0621345	0	0	0	0	0	0	0.384615	0	0	0	0	0	0	0	0	0.109649	0	0	0.548246	0	0	5.73977	0.384615	0.109649	0	0	0.109649	0	0	0	0.109649	0	0	0	0	0	0	0	0	0	0	0.537179	0	0	0	0	0.109649	0.109649	0	0	0.328947	0.109649	0	0.192308	0	0	0	0
K09748	5.916108	1.0566039	0	1.131006	0	36.0566077	0	5.831505	0	10.75157796	11.5471023	0	1.336473	0	0.5062892	0	0	43.229576	0.355346	31.455989	0.204403	0	0.113208	5.202697	18.003139	2.862231	0	17.269562	0.627907	0	0.943396	1.59641	4.562899	4.542959	0	0	5.72956	4.767324	0.471698	0.761006	21.550133	4.12264	2.150948	10.984274	19.718391	14.01506	1.5088053	0	0.176101	9.424796	0	0	0	4.476036	0	39.361676	0	1.601754	0	15.79836	4.8166158	9.113206	1.669812	7.493707	9.847767	5.95283	58.0408532	0.943396	6.828555	7.2561343	0	0	0.0188679	0	0	16.280712	1.949686	2.091195	13.594338	19.428917	27.803648	33.758468	17.103728	20.968679	8.735847	10.242136	24.8973583	22.306065	10.923276	61.11634265	12.06398	15.226776	11.711135	3.858496	0.471698	0	0	1.156869	0	0	0.883648	7.871073	0.710692	0.839622	0	4.0094366	2.711122	9.103782	1.141509	0.393082	14.257594	0.619497	1.499999	16.720121	0.314465	6.006294	0	2.075472
K03655	0.552486	0	0.562404	0.872726	0	4.7910388	0	0.794473	0	0.7322251	0.835438	0	0	0	0	0	0	1.4924382	0	4.2359409	0.1207343	0	0	0.0770416	0.4657486	0.4827807	0	1.2275583	0.806391	0	0	0	0.483092	0.241057	0	0	0.6504596	0.258686	0	0	1.4333976	0.1540832	0	0.0770416	1.8940132	0.2324531	1.0336555	0	0.2311246	0.0421161	0	0	0	0.3007542	0	1.8763251	0	0	0	0.8472366	0	0.3019806	0	0.231125	1.0521164	0.23511	0.1844711	0.0770416	0.2500733	0.7427236	0	0	0	0	0	0.3381609	0	0.2717097	0.9509671	1.2831989	4.3545601	5.522442	0.462249	1.4282894	1.1226347	1.3984609	3.7177825	0.638064	0.8164833	2.148946	0.98157606	0.0770416	0.9661047	0.0770416	0.3547019	6.1101699	0	0.0769231	0.15674	0.0770416	0	1.92143	0.0297894	0	0	0	0.347475	2.0236512	0.015528	0.2322159	0.431536	0.5390544	0.0770416	0.7299185	0	0.2809872	0	0.2310061
K01163	0.674489	0	0	0.194332	0.494065	6.5160322	0	0.480769	0	2.4288609	0.491614	0.339555	0.18797	0	0.634883	0	0	1.9616356	0.3973137	4.2566469	0	0	0.496612	0.144509	1.450569	0.3035027	0	0.62151	0	0	0	0.0432331	0.6068971	0	0	0	0.483763	0.6211312	0	0.1812018	1.100705	0.8183046	0.924897	0.853095	2.854421	1.144526	0.6932499	0	0.370785	0.956241	0	0	0	0	0.214758	4.3862047	0	0.251256	0	1.7382974	0.3452568	0.399486	0	0.9777973	2.8480271	0.172932	3.1513387	0	2.4562418	1.018717	0	0	1.062669	0	0	0.8847	0.845949	0	1.7284597	2.8182836	5.0421549	4.636998	2.7831267	2.6707389	1.8587646	2.7503722	2.9737228	1.0900527	1.4403157	7.6789358	2.25484	1.3375876	1.571775	1.3063436	0.093985	0	0	1.2931057	0	0.384836	0.093985	5.9452599	0	0.72081442	0	0	1.339183	0.6767913	0.4663559	0.6320106	0	0.204096	0	3.2156861	0	3.812004	0.3244	1.390196
K13038	0	0	0	0.822976	0.60241	0.599061	0	0	0	0.19685	1.976351	0	0	0	0	0	0	0.422535	0.141243	0	0	0	0	0	0.140845	0.110798	0	2.501853	0	0	0	0	0.564176	0.132394	0	0	0	0.230986	0.140845	0	0	0.100469	0	1.67324	0	0.19685	0	0	0	0.558927	0	0	0	0	0	1.126516	1.38606	0	0	0	0	0	0	0	0	0.847458	6.524075	0	0.554435	0.168919	0	0	0	0	0	0.442448	0.431499	0.301205	0.358662	0.560563	1.430622	2.1587	0.140845	0.317475	0.140845	0.646853	0.4632221	0.140845	4.93607	0.24507	0.830382	0.462963	1.351474	0.8091476	0.140845	0	0	0.47854	0.28169	0.140845	0.140845	0	0.140845	0.168919	0	0.112053	0	0	0.140845	0	0.0957747	0.140845	0	2.88263	0	3.051021	0	0.794861
K07058	0	0	0	0	0	2.926153	0	0	0	1.1542932	3.2021293	0	0	0	0	0.125313	0	1.230869	0	2.852962	0	0	0	0	1.256684	0	0	1.332498	0	0	0	0.277778	0.79031	0.203252	0	0	1.116198	0.250627	0	0.125313	2.7669016	0.125313	0	0	1.292189	0.6682475	0.0559733	0	0.727074	0.125313	0	0	0	0.607769	0	1.2414376	0	0	0.125313	0	0.125313	0	0	0	1.574769	0	0.806909	0.125313	0.250626	0.250627	0	0	0	0	0	0.524083	0.250626	0.151852	0.546484	0.538847	2.213998	0.866751	0	0.0509607	0	0	0.250627	0.773461	0.664061	1.12281	0.951127	1.334426	1.574415	0.120301	0.343358	0	0	0.240741	0.250627	0	0.50463	0.544287	0	0	0	0	0.199666	1.334198	0.767442	0.125313	0.250627	0.282053	0	0.413493	0	0.125313	0	0
K00266	2.0984958	0.13587	0.142045	0.937726	0	13.3540861	0	0.2681111	0	2.9211191	2.1438769	0.299401	0.8250212	0.0910747	0.0679348	0.5021538	0	10.1688449	0.3138051	19.1978595	0.2449601	0	0	0.732568	1.4485661	0.2386729	0	1.226814	0	0	0	0.0375906	2.8080661	1.4607976	0.271287	0	0.0670241	1.031161	0.0679348	1.1175258	8.9231373	0.4753831	0	1.4050872	15.824046	1.111406	1.4688616	0	0.7355994	3.4682699	0	0.394248	0	0.417112	0.355872	3.293928	0	0.1358696	0	3.7021123	1.749114	0.7168806	0.134048	1.1197177	6.319634	0.9375682	2.3922582	0	3.1025941	1.507338	0	0	0.0670241	0	0	3.7321232	0.3451148	0	2.4648117	9.492824	12.675871	19.2234567	1.058043	2.9015338	2.471177	3.5380081	10.1688351	2.3780674	2.2343509	7.9343162	4.2600262	0.3221557	0.708884	0.4813891	0.737265	0.1340482	0	0.5497123	0.109813	0	0	8.187769	0.543478	0	0	0.7380641	1.651931	4.3800204	0.5928879	0.4367314	1.75136	1.0359962	0.443945	3.6643835	0	0.8225032	0	0.4519631
K03561	0	0	0	0	0	0	0	0	0	0	0	0	0	0	0	0	0	0	0	0	0	0	0	0	0	0	0	0	0	0	0	0	0	0	0	0	0	0	0	0	0	0	0	0	0	0	0	0	0	0	0	0	0	0	0	0	0	0	0	0	0	0	0	0	0	0	0	0	0	0	0	0	0	0	0	0	0	0	0	0	0	0	0	0	0	0	0	0	0	0	0	0	0	0	0	0	0	0	0	0	0	0	0	0	0	0	0	0	0	0	0	0	0	0	0	0	0	0
K03526	0	0	0	0	0.159104	3.4099076	0	0.504202	0	3.2466832	0.5734834	0	0	0	0.0840336	0	0	0.8935076	0	0.2782376	0	0	0.2305311	0.084317	0.7354359	0	0	0.1680672	0	0	0	0	1.545842	0	0	0	0.1683506	0.7548991	0	0.3347366	1.7670036	0.2515376	0	2.7933417	0.1062366	0	0	0	0.184502	0.5835074	0	0.421585	0.1836646	0.084317	0	1.5397964	0	0	0	0	0	0.2526676	0	0.243421	0.412029	0	2.3668612	0.2173141	1.140071	0.782895	0	0	0.168634	0	0	0	0	0.267589	0	0.8934382	2.5082264	1.5986404	2.1860296	2.0672551	1.995126	1.1075242	0.2521008	0.084317	2.430799	1.5957957	6.7516283	0.5221286	0.2549851	0.3052726	0.0837521	0	0	0.1680691	0.0840336	0.168067	0.254606	1.556102	0	0.168067	0	0	0.219048	0.4368881	0	0.168634	0.167507	0	0	2.3456663	0	6.1239476	0	0.4196046
K02528	0	0	0	0	0	6.8038805	0	0	0	1.12585731	3.1573704	0.462963	0	0	0	0	0	0.905284	0.171254	6.44190126	0	0	0	0.871795	0.688074	0.131498	0	2.489578	0	0	0.917431	0	0.401235	0	0	0.346405	0.3899089	0	0.485437	0.6351507	2.062692	0.458716	0.66208	0.229358	0.889798	0.688073	0.699374	0	0.4576786	1.719194	0	0	0	0	0	3.544724	0	0	0	0	0	0.458716	1.217126	0.30581	1.431194	0	1.257906	0	0.458716	0.197248	0	0	0.917431	0	0.105505	0.345679	6.97531	0	1.512425	1.7075506	4.1837404	3.058277	2.55657	2.809474	1.90826	0.458716	0.356269	3.448186	0.415123	5.13761	1.744648	0.229541	0.656558	0.229358	0.229358	0	0	2.28704	0	0	0	4.631382	0	0.919554	0	0.180428	1.266055	1.854515	0.458716	0.989297	0.460839	1.295107	0	2.116801	0	0.399083	0	0
K01893	6.336928	0.724638	0	5.127336	0.679549	92.914285	0	8.169947	0.724638	25.434514	10.873462	4.234248	4.413045	0	3.642711	3.735104	0.210084	73.969365	2.5973607	180.598173	0.382766	0	8.464249	8.272941	12.682028	5.044781	0	16.126692	1.209279	0	0.383253	0.439614	12.1110341	6.508716	1.20531	0.447665	3.30569	9.011135	0.47619	6.265612	32.409356	7.156774	5.562972	5.930538	82.119063	9.812303	9.892998	0	1.422032	13.848414	0	1.593373	0.120773	1.9202904	1.6093371	21.954605	0	1.545811	0	16.414788	4.989876	9.789518	2.3985512	24.002109	26.950242	15.801919	7.3396087	5.848474	15.3949604	5.136529	0	0	2.053141	1.766343	1.76725	26.081704	6.8366049	2.046175	17.417478	64.415267	99.201838	82.753118	17.631483	22.134932	20.0059053	16.9657098	32.3660524	25.092826	5.993183	80.344087	19.102814	5.3835141	6.296296	1.592593	1.869704	0.362319	0	0.724638	0.60306	0.663988	0.312399	36.564799	0.432292	1.0455407	0.241546	3.3816433	5.734698	10.588496	3.788481	2.103398	12.245441	6.346802	1.54862	10.154112	0.1948471	2.4006537	0	1.051533
K01159	0	0	0	0	0	0	0	0	0	0	0	0	0	0	0	0	0	0	0	0	0	0	0	0	0	0	0	0	0	0	0	0	0	0	0	0	0	0	0	0	0	0	0	0	0	0	0	0	0	0	0	0	0	0	0	0	0	0	0	0	0	0	0	0	0	0	0	0	0	1	0	0	0	0	0	0	0	0	0	0	0	1	0	0	0	0	0	0	0	0	0	0	0	0	0	0	0	0	0	0	0	0	0	0	0	0.875	0	0	0	0	0	0	0	0	0	0	0	0
K01880	2.530136	0.7423177	0	2.970326	0	45.222364	0	3.299566	0.175966	16.342388	8.0507871	2.319597	1.402479	0	2.0682943	1.8884124	0.214592	30.601772	1.32547	63.406303	0.72995	0	0.917025	2.891954	12.35304	2.008227	0	7.545281	1.095306	0	0	0.502366	4.249933	0.459939	0.111111	0.858368	4.106074	3.505835	0.321888	2.0179499	15.393401	1.981531	0	12.632415	14.3432491	9.038749	5.2196459	0	2.4758322	5.876776	0	0.452789	0	1.458586	0.6194567	67.401832	0	1.463405	0.405579	5.591712	5.536916	3.622883	1.9053414	9.407581	9.9236811	1.075135	52.980682	3.058661	8.6040396	3.087401	0	0	2.40222	0	0.429185	2.1064431	2.376113	1.70298	5.262814	16.552911	33.26105	26.365837	28.047982	21.193994	16.013455	25.952388	2.758889	12.628148	9.106704	48.4022804	14.5464298	14.650912	8.533822	5.35755	2.111625	0.214592	0.203147	8.922205	0.492847	0.992847	0.501907	16.12288	0.107296	0.33691	0	4.488478	2.732857	9.482767	4.8728046	1.879242	2.298719	6.439093	1.730157	21.1938437	0	15.0386448	0.429185	0.429184
K11754	0.297619	0	0	0.26316	0.262467	1.44144	0	0	0	0.7786	0.0656168	0	0	0	0	0	0	0.9125021	0	6.718914	0	0	0.162866	0.162866	0.118483	0	0	0.15005	0	0.117925	0	0	0	0	0	0	0.585938	0.52356	0	0	0.853335	0	0	0.446624	0	0.576132	0.093254	0	0	0	0	0	0	0.0612423	0	1.2577367	0	0	0	0	0.117925	0	0.0422886	0.512184	1.522519	0	1.31286	0.0686016	0.847077	0.366501	0	0	0	0	0	1.460322	0.131926	0	0.118483	0.3298345	0.833862	0.98913	0.526119	3.311559	0.131234	0.281349	0.26178	0.162866	2.41354	0.255556	1.643043	0.476698	0.815009	0.131234	0	0	0	0	0	0.131234	0	1.981305	0.00235849	0	0	0	0.0936133	0.696779	0.262468	0.118483	1.2779885	0.124378	0	0.118483	0	1.582472	0	0.1896917
K06199	0	0	0	0	0	0.632479	0	0	0	0	0	0	0	0	0	0	0	0	0	0	0	0	0	0	0	0	0	0	0	0	0	0	0	0	0	0	0	0	0	0	0.518519	0	0	0	0	0	0	0	0	0	0	0	0	0	0	0	0	0	0	0	0	0	0	0	0	0	0	0	0	0	0	0	0	0	0	0	0	0	0	0	2.16327	1.969121	0	0	0	0	0	0	0	0	0.866667	0	0	0	0	0	0	0	0	0	0	0	0	0	0	0	0	0	0	0	0	0	0	0	0	0	0	0
K02358	33.987188	1.2576817	0.337838	4.445587	3.233459	170.74479	0.144092	51.496339	1.777006	80.721618	17.200749	2.496004	19.502824	0.621777	17.840035	37.953556	0.429799	379.810589	9.903408	248.480775	3.36018	0	5.60123	35.533964	7.915624	8.123053	0.143266	15.795044	6.615138	2.280971	22.0539137	2.2529621	49.50826	33.390975	12.886582	7.97326	21.386033	29.3616028	0.286532	20.72917	413.45681	5.6274499	0.573066	17.120327	248.23397	31.020054	23.107798	0.402674	5.717896	34.42274	0	8.570802	0	12.698917	7.346717	145.664432	0.599544	13.433745	1.28154	70.666797	69.286536	30.346471	8.133673	41.0157	64.926792	150.205837	21.436499	15.10405	59.70794	12.912965	0	0	6.643574	4.549806	5.581945	62.178357	10.21378	5.319907	65.285221	106.428966	149.531585	283.980774	40.495593	99.36538	47.518737	104.90886	268.870134	110.77091	16.179729	188.691172	68.589305	12.279056	6.046689	3.312574	2.25214	0.168919	0.136581	4.303298	0.143266	3.287744	0.297885	36.272185	1.859559	2.389552	0.337838	9.40763	8.525557	14.741685	5.383838	3.54941	12.182491	6.310401	2.630097	24.965666	0	5.99607	0	4.067096
K01918	0	0	0	0.88	0	0	0	0	0	0	0	0	0	0	0	0	0	0	0	0	0	0	0	0	0	0	0	0	0	0	0	0	0	0	0	0	0	0	0	1.776586	0	0	0	0	0	2	0	0	0	0	0	0	0	0.707317	0	0	0	0	0	0	0	0	0	0	0.0107527	0	0	0	0	0	0	0	0	0	0	0	0	0	0	1	0	0	0	0	0	0	0	0	0	0	1	0	1	0	0	0	0	0	0	0	0	0	0	0	0	0	0	0	0	0	0	0	0	0	0	0	0	0
K03748	0	0	0	0.360119	0	0.241975	0	0.0205993	0	0	0	0	0	0	0	0	0	0.455399	0	0.967903	0	0	0	0	0.864527	0	0	0.382022	0	0	0	0	0	0	0	0	0.409465	0.617284	0	0	0.12656	0	0	0	0.0606061	0.372428	0.287785	0	0	0	0	0	0	0	0	1.263227	0	0	0	0	0.280899	0.0864198	0	0	0.308642	0	0.133745	0	0.499118	0	0	0	0	0	0	0.280899	0.555556	0.430634	1.806512	2.073754	0.844856	1.006173	1.05761	0.617284	0.293996	2.869478	0.818236	0	0.280899	3.3082434	3.7762414	1.38983	1.351779	0.141975	0.308642	0	0	0	0	0	0	0.308642	0	0	0	0	0.308642	1.697532	0.480392	0.176955	0.570814	0	0.280899	0.308642	0	0	0	0
K02051	0	0	0	0	0	0	0	0	0	0	0	0	0	0	0	0	0	0	0	0	0	0	0	0	0	0	0	0	0	0	0	0	0	0	0	0	0.485437	0	0	0	0	0	0	0	0	0	0	0	0	0	0	0	0	0	0	0.485437	0	0	0	0	0	0	0	0	0	0	0	0	0	0	0	0	0	0	0	0	0	0	0.485437	0	0	0	0	0	0	0	0	0	0	0	0	0	0	0	0	0	0	0	0	0	0	0	0	0	0	0	0	0.485437	0	0	0	0	0	0	0	0	0	0
K04773	2.2333834	0.184162	0	3.089382	0	8.8729441	0	1.216203	0	2.174864	6.8917159	0.367463	1.2649471	0	0.5586368	0.2721811	0	8.0989286	1.8525064	12.090335	0.092081	0	0	3.809039	3.3023031	0.092081	0	2.166793	0.072381	0	0	0.1201908	1.619627	0.1589932	0.350093	0	1.410067	1.0324731	0.1209331	0.3982471	4.906648	0.4318213	0	3.0854697	5.655153	5.7497729	0.5099136	0	0.9278489	0.86446	0	0.2458226	0.146177	1.4023167	0	6.9324499	0	0.7502669	0	1.1872051	0.8259936	1.2234131	0.045177	1.456575	2.7022401	2.502058	4.2008478	0.3502918	3.4414896	1.434621	0	0	0.4267711	0.196464	0.184162	2.2952632	0.7883212	0.769254	3.0669991	4.3091272	8.612163	10.2252367	3.22042	2.2207962	5.3627558	3.6030791	6.70605875	3.273709	1.423722	12.267681	3.2034491	2.0995461	3.7552519	0.8640883	0.9390118	0	0	1.625568	0	0.0595457	0.1862198	4.910984	0.5338826	0.368324	0	0.5124297	2.9865019	4.9422404	0.4148266	0.9257799	3.6067959	4.92524	0.460405	2.252439	0	1.7801309	0	0.1463077
K02563	1.952978	0.31348	0	6.375257	0	19.1352783	0	1.408569	0.15674	6.458563	7.270067	0.547365	0.957158	0	1.043603	1.291559	0	26.242987	0.431034	52.702153	0	0	0	4.259139	3.956377	1.784809	0	3.908074	0.31348	0	2.384537	1.097179	2.984335	2.2225695	0.31348	0.31348	2.035386	4.063741	0	0.15674	14.327293	0.662488	0	1.570535	23.029062	4.385457	2.057047	0	1.679602	6.623778	0	0.15674	0.15674	0.939394	0	9.511752	0	0.6311388	0.290491	6.181822	3.051201	0.73468206	1.6385336	3.185858	9.4827023	4.47753	1.7115998	2.313573	5.445063	5.3183309	0.263323	0	0	0	0.15674	6.409636	1.596918	2.584535	10.085071	11.7880842	19.383739	26.6532269	6.27629	8.470266	9.948925	4.450522	27.826469	17.997719	2.140488	27.646785	11.548372	2.783402	1.5159107	0.77021	0.696969	0.5137863	0.15674	0.47022	0.47022	0	0	9.311317	0.3458727	0.47022	0.293626	2.284101	5.626143	6.5310209	1.427876	1.352145	15.689899	2.42468	0.450223	5.458117	0.805395	1.968538	0.31348	0.894721
K00625	0	0	0	0	0	0	0	0	0	0.611111	0	0	0	0	0	0	0	0	0	0.506173	0	0	0	0	0	0	0	0	0	0	0	0	0	0	0	0	0	0	0	0	0.17284	0	0	0	0	0	0	0	0	0	0	0	0	0	0	0.506173	0	0	0	0	0	0	0	0.849206	0	0	0	0	0	0	0	0	0	0	0	0	0	0	0	0	3.069371	0.502058	0	0.440329	0	0	0.887714	0	0	0.522634	0	0	0	0	0	0	0	0	0	0	0	0	0	0	0	0	0.510288	1.01235	0	0	0	0	0	0	0	0	0	0
K07273	0.856617	0.626023	0	0.452488	0	7.0798164	0	2.260939	0	1.326989	3.8704639	0	0.994217	0	0	0	0	2.3572246	0.5507208	2.881346	0	0	0.0942442	1.070007	2.512653	1.444948	0	1.6992679	0	0	0	0	2.837922	0.671226	0	0	1.350046	1.22474	0	0.4680643	3.667537	0.347352	0	0.423398	2.767362	3.637976	1.9598462	0	0.756046	0.102459	0	0	0.139037	0.8483354	0	5.4069584	0	0.226244	0	0.391894	0.684626	0.113707	0	3.347844	2.076163	1.012889	1.1716068	0	0.0948767	0.3622567	0	0	0	0	0	0.5581991	26.661549	0.26738	1.040602	2.7233456	3.6392774	3.080554	1.637078	4.3821021	0.851244	0.26738	1.235377	1.163944	1.2953344	2.3430875	0.853636	1.3772067	2.695329	1.3671516	0.160428	0	0	1.1887318	0.610697	0	0	3.001073	0.4579438	0	0	0.69973795	0.883225	4.428615	0.912378	0.104603	0.26738	0.5655218	0.26738	1.526352	0	3.562326	0.0261952	3.013577
K00029	0	0	0	0	0	0	0	0	0	0	0	0	0	0	0	0	0	0	0	0	0	0	0	2.91667	0	0	0	0	0	0	0	0	0	0	0	0	0	0	0	0	0.574074	0.637681	0	0	1	0	0	0	0	1.24074	0	0	0	0	0	0	0	0	0	0	0	0	0	0	0	0	0	0	1.90741	0	0	0	0	0	0	0	0	0	0	0	0	7.23148	0	0	0	0.592593	3.78704	0	0	0	0	0	0.181159	0	0	0	0	0	0	0	0	0	0	0	0	0	1.55556	0	0	0	0	0	0	0	0	0	0	0
K01858	1.719172	0.388601	0	2.559735	0	18.792913	0	0.777202	0	10.5811678	4.8361865	0.518135	1.306874	0	1.501506	1.015647	0	18.826608	0.296201	22.7518292	0	0	0	1.151419	2.2808906	1.178298	0	1.8221093	0.388601	0	0.518135	0.860303	2.501336	1.472512	0	0.259067	1.252795	1.7815837	0.129534	0.0794473	10.886025	0.494498	0	2.240411	27.261291	5.655667	2.445324	0	0.388602	1.572156	0	0.255613	0	0.868417	0.413625	9.24873	0	1.271493	0.259067	4.05663	1.959048	1.1058817	0	2.058643	3.82960366	3.27634	4.536642	1.610374	4.0043685	1.569117	0	0	1.404146	0	0.388601	8.4368744	0.767276	0.368768	8.221915	8.18764	15.200111	14.059276	5.3003616	5.510097	6.068219	5.9764376	9.95757	3.982784	1.209806	15.670133	5.6935092	7.059941	3.188417	0.898964	0.518134	0	0	3.1560844	0	0	0	7.109813	0.25947	0.387737	0	0.856553	0.52418	3.759874	0.821272	0.811474	4.344351	3.403689	0.129534	2.6329924	0	1.896961	0	0.129534
K03545	0.246914	1.04938	2.03419	0.662222	0	2.933333	0	0.348148	0	0.492181	0.390123	0	1.22222	0	0.516872	0.45679	0	0.0222222	0	0.246914	0	0	0	0.246914	0.25679	0.212346	0	1.123457	0	0	0	0.493827	4.735107	0.617284	0	0	0.123457	1.0642	0	0.264198	0.99177	0	0	0	1.06914	2.92675	0.952137	0	0	0.730864	0	0	0	0.861728	0.127572	1.184362	0	0.246914	0	4.43247	1.30288	0.42735	0	1.22469	2.11111	2.11029	6.262393	1.495347	11.4	0	0	0	0	0	0	0.125926	0.950617	0.777778	0	0.52428	0	26.020588	0	1.743074	0	0.300412	73.456768	0.125926	0.776955	0.123457	0	7.949324	0	0	0	0	0	0.00576132	0	0.246914	0	0	0.790124	0	0	1.20412	9.81564	0.123457	0.679835	0	0	2.55885	0.123457	0.122634	0	0	0	0
K03588	0.67276	0	0	0	0	7.40807	0	0	0.131926	5.606696	2.56518	0.267525	0.89313	0	0.131926	0.131926	0	0.814993	0.131926	29.63974	0.131926	0	0	0	4.7862482	0.429743	0	1.448548	0	0	0	0	1.802052	0.264973	0	0	1.313018	1.925026	0	0.537409	4.565448	0.785388	0.610873	3.13496	0.365116	1.5617364	1.041325	0	0.676488	2.0044321	0	0	0.131926	0.131047	0	6.443285	0	0	0	1.745824	0.131926	0.395778	0.333916	1.4324211	8.796354	0.659631	10.891075	0.12987	0.791556	1.8150411	0	0	0.923809	0	0	0.514512	0.131617	0	3.292639	4.867892	11.480129	9.52064	4.065037	5.5639549	5.5592497	4.862292	0.5805321	0.0747581	4.2761961	18.686921	3.640143	7.691384	2.980192	1.270796	0	0.214592	0	0.337687	0.131926	0.655518	0.12987	10.736169	0.261796	0.127273	0	0	0.301048	1.8400081	1.182937	0.25974	0.474964	1.7054221	0.745822	8.814156	0.12987	4.170608	0	0.810948
K01258	0.401101	0.595962	0	2.283207	0	16.736836	0	0.418994	0	4.561307	7.07643	0.27933	0.277467	0	0.955308	0.837989	0	7.5887953	0.139665	10.9516207	0	0	0	2.614564	3.886943	1.074778	0	0.554935	0.865922	0	0	0	4.430722	2.8490297	0.371747	0.982135	1.050633	1.2168302	0.139665	2.463315	4.384679	2.146673	0	1.375234	8.860407	3.1155286	1.851429	0	1.05959	2.961275	0	0	0	0.6563491	0	12.356264	0	0.139665	0	3.349373	1.425558	3.471067	0	2.24453	2.800486	3.24209	2.2950662	1.017412	7.9811791	2.120332	0	0	0	0	0.0167598	3.7218771	0.977654	0.925157	5.006329	5.766408	12.3341628	16.897103	6.66537	6.64273	6.622288	5.247848	24.12955	7.587758	1.435182	13.726809	10.6138748	2.4467527	2.460874	1.01397	1.0801962	0	0	0.648162	0.760648	0.880092	0.494413	10.780815	0.418995	1.878023	0	1.527275	6.577537	9.6042915	4.974623	0.139665	5.173133	3.861648	0.604869	38.119056	0	1.935879	0.714286	0.139665
K07507	0.438596	0	0	0	0	1.189969	0	0	0	0	0	0	0.877193	0	0	0	0	2.271949	0.301235	0.664113	0	0	0	0	1.699697	0	0	0.285714	0	0	0	0.289017	0	0	0	0	0.285714	0	0.106667	0	0.586031	0.259048	0	0	1.142857	0	0.28381	0	0	0.56812	0	0	0	0.285714	0	2.3151801	0	0	0	0.8	0	0	0	0	0	2.38343	2.571429	0	0	0	0	0	0	0	0	0	0.219653	0	0	1.807619	2.020437	2.3061624	0.561905	0.285714	0.209524	0.285714	1.788574	0.455238	0.213333	0.946666	0.801738	0.47619	0.470476	0.285714	0	0	0	0.304432	0.47619	0	0	0.285714	0.455238	0	0	0	0	0.548872	0.285714	0	0	0	0.133333	0.426666	0	1.127619	0	0
K00057	2.4798486	0.3872447	0	1.826198	0	26.231489	0	6.527133	0	11.9717828	15.1002476	0.609756	2.395612	0	1.194305	0.70922	0	34.050424	0.242317	23.204017	0.35461	0	1.062648	5.332495	4.804763	1.8363047	0	8.298042	1.391253	0	0.70922	0.914166	4.344154	5.586789	3.76667	2.175145	1.264775	6.692988	0	2.162976	16.8706916	3.58242313	0	3.698777	19.019602	9.017015	2.4001196	0	2.431332	7.679469	0	0.344828	0.35461	3.084607	0.0661939	28.6255534	0	0.553474	0	11.289657	2.220449	2.0110065	0.340967	2.926709	7.9444483	2.1820301	14.795381	2.165075	7.3968381	3.09529	0	0	0.943262	0	0.35461	7.8252565	1.83194703	3.1126907	6.1240597	16.1047082	23.249481	28.465304	6.762002	10.7349264	6.6879414	11.635425	16.949379	17.2421221	9.6348472	22.97992	11.546813	7.5207724	6.907645	4.1169462	1.671558	0.176123	0	2.478723	0.177305	0.175439	0.14539	9.646965	0.545894	0.0886525	0	2.9979102	4.786474	4.803584	1.60763	1.77305	6.667464	0.765259	1.091017	10.372385	0	6.7411106	0	1.34442
K02529	0.612806	0	0	1.759553	0	5.239189	0	0	0	0.3967722	0	0	0	0	0	0.327869	0	3.04531	0	1.300544	0	0	0	0	0.546218	0	0	0.469946	0.342505	0	0	0	0	0.360363	0	0	0.274317	0.616159	0	0	1.576583	0.163934	0	0	3.7459981	0.978491	0.438988	0	0.654644	0.411459	0	0	0	0.722044	0	6.058265	0	0	0	0.599119	0.264336	0.740984	0.151913	0.794536	0.478927	0.655738	0	0.163934	0	0.545513	0	0	0	0	0	1.065332	0	0.293989	0.178571	1.293427	3.944367	2.7327431	0	2.219964	1.280311	0.920526	2.625319	0.729897	0.863582	2.683623	1.091803	0.296604	0	0	0.163934	0	0	0	0.163934	0.269945	0	3.541039	0	0	0	0.0754098	0.35847	0.559759	0	0.163934	0	0.163934	0	0.819672	0	0.178571	0	0
K00241	0	0	0	0	0	0	0	0	0	0	0	0	0	0	0	0	0	0	0	0	0	0	0	0	0	0	0	0	0	0	0	0	0	0	0	0	0	0	0	0	0	0	0	0	0	0	0	0	0	0	0	0	0	0	0	0	0	0	0	0	0	0	0	0	0	0	0	0	0	0	0	0	0	0	0	0	0	0	0	0	0	0	0	0	0	0	0	0	0	0	0	0	0	0	0	0	0	0	0	0	0	0	0	0	0	0	0	0	0	0	0	0	0	0	0	0	0	0
K01665	0	0	0	0.178571	0	0.530772	0	0	0	0.292857	0.626	1.31313	0	0	0	0	0	0	0	3.844953	0	0	0	0	1.201596	0	0	0	0	0	0	0	0.944701	0	0	0.210714	0.719312	0	0	0	2.019279	0.281684	0	0	0	0	0.165017	0	0	0	0	0	0	0.230415	0	0	0	0	0	0.9447	1.32593	0	0	0.669643	0.965476	0.821429	0.625507	0	0.128378	0.839466	0	0	0	0	0	0.202429	0.337838	0	0.854454	2.001349	3.4139133	3.5999392	0	1.247083	0	1.349837	1.0169	0	0	2.94643	1.76238	1.09255	0.178571	0	0	0	0	0.0654762	0	0	0	0.837037	0	0	0	0	0	0.5916661	0	0	0.178571	0.609357	0.378788	0.4368457	0	1.409201	0	0.239574
K02907	15.03333	3	0	4.851852	0	88.41851	0	27.54818	0	90.26291	24.1296	2	9.18518	0	17.41111	7	0	213.35533	2.59259	383.933	0.733333	0	13.1	23.5926	17.37411	6.54444	0	13.3667	10	2	1	10.5185	16.37037	15.8519	8	2.81481	7	7.27037	0	18.22222	71.6296	6.46667	0	24.03707	182.87067	17.10373	24.66296	0	3.33333	32.2519	0	4	0	5	3	80.262965	1	4.7037	0.733333	46.74073	26.7778	12.03333	4.51852	42.1667	82.6	21.162967	34.17783	16.18148	47.7259	21.6	0	0	37.61115	3	4.93333	28.91477	2.9185167	2.85185	56.2481	79.585221	158.09969	180.548	20.2	77.237	36.262996	104.111083	119.2183	49.2593	45.65933	151.7552	46.69627	36.51848	20.4333	9.1	3	1	0	2	1	0.296296	0	31.7333	4	0	0	11	5.66667	13	3	4.43333	13	8.46667	2	41.62589	0	16.9667	0	3
K03551	0	0	0	0	0	0	0	0	0	0	0	0	0	0	0	0	0	0	0	0	0	0	0	0	0	0	0	0	0	0	0	0	0	0	0	0	0.577381	0	0	0	0	0	0	0	1.89899	0	0	0	0	0	0	0	0	0	0	0	0	0	0	0	0	0	0	0.470238	0	0	0	0	0	0	0	0	0	0	0	0	0	0	0	0	0	0	0	0	0	0	0	1	0	0	0	0	0	0	0	0	0	0	0	0	0	0	0	0	0	0	0	0	0	0	0	0	0	0	0	0	0	0
K02906	28.888187	3.33681	0.645161	24.68149	5.84503	181.44543	0	40.47635	0	77.987809	49.350589	10.70194	17.098201	0.645161	15.729598	11.930036	0	246.986302	14.444923	428.871111	1.27389	0.524731	7.457222	45.47811	38.029829	9.487601	0	51.02178	9.104026	0	3.564275	5.965763	37.949671	38.580304	0.247312	3.352954	32.176475	23.609846	0.284501	21.574966	371.310022	32.419965	1.56774	38.95684	202.34875	50.729469	27.364604	0.396825	7.858596	62.5593771	0	9.16697	0	11.21604	3.461531	147.645675	0.318471	8.46558	3.963811	66.2750498	23.848445	117.55255	12.32944	50.258692	137.595362	18.585858	56.6944091	10.641794	73.610353	20.176249	0	0	10.902889	0	3.584012	68.986197	21.651231	10.464474	71.095044	127.68597	178.901228	220.293591	75.38149	111.20545	71.941978	71.099046	122.478536	126.943496	71.337646	209.40112	97.625573	43.79344	91.875645	60.56069	7.018909	0.808397	0.542127	25.036554	7.013617	3.153459	5.956963	52.154821	3.0179758	9.85105	0.63482	16.395159	15.126961	40.57613	11.012072	15.34836	50.793092	24.9999	4.623128	82.75506	0	50.021046	0.159236	6.467309
K07277	7.673065	1.7883276	0	7.131704	0.248082	52.5097231	0	11.7846709	0.424574	28.6065164	17.0357912	0.303841	4.5776496	0.381566	1.3509927	2.8205212	0	92.5101213	1.5101543	44.67476492	0.5878629	0.4507048	0.3800387	12.1938087	18.8593985	2.6403518	0	13.4519058	1.6047654	0.106564	0.1571615	2.3467272	14.8731637	10.3037191	0.262094	0.686205	6.9232708	8.9683797	0.6153062	3.6595081	35.4745763	5.0690735	0	15.998595	63.6147808	19.89204565	8.5924874	0	2.6383445	21.6304717	0	0.351329	0.6073538	4.60161826	1.789052	45.746822	0.092863	1.836751	0.4797695	19.5711533	6.0987295	7.0433246	2.156943	8.0253622	25.1177789	9.6432818	42.6277104	4.1229349	27.911347	6.7691757	0	0	5.6883464	0.121655	0.2877104	12.6854364	1.8829571	5.595529	21.3460151	18.341134	83.218965	100.4598278	28.8508843	24.3083363	11.8793818	20.407093	48.2099177	31.1118053	16.6201923	71.1277308	18.9800293	23.9535842	14.7550846	8.7456105	2.5634224	0.593499	0.3922797	5.630848	0.5854025	2.1033186	0.3996085	22.4958066	1.1521186	1.6810357	0	5.1454199	9.4785287	10.3122634	2.6776242	2.5262263	21.0411776	6.6157901	2.1217549	22.3297239	0.3727629	28.2673015	0.425273	3.49938415
K03332	0	0.197628	0	1	0	0.152887	0	0	0	0.0984252	0	0	0	0	0	0	0	0	0	0.3690633	0	0	0	0	0	0.0759331	0	0	0	0	0	0	0	0	0	0	0.173913	0	0	0	0	0	0	0	0.4760292	0.0988142	0	0	0	0	0	0	0.0965251	0	0	0.238472	0	0	0	0	0	0	0	0	0	0	0.269685	0	0	0	0	0	0	0.197628	0	0	0.167382	0	0	0.8571001	0.19305	0	0	0	0	0	0.197628	0	0.1183385	0	1.8329814	0.4860222	0.270997	0	0	0	0	0	0	0	0	0	0	0	0	0	0.197628	0	0	0	0	0	0	0.296443	0	0.392388	0	0
K00793	0	2.04286	0	1.00417	0	5.434025	0	0	0	1.649045	8.740352	0.442478	1.89035	0	0	2.359363	0	5.748797	0	5.604156	0	0	0.815789	0	9.816928	0.450376	0.190789	8.612793	0	0	0	1.30482	1.270681	1.097955	0.387097	0	3.848682	0	0	0.464912	1.9330837	1.432934	0	0.94702	0.657895	13.324317	0.866073	0	0.328947	2.0012307	0	0	0	4.2795997	0	6.275567	0	0.203947	0.756579	2.484649	2.44737	1.451752	0	3.32887	0.657895	2.651313	27.2292833	0.394737	1.504461	1.062025	0	0	0	0	0.278509	1.171128	0.432017	2.482887	1.257642	4.8206684	10.008312	6.686661	1.998009	2.113922	2.719297	4.842735	6.3182333	1.31579	3.074563	2.3006876	3.101394	4.722476	14.389389	5.007136	0	0	0	0.457854	0	0	0	5.10305	0.311404	0	0	0.53728	2.535714	3.348493	0.442478	0.315634	0.267544	0.300885	0.328947	3.599947	0	1.995571	0	0.5219482
K03687	0	0	0	0	0	0.6	0	0	0	0	0.851852	0	0	0	0	0	0	0	0	0	0	0	0	3	0	0	0	0	0	0	0	0	0.842105	0	0	0	4.72093	0	0	1	1	0	0	0	4.30556	3	0.930233	0	1	0	0	0	0	0	0	0	0	0	2	0	2	0.833333	0	0	0	0	1.32558	0.54386	0	1.32456	0	0	0	0	0	0	0	0	5.580983	0	9.09649	3.64178	0	3.628983	0	13.29808	0	0	0	0	0.289474	2	4.0963	0	0	0	0	0	0	0	0	0	0	0	0	0	0	0	0	0	0	0	0	0	0	0	0	0
K07133	2.898454	1.299194	0	2.0152897	0	41.417529	0	4.29033	0	12.134644	11.633723	1.103208	1.791976	0.249513	1.212116	1.05664	0.324784	43.8985925	0.778811	31.8751758	0.558993	0	0.427414	4.6658698	16.2870158	1.972624	0.320258	13.081575	1.392173	0	1.9285293	2.004137	3.6077418	1.08599	0	0.534234	4.8522106	2.628193	0.144928	2.0820594	27.6257733	8.294067	0.555556	5.1622225	24.569634	13.5008868	2.59584164	0	1.26167	5.02836	0	5.416945	0	2.9922577	0.567215	25.655512	0	0.991988	0.276378	12.332991	5.834612	1.127995	1.526647	2.32691	11.375988	2.403946	149.345788	3.082819	12.3734139	1.933606	0	0	6.282176	0	0.1619226	3.813502	2.898899	5.483594	14.628014	16.3126066	19.514321	22.9135164	13.213804	21.0427229	10.5507279	7.675397	47.435657	22.88172	15.2223341	29.988052	39.069451	13.793861	13.963821	1.9429947	0.376716	0	0.289856	4.4538615	0.491788	3.086909	0.434783	12.792529	1.0982584	0.968704	0.2242073	2.362184	6.4431359	10.746157	5.569885	1.959048	18.699759	5.554904	2.631411	16.8015822	0	13.750798	0.674774	3.1955929
K02342	1.747738	0.204082	0	2.80818	0	10.419213	0	0.204082	0	2.111357	4.971779	0	0.204082	0.417021	1.035876	0.212766	0	8.131972	0	20.509498	0	0	0	2.054422	6.0946847	1.0055458	0	4.5973363	0	0	0	0.3455784	1.756463	2.180951	0	0	0.63537381	2.140135	0	1.412767	11.236139	0.66467	0.408163	0	11.076182	2.487075	1.5570402	0	0.351648	1.636734	0	1.412872	0	0.587755	0	9.457148	0	0.959864	0	2.923401	0.627212	2.400006	0.152381	2.416402	8.004315	2.503402	1.442284	1.275982	1.3782308	1.2351904	0	0	0	0	0	6.18829	1.694692	0.204082	4.467596	10.5287663	13.56432298	17.9807627	7.552433	6.005659	3.630317	5.590361	10.94694	3.494215	2.536778	21.974331	5.921762	0.843537	2.250861	1.917246	0.539298	0	0	1.445941	0	2.160561	1.29762	4.936249	0.559184	0.354437	0	0.604082	3.016329	4.408539	0.564104	1.620929	2.292518	1.1923473	0.676712	4.089511	0	2.520455	0	0.2476194
K00425	0	0	0	0	0	0	0	0	0	0	0	0	0	0	0	0	0	0.277778	0	0.956522	0	0	0	0	0	0	0	0	0	0	0	0	0	0.65942	0	0	0	0	0	0	5.45833	0	0	0	0	0	0	0	0	0	0	0	0	0	2.13043	0	0	0	1.56944	0	0	0	0	0	0	0	0	0	0	0	0	0	0	0	0	0	0	0	0	0	0	3.15942	0	0	0	0	0	0	0	0	0	0	0	0	0	0	0	0	0	0	0	0	0	0	0	0	0	0	0	0	0	0	0	0	0	0	0	0
K01714	0	0	0	0	0	0.9	0	0	0	0	0	0	0	0	0	0	0	0	0	0	0	0	0	0.521368	0.922222	0	0	0	0	0	0	0	1.27273	0	0	0	0	0	0	0	0	0	0	0	0.837607	3.52137	0	0	0	0	0	0	0	0.988889	0	0	0	0	0	0	0	0	0	1	0	0	0	0	0	0	0	0	0	0	0	0	0	0	0	0	4.59091	0.711111	0	0	0	0	0	0	0	0	0.931624	0	0	0	0	0	0	0	0	0	0	0	0	0	0	0	0	0	0	0	0	1	0	0	0	0	0	0.726496
K07636	33.403156	7.559158	0.382333	35.233855	0	152.557782	0	11.245988	1.286409	68.059545	211.796229	7.039977	11.46904	0.714552	4.209279	7.071192	0.380831	119.272113	5.56554	420.095504	2.062436	0	0.993099	4.570759	211.283136	9.324994	0	273.895067	6.801216	0.207039	1.028775	15.948865	28.763016	4.595097	1.994258	2.146626	96.1881864	27.477739	1.782568	8.917876	152.225918	32.222174	0.937857	17.03516	179.438392	114.224992	20.30323	0.0973085	8.7542035	20.222844	0	5.927333	0	32.809991	1.734219	191.37612	0.207039	3.97155	2.2968656	49.2996915	34.8378262	21.2002023	10.536868	23.284379	59.441133	10.157015	343.014371	12.358746	25.4394066	27.1395479	0	0	3.553169	0.42026	3.377327	8.093622	7.617565	17.3093114	61.710454	81.2133236	106.0428701	84.957794	86.54172	143.835169	74.7096342	69.302134	122.406455	121.272519	9.9109281	361.8085066	112.830572	247.753151	302.002859	9.547078	18.0864089	2.859357	1.229631	21.948828	2.79403	10.493229	4.146811	287.573261	3.357847	13.494778	1.474118	8.1145742	28.928933	114.393713	17.487157	15.148329	126.684752	30.9730865	6.812438	92.703171	1.213878	78.474076	0	9.9387297
K08223	0.415897	0	0	1.331594	0	1.552731	0	0	0	0.416667	0.764377	0	0	0	0	0	0	1.282561	0	2.675876	0	0	0	0.142045	0.142045	0	0	0.541337	0.276852	0	0	0	1.06741	0	0	0	0	0.201852	0	0	2.3209141	0	0	0	2.205026	0.803652	0.277393	0	0.137963	0.415897	0	0	0	0.486061	0	1.533038	0	0.142045	0.0757156	0	0.497272	0	0	0	0.0748858	0.483333	1.2033977	0.277393	0.138504	0.062963	0	0	0	0	0	0.971837	0.138889	0.117474	0.416282	2.505144	1.622963	2.9566454	0.0265152	1.4096488	0.665741	0	2.0335538	0.277008	0.841726	1.5395109	0.955549	0.970747	0	0.862056	0	0	0.138889	0.148368	0	0	0	0.275875	0	0.142045	0	0.142045	1.463743	1.038013	0	0	0.291496	0.220264	0	0.921849	0	0.10199	0	0
K01875	2.7156391	1.189779	0	0.877193	0	10.029898	0	1.315047	0	3.33481	5.599702	0.394737	0.526316	0	0.8517547	1.068226	0.131579	9.0846911	0	9.985051	0	0	0	3.044314	3.205347	1.3665445	0.26455	3.3912335	0.977193	0	0	0	1.018421	0.386842	0	0	1.435089	0.968575	0.246491	2.018094	6.804634	1.615784	0	4.2035112	12.832337	3.6757737	2.0200476	0	0.904386	4.836918	0	0	0	1.346068	0	17.650635	0	0.776667	0.131579	2.837387	3.55877	1.161617	0.375439	1.135965	6.600961	4.93947	6.596114	1.061933	4.580016	3.393861	0	0	0.990712	0	0	5.861405	2.013	0.263158	3.324188	15.196221	16.855479	18.896397	4.991084	12.546583	6.561822	6.852235	14.668126	7.432688	2.122378	10.82719	3.0199924	2.118898	1.684413	1.557655	1.07658	0	0.131579	0.921053	0.359889	1.229825	0.131579	4.859945	0.857018	0.58772	0	3.29075	1.453537	4.3981628	0.7688343	1.586659	4.144708	3.785016	0.4477816	10.975159	0	11.691237	0	0.535965
K01770	0	0.423729	0	0.619048	0	6.234099	0	0	0	1.997821	0.951977	0	0.89548	0	0	0.423729	0	5.50564	0	16.132264	0	0	0	0.350282	2.4870352	0	0	0.4774012	0	0	0	0	2.0297355	0.844633	0	0	0	1.155367	0	2.050278	6.240854	0	0	0	11.435778	0.423729	1.036723	0	0	1.387006	0	0	0	0.175141	0	6.29364	0	0	0.423729	1.711864	0	0.4689267	0.0451977	0.423729	2.30226	0.293785	0.423729	0.180791	0.0621469	3.146419	0	0	0	0	0	4.766276	0	0	2.988151	10.765337	10.303017	21.988689	0.423729	2.2457667	2.290964	8.1861782	9.733747	1.014125	0.263158	2.920169	1.231639	0.977401	2.779709	0	1.553672	0	0.40678	0	0	0	0	3.064972	0	0.146893	0	0	2.48305	5.779026	0.228814	0	0.319209	3.519896	1.132769	6.525421	0	1.2168502	0	0.0621469
K03587	1.99259774	0.3199483	0.149701	4.38374	0	16.222416	0	1.1939492	0	6.8559783	3.9021927	0.1492538	0.7637372	0	0.0746269	0.200803	0	12.8626118	0.4822219	32.4654113	0.429185	0	0	2.0015739	3.5949508	1.4630468	0	3.3902969	1.1782609	0	0	0.3653575	2.5665389	1.1185126	0	0	1.5637777	2.8056609	0	0.5310835	12.1239838	0.6150901	0.149254	2.942272	12.6665395	1.4262889	1.5471368	0	0.9514078	3.1270048	0	0	0	0.7856581	0	12.754933	0	0.1849059	0.0746269	4.1114803	1.321137	0.4600862	0.3722476	2.453962	5.6885113	3.14651399	2.8023661	0.797555	4.7733036	4.5767978	0	0	0	0	0.149254	5.5012899	0.6703392	0.7003933	8.8277142	10.4182731	16.577291	23.3032508	4.389202	7.1024131	8.3883679	6.4529088	15.9244399	10.5057075	2.83387	26.3055	7.5143486	2.7203746	3.0495201	0.3338308	0.5703099	0	0	0.29348884	0.3735819	1.5905069	0.3107672	11.6086326	0.6456079	0.2618525	0.117096	0.5136163	3.1822789	6.6261542	2.8966735	1.1655948	3.4757178	2.9702088	0.2987312	5.2069144	0.200803	1.6870866	0	0.7083933
K00351	3.523535	0	0	1.8920536	1.07239	17.1208995	0	1.424771	0.289544	6.442349	1.625596	0.3125	0.536193	0	0.594387	0.642529	0	27.064008	0.134048	4.671752	0	1.07149	1.752421	3.903771	0.942641	1.472916	0	1.519213	0	0	1.314611	0.4611262	3.535171	2.845462	1.40845	0.5353	0.392315	3.8783354	0	1.479105	13.080719	0.424486	0	2.591602	19.538864	4.594546	3.5282055	0	0.134048	4.054525	0	0.134048	0	0.536194	0	9.789632	0	0.536193	0.134048	6.334233	1.4067	0.804289	1.0251274	1.258267	2.64921057	5.789988	1.845718	2.955454	9.7083833	2.03961	0	0	4.22353	0	0	1.0848974	1.3199961	0.2395	7.961746	13.2171826	14.5056576	38.0105393	2.390704	26.59426	0.836401	5.4483304	19.320825	14.0585334	10.395152	37.501087	7.850232	2.9935135	2.416723	1.392315	2.039767	0.134048	0	0.3906931	0	0	0	2.425771	0.600536	0	0	2.049448	1.68542931	1.809142	0	0.619807	2.665339	1.008025	0.6022631	6.9355314	0	1.174082	0	0.134048
K00721	1.366835	0.251256	0	0	0	10.047954	0	0.847571	0.152429	2.986596	1.417085	0	0.251256	0	0.872696	0.737018	0	8.562818	0	13.035172	0	0	0	1.18593	4.016746	0	0	1.647316	0	0	0	0.644891	3.144055	1.224455	0	0	1.221106	1.782245	0	0.819096	5.544082	1.945417	0	1.857624	8.105523	3.076034	0.4572861	0	0.251256	2.547741	0	0	0	1.4589599	0	6.439039	0	0.179229	0	2.152426	0.839196	0	0.502512	0.96985	3.246229	1.698496	2.685731	1.005025	2.065543	1.300491	0	0	0	2.25796	1.00503	7.666015	0.899497	0.753769	3.452364	5.53601	15.321615	19.222633	0.251256	3.778898	2.371862	4.378557	8.835841	3.023447	0.902847	9.71022	5.278055	1.906198	1.566164	0.693467	0.753769	0.40201	0	0.5711887	0	1.953099	0	4.778513	0.5812391	0.323283	0	0.417085	3.224451	5.29167	0.345059	0.242881	0.820771	0.42211	0.3249578	2.2703727	0	1.005025	0	0.502512
K03654	2.0912195	0.6989974	0	6.802584	1.426647	22.9935624	0	1.229385	0.147493	8.6949956	12.0035403	0.3196096	1.0343681	0	0.7782692	0.44791058	0	25.4440915	0.5963912	31.4769839	0.3580764	0	1.043205	4.1090535	16.9945582	1.87025565	0	4.6861747	1.3148413	0	0.4251908	2.6940848	6.0269966	2.5045828	0	0.10395	7.174214	3.0635113	0.2745493	1.8010822	20.26764136	3.5462418	0	1.5783004	32.7574029	7.1908024	4.6191298	0	1.5873356	3.0578175	0	0.743163	0	1.7369405	0	19.0365632	0	0.3624123	0.29351	4.7312486	1.9819865	1.2016819	1.9384812	2.45328874	13.623393	3.8040584	8.0278074	2.2445736	12.3365738	4.6892035	0	0	0.941986	0	0.722767	8.6506307	1.4162957	1.6003385	8.545154	20.0843085	34.062167	45.8308046	8.9984553	7.2880588	7.0538948	6.4528062	21.0618721	3.7875242	3.4247922	31.464429	6.6935275	9.010259	12.5343055	1.60806126	1.9278773	0.329472	0.0737463	0.7352456	0.2658231	0	1.5242973	23.065388	0.2546706	1.4027613	0	1.4552421	4.9088991	8.0622669	3.2956603	4.4421938	5.388368	4.48525565	2.1176844	18.7428113	0	4.8873197	0	1.9206393
K11749	2.571263	0.239808	0	1.693587	0.582011	5.5672088	0	4.691443	0	1.8971289	1.110558	0.984956	0.580306	0	0.7054199	0	0	0.814249	1.952848	0.766935361	0	0.21095	0.239808	0.7021686	0.651473	0.170648	0	2.619371	0	0	0	0.59952	0.4116704	1.31876	0	0	0.985482	1.991499	0	0.770168	1.95357	1.592365	0	0.479616	14.965404	1.195844	1.5196009	0	0.751966	2.605887	0	0	0.0463629	0.119904	0	2.4982956	0	0.807743	0	0.794495	1.03038	2.513977	0.366107	1.335777	0	12.174292	1.902846	1.951285	4.661045	0.501583	0	0	0.6273803	0	0	2.0941491	0.794495	0.239808	2.908038	1.562298	7.130105	23.53126559	0.995155	5.484455	7.561152	1.852887	4.235412	3.12247144	1.079137	29.636573	1.8036836	3.505464	0.532722	1.61941	0	0.119904	0	0.835116	0.183054	1.0182	0.807354	2.679455	0.59952	0.661071	0	0.770219	0	7.799687	0.96038	0.119904	1.908299	1.5173246	0.570713	43.684257	0	0.390088	0	0.119105
K03773	1.077202	0.274725	0	4.122596	0	11.529906	0	1.744419	0	0.979069	10.747572	0.274725	1.598901	0	0.549451	0.516049	0	21.139816	0	40.349608	0	0	0.671569	1.940659	4.08162	0.956365	0	0.794872	0	0	0	1.725641	6.625891	1.34432	0	0	0.274725	2.594478	0	1.8891041	9.524473	0.456044	0	0.788581	12.994	7.543852	0.910489	0	0.274725	5.3451231	0	0.274725	0	3.956777	0	14.745417	0	0.229814	0.274725	5.653262	3.397296	1.785485	2.620881	2.102568	11.851189	6.74908	5.190473	1.361123	3.401928	1.098902	0	0	0	0	0.719079	6.936683	2.624194	0.943144	4.727951	7.466045	13.70363	23.455561	5.111328	5.658882	5.162376	3.97242	17.337579	12.446796	3.219574	0	4.444997	3.834763	3.51847	1.296522	0	0	0	0.787546	0	0	0	2.707423	0.485437	0	0	1.48535	2.54579	2.810188	0.161172	0.545788	0.284091	2.268118	0.227743	1.697805	0	0.274725	0	0
K00929	0	0	0	0	0	0	0	0	0	0	0	0	0	0	0	0	0	0	0	0	0	0	0	0	0	0	0	0	0	0	0	0	0	0	0	0	0	0	0	0	0	0	0	0	0	0	0	0	0	0	0	0	0	0	0	0	0	0	0	0	0	0	0	0	0	0	0	0	0	0	0	0	0	0	0	0	0.747312	0	0	0	0	2	0	0	0	0	0	0	0	0	0	0	0	0	0	0	0	0	0	0	0	0	0	0	0	0	0	0	0	0	0	0	0	0	0	0	0	0
K00945	0	0	0	0.479167	0	9.595406	0	0	0	0.8833937	0.858312	0	0.506446	0	0.537753	1.518384	0	3.76291	0	12.260904	0.30303	0	0	0.379374	0.473296	1.047976	0	0.710364	0	0	1.01099	0	1.645507	1.12523	0	0	0	1.677229	0	0.230203	4.568509	0.426155	0	2.27273	4.79877	0.801368	1.640492	0	1.226964	1.296182	0	0.276243	0	0.276243	0.276243	5.2503396	0.634409	0	0	1.868868	0.552486	0.6552081	0.218045	0.286869	3.476002	5.14286	0.699842	0.42735	1.562352	1.3535905	0	0	0	0.511971	0	3.82575	0.521624	0	1.139681	5.195626	17.131702	10.207259	1.86004	3.5543939	4.935546	1.2937724	4.988953	1.116109	0.574489	9.6260961	2.424052	0.486866	0.696133	0.538951	0	0.26455	0	0.33584	0.788213	0.579273	0.217311	7.135793	0	0	0	0	0.276243	3.241338	2.106305	0.509292	0.887061	0.276243	1.00597	6.89352	0	0.637757	0	0
K03316	1.030536	0	0	6.92775	0	2.527334	0	2.524652	0	2.060446	0.354859	0.592865	0.128205	0	0.845093	0	0	1.253141	0.109409	5.301923	0	0	0.206619	4.7438461	0.2858381	0.227273	0	1.447993	3.724699	0	0	0	1.072977	0.102669	0	0	0.205339	0.618578	0	0.190909	1.289121	0.2813456	0	0	2.895187	0	0	0.102669	2.2409141	0.103257	0	0	0	0	0	0.112936	0	0.853669	0	0.894228	0	3.221422	0	4.963981	2.357492	0.1279062	1.441014	0.278859	0.211905	0.218818	0	0	0	0.0880952	0.0752909	0.646586	0.6201572	0.373181	0.2066027	0.722528	0	7.617779	0	0.825241	0	0.956866	0.542635	0.3295342	1.656379	0	1.159778	0.207207	0.382022	0.2079	0	13.01994	0	1.043843	0.1379646	0.2079	0.401174	1.729034	0.205339	0.25641	0.977778	0	0.412602	0.9551102	0.1648672	8.022343	3.43459	1.820616	0.515592	1.039049	0	4.01558	0	0
K02835	1.5760063	0.381679	0	1.191235	0	16.34178	0	0.155763	0.155763	5.257273	2.630429	0.568182	1.957423	0	0.596513	0.467289	0	8.2786114	0.624738	21.7994867	0	0	0	3.2714965	3.264653	0.6749745	0	3.849292	0.310992	0	0	0.311526	2.706495	0.698857	0	0	1.9909898	4.028043	0	0.896157	7.195029	0.0519211	0	1.09622	6.26819	6.564334	0.155763	0	1.556815	2.884375	0	0	0	1.080085	0	8.140908	0	1.0649595	0	2.861441	0.693752	0.623052	0.140187	2.266072	5.915884	3.494286	2.809176	1.277671	2.761105	1.274984	0	0	0	0	0.311526	4.071645	0	1.057691	3.60386	6.5452916	16.117592	16.166745	4.410928	6.389157	4.272966	2.87611	6.902217	3.794519	1.24031137	11.436164	4.35027	2.06557	2.0270168	1.34051	0.154725	0.5895464	0	0.604361	0	0.224299	0	11.882616	0.420915	0.311526	0	2.67396	5.71249	5.8913	1.835399	0.311526	4.407056	2.3828982	0.311526	4.322253	0	1.300638	0	0.466251
K01173	1.205504	0.59304	0	0	0	9.877378	0	0.454545	0	0.627113	8.611583	0	0	0	1.162327	1.605263	0	19.650766	0	10.49178	0	0	0	2.21407	11.0379377	2.639443	0	13.0631208	0.357143	0	0	2.283119	3.596938	2.792581	0	1.31579	5.641124	0.934677	0	2.040814	11.915501	2.974242	0	1.008242	18.860915	15.4936326	2.27140291	0	1.330014	1.655733	0	0	0	6.777002	0	16.328975	0	0.024359	0	3.381124	3.000097	0.634286	0.369209	1.423572	3.291209	4.12308	8.184516	0.204348	1.325964	0.384615	0	0	0	0.724638	0	4.289732	0.921991	2.101064	2.678085	8.198393	15.6543411	13.1288326	0.186594	4.747659	2.0435903	3.791833	5.583978	4.019473	1.074674	6.7656691	3.3126227	5.558646	3.010217	1.048718	1.668575	0	0	0.8525085	0	0	0	4.832554	2.047782	0	3.80606	0.227273	10.029532	8.50958	1.238903	0.628518	4.110565	1.3775492	1.312546	1.934725	0.357143	1.08275	0	1.384848
K01085	7.11034316	1.293061	0	0.800525	0	6.9174711	0	0	0	1.309855	4.4696493	0.0761155	0	0	2.343269	1.0757793	0	7.867703	0	4.0747958	0	0	0	0.297405	3.948693	0.587833	0	3.416315	0.25	0	0	0.22807	2.933851	0	0	0.324675	0.6956146	1.135495	0	0.6219665	6.5987488	1.089897	1.517541	0	5.6346751	0.950094	0.1885963	0	1.684669	3.7431976	0	0.289421	0	2.307402	0	12.5302839	0	0.517544	0	1.469393	4.300571	0.895105	0.394737	1.961896	3.205558	0.263158	1.402015	1.335332	6.213214	0.394046	0	0	0	0	0	1.4859657	2.326793	0	1.5824202	2.7577949	5.152562	2.844486	0.262813	3.043776	2.4715033	1.202796	4.7100548	6.683604	0.263158	1.2762794	2.42355	5.973826	0.7289614	0.231579	1.723149	0	0	0.254386	0.324675	0.8848101	0	1.180918	0	0	0	0.510978	7.393042	10.915091	0.263158	0.853164	1.117732	1.611455	0.3870451	2.726458	0	0.975439	0.131579	0.624076
K12373	8.2739582	0.205338	0	2.2386782	0	23.5575999	0	1.390037	0	14.790817	2.9918808	1.607632	2.9452089	0	2.4250461	5.236905	0	66.12482396	0.7751439	78.4708796	0.411594	0	0.9143144	9.3637781	3.6455203	1.9418439	0	5.6581778	1.431429	0.205339	0.62102	0.7354226	5.1922786	5.70818	0	0.308008	3.0123692	7.9937457	0	1.934694	52.8160948	1.6377904	0	9.4255108	72.5731294	2.5827455	5.5086257	0	0.5873601	6.5831973	0	0.410677	0.3529991	1.3102765	0.067731	9.0175007	0.102669	1.8072947	0	6.5277827	3.6432079	2.5137999	0.6030396	14.719462	22.1856689	16.6573712	7.159403	3.5503589	8.4112703	6.1802859	0	0	0.396825	0	0.194787	13.1506147	3.3762692	0.3470223	12.4509732	27.248295	35.2636992	56.74768265	2.219223	21.522851	13.0279902	6.5470998	27.8311202	12.757166	2.6288037	54.483508	12.2897945	6.8992465	3.2074563	0.3261856	1.3307184	0	0	0.9591076	0.310138	0.8769021	0.124498	13.6421108	0	1.1041038	0	1.7553666	4.1203905	12.9542673	1.4341023	3.5457218	5.4324199	6.3743432	0.7961456	20.602779	0.0725689	5.9743578	0	2.678883
K14742	0	0	0	0	0	1.25714	0	0	0	0	0	0	0	0	0	0	0	0	0	0	0	0	0	0	0	0	0	0	0	0	0	0	0	0	0	0	1	0	0	0	0	0	0	0	0	0	0	0	0	0	0	0	0	0	0	0	0	0	0	0	0	0	0	0	0	0	0	0	0.928571	0	0	0	0	0	0	0	0	0	0	0	0.277778	0	0	0	0	0	0	0	0	0	0	0	0	0	0	0	0	0	0	0	0	0	0	0	0	0	0.626984	0	0	0	0	1	0	0	0	0	0	0
K03269	0.243902	0.320325	0	1.78939	0	14.296468	0	0.414634	0.388235	3.8890477	10.0959767	0.723577	0	0	0.962601	0	0	8.72683	0.715686	33.3008177	0	0	0	2.156098	1.56901	0.229268	0	2.478044	0	0.486179	0	0.715078	3.878936	0.4813	0	0.487805	1.91559	3.381253	0	1.45203	5.5302291	0.554471	0	3.826012	4.660162	3.797999	1.800668	0	0.180488	2.287435	0	0.487805	0	1.591872	0	11.802814	0.099187	0.487805	0.229268	1.219511	1.6878	0.964227	0.243902	1.887802	4.141839	4.598376	2.456017	0.921951	2.575242	1.689431	0	0	0	0.487805	0	3.55122	0.667923	1.60813	9.998877	6.97835	14.930739	18.731705	3.2744618	6.302858	10.980395	4.163601	12.182975	6.897562	1.570349	21.19497	4.993492	1.425728	3.616558	0.487804	3.683918	0	0	0.373983	0	0.731707	0	11.05997	1.463412	0	0	0.5788619	4.271063	7.342927	2.201434	0.675275	4.63414	3.1484449	0	6.081304	0	2.439019	0	0.61626
K00826	1.320021	0.976932	0	0.17301	0	9.483456	0	1.03806	0.241061	5.256789	17.8546843	0.17301	0.478662	0	1.842621	0.5916954	0	8.957852	0.936842	42.145162	0	0	0	1.2099203	11.0980406	2.375263	0	11.933335	0.088812	0	0	0.17301	2.429419	1.354469	0	0	4.327562	2.772035	0	0.8550245	7.520306	3.124758	0	2.137806	6.635356	6.812877	3.189138	0	0.17301	2.5067834	0	0	0	3.0605212	0.17301	11.839613	0	0.437139	0	2.092622	0.389294	0.863899	0.457101	2.579009	5.41186	6.892126	13.594833	1.654137	2.334006	1.757786	0	0	1.62205	0	0.0668973	6.631052	0.447885	2.2787947	4.96537	11.237082	21.502736	22.799943	8.8367939	9.162223	4.30334	8.037104	9.042637	3.5216941	2.7869423	34.559952	4.847409	8.29268	14.668264	3.050745	1.5248	0.17301	0.17301	0.6931943	0.540574	0.697326	0.17301	17.278048	0.699326	0.311419	0.155709	1.869029	6.097673	12.4920053	1.191373	1.325259	0.993036	5.092914	0.17301	9.466355	0.110727	1.211072	0	0.332961
K02621	2.4898997	0.6420319	0	1.2712394	0.717384	23.7833248	0	3.1871458	0	11.3522309	5.7299675	0.41851438	2.2499574	0	0.8118408	0.5854819	0	18.6165608	1.4371336	32.457268	0.3051498	0	3.2427584	3.8085202	5.7502973	1.2410282	0	2.8492084	0.4474445	0.116414	0.52768	0.2377289	4.362468	2.711597	0	0.8175531	3.8060242	4.5085128	0.4500885	1.4095467	15.0596746	4.0265766	0	2.3810911	25.8888627	3.9629199	5.2166536	0	0.8017578	1.7787247	0	0.3507952	0.2776893	1.55762	0.610309	12.8413021	0.0762211	1.7589028	0.0580046	10.367546	2.280054	2.769474	0.9666124	10.9574576	22.5993046	2.85138	26.0414792	2.3369461	11.2227024	4.604757	0	0	0.5672181	0.116414	0.18315	8.6012079	2.9758064	1.2334908	12.3613731	13.2657043	22.4435237	47.4202101	17.7527362	11.6579944	8.5399571	9.339388	59.6147156	8.9681113	6.3582669	25.367191	12.6678149	4.0366434	5.0172666	1.1727336	0.5437864	0.3973085	0	2.2011293	0.7315353	0.7951344	0.1646396	13.9723825	0.6678932	2.2518707	0.0333721	3.0650885	5.5441802	8.1140553	3.8864843	2.0787322	11.3054004	3.3619414	0.9011869	8.1230011	0.0669344	6.0193171	0.288351	0.7696241
K13963	0	0	0	1.367954	0	2.200817	0	0	0.192208	0.204082	0.64935	0	0	0	0	0	0	0	0	0.361039	0	0	0.135135	0	0.96277	0	0	1.0675325	0	0	0	0	0	0.27027	0	0	0.431169	0	0	0	0.32616	0.51948	0	0	0	0.538033	0.147929	0	0	0	0	0	0	0	0	1.328577	0	0	0	0.129004	0	0	0	0	0	0	0.38961	0.102164	0.394875	0	0	0	0	0	0.204082	0	0.18315	0	0.342484	0.910772	1.422915	0.258874	0	0.12987	0.0692641	0	0	0	0	1.1814343	0.394009	0.359228	0.0798122	0.12987	0.101299	17.4541	0.135135	0	0.157658	0.629498	0	1.380271	0.27027	0	0	0	0.25974	0.723562	0	4.594272	0	0.25974	0	0.12987	0	0.129004	0	0
K03110	0.554307	0.561798	0	1.09488	0	15.549492	0	1.123596	0	1.666666	5.898498	0	1.724096	0	0.561798	0.374532	0	11.544719	0.400599	9.0566357	0	0	0	3.49314	2.682901	0.7664345	0	2.87995	0.187266	0.374532	0	0.374532	2.0686641	0.841448	0	0	1.277154	4.022757	0.187266	1.089888	16.7250517	2.9759816	0	4.995403	9.28964	5.785095	3.5586908	0	1.7143595	4.602182	0	0	0	1.474956	0.187266	11.793695	0	0.374532	0.186567	4.051185	0	1.0859716	0.2334583	1.631711	4.0511903	3.426962	6.214526	1.085444	0.886392	3.094036	0	0	1.87266	0	0	3.132331	1.734139	0.5505621	5.352066	9.774329	10.614572	13.7371225	4.48814	12.209052	2.67166	4.8614277	13.724297	5.083651	1.871411	10.2372071	19.833291	1.406292	3.642406	1.584886	0.187266	0.187266	0	2.803296	1.091136	1.327092	0.2646692	12.16396	0.495631	1.490637	0.318352	0.895131	2.777782	6.508115	1.418228	1.515434	5.200995	3.612986	0.353308	17.07281	0	15.152888	0	3.069761
K02112	4.304771	0.972106	0	1.181315	0.787769	2.216937	0	7.626924	0	2.3902044	0.445892	0.968359	0.7678294	0	3.0261174	0.500031	0	46.283545	0.1205642	0.952235	0	0.218341	0	5.617505	3.2811164	1.237155	0	1.353989	0.874908	0.147744	1.628153	0.334789	2.39992	3.402474	0	0.173945	0.284032	3.558731	0	2.316532	12.5951913	0.10917	0	0.566606	43.29132	3.6785934	3.191245	0.0883002	1.86755	9.60179	0	1.091703	0	0.394362	0.282781	0.547307	0	1.373088	0.487923	11.663803	4.036895	4.974561	1.0590482	4.278987	3.975838	9.096601	2.285801	3.789554	29.265753	0.0858806	0	0	0	0.21834	0	11.833664	1.2553761	0.7007916	10.179094	1.829449	1.8029119	51.903016	0.0721118	5.938393	2.211198	0.554148	49.916388	20.971596	1.593932	0.250015	9.254471	0.7982274	0.283986	0.0720524	0.392065	0	0	0.329921	0.285504	0	0	0.811745	0.334069	0.331126	0	2.494161	1.064918	0.6199266	0.769012	0.8265161	7.897399	2.459582	0.218341	1.28061942	0	0.446847	0	0.110375
K00865	0	0	0	0.595238	0	0.166667	0	0	0	0.2533408	0.297619	0	0	0	0	0	0	0	0	1.7936	0	0	0	0	1.393146	0	0	0	0	0	0	0	0	0	0	0	0	0	0	0	0	0	0	0	0	0	0	0	0.165563	0	0	0	0	0.166113	0	0	0	0	0	0	0	0	0	0	0	0	0	0.138427	0	0	0	0	0	0	0	0	0	0	0	0.297619	0	0.2619085	0	0	0.33278	0.165563	0	0	0.166113	0.333333	0.330569	0.166113	0	0	0	0	0.06866	0	0	0	0	0	0	0	0	0	0	0	0	0	0.166113	0	0	1.44297	0	0	0	0
K01104	0	0	0	0.969697	0	0	0	0	0	0	0	0	0	0	0	0	0	0	0	0	0	0	0	0	0	0	0	0	0	0	0	0	0	0	0	0	0	0	0	0	0.725	0	0	0	0	0.747475	0	0	0	0	0	0	0	0	0	1.525	0	0	0	0	0	0	0	0	0	0	0	0	0.878788	0.783333	0	0	0	0	1	0	0	0	0	0.9	1	0.891667	0	0.454545	0	0	0	0	0.85	0	0	0	0	0	0	0	0	0	0	0	0	0	0	0	0	0	0	0	0	0	0	0	0	0	0	0	0	0
K01270	2.6283614	2.334329	0	6.80123	0.437198	49.077962	0	4.675866	0.4603	15.345657	13.943086	0.805419	2.8616294	0	1.1558036	2.417664	0	21.3133581	2.4199744	54.992164	0	0	0.969488	5.367962	6.749508	1.420572	0	10.605455	1.266752	0	5.206732	0.305255	10.159489	2.030268	0	2.092865	5.1819139	2.986287	0.120773	1.9593681	17.9257166	2.7174359	0	4.1961807	24.2904643	17.101383	5.8479829	0	4.4649524	9.7153789	0	0.656242	0	1.9165106	0.506658	45.9683894	0	0.808945	0.245755	14.7830597	3.109622	3.512059	1.3462285	7.156344	11.7630027	5.91898	7.843482	3.3902319	9.6775274	3.709167	0	0	6.812451	0.456056	0.3193028	6.57414	2.0216065	3.2309891	15.579711	23.261195	30.6913639	37.734526	12.270778	16.6005074	19.977246	26.3494411	47.94659	8.7571899	7.6390888	46.169174	13.431848	4.2016851	9.099105	2.0897931	1.2598868	0.115207	0.230414	4.1149173	0.345622	0.575507	0.47617	30.6900049	0.914439	2.328045	0	3.908827	5.667047	19.361512	1.648038	1.8106527	9.37479	9.532804	1.111963	21.90824	0.114439	2.817498	0	1.3458424
K03771	7.371585	1.040154	0	2.519086	0	31.962326	0	3.439565	0.235294	12.069234	7.594703	0.581684	2.614086	0	0.73631363	0.893066	0	47.461536	0.6025306	45.8019309	0.116009	0	0.470588	8.278307	10.6743219	2.495714	0	11.365642	1.04331	0.231481	1.198724	2.647637	6.392563	6.53597	1.13636	1.066871	5.6542	4.744846	0.225225	2.0571139	32.1584903	0.786205	0.747788	1.948384	39.52859	20.028223	6.617001	0	1.807526	5.152021	0.065098	0.232019	0	4.2480295	0.580901	37.716564	0	0.814891	0	10.8890415	5.4492938	5.3535114	2.1129661	4.663515	14.395218	24.655413	18.007235	2.007706	7.731849	5.254348	0.115741	0	0.464037	0	0.278875	17.371801	5.0072786	3.568431	13.822568	16.2236929	30.9626134	37.225911	10.366433	13.1146853	13.9263629	14.7418807	32.2799989	14.2795419	4.5583081	37.217355	13.8071106	6.7172346	3.8320367	1.29616	1.8344801	0.2433512	0	1.3269574	0	0.864394	0.115236	18.828098	2.017289	0.263502	0	2.9326327	8.872569	6.1729	1.446612	1.675908	13.376168	4.340519	1.355693	9.3377638	0	3.066078	0	0.376766
K03147	0.105042	0	0	0	0	0.108932	0	0	0	0.105042	0	0	0	0	0	0	0	0.362319	0	0.105042	0	0	0	0.106838	0.0890313	0.205285	0	0.105042	0	0	0	0.315126	0	0	0	0.249377	0	0.202279	0	0.105042	1.79709	0	0	0	1.004831	0.371747	0	0	0	0	0	0	0.320513	0	0	0	0	0	0	0.686873	0	0	0	0	0.210084	0.641026	0.105042	0	0	0.105042	0	0	0	0	0	0.105042	0.105042	0	0	0.203081	0.847895	0.1226891	0	0	0.337838	0.164414	0.324659	0	0.105042	1.848463	0.451709	0	0	0	0	0	0	0	0	0	0	0	0	0	0	0	0	0.047619	0	0	0	0	0	0	0	0.249377	0	0
K00950	2.16092	0.574713	0	0	1.36158	4.332025	0	0	0	1.110778	5.82154	0	0	0	0	0	0	8.359939	1.065668	13.615922	0	0	0	0	5.77917872	3.892657	0	2.1500072	0.779661	0	0	0	1.2600354	0.5768785	0	0	2.547613	1.35593	0	0	7.664504	0	0	0	7.626429	6.2896117	0	0	0	0.125604	0	0.847458	0	3.122732	0	5.807684	0	0	0	1.93103	0	1.311511	0	0.434783	1.887935	0.574879	3.4266165	0.195402	0.657005	1.272826	0	0	0	0	0.287356	1.103449	0	0.888889	2.15613	5.764111	5.41827	6.317452	2.29944	1.214689	2.145583	2.467744	1.299351	1.782157	1	14.298573	1.679573	1.932204	3.628589	0.4375	1.1103983	0	0	0.59887	0.574713	2.581918	0	7.682623	0	0	0	0	4.3842875	3.787687	0.497175	0	2.32817	0.830508	0.847458	14.191376	0	0	0	1.459198
K09458	0.183824	0	0	2.82906	0.574755	5.508361	0	0.919118	0	0.279012	0.183824	1.592523	0	0	0.178922	0.183824	0	0.451389	0	0.555556	0	0	0	0.726716	0	0.173611	0	0.37037	0	0	0.183824	0	0.185185	0.185185	0	0	0.182598	0.285185	0	0	0	1.179244	0	0	0	0	0.507407	0	1.006741	1.5641	0	0	0	0.185185	2.73504	8.810185	0	0	0	0	0	5.1201	0	0	4.330542	0	0	0	0	0.295139	0	0	0	3.98291	0	0.905983	0	0	0.185185	3.36752	11.001837	0	0	1.470086	0.433333	1.655091	0.367647	0	1.069864	0	0	1.04167	0.982906	1.773013	0	0	0	2.015046	0.183824	0.185185	0	0.185185	0	0.731754	0	0	0	2.586656	0.952206	0.148148	0	0.675214	0	5.193292	0	0.185185	0	0
K02551	0.119048	0.0992064	0	0	0	0.566417	0	0.496032	0	0.3968258	0.179283	0.198413	0	0	0	0	0	3.3052994	0	3.4256728	0	0	0.198413	0.2872776	0.3237258	0	0	0.1984128	0.49537	0	0	0.0992064	0	0.3969544	0	0	0.2886004	0.0992064	0	0.230159	2.1244241	0	0	0	1.442849	0	0.2837415	0	0	0.377645	0	0	0	0.2984094	0	0.550526	0	0	0	1.0311758	0.396826	0.098545	0.0992064	0.198413	0.9188298	0.140873	0.0992064	0.4960318	0.4896759	0	0	0	0	0	0	1.020434	0.3832974	0	0.0992064	1.0198274	0.255102	3.0931696	0.465608	0.7380553	1.818584	0.538769	3.370013	0.8808158	0	1.74074	0.6567462	0.327255	0.0992064	0.0992064	0.0992064	0	0	0	0	0	0	0.7285902	0	0	0	0.297619	0.372959	0.0992064	0	0.161863	1.8250873	0.378157	0.0992064	0.0992064	0	0.176056	0.255102	0
K08303	1.3240731	0.0729635	0	0	0	5.7967255	0	2.66364	0.0594703	1.8989598	2.1048871	0	0.304276	0	0.5999744	0.0747384	0	11.800705	0.9865741	5.9834781	0.4877995	0	0.735294	1.5304519	2.6768495	0.156495	0	0.732211	0	0	1.165769	0.8982582	1.023303	1.2234675	0	0	1.6801313	2.068468	0.0792393	0.717087	11.423884	0.29396993	0	1.9859827	14.2624054	3.273537	0.717484	0	0	1.8506114	0	0	0	1.6193454	0.1830104	5.8137109	0	1.2707486	0	2.4816524	1.612779	1.9836921	0.2526387	2.3008824	3.8300868	0.333029	2.0544606	1.6625549	4.0452815	2.0601501	0	0.0214893	1.99219	0	0	1.6498838	1.0981072	0.77424	5.0659085	3.70803535	7.8007554	24.142057	2.4557315	4.1740751	3.198149	3.9559678	7.6759171	14.4793141	0.3691722	6.55192	5.6993446	0.5787397	1.3862831	0.6965206	1.2686584	0	0	0.2203875	0.0747384	0.0749625	0.280899	8.8189773	0.161812	0	0	0.901657	1.1606553	4.5935767	0.9381771	0.2080101	12.2197776	0.0718391	0	3.9644395	0	0.173759	0	0.5970403
K02429	0	0.132275	0	0.782206	0	6.522172	0	0	0.183422	6.551192	0.882544	0.132275	1.261037	0	0.461478	0.9717851	0	0.667895	0	21.724556	0	0	0	0	2.2827911	0	0	1.710592	0.5448893	0	0.525846	0	1.419717	0	0	0	0.7293306	1.493232	0	1.163868	4.707849	0.396825	0	1.321354	0.26455	0.119613	1.630402	0	0.132275	0.890366	0	0	0	0.158654	0.0896359	7.4246406	0	0	0	2.54230288	0	1.207971	0.132275	3.927994	5.207072	0.255732	0.8187328	0.371057	0.395778	0.7924344	0	0	0.140056	0	0	2.259802	0.396127	0.15015	2.506311	1.6260459	27.919653	6.5259557	0.243876	5.484877	8.8872801	9.5652951	0.554756	0	1.109181	23.0873	2.784075	0.390652	0.883527	1.307199	0.915826	0	0	1.4928741	0	0.280112	0.159744	3.596603	0	0	0	0	0	2.540573	0.792769	0.5998221	0.140056	0.26455	0.159744	5.6347156	0	0.9345584	0	0.504586
K01895	0.19685	0.4432532	0	5.702901	0	2.680357	0	0.19685	0	7.4711105	2.1478259	0	0.194175	0	0	0.0970874	0	5.228554	0	21.8396464	0	0	0.194175	0.7912	1.4961385	0.143293	0	1.0446721	0.291262	0	0	0.181159	0.146926	0	0	0.164401	0.255016	0.0970874	0	0	4.5801254	0.2370874	0	0.9451662	5.5354366	0.6274112	0	0	0	0.9610697	0	0	0	0.0984252	0.0964401	1.7561124	0	0.0970874	0	3.3852463	0.19883	0	0.0964401	1.735274	3.1349124	1.525756	0.1955126	0.4997344	4.4174114	1.0114135	0	0	0	0	0	1.708893	0	0	1.1391451	1.9725219	1.704285	3.4900364	14.3376894	5.7349826	9.6640977	4.8044699	7.4588105	1.3500024	0.5183762	14.563736	3.4001002	0.8179668	1.2990981	0.568729	0	0	0	0	0	0.591813	0	4.314881	0	0	0	0	0	0.0970874	0.2438384	0.4437014	0	0.8812304	0.0970874	0.5825244	0	0	0	0
K01990	0.446428	0.401525	0	0.223214	0	6.9157933	0	0	0	4.86391	12.601281	0.390625	1.5381873	0	0	0.996016	0	7.9892699	0.217527	14.130592	0	0	0.248756	0.4534909	14.469746	2.291038	0.248756	10.578373	0.398406	0	0	1.459408	2.0409871	0.26455	0	0.497512	1.5176106	2.457334	0.63475	0.746268	4.5177861	3.728347	0	2.060862	11.255769	5.75137	1.830199	0	0.248756	2.8482104	0	0	0	3.421203	0	5.0386151	0	0	0.248756	1.256752	0.344828	2.046742	0.248756	3.272924	3.549595	0.942283	10.919074	1.42592	3.9225	0.854063	0	0	1.09063	0.205357	0	2.954949	0.710978	0.223214	6.0463339	10.415739	15.99031	23.107853	2.745871	4.9082317	7.877454	5.227209	5.932203	3.730132	0.9842637	7.802036	8.497629	9.140792	9.2614867	4.5844004	0	0.248756	0	1.501254	0	1.274951	2.324483	11.788675	0.5749212	1.191039	0	0.719533	3.558918	4.620801	0.431427	6.956508	0.42496	6.238689	1.134328	13.416816	0.199005	6.243862	0	1.2505344
K00525	2.9338846	0.6798291	0	6.2252311	0	23.830796	0	0.324252	0.0611995	3.3797434	5.724635	0.7881686	1.287438	0	0.4307069	1.6731374	0	21.1593038	0	15.912101	0	0	0.66294	1.9514531	5.8353722	1.1943088	0.144928	6.7648491	0.5392241	0.122399	0.0761759	0.2028761	5.065731441	3.8900216	0	0	3.7344741	2.86285	0.23821	3.317549	13.3651378	2.187744	0.260417	1.0793289	15.4424669	12.248543	2.9811536	0	1.2497155	7.4364292	0	0.0611995	0	5.1717022	0.0632911	10.6498747	0.2008645	0.2057323	0.2755534	5.4321221	2.436446	2.49073	0.9817535	2.3455468	9.3953851	6.325913	3.7710807	0.542171	3.2225018	2.2238743	0	0	0.398807	0	0.1338728	9.5988476	2.8522264	1.8922165	6.6827839	14.8362837	27.6514065	48.8314176	5.0073637	10.8724967	7.197094	9.7186353	26.87498697	7.124465	3.9436995	28.14991937	8.541149	9.92484575	7.9695438	4.880074	1.0954332	0	0	0.292957	0.6631802	1.0945101	0.2278478	4.9906081	0.189873	0.151057	0	1.5314757	3.7976152	5.8566398	2.1184178	1.2106685	1.8033656	2.7095027	1.1860141	10.976334	0	0.9484729	0	1.131597
K03624	0	0	0	0	0	0	0	0	0	1.24444	0.315789	0	0	0	0	0	0	0	0	0	0	0	0	0	0	0	0	1	0	0	0	0	0	0	0	0	0	0	0	0	0	0	0	0	0	0	3	0	0	0	0	0	0	0	1	2.26667	0	0	0	0	0.508772	0	0	0	0	0	0	0	0	0	0	0	0	0	0	0.72807	0	0	0	2	0	1	0	0	0	0	0	0	0	0	0.511111	0	0	0	0	0	0	0	0	0	0	0	0	0	0	0	0	0	1	0	0	0	0	0	0	0	0	0
K08281	0	0	0	0	0	0.680272	0	0	0	0	0	0	0	0	0	0	0	1.19048	0	0	0	0	0	0	0.176871	0	0	0	0	0	0	0	0	0	0	0	0.714286	0	0	0	0	0	0	0	0	0	0	0	0	0	0	0	0	0	0	0	0	0	0	0	0	0	0	0	0.163265	0	0	0	0	0	0	0	0	0	0	0	0	0	0	0	0.115646	0	0	0	0	0	0	0	0	0	2.2449	0	0	0	0	0	0	0.877551	0	0	0	0	0	0	0	0	0	0	0.904762	0	0	0	0	0	0	0	0	0
K01322	1.4492554	0.229167	0	0	0	3.3368058	0	1.67597	0	2.3520139	1.1917619	0	0.287834	0	0	0.4939898	0	5.1820019	0.08726	10.0301749	0	0	0.465116	1.933122	0.8293182	0.6174958	0	0.981772	0.148368	0	0	0	1.212234	1.1393625	0	0	0.7737416	0.534433	0.148368	0.4038329	14.3785851	0.228499	0	0.687023	5.4558286	1.130376	1.0741009	0	0.7851199	0.1635959	0	0	0	0.7084689	0	4.8192289	0	0.074184	0	2.4844439	0	2.852531	0.152672	0.6879405	2.5480124	2.05062	2.1671849	0.6629039	2.3653227	0.597281	0	0	0.835576	0.145547	0	4.4360087	0.5376948	3.43333	2.1760678	3.8295115	6.763898	7.471179	0.402227	3.269846	1.5225039	3.5261409	6.0147111	0.972516	0.7708949	5.220884	1.4913898	2.257179	1.6699188	0.8677482	0.3053172	0	0.26738	0.5565673	0.440531	0.6549938	0	2.880133	0.508175	0.541652	0.331126	0.1843269	4.276633	4.640888	0.5433118	0.7520599	7.6534823	2.6459868	0.746846	3.1496479	0	0.548961	0	0.610986
K11752	0	0	0	0.180505	0	0.244328	0	0	0	0.26178	0.526316	0	0	0	0	0	0	0.8474	0	0	0	0	0	0	0	0	0	0	0	0	0.502237	0	0	0	0	0.33434	0.0774032	0	0	0	0.3505311	0	0	0	1.093782	0.302115	0	0	0.0281974	0.459515	0	0	0	0.151057	0	1.152906	0	0	0	0.746085	0	0	0	0	0.302115	0.50856	0.0411985	0	0.463415	0	0	0	0	0.357143	0	0.453172	0	0	0.127895	0.772407	0.460342	1.619588	0	0	0.302115	0	0.581557	0.986111	0.151057	1.41994	0	0	0	0	0.170191	0	0	0	0	0	0	0	0	0	0	0	0.615959	0.167785	0.305868	0	0.569106	0.178571	0	0	0	0.136905	0	0
K07259	0.508905	0	0	0.993026	0	3.268878	0	0	0	0.5265198	0.127226	0	0	0	0.273224	0	0	3.750038	0.682648	3.949956	0	0	0	0.254452	0.763359	1.254453	0	0.127226	0	0	0	0	1.5459494	0.127226	0	0	0.200803	0.254453	0	0.2528213	6.322258	0.1558559	0	0.128535	5.499635	0	0.177305	0	0.1873484	0.614754	0	0.167785	0	0.341895	0	2.457381	0	0.409836	0	0.382838	1.159683	0.253605	0.836446	0.508906	2.134016	0.881255	1.908174	0.127226	0.548346	0.754877	0	0	1.407148	0	0	2.279353	0.35422	0	0.6351851	1.913453	3.840262	3.633452	1.021736	2.067874	1.729895	0.649695	2.9282714	3.916331	2.127674	6.444162	1.699015	0.811309	0.4493959	0.127678	0	0	0.128535	0.46875	0	0	0.0899743	1.677802	0	0	0	0	1.163402	0.2354985	0.4726011	0.255761	1.427776	0.167785	0	2.133968	0	0.759212	0	0
K12573	0	0	0	0	0	0.909864	0	0	0	0	0	0	0	0	0	0	0	0	0	0	0	0	0	0	0	0.255102	0	0	0	0	0	0	0.255102	0	0	0	0	0.510204	0	0	0.255102	0	0	0	0	0	0	0	0.255102	0	0	0	0	0	0	0	0	0	0	0	0	0	0	0	0	0	0	0	0	0	0	0	0	0	0	0	0	0	0	0	2.39626	0.255102	0	0.255102	0.369048	0	0	0	0	0	0	0.255102	0	0	0	0	0	0	0	0	0	0	0	0	0	0	0.255102	0	0	0	0	0	0	0.255102	0	0	0	0
K09811	0	0.205761	0	1.1700914	0	9.788752	0	0.537634	0	2.689988	11.871853	0	0	0	0.156379	0.205761	0	0.689987	0.4718797	13.758619	0.205761	0	0	0	5.293555	1.06956	0	9.095975	0.205761	0	0	0	1.0076333	0.205761	0	0	4.690794	0.514337	0.205761	0.144033	2.862475	1.151754	1.04938	0.205761	0.491083	4.2976234	1.188992	0	1.422315	0.29904	0	0.801097	0	3.238638	0	26.674067	0	0.205761	0.615912	1.07527	0	0.145405	0.130315	6.578877	4.4225	3.901233	9.009611	0.636311	0.746227	2.1399216	0	0	0	0	0.823045	0	1.452586	0.205761	3.108011	6.731091	16.070683	5.080884	0.6241427	3.415244	3.078188	2.697135	0.844993	0	1.073686	17.106996	2.392821	4.281525	4.024817	1.09465	0.617284	0.205761	0	0.68034	0.0823045	0	0	10.716508	0	0	0	1.028806	0.3631928	7.963996	0.979424	0.561042	0.334705	1.10288	0	3.759902	0	1.4170105	0.280899	0.48666
K03832	0	0	0	0.672646	0	8.421946	0	0	0	1.647211	2.98519	0	0	0	0	0	0	0.4355741	0	8.397362	0	0	0	0.94958	2.02521	0	0	1.001401	0	0	0	0	1.297714	0	0	0	0.420168	1.088589	0	0.630252	1.893194	0.210084	0	1.765391	0.224215	0	0.5028011	0	0.047619	0.194678	0	0	0	0.210084	0.420168	4.611835	0	0.0854342	0	0.208683	0	0.308411	0	0.210084	2.985994	0.549451	0.886057	0.058296	0.210084	1.229692	0	0	1.46919	0	0.420168	1.68123	0	0	0.68587424	4.478943	7.953907	3.021532	0.677374	1.57703	2.166669	0.59944	0.340336	0	0.210084	9.7408934	1.665391	0.208683	1.037452	0.407563	0.294118	0	0	0	0	0	0	2.579015	0	0	0	0.210084	0	1.398618	1.508324	0.403361	0	0.902401	0	2.862011	0	1.23999	0.420168	0
K03088	2.1618113	1.3489005	0	8.450476	0	107.135459	0	0.87594	0	12.8421339	24.63126	0	2.381286	0	2.499939	3.485874	0	26.702126	3.765135	20.359105	0	0	1.055439	5.975568	25.9710577	2.311915	0	89.222834	1.837791	0	0.671141	1.222982	6.490592	8.694484	0	0	5.25039	5.698134	0.434783	2.6409308	22.91071578	36.3905291	0.413223	6.557606	35.5711648	22.2242472	3.6820888	0	4.2423255	9.869952	0	1.253559	0.78151	6.4145408	0.830825	105.7261968	0	1.3081738	1.303025	10.707188	5.53363	8.4230777	2.688952	19.4842618	3.5055015	2.08949	94.9712286	0.875886	5.541914	6.193204	0	0	14.32394494	0	0.8962069	13.976283	5.020582	4.903507	15.5061906	24.9003191	36.1466475	19.7540033	10.801021	16.685849	11.3481398	17.8894457	28.220372	5.987128	7.6048237	82.537584	71.4289425	10.2389784	31.9330928	15.899768	1.4178406	0.285714	0.662644	18.1920366	0.60152	13.330186	2.246131	81.0163008	1.5409051	6.647781	0	5.678457	20.344577	45.2906219	9.7040917	7.134161	18.7586048	12.1684155	2.002958	45.9415209	1.232019	69.5222701	0	7.622301
K06901	0	0	0	0	0	0.25974	0	0	0	0	0.574314	0	0	0	0.0796537	0	0	1.910821	0	0.444444	0	0	0	0.25974	0.12987	0.115152	0	0	0	0	0	0	0.51948	0.258009	0	0	0	0	0	0	2.117171	0	0	0.352092	2.322078	0.12987	0	0	0	0.12987	0	0	0	0	0	0.12987	0	0	0	0	0.252814	0	0	0	0.12987	1.60433	1.552364	0	0.142857	0	0	0	0	0	0	0	0	0.0510822	0.38961	0	2.21695	3.440148	0	3.082188	0	0.387013	1.043376	0.25974	0.12987	3.61212	4.210391	0.5574021	0	0.12987	0.12987	0	0	0.38961	0	0.25974	0.12987	0.615584	0	0.12987	0	0	0.3281383	0.12987	0.12987	0.12987	0.38961	0.142857	0	0.12987	0.25974	4.49264	0	0.331313
K06207	4.7319132	0.102881	0.177858	0.105708	0.771226	13.586152	0	1.057341	0	4.760167	3.275524	0.377335	0.2857709	0	1.3243781	1.3762521	0.181488	52.6763345	0.437798	14.5625332	0.43821	0	0.53176	4.2885152	4.1342982	1.1518516	0	5.756393	0.7209961	0	0.181488	0.151515	5.9882371	2.780553	2.026666	0.647912	1.711483	3.1294181	0.105004	1.6513151	20.1974062	2.4339517	0	2.2478016	20.5808643	9.5953352	2.6614611	0	1.319969	3.3362484	0	0.715429	0	3.4315601	0	28.386156	0.0907441	0.2574111	0	4.047826	6.552319	3.9779165	0.470761	3.15733	6.3726231	4.4708262	6.6148924	4.7295375	3.8445972	2.078263	0	0	0.181488	0	0.128205	7.2450111	3.0361262	0.9478634	9.6543561	9.1489558	20.256047	19.095089	5.5868141	9.926822	2.667874	11.960472	10.4975088	20.898605	4.5177776	10.169998	10.754718	2.0866194	3.4738162	1.2242487	0.6194801	0.181488	0	0.2540368	0.0907441	0.484518	0.0907441	4.7384241	0.480769	0.0907441	0.0889292	4.294978	4.0830711	4.1965011	1.4828172	0.3471541	3.1549411	1.0292909	1.8280525	5.3116631	0.0907441	1.1720173	0	0.439419
K02377	0.7211355	0.545317	0.2849	0	0	9.5566461	0	0.466685	0.14245	13.273301	2.885137	0.14245	0.19943	0	0.7297547	0.841405	0	8.3644754	0.499593	14.3124	0	0	0	2.6553237	1.2323551	1.5028008	0	4.0428017	1.067426	0	0	0.139665	1.1031384	1.349606	0	0	1.754943	1.211625	0.143266	0.569117299	9.024819	0.42735	0	2.496675	11.227125	2.032046	1.8796777	0	0.528014	2.020692	0	0.2849	0.2849	0.79567279	0.2249128	11.936498	0	0.285716	0.569801	2.493257	0.978296	2.2513251	1.282051	2.0653433	6.42733	3.002853	9.5053927	1.206129	3.9742304	1.507122	0	0	0	0	0	3.304694	3.8493977	0.7832243	5.62305	4.574491	15.420427	15.095187	4.4377961	8.80479	3.9578491	6.828143	9.768055	4.151778	5.22317	13.022886	5.943754	5.3513214	3.7018784	0.2098767	1.22697	0	0	1.634654	0.845137	2.2860571	0	6.434943	0.711443	0.849953	0	1.53157	1.261556	4.403278	0.793186	0.7359921	4.0161995	2.6660443	0.8281741	8.2104904	0	7.0050654	0	1.203703
K09812	2.861737	0.847321	0	0.806452	0.455099	38.625796	0	0.921043	0	5.4724018	9.601496	0.22831	1.083712	0	1.447155	1.612539	0	29.347089	1.422098	29.585114	0	0	0	3.978598	7.006529	1.60263	0	9.701357	1.928823	0.171994	0	1.251256	5.030362	1.854832	0.800839	0	1.2516385	2.483984	0	1.608555	15.044651	2.010991	0	1.52115	20.540418	7.976885	4.6965114	0	1.420943	10.71123	0	1.452104	0	3.915618	0	31.549375	0	0.496301	0.251256	5.830465	6.996148	1.785935	2.5654187	3.117233	6.653643	3.374543	4.07372	3.579558	7.641171	4.87555	0	0	0	0	0.141509	6.440345	0.842457	1.909012	6.608275	16.540649	34.132065	24.817093	8.18265	11.493696	15.6596322	9.366275	18.293324	28.200885	2.585987	34.352121	8.87747	3.648714	6.926325	1.481242	1.749803	0.284256	0	3.281945	0.502512	0.921082	0	28.890648	1.237565	1.935109	0.351759	5.964494	8.982815	13.696652	6.467619	2.636812	9.955896	14.046872	1.7249479	11.586486	0.448911	5.495809	0	2.215618
K06153	1.024972	0	0	0.467836	0	16.231072	0	0.303483	0	3.973082	4.704653	0	1.016663	0	0.19305	0.536679	0	17.2474987	0.229358	18.307505	0.19305	1.33848	2.95359	1.428004	3.500377	0.384813	0	1.991846	0	0	0	0.123769	1.9147339	1.150492	0	0	1.5166293	2.137411	0	0.633378	8.17578	0.9705612	0	1.356261	10.7424102	0.964409	2.1351821	0	1.096512	0.66857	0	0	0	0.752911	0	19.990659	0	0	0	1.4187575	0.793651	0.7605585	0	1.327794	3.940057	2.78507	7.021062	1.742147	3.803092	0.3861	0	0	0	0.421941	0	0.129987	0.4391817	1.397819	6.371854	8.662851	16.716358	15.2242904	0	4.987619	3.405234	3.130214	6.960598	0.3097354	1.385929	0.7670011	5.720726	2.861131	1.8369172	0.787663	1.195901	0	0	0.40402	0	1.02813	0	10.742988	0.790123	0.21097	0	1.181369	0.344585	2.9606642	1.2777461	1.398872	1.657553	2.591936	0.378444	5.873629	0	1.0373	0	0.752896
K00342	2.378115	0.3883989	0	1.5243594	0	40.490696	0	4.793689	0.110132	22.2997929	8.668912	0.6737794	1.850164	0	1.144094	1.7252109	0.110132	38.9486705	0.53671	110.067022	0.519075	0	0.520558	3.986053	2.9397635	3.2354615	0	2.9312708	0.880323	0	1.4822049	0.694567	7.68138	2.33554	0	0.440528	4.0925089	7.5782255	0.1468427	2.051269	20.595866	4.1784211	0	9.433112	36.5461244	2.76149	7.439236	0	1.354624	10.465949	0	1.635773	0	2.0646099	0.110132	21.3780015	0.110132	0.880323	0.1607928	8.7492539	2.056534	1.354536	0.9060194	4.647543	18.173288	6.66079	11.2335124	5.6965071	7.9802944	4.64601	0	0	2.521856	0.129222	0.220264	6.626927	2.5856728	0.770924	11.085895	55.717026	44.16312	35.155778	10.610318	28.155833	10.229779	18.798432	13.3734349	17.5565596	5.58234	29.1028	63.164292	5.954898	4.412777	8.5860057	1.5036696	0.327459	0.220264	2.5242966	0.4897204	1.5814974	0.909692	14.857371	1.0947133	1.2679869	0.55066	2.567958	3.500731	5.005226	1.861968	1.41765	9.1138099	6.9170533	0.991188	50.405694	0.440528	33.759959	0.110132	2.6302756
K05516	2.754577	0	0	0.822344	0	16.973742	0	0.782051	0	15.236307	2.852345	0.954213	1.193615	0	1.216117	0.594453	0	25.05794	1.80586	37.199106	0	1.0989	0.388278	3.336995	12.865475	1.645824	0	5.558611	0.214286	0	0	0.542124	4.378035	0.804029	0	0	6.459713	3.694139	0.274725	1.056777	10.945061	0.111722	0	2.472526	28.752414	11.452382	2.832174	0	0.373626	1.07143	0	0.274725	0	2.129848	0	7.553072	0	2.24703	0	4.346156	4.78938	1.930403	0.617565	7.080583	18.951117	0.197802	2.82088	0.666667	3.327837	2.054862	0	0	1.92308	0.967207	1.648355	42.277885	0.155678	1.82967	8.379114	35.178937	18.179491	27.932851	9.659336	37.657304	13.603831	26.710967	47.577353	13.418496	3.8910136	26.2527	10.776548	2.172161	3.851212	0.54945	0.404762	0.761904	0	0	1.92308	1.755952	0.274725	20.195978	1	0.54945	0	2.893777	2.978981	6.14835	4.843661	1.717948	5.924906	2.919936	1.496337	8.463002	0.274725	1.144689	0	0
K00215	0	0	0	0	0	0	0	0	0	0	0.829457	0	0	0	0	0	0	0	0	0	0	0	0	0	0	0	0	0	0	0	0	0	0	0	0	0	0	0	0	0	0	0	0	0	0	0	0	0	0	0	0	0	0	0	0	0	0	0	0	0	0	0	0	0	0	0	0	0	1.66667	0.27907	0	0	0	0	0	0	0.641667	0	0	0	0	0	0	0	0	0	0	0	0	0	0	0	0	0	0	0	0	0	0	0	0	0	0	0	0	0	0	0	0	0	0	0	0	0	0	0	0	0
K01923	1.081149	0.187266	0	0.691176	0	9.70881	0	0.820225	0	3.050409	4.0601777	0.144819	0.212235	0	0.502433	0.163546	0	8.4007528	0.5	11.447527	0	0	0	1.12235	4.202247	0.561798	0	2.056179	0.4538971	0	0	0.187266	1.848943	0.858926	0	0.247191	0.68275	1.123596	0	1.110108	6.784354	0.7932289	0	1.018727	4.151079	5.378235	1.225968	0	0.771848	4.477516	0	0	0	1.300874	0	16.886227	0	0	0.263421	2.23221	0.56804	1.55462	0.374532	3.638084	3.7228425	2.038702	2.64092	0.329588	4.7290927	1.877653	0	0	0	0.354557	0	2.372649	0.624532	0.380774	1.98377	9.819872	9.398567	11.122585	2.694132	6.578214	2.1161023	9.750773	5.491885	2.99625	2.0995393	7.3320808	3.878447	1.971903	2.702919	0.513109	0.702871	0.187266	0	0.991261	0.144819	1.241261	0	9.644967	0.174782	0.374532	0	0.93633	3.812739	6.7127123	1.248234	0.374532	1.714329	4.361296	1.116105	2.997508	0.187266	1.268415	0	0.187266
K06949	0.918474	0.414923	0	0	0	3.174014	0	0	0	0.621038	0.65526	0.21645	1.756933	0	0	0.0639098	0	5.096212	0	5.56855	0	0	0	0.520681	1.451181	0.190114	0	0.965323	0.311547	0	0	0	1.519237	0	0	0	1.356191	0	0.359712	0.665637	1.933576	0.315747	0	0	2.6341	0	0.406504	0	0.188679	1.450314	0	0	0	0	0	2.270755	0	0	0	1.349456	0.187421	1.075277	0	1.188679	1.109219	0.330667	1.726675	0.573503	2.231766	1.013215	0	0	0	0	0	2.578259	0.493532	1.329981	0.98146	2.473148	3.774166	9.016498	0.188679	1.5746339	1.68805	0.55302	8.186135	2.407843	0.436478	8.9522	1.188679	1.681967	0.565328	0.801802	0.188679	0	0	0.338123	0.188679	0.319497	0	4.116238	0	0	0	0	3.191819	2.569095	0.101504	0	1.2776674	1.339404	0.21645	1.20426	0	0	0	0
K03426	0	0	0	0	0	0	0	0	0	0	0	0	0	0	0	0	0	0	0	0	0	0	0	0	0	0	0	0	0	0	0	0	0	0	0	0	0	0	0	0	0	0	0	0	0	0	0	0	0	0	0	0	0	0	0	0	0	0	0	0	0	0	0	0	0	0	0	0	0	0	0	0	0	0	0	0	0	0	0	0.213115	0	0	0	0	0	0	0	0	0	0	0	0	0	0	0	0	0	0	0	0	0	0	0	0	0	0	0	0	0	0	0	0	0	0	0	0.114428	0	0
K21573	3.7128114	0.24668	0	10.7303936	0.190114	13.2359617	0	2.543311	0.0514403	28.1586643	8.1660103	0.7103983	0.989764	0	0.665266	3.152075	0	31.24687898	1.9890819	21.409942	0.1522463	0.0514403	1.277737	6.82654845	4.1623378	1.7060958	0.145695	2.7075946	0.7997921	0	0	0.4152797	3.4068164	5.4374807	0	0.467507	7.535151	2.7754606	0.233991	3.8935393	39.691973	0.472543	0	1.9166278	61.9748417	8.827593	2.187885	0.2976581	4.5490795	18.5109811	0	0.917756	0.078125	1.07890171	0.984261	5.44989825	0	1.657913	0.7613503	14.635133	1.734662	1.9316776	1.6995666	5.1562303	19.710007	4.5441298	4.2594364	2.4934419	13.38954329	1.735478	0	0	0	0	0.2164573	5.7098893	5.5579826	1.5564515	27.429669	9.8320574	17.2488343	24.4945001	2.047284	12.3008417	7.1544122	10.0635105	43.8837431	12.216441	5.37620263	31.3323915	11.1650533	4.8557771	7.7293375	2.461387	5.3583306	0.285897	0.108168	8.9309027	19.662825	1.100821	0.205298	8.0176304	7.8266146	0.3937355	0.0550055	2.9169644	3.8628693	10.3615133	1.9198482	1.767963	46.4082598	6.7471863	1.4745246	4.1715418	0.1614513	8.1786198	0.249448	3.5219405
K18785	0.18797	0.204082	0	0.762381	0	11.577397	0	2.068708	0	2.792317	3.493738	0	0	0	0.964102	0	0	9.172188	0.894808	1.2453751	0	0	0	1.911411	2.9374615	0.540241	0	1.687931	0.868235	0	0	0	3.5713882	0.57387	0	5.217818	5.833587	1.291299	0	1.243281	6.757099	3.347948	0.934579	3.568887	4.364433	2.114149	2.879457	0	0.466957	2.387131	0	0.35461	0	0.5226026	0	4.1705354	0	0.18797	0	0.181818	1.383597	2.858302	1.251664	5.084701	7.843101	0.79924	1.376179	1.241114	2.346937	1.050453	0	0	1.414544	0.270468	0.930233	0.7446941	8.668874	0.823688	5.266269	8.868148	12.8609484	3.107227	5.455757	6.355987	0.5362352	6.827494	7.259472	6.077815	2.009538	12.118826	19.355963	1.062816	2.1602143	1.9702462	0	0	0.18797	1.440819	0.18797	0	0	3.91657	0.18797	0	0	2.548329	0.2779332	3.780844	1.052257	0.441212	0.808061	1.050035	0	3.39647	0	3.422012	0	0.179211
K00609	0.548872	0.10401	0	0	0	8.7826361	0	0	0	2.899426	4.01439	0	0.563752	0	1.224311	0	0	4.413612	1.015852	9.9353578	0.18797	0	0	0.356523	3.029758	0	0	3.3550567	0.981618	0	0	0.819083	0.627819	0.638833	0.383142	0.0716981	1.412243	0.602757	0.191571	1.0406111	3.0698451	0.56391	0	0.9697071	3.1936612	10.24195	1.292466	0	0.341227	0.7802269	0	2.19424	0	0.567511	0	6.746934	0.2844612	0	0.085213	1.422306	1.93108	1.486857	1.771613	1.598276	3.9821716	3.655389	2.477882	0.191571	1.504469	1.112782	0	0	0	0	0	2.993557	0	0.256014	1.92558	3.238948	7.841755	5.1954413	0.784502	2.493737	2.319545	1.683835	3.704378	3.948913	1.774319	7.79449	3.216137	0.188324	1.862281	0.37594	0.0776942	0.0839599	0	1.401044	0.18797	0.18797	0	11.878951	0	0.37594	0	0.684052	2.071006	5.4398043	1.660776	0.37594	1.64528	2.711466	0.18797	2.4548914	0	1.281639	0	0.546448
K06942	0	0	0	0	0	1.47799	0	0	0	0.943396	0.628931	0	0	0	0	0	0	0	0	0	0	0	0	0	0	0	0	0	0	0	0	0	0	0	0	0	0	0	0	0	0	0	0	0	0	0.455975	0	0	0	0	0	0	0	0	0	0.786164	0	0	0	0	0	0.471698	0	0	0	0	0.157233	0	0.157233	0.157233	0	0	0	0	0	0	0	0	0	0.157233	0.157233	0.458071	5.10273	0.314465	0.314465	0	0	0	0	0	0	0	0	0	0	0	0	0	0	0.39413	0	0	0	0.628931	0	0.157233	0	0.314465	0.312369	0	0	0.454927	0	3.6153	0	0	0	0
K12410	0	0	0	0	0	0	0	0	0	1	0	0	0	0	0	0	0	0	0	0	0	0	0	0	0	0	0	0	0	0	0	0	0	0	0	0	0	0	0	0	0	0	0	0.19337	0	0	0	0	0	0	0	0	0	0	0	0	0	0	0	0	0	0	0	0	0	0	0	0	0	0	0	0	0	0	0	0	0	0	0	0	0	0.968692	0	0	4.50645	0	0	0	0	0	0	1.10145	0.209945	0	0	0	0	0	0	0	0	3.09208	0	0	0	0	0	0	0	0	0.644928	0	0	1.19705	0	0.482505	0	0
K03340	0	0	0	0	0	0	0	0	0	0	0	0	0	0	0	0	0	0.891156	0	2	0	0	0	4.14894	0	0	0	0.619048	0	0	0	0	0	1.5461	0	0	0	0.77551	0	1.57447	0	0	0	0	8.87234	0	0	0	0	0	0	0	0	0	0	0	0	0.780142	0	0	0	0	0	0	0	0	0	0	0	0	0	0	0	0	0	0	0	0	0	2.077436	0	0.787234	0	0.900709	0	0	0	0.893617	0	0	0	0	0	0	0	0	0	0	0	0	0	0	0	0	0	0.716312	0	0	0	0	0.893617	0	0	0	0	0	0	0
K00075	0.8855425	0	0	0.265957	0	8.1221988	0	0.132404	0.348432	1.118907	1.884527	0	0	0	0.16144	0.174216	0	6.240862	0	4.794131	0	0	0	0.977011	3.540157	0.650509	0	1.263647	0	0	0	0	1.092679	0.9310001	0	0	1.768719	0.862069	0	0.283935	9.358323	1.826362	0	1.718632	3.331924	2.7663892	0.7147386	0	0	0.527003	0	0	0	1.25107	0	8.183102	0	0	1.05029	0.427694	1.736484	0.522648	0	1.731329	0.902582	1.32636	2.898119	0	1.191316	0.927714	0	0	0.437427	0	0	3.0412518	0.174216	0	0.229358	5.942385	9.7024462	8.7072454	2.715553	3.674137	1.336879	1.965246	1.859091	1.9149535	1.233696	5.599482	3.5033236	0.348432	4.065914	4.152841	0.326365	0	0	0	0	0.859195	0.175439	3.590273	0.2198834	0.869919	0.259649	0	1.496129	4.7569971	1.053249	0.953382	2.996049	0.43858064	0.473617	2.9157444	0	2.795323	0	0.00348432
K03043	14.1282852	3.5966685	0.3966496	21.6675417	0.613265	119.852428	0	14.962722	1.389941	77.356738	30.553151	3.6899846	13.7242359	0.3831801	7.3436572	6.1151212	0.1129772	172.734234	2.5801055	457.294452	0.5620245	0	1.027609	24.1476597	27.058297	10.6626539	0.0409836	52.2364945	2.7088277	0.162999	1.792942	2.8464626	38.0158379	19.6800267	0.64458	3.1022937	25.42639907	20.6278653	0.394467	12.009808	73.095202	13.078025	0.870783	21.865574	157.338375	35.560032	28.6042369	0	6.0363692	42.532607	0	1.1021536	0.2584646	7.1097379	2.182421	117.050781	0.2795593	3.2934856	0.4674156	41.624664	6.9442391	22.31465	4.4273964	16.5575282	68.765968	14.9949629	44.446761	15.067314	39.085016	18.1004157	0	0	0.488998	4.220338	0.7452846	54.662878	8.4800787	7.5343496	45.695293	111.396618	286.785668	269.6335	57.1982823	59.028073	42.5067343	71.493649	90.6085781	48.101598	17.851632	162.9788804	41.2264629	27.081843	31.515147	11.7471168	7.1057313	0.6372814	0.1322597	4.9973315	21.9247556	4.730176	0.7874641	70.2009	1.331398	2.7881543	0.5407821	10.2290288	10.839049	15.9602666	9.586107	5.920309	16.9450141	14.204451	3.0271997	56.2305653	0.529971	10.6743573	1.2017623	0.8413451
K07443	0	0	0	0	0	0	0	0	0	0.47619	0	0	0	0	0	0	0	0	0	0	0	0	0	0	0	0	0	0	0	0	0	0	0.104762	0	0	0	0	0.155556	0	0	8.14583	0.0571429	0	0	0.171429	0	0.0253968	0	0	0.104762	0	0	0	0	0	1	0	0	0	0	0	0	0	0	0	0	7.13016	0	1	0	0	0	0	0	0	0	0	0	0.971429	0	0	0.47619	0	0.463492	0.473016	0	0.326984	0	0	0	1.16508	0.51746	0	0.453968	0	0	0	0	0	0	0	0.120635	0	0	0	0	0	0	0	0.44127	0	0	0	0	0	0	0	0
K02601	10.88692	1.7638184	0	6.044572	0	306.157696	0	20.347775	0.47619	137.702484	80.3968	9.203687	21.75677	0	8.374351	9.433388	0.666667	31.438938	7.343603	443.050504	6.977086	1.17671	7.492711	3.328205	71.120205	21.0852651	0.378788	130.535848	11.113798	0	1.6277838	0.182957	47.9007	2.941566	0	3.299913	44.725139	44.19934	0.684343	24.871166	71.109655	36.9498833	1.644111	95.070188	2.551382	36.60148	53.508276	0	9.69359	60.598199	0	5.706585	0	25.32448	6.92402	526.563601	0.225564	1.66416	1.5438395	11.8786581	2.468613	23.065356	7.57512	87.740598	98.975104	3.930332	250.26301	15.607745	44.168497	33.82715	0	0	107.680878	0.52381	3.803034	13.316905	32.934563	5.459329	59.990221	188.533807	622.647277	145.657476	44.71496	157.972741	65.6886	147.812981	16.462251	3.190758	168.633879	288.213861	77.924509	62.41688	125.317378	44.749425	8.572648	0.857485	1.409088	15.888406	2.785216	9.013228	5.069834	68.449552	4.046339	6.294088	0	0	4.071583	50.248627	10.63931	9.44366	1.661294	14.777905	3.12622	180.224817	0.4213945	110.654044	0.0350877	3.1613836
K07263	2.6761557	1.040765	0	3.3065727	0.502588	24.1320736	0.0551268	10.6354185	0.0561798	13.490846	2.5541143	11.46094752	1.5830611	0.179533	0.9048079	1.8522702	0	21.6139453	1.3615921	20.815758	0.1264301	0.112486	0.2378221	8.6122543	4.439735	1.099346	0	9.640107	5.7380049	0	0.47769	0.7060295	6.6989719	3.648971	0.337083	0.4987755	3.2155451	4.1765004	0.0974659	2.7649834	30.8679935	1.8446585	0.106496	8.7538691	16.5600638	6.2701446	4.6037754	0	1.8816851	10.0198605	0	2.0410904	0.166497	2.1858608	1.349307	26.2869882	0	1.2773388	0.9088541	7.8306023	0.9198532	3.6262061	1.327111	11.7312321	22.3727764	27.5889241	9.8976012	4.3565746	8.3137379	1.6582548	0	0	2.6135094	0.15656	1.4140384	21.0622542	1.8479675	3.9044424	10.4334361	30.213976	28.7689484	22.0327888	8.3988481	13.1842697	14.0365805	21.3813943	20.99583975	8.3520944	4.314755	26.9619454	19.4527966	4.9799093	4.1983216	2.8952744	2.4865934	0	0.1979678	5.8184428	0.8262218	1.7244327	0.440349	10.8516324	0.5798095	1.4588124	0	2.770241	2.4093005	9.4328866	1.714253	0.7080096	6.7711016	5.4384593	1.5981225	20.5105595	0.1124228	14.4450325	1.4389176	1.4068375
K05970	0	0	0	0	0	1.5567139	0	0	0	0.5382832	0.1557632	0	0.155763	0	0	0	0	0.542751	0	1.9890922	0	0	0	0	0.2336446	0.3300598	0	0.3110076	0	0	0	0	0	0	0	0	0.1604363	0.155039	0.241546	0.0155039	0.8060752	0.2420561	0	1.0486212	0	0	0.0778816	0	0	0.0778816	0	0.232558	0.2303402	0.0778816	0	0.9812329	0	0.155763	0	0	0	0.0775194	0	0.4887466	0.311526	0	0.4699977	0.0778816	0	0.2029341	0	0	0.624934	0	0	0.116279	0.232558	0.0773624	0.0778816	1.2293602	1.5087301	0.593681	0	0.3465899	0.1941606	0.2358316	0.1190463	0.6572096	0.2741589	1.9862015	0.3990188	0	0.5498426	0	0.2332824	0	0	0.292969	0.0775194	0	0	1.6438372	0	0	0	0	0.0721703	0.272042	0.0778816	0.155401	0	0	0	1.5626355	0	0.8522455	0	0.0753012
K09680	1.927632	0.116006	0	0	0.612335	7.8621448	0	0	0	0.438424	4.464506	0	0.881057	0	0.660793	0	0	10.157662	0.0690162	9.070487	0	0	0	2.962147	3.70267	0.220264	0	2.758275	0.418129	0	0	0.218796	0	0.220264	0	0	2.093974	1.79047	0	0.440528	2.1718049	0.600666	0	0.857562	4.803181	5.208057	0.440529	0	0.105727	0.57251	0	2.2911	0	2.27459	0	4.749905	0	0	0	0.601355	2.3592	0.220264	0	0.58884	0.657856	2.81938	5.616353	0.220264	0.5474424	0.881058	0	0	0	0	0.220264	1.303766	0	0.631991	2.511296	2.53111	6.909062	5.972812	4.159221	2.777282	3.345082	0.81351	4.331868	1.767986	0.51717	8.4743	2.731025	1.518216	1.828556	0.727155	0	0	0	1.262849	0.220264	0	0	0.6992556	0	0	0	0.220264	0.220264	2.110981	0.220264	0.594094	1.29032	0.229358	0.220264	1.623422	0	0.220264	0	0
K07173	0	0	0	1.15652	0	2.904251	0	2.58544	0	1.739131	0.854951	0	0	0	0.780616	0	0	5.437613	0	5.333302	1.143203	0	0	1.0058	0	0.926357	0	1.506571	0.307246	0	0	0	0.724523	0.837733	0	0	0.431884	0.507246	0	0.530046	3.408155	0.431884	0	0.73913	3.848932	1.576273	0.4318844	0	0	0.420168	0	0	0	0.434783	0	2.7460792	0	0	0	0.352713	0	0	1.883201	2.075362	3.55801	6.48986	0	0	0.840485	0.434783	0	0	0	0	0	0.243478	1.56792	0	3.539897	3.8811089	7.49814	8.8969251	1.30435	0.881212	1.28829	1.889935	4.780226	0.553675	0.816893	5.655098	1.65209	1.446429	1.263209	0.166667	0.397101	0	0	1.416459	0	0	0	1.30435	0	0	0	0	0	1.332981	0	0	3.71594	0	0	0.397101	0	0.446429	0	0.429119
K01886	1.7614372	0.2243467	0	3.5859128	0.382409	23.4155294	0	2.6707864	0.1107826	5.2168167	3.1884601	0.7526114	0.191205	0	0.7176586	0.427994	0	15.1596246	0.7190446	13.7944838	0.1912046	0	0.478012	3.5628657	5.1225756	1.0020168	0	3.657004	1.000032	0.310024	0.382409	0.3379272	2.830819	2.5742568	0	0.560777	1.1378473	1.355177	0	2.5068784	11.2123729	4.0146569	0.572339	4.2613146	11.199883	14.1304948	4.1268207	0	0.888063	4.0891669	0	1.1427663	0.0954198	1.0936475	0.3467181	24.559099	0	0.8608803	0.961102	4.4065451	2.952738	3.0170233	0.477375	2.3632916	4.3265643	5.3466185	4.4071309	1.3357957	6.1905668	2.3492672	0	0	0.3079163	0.212314	0.3824093	5.1001386	10.1158849	2.968579	4.859151	10.8325677	20.0234003	13.6483146	8.2301266	11.6029373	10.033087	10.190712	17.2772565	11.569457	3.2592624	14.2477233	5.5148553	2.7865539	6.0262249	6.0608109	0.6614686	0	0.191205	2.0093363	0.769373	0.9451873	0	9.7510488	1.8875406	0.733599	0.0464377	2.6460256	3.7346762	7.6116245	5.1876922	1.6248956	4.127386	2.6590732	0.5746079	9.099289	0.1599745	12.2304373	0	0.739913
K00339	0	0	0	0	0	18.37433	0	2.405125	0	6.53077	5.912818	0.905128	0.374359	0	0.769231	0	0	0.592308	0.464103	37.41023	0	0	2.18462	0.384615	2.615385	1.06667	0	6.471795	0.384615	0	0	0	2.638465	0.584615	0	0	2.974361	1.328205	0	0	3.402561	1.330773	0	1.54872	1.30769	1.15385	0.384615	0	0.384615	0	0	0.366667	0	0.548718	0	15.99234	0	0.858974	0.269231	0.738461	0.305128	1.528205	0	3.174357	8.648714	0.497436	1.7461541	0.376923	0.551282	2.63846	0	0	0	0	0.623077	0.215385	0.220513	0.4205124	2.284613	11.31795	5.42052	7.05641	0.769231	5.09487	4.166671	9.71282	1.441026	0.610256	2.0230721	15.997459	6.407691	2.346154	3.046161	3.52564	0.769231	0	0	0.384615	0	0	0	8.56666	0	0	0	0.0589744	0	2.379487	0	0	0	0.997436	0	0.602564	0	1.592303	0	0
K00784	0.390625	0.196078	0	0.196078	0	4.430234	0	0	0	1.580822	0.961232	0	0	0	0	0	0	8.113988	0.190114	5.856064	0	0	0	0	0.746514	0.582997	0	0.62346	0.471667	0	0	0	0	0.585938	0	0.0891632	0	0	0	0.205739	2.911192	2.735586	0	0.649351	5.891132	0.475081	0.357414	0	0	0.183777	0	0	0	0.2750316	0	6.410448	0	0.190114	0	2.6362039	0.0915033	0.795944	0	2.0851598	1.5891392	0.318356	2.305578	0.752852	0.593561	0.605959	0	0	0	0	0.617284	1.330729	0.251256	0.406504	0.313183	1.694918	4.819995	3.8472576	0.19084	1.549878	1.15663	0.355742	1.452848	0.636192	0.827413	4.034199	1.3172373	0.82373558	1.512419	0.507634	0	7.40131	0	0	0	1.161134	0	3.538649	0.196078	0.16732	0.392157	0.645581	0.0735108	2.02576	1.214143	1.930076	1.162099	1.601903	0	3.911405	0.175163	4.878968	0	0.571247
K03076	21.933269	4.215335	1.288768	52.795501	1.305629	111.03439	0.542402	41.729404	0.377834	104.742456	68.353528	7.84668	15.883887	0.52141	17.135306	7.261575	0	223.586818	4.203783	545.773874	1.115869	0.251889	4.682802	25.097279	44.21613	8.710579	0	61.647059	14.442107	1.170143	8.35333	7.5355352	30.993451	18.669375	2.22838	4.363263	31.386319	25.788108	0.193115	15.234125	92.33504	11.070204	1.841005	20.304918	216.708277	41.914938	21.672471	0.162888	6.028851	44.91985	0	7.298047	0	10.146203	5.606745	85.5026	0.505458	4.373634	0.9464336	63.16794	28.728242	16.10072	8.176566	76.836444	104.4470565	25.74311	44.91142	25.911166	59.052389	14.400849	0.0789253	0	9.017191	0.9395465	3.416386	45.486153	9.653159	13.57183	62.801414	115.243805	179.070256	230.5180286	84.610588	85.91759	42.853713	100.82422	114.252765	80.07513	20.277785	173.19327	53.324745	46.041211	45.248638	25.83295	4.040419	0.125945	0.766719	4.8627626	1.265199	3.453399	1.709385	44.468992	2.930784	3.483765	0.462636	9.59781	5.783195	23.115126	8.546512	3.528295	17.1801476	11.684875	2.883948	44.052272	0.252849	7.819812	0.0335852	1.640638
K03308	1.034246	0	0	4.62672	0	6.719343	0	1.347106	0	3.9904807	1.029499	0	0.86697	0	0.123762	0	0	11.404931	0	17.5899735	0	0	0	0.645214	0.762954	0.117987	0	0.521883	0.117162	0	0.247525	0	0.674092	0.371287	0	0	0.45256	0.231023	0	0.651515	4.1383359	0.362211	0	0.226244	13.717808	0.1930689	0.371286	0	0.123762	0.740269	0	0	0	0	0	0.7783383	0	0.371287	0	1.4808798	0	0.137741	0.123762	4.522246	8.284412	1.88779	0.768044	0.5300437	1.3203862	0.49505	0	0	0	0.866337	0	2.287403	1.803178	0.431517	1.272001	2.492615	3.255061	6.854481	1.127744	2.9207284	5.007427	4.3440329	7.22153433	2.107677	2.389342	12.4002093	5.7728359	2.026917	0.79868	0.371287	0.370462	0	0	0.2061547	0	3.385266	0	6.2582642	0	0	0.235974	0.710395	0.123762	2.679454	0.742474	0.0668317	0.883693	0.404661	0.123762	0.796204	0	0.371287	0	0.135314
K18682	0.215517	0	0	0.301724	0	21.959327	0	0.568118	0.144509	9.35349	19.77297	1.809181	3.046	0.107759	0.360026	1.205688	0	0.57267	0.638267	58.54661	0.1969515	0.646552	0	0.300578	11.91096	1.693695	0.107759	11.81024	0.360026	0	0	0	2.041353	0.144509	0	0	6.006139	0.958557	0	0.720051	5.53263	1.597493	0	1.850346	0.323276	3.02627	1.713848	0	1.332891	1.185299	0	0.10273	0	3.002605	0.638873	40.50993	0.107759	0.252268	0.215517	1.849969	0	1.23094	0.806977	10.86783	11.73269	0	9.052906	0.761718	0.862069	5.66167	0	0.37069	0.862069	0	0.901311	1.21884	1.000831	0.251304	4.947156	10.2791	30.09776	13.81282	3.790323	7.48756	9.139	8.13668	1.640646	0.088632	1.963203	31.037	3.94028	5.22513	9.55215	3.11776	1.687816	0.122126	0.144509	0.647988	0.215517	0.215517	0	18.506038	0.396776	0.745802	0	0.107759	1.230778	17.04135	1.078417	0.954023	0.107759	5.508281	0.659782	13.05273	0	2.409973	0.368741	0.466954
K02933	28.582191	6.329485	0.264069	42.237736	0.393285	169.623828	0.486811	34.386603	0.789954	132.997104	47.358449	10.857858	17.169786	0.282974	9.805977	6.566461	0.359712	253.3906825	9.224003	441.5671	2.501262	0.394977	11.332258	46.92341	31.060225	20.100428	0.282974	48.710393	59.156322	0.719424	6.159786	6.5961392	50.479886	33.694162	1.35252	2.218221	25.290433	38.060951	0.297362	18.125315	129.702637	27.785149	1.65517	63.0095468	235.841612	25.770377	38.680026	0	8.904187	56.469821	0	7.999999	0.317352	6.142761	5.225552	116.884928	1.06189	8.4688171	2.769174	75.983795	17.483649	37.239479	15.853173	51.09322	111.453104	28.453196	118.803619	25.825778	142.818205	24.942402	3.805752	0	28.25657	0	0.8488226	50.642636	22.8032203	55.963533	78.788398	181.537642	311.328449	251.6825487	80.149579	112.689981	39.985541	93.332606	202.040352	97.094773	79.45045	217.2652674	263.436448	64.188182	39.927696	49.156766	9.080442	57.582775	0.807266	8.117751	3.624743	5.506552	2.155694	61.162791	4.458035	5.184308	7.280618	14.6767889	12.118832	21.214898	6.324692	27.986316	26.929925	17.572952	2.827243	162.040049	1.619132	79.968754	0.83693	6.013118
K15987	0	0	0	0	0	0	0	0	0	0	0	0	0	0	0	0	0	0	0	0	0	0	0	0	0	0	0	0	0	0	0	0	0	0	0	0	0	0	0	0	0	0	0	0	0	0	0	0	0	0	0	0	0	0	0	0	0	0	0	0	0	0	0	0	0.393574	0	0	0	0	0	0	0	0	0	0	0	0	0	0	0	0.903614	0	0	0	0	0	0	0	0.301205	0	0	0	0	0	0	0	0	0	0	0	0	0	0	0	0	0	0	0	0	0	0	0	0	0	0	0	0	0
K04762	0	0	0	0	0	0	0	0	0	0	0	0	0	0	0	0	0	0.985185	0	0	0	0	0	0	0	0	0	0	0	0	0	0	0	0	0	0	0	0.487179	0	0	0.3417173	0	0	0	0.234432	0.205128	0	0	0	0	0	0	0	0	0	8.90476	0	0.216117	0	0	0	0	0	0	0	0	0.666667	0	0	0	0	0	0	0	0	3.10317	0	0	0	0	0.674074	1.272962	0	0	0	1	0	0	0	1.0989	0	0	0	0	0	0	0	0	0	0	0	0	0	0	0	0	0	0	0	0	1.0989	0	0	0.742424	0	0	0	0
K02495	0.370371	0	0	0.763679	0	1.6883478	0	0.246914	0	3.6766684	0.366333	0.0288066	0.148971	0	0.246914	0.246914	0	2.995738	0	11.908705	0	0	1.016515	0	1.0724287	0	0	0.123457	0	0	0	0	1.343593	0.7079471	0	0	0	0.97284	0	0.840619	6.651845	0	0	1.9185999	3.305408	0.415664	0.645501	0	0.524138	0.61407	0	0.123457	0	0	0	1.5972136	0	0.920188	0	0	0	0.521127	0	0.246914	0.3432103	0	4.501338	0.123457	0.37037	0.123457	0	0	0.95967	0	0	0.5423638	0.27933	0	0	5.919341	1.0748977	2.805536	2.050806	0.5633707	1.445267	1.511511	0.690347	0.370371	2.0478595	5.357277	5.060094	1.132173	0.0839387	0.370371	0.769424	0	0	0.226338	0	0	0	1.579005	0	0	0	0	0.981499	0.246914	0.0855967	0.123457	0.123457	0.186567	0.123457	1.078032	0	3.13416	0	0.370371
K00639	0	0	0	0	0	0	0	0	0	0	0	0	0	0	0	0	0	0	0	0	0	0	0	0	0	0	0	0	0	0	0	0	0	0	0	0	0	0	0	0	0	0	0	0	0	0	0	0	0	0	0	0	0	0	0	0	0	0	0	0	0	0	0	0	0	0	0	0	0	0	0	0	0	0	0	0	0	0	0	0	0	0	0	0	0	0	0	0	1	0	0	0	0	0	0	0	0	0	0	0	0	0	0	0	0	0	0	0	0	0	0	0	0	0	0	0	0	0
K15633	2.383166	0.5947474	0	0	0.699301	32.735948	0	4.144489	0.109649	10.247278	21.6156736	1.7867155	1.618421	0	2.280214	2.020074	0	7.517932	0.658376	71.379005	1.144259	0	0.219298	4.107878	11.243189	0.853791	0	15.391115	2.725905	0	0	0.7157334	4.6350611	1.908132	0.109649	1.096491	6.420114	2.459161	0.778268	4.6758392	15.365037	6.88266	0	8.170743	8.143696	12.080237	6.287451	0	4.7035911	4.5248934	0	1.776206	0.459299	4.0862666	0.328947	60.178818	0.239234	1.7541116	0.249314	5.491684	2.0372788	4.370866	0.8529027	7.5826727	10.727128	15.1995654	6.635686	2.16289	15.430454	3.129865	0	0	0.423729	0	0.602171	7.969559	5.883043	3.400615	7.5027816	22.220514	35.0374797	20.8293112	40.5452368	13.736087	24.851833	16.543133	5.802935	6.531234	4.096003	41.568518	6.8774003	5.586202	8.522903	7.5594523	1.4415639	0.328947	0.10989	1.9599344	1.050907	1.112439	0.328947	14.256642	0.368494	0.3033623	0	2.213408	1.568371	6.643281	2.41266	1.3379984	1.5797986	2.961619	1.209108	10.2072588	0.0701754	2.0286118	0	0.328947
K01928	0	0	0	0	0	0	0	0	0	0	0	0	0	0	0	0	0	0	0	0	0	0	0	0	0	0	0	0.0823711	0	0	0	0	0.696078	0	0	0	0.717474	0	0.95098	0	0	0	0	0	0	0	0	0	0	0	0	1.90196	0	0	0	0.115473	0	0	0	0	0	0.115473	0	0	0	0	0	0	14.7936	1.22222	0	0	0	0	0	0	0	0	0	0	0.2093914	0.115473	0	0	0	0	0.78214	9.32892	0	0	0.115473	3.56863	0	0.230946	0	0	0	0	0	0	0	0	4	0	0	0	0	0	0	0	0	0.115473	0	0.167052	0	0	0	0
K02016	0	0	0	0.154321	0	1.08126	0	0	0	0.268094	0.149254	0	0	0	0	0	0	2.833334	0.166667	0.152905	0	0	0	0	0.14245	0	0	0.235474	0	0	0	0.14245	0	0.149254	0	0	0.311635	0.403977	0	0	4.687448	0.152905	0	0.152905	1.843115	0.653858	0.562618	0	0	0.436214	0	0	0	0	0	0.6880062	0	0.537634	0	1.713247	0.974479	0.2341807	0.149254	0	0.307226	1.587361	0.573472	0	0	0	0	0	0	0	0	0.462963	0	0.595278	1.002193	0.275229	0.294704	2.417795	0	1.2194	0.414883	0.152905	2.376686	0.921432	0.154321	1.43833	0.307226	0.298507	0.154321	0	0	0	0	0	0	0	0	0.119403	0	0	0	0	0	0.152905	0.0866463	0	0.438806	0.264677	0.277249	0	0	0	0	0
K03733	10.4030766	6.0956583	0.410151	9.0941508	3.8835	126.6938246	0	19.948196	2.112245	33.196749	118.10538	5.315433	4.5093335	0	9.59233	7.3218517	1.811278	119.645426	9.0938459	118.0638314	2.251619	1.1199665	1.977115	14.907269	91.180888	8.544386	0.205761	114.433923	3.8139748	0.370225	3.538157	7.40468	22.5376947	11.005903	7.4687	2.749107	62.73283	12.956366	1.275158	11.6711737	68.116923	25.3139812	2.255288	9.876778	62.87914581	102.888594	14.905045	0	9.504686	18.0932556	0	5.203952	0	35.357734	4.969917	212.575193	0	1.246913	1.850638	19.3108428	29.404583	9.285483	2.8617766	36.199971	34.895891	37.364036	63.849722	6.405204	15.824447	10.150963	0.411523	0	8.520809	2.011523	2.887747	21.185387	8.865141	10.7360745	74.1690783	116.4110724	132.217237	111.442236	61.2480404	64.392196	34.145161	34.796594	119.2872113	43.047517	21.395016	152.0564963	52.019657	37.081792	87.1247006	6.4299606	6.34946	1.188488	0.632762	10.9149045	2.251358	3.687621	1.704678	60.003789	6.924653	8.6863807	0.673001	8.94555	25.542788	57.586634	10.6703482	6.4611	17.290728	20.046999	7.368659	53.2899386	0.88287	10.086804	0	2.500096
K01776	2.311457	0	0	2.237065	0	9.3315735	0	0	0	3.9935286	1.056691	0	0	0.431884	0.184058	0	0	6.672386	0	10.166669	0	0	0	1.295836	0.4757568	1.500001	0	0.707246	0	0	0.869565	0.331126	1.1594208	0.217391	0	0	0.217391	0.494203	0.217391	0.714775	4.173728	0.434782	0	0.704348	8.755143	0.6654873	2.548775	0	0.434783	0.342857	0	0.568116	0	0.217391	0.333333	5.923852	0	0.251656	0	1.645552	0.915184	1.127037	0.33557	1.955072	5.1888703	2.410145	1.016212	0.983299	2.256967	0.9753621	0	0	0	0	0.217391	1.3927568	0.771996	0.2985504	3.665037	3.448772	11.899991	15.07099238	0.434783	2.464154	1.824641	1.381339	6.178688	0.913734	0.217391	18.250152	2.871292	1.312218	0.434782	0.60529	0	0	0.217391	1.51879	0	0.321739	0	3.332118	0.331126	0.652173	0	0.434782	1.391305	7.093677	0.217391	1.299233	3.799449	3.059695	0.2797098	3.700945	0	1.356021	0	0.820217
K16089	1.4944582	0.5752248	0	0.812735	0	9.3426535	0	0	0	4.380252	1.769551	0.413223	1.822314	0	2.967163	0.164745	0	12.2879454	0.411765	14.6457028	0.0656168	0.564972	1.0018168	8.6836176	3.8200722	1.205279	0	1.3705011	0.411862	0	0	0.9284676	4.015285	0.318164	0.164195	0	1.8754684	0.836735	0	0.7919536	6.725923	0.0225151	0	2.9311753	12.829564	5.0052578	1.9652623	0	0.8084329	3.0812701	0	0.368317	0	1.7463257	0.0823723	7.87451408	0.185185	1.8075376	0	12.2782515	8.416492	2.4612306	0.608382	1.7253686	20.940054	5.3904443	3.1838806	2.3614176	0.7362151	2.1177719	0	0	1.869706	0	0.295293	3.6545288	3.49951	1.4258421	4.4203145	6.21636353	7.0403839	24.0873661	3.565396	4.6833186	3.5637016	5.280075	13.9025989	7.287486	4.1480309	2.9703453	7.9529554	2.3838482	1.9307385	3.7715163	1.0820143	0.0818232	0.240385	0.2706168	0.760264	0.1853308	0	4.4130301	0.859522	0.624473	0	7.739522	6.4143128	2.4533982	0.5356714	0.0823723	6.5349753	0.9554387	0.4673813	1.9426406	0	0.3127337	0	1.216665
K02316	0.171821	0	0	0.296105	0	4.5551961	0	0.697372	0	1.8724682	3.3937474	0	0.652135	0	0.0853242	0	0	5.9613916	0	12.3970421	0.252525	0	0.17094	0.4231648	3.0960377	0.0897666	0	2.8737223	0	0	0	0.2109376	1.175149	1.5908016	0	0	3.15485	0.971728	0	0.8500449	3.7569989	0.8694571	0	0.3064072	4.7665991	8.8618864	1.4668528	0	0.2237959	0.8901199	0	0	0	0.7845562	0	8.0502175	0	0.1738002	0.694444	2.5113133	0.1755955	0.1992944	0.5264114	1.986541	3.9884872	2.98936	6.0782191	0.387597	0.7357592	1.7060294	0	0	2.64553	0	0	3.8913005	0.4476929	0.4373986	1.55147801	3.8207014	7.4647992	7.0537509	1.9531124	3.5769978	3.5510647	3.5284065	1.7493001	3.741446	0.7651102	19.43587	2.3678302	0.9632047	1.4008429	0.2562642	1.5381782	0.0853242	0	0.288609	0	0.113106	0	2.8216887	0.4726682	0	0	1.8467645	0.4006221	1.4140402	0.425138	0.1709402	2.148129	0.9475384	0.0854701	2.8011008	0	0.522308	0	0
K02523	0	0	0	0	0	0.931973	0	0	0	0	0	0	0	0	0	0	0	0	0	0	0	0	0	0	0	0	0	0	0	0	0	0	0	0	0	0	0	0	0	0	0	0	0	0	0	0	0	0	0	0	0	0	0	0	0	0	0	0	0	0	0	0	0	0	0	0	0	0	0	0	0	0	0	0	0	0	0	0	0	0	0	0	0	0	0	0	0	0	0	0	0	0	0	0	0	0	0	0	0	0	0	0	0	0	0	0	0	0	0	0	0	0	0	0	0	0	0	0
K03770	0.7442442	0.1501502	0	0.0750751	0.15015	22.7524228	0	0.4478389	0.2998001	12.2133408	6.0820555	0.4504502	4.68667	0	0.375375	0.15015	0	4.8326601	1.113182	57.656987	0.0750751	0	0.0750751	0.4478388	4.878004	0.2202201	0	6.589843	0.591091	0	0.0750751	0.0750751	2.600169	0.1501502	0	0.2247251	5.763487	1.268269	0.0750751	2.3764008	7.145995	1.387387	0	1.701201	4.354357	2.3072679	2.0779811	0	1.490991	1.2994339	0	0	0	0.921313	0.525525	31.400486	0.0750751	0.2252253	0	0.908908	0.2252251	3.1071101	0.6946947	6.597746	9.8608671	0.286787	9.3861427	0.374875	2.251752	3.42292	0	0	0.75075	0	0.5805801	1.435435	1.5681831	0	4.665659	13.986963	24.90482	12.359645	7.751751	8.6956078	8.5004659	15.5373238	2.965172	1.621621	2.8209561	32.640569	4.7864648	2.765523	4.4292378	2.1311301	1.0135135	0	0	0.955656	0.108213	1.5776151	0.0700483	10.2025938	0.5431116	0.6001001	0	0.0750751	0.5770777	6.4385531	1.831072	1.2967971	0.2206816	1.845169	0.744744	12.067598	0.1101101	4.3727291	0	0.5950952
K00912	1.377601	0.371593	0	0	0	3.4585708	0	0.503876	0	2.480456	7.522257	0.145349	0.872093	0	0.147343	0.273256	0	2.8611316	0.290698	10.2171	0	0	0	0.578292	3.668522	0.822675	0	5.013882	0	0	0	0.181159	0.369587	0	0	0	3.0237878	0.3294575	0.2151164	0.2703063	3.148257	1.162791	0	0	0.628778	1.8966707	0.9486444	0	1.7197003	0	0	0	0	0.771276	0	4.537118	0	0	0.248062	0.65689297	0.626506	0.436047	0	2.020307	1.094919	0	3.7105	0	0.2477815	1.620622	0	0	0	0	0	1.774016	0.0891473	0.75466	1.735498	3.3806548	7.328283	5.6541402	2.6434076	1.7468772	3.342053	1.883721	4.94932	0.2891604	0.2093025	8.010655	1.397775	4.379604	7.4583586	0.975775	0.544574	0	0	1.01647	0.181159	0.280039	0	7.959615	0	0.545543	0.290698	0.36274	2.812729	4.177221	0.570737	1.054264	2.1087	3.298726	0.637597	4.58962	0	2.290161	0	0.270349
K00604	0.171821	0	0	0	0	2.481385	0	0	0	1.778281	0.97418	0.608391	0	0	0	0.675089	0	0	0	10.734137	0	0	0.143184	0	0.862131	0.171821	0	0.686139	0	0	0	0	3.374571	2.11111	0	0	1.1022096	1.146405	0	0	2.01456	1.534077	0	0	0.991493	0	1.778037	0	0.171821	0.85796	0	0	0	0.171821	0	1.800152	0	0	0.18287	0.272624	0	0	0	0.461173	2.13746	0.171821	2.362255	0.478307	0.409836	0.515464	0	0	0	0	0	0.581657	0.306944	0.171821	0.343642	1.31959	8.8870323	4.069577	0.857961	3.096366	1.178691	0.744058	0.707031	0	0.694444	5.02062	5.301261	2.053255	0.400131	4.1066726	0	0	0.171821	0.740665	0	0.785796	1.018327	3.287016	0.343642	0.42039	0	0	0.171821	1.114547	0.171821	0.343642	0.171821	0.2382586	0	12.7673846	0	4.059203	0	0.630537
K03595	5.312901	0.449454	0.0915301	6.893122	0	17.169205	0	0	0	6.285583	5.557797	0.151639	2.105347	0	1.4125685	0.170765	0	25.7490323	0.4972678	41.7789714	0.148907	0	0	3.000886	11.736332	2.550547	0	11.442577	1.546261	0	1.12568	1.360658	3.912573	4.268226	0	0.819672	4.116536	4.061472	0	1.086065	13.231472	7.315272	0	2.581962	15.633671	5.840546	2.9099073	0	0.498634	4.6876888	0	1.22951	0	5.689055	0.409836	18.908535	0	1.029813	0.124317	1.542346	2.42341	1.733365	0.819672	1.550888	10.122952	3.322406	10.1057339	1.868397	5.943536	2.647541	0	0	0.0491803	0	0.159836	5.089157	1.215105	0.85929	7.0961794	16.806235	32.591634	24.352872	7.648916	5.925723	4.051543	6.989539	10.655821	4.530048	2.719274	26.049224	4.318105	5.1571316	7.475183	1.49044	1.02459	0.204918	0	0.974149	0	0	0.409836	6.508925	0	0.124317	0	1.259563	0.527322	4.2676728	0.3989072	1.3861974	1.879782	1.3863152	0	3.35639	0	0.963115	0.409836	0.204918
K14155	0.436047	0.145349	0	0.434366	0	8.427825	0	1.11628	0.145349	3.450498	0.980063	0	0.174419	0	0.421512	0.21645	0	12.573428	0	14.9919795	0.281008	0	0.409884	1.455831	1.561048	0.290698	0.145349	0.726744	0	0	0.0813954	0.290698	0.9079467	0.25969	0	0	0.1666668	0.554667	0	0.4489007	4.144474	0.436047	0	1.70477397	13.423181	0.75	1.16301	0	0	1.513221	0	0	0	0.5077524	0	14.744722	0	0.47318	0	1.748067	1.726744	0.145349	0	1.037791	3.0764895	0.290698	10.28952	0.579587	1.5547886	0.499903	0	0	0.886497	0	0.846899	3.0672305	6.6607249	0.374031	1.962428	6.2303172	9.907707	11.8083926	1.959299	4.922924	3.9499838	2.625298	8.476119	3.851473	1.9882951	11.2276379	3.6449633	2.416937	0.3776285	0.5271323	0.41376	0	0	1.129604	0.145349	0.505747	0	3.06155	1.141474	0.290698	0	0.145349	1.305763	1.032946	0.725905	0.843194	2.44384	0.436047	0.436047	3.773963	0	2.388204	0	0.757891
K06173	0	0	0	0	0	0	0	0	0	0	2	0	0	0	0	0	0	0	0	0	0	0	0	0	0	0	0	0	0	0	0	0	0	0	0	0	0	0	0	0	0	0	0	0	0	0	0	0	0	0	0	0	0	0	0	0	0	0	0	0	0	0	0	0	0	0	0	0	0	0	0	0	0	0	0	0	0	0	0	0	0	2	0	0	0	0	0	0	0	0	0	0	0	0	0	0	0	0	0	0	0	0	0	0	0	0	0	1.8	0	0	0	0	0	0	0	0	0	0
K02836	1.8694529	0	0	1.833333	0	7.040912	0	1.137104	0.15528	5.652978	1.2041067	0	0.702664	0	0.15528	0.933631	0	8.89442738	0	10.833686	0	0	0	1.697722	1.559925	0.157233	0	1.309526	0	0	0.488613	0	1.3478259	1.2156078	0	0	1.580395	0.621118	0.0859213	2.407789	4.955823	0.464803	0.305384	0.467793	13.919693	1.146182	1.3381684	0	0.15528	1.713806	0	0	0.0993789	0.15528	0	4.117258	0	0.54885	0.057971	3.606156	0.4919868	0.573717	0.1966878	1.135611	4.904728	1.02795	1.6572342	1.036084	5.627371	0.968945	0	0	0	0	0	2.9735812	0.6165861	0.275362	2.316709	5.385503	6.0652454	10.4035129	0.621118	2.6199156	3.280533	1.872936	9.163159	3.94657	1.1160939	9.165403	2.3265831	1.461992	0.312513	0.295031	0.309524	0	0.157233	0.414347	0	0	0	2.077406	0	0	0	0.15528	1.149069	1.830873	0.418513	0.15528	1.645386	1.548303	0.157233	2.035915	0	0.621119	0	0.456634
K03814	0.277778	0	0	0.177778	0	6.721043	0	0	0	5.598149	0.985185	0.148148	0	0	0	0	0	0.555556	0	6.694442	0	0	0	0	2.392594	0	0	1.702289	0	0	0	0	1.842593	0	0	0	0.709259	0	0.27037	0	2.3834	0	0	0.629629	0	0	0.277778	0	0.833334	0.833334	0	0	0	0.446297	0	5.801842	0	0	0	0	0	0.944444	0	0.435185	2.355557	0	1.07963	0	0.253704	0.442593	0	0	0	0	0	0	0.277778	0.429952	0.555556	3.623234	6.111001	2.222218	2.71481	1.66481	0.909259	1.111111	2.128018	0	0.277778	5.01111	1.161675	0.833334	0.620371	0	0.37963	0	0	0	0	0	0	2.1333335	0	0	0	0.549451	0	3.096295	1.075926	0.555556	0	0.272222	0.0425926	1.053704	0.244444	0	0	0
K05919	0	0	0	0	0	0	0	0	0	0	0	0	0	0	0	0	0	0	0	0	0	0	0	0	0	0	0	0	0	0	0	0	0	0	0	0	0	0	0	0	1.53704	0	0	0	0	0	0	0	0	0	0	0	0	0	0	0	0	0	0	0	0	0	0	0	0	0	1.50926	0	0	0	0	0	0	0	0	0	0	0	0	0	0	0	0	0	0	0	0	0	0	0	0	0	0	0	0	0	0	0	0	0	0	0	0	0	0	0	0	0	0	0	0	0	0	0	0	0	0	0
K01619	0.593386	0.37594	0	1.89228	0.716792	3.581205	0	0.684932	0	0.8632266	5.7282173	0	0.568182	0	0.218045	0.717153	0	6.605907	0	11.303589	0	0	0	0.413534	4.75845	0.18797	0	2.860905	0	0	0	0.437534	1.4603556	1.672655	0	0	1.0401	0.37594	0.169591	0.379541	4.97296456	0.75188	0	2.81955	7.038162	2.567208	0.813701	0	0.379541	3.36987	0	0.353383	0	0.658256	0	4.389173	0	0.658313	0	0.700501	1.21537	0.717885	0.0776942	2.784465	2.792201	7.888468	3.087404	0	0.843358	1.856701	0	0	0	0	0	3.337977	0.497787	0.971878	2.371858	4.3636954	3.15607	12.2585983	2.13335	4.3270628	1.5087739	1.0864621	9.4009967	2.290877	2.471494	5.7268142	4.0978394	2.595238	2.2906162	1.8731795	0.37594	0	0	0.635338	0	1.721347	0.18797	5.959534	0.626566	0.53867	0	0.52239984	6.148965	8.080503	1.06089	0.862156	3.649394	2.110404	1.091547	2.385739	0	0.734336	0	0.342466
K00350	0	0	0	3.125	0	0.9500786	0	0	0	0.597275	0	0	0	0	0.289583	0.752083	0	0.9375	0	2.68542	0	0	0.603774	5.91875	0.3125	0	0	0	0	0	0	0	0.625	0	0	0	0.626965	0	0	0	0.622917	3.42977	0	0	0	0	0.3125	0	0.3125	0.542977	0	0	0.3125	0	0	0.776009	0	0	0.628931	0	0	0.264151	0	0	0	0.3125	0.509434	0	0.0729167	0	0	0	1.25	0	0	0	0	0.3125	0	0.545833	1.38333	5.407727	0	0.3125	0.383333	0.314465	0.3125	0	0.567099	1.259355	1.253931	0.314465	2.50314	2.566693	0	0	0	0.29375	0	0.438155	0	0.633124	0	0	0	0	0	0	0	0	0	1.91667	0	1.95597	0.314465	2.17204	0	0.129167
K02341	2.0653904	0.380808	0	2.002966	0	5.8875497	0	0	0	1.037906	0.8494942	0	0.416667	0	0.957447	0.454545	0	15.671336	0.35461	9.7887407	0.358984	0	0.150505	1.380342	2.1430728	0.377778	0	3.155555	0	0	0	1.15956	1.5552676	1.62588	0	0.214141	0.154545	1.741397	0	0.0969697	5.9461301	0.450505	0	0.151515	7.059431	4.179198	0.349747	0	0	1.697776	0	0	0	0.2343433	0	6.23351	0	1.029163	0	3.6585978	1.1945719	0.624928	0.151515	0	2.45626	2.124245	2.649872	0.151515	3.672558	0.8070708	0	0	0	0	0	4.257328	1.529998	0.36380391	2.951454	2.99211276	5.251559	12.081564	0.606061	4.8065497	1.848296	1.427453	6.5619857	6.525728	2.6425549	9.768304	3.65495	2.932477	2.1917721	0.6480979	0.274204	0	0	0	0.555556	0	0	5.351169	0.606061	0	0.801587	1.323648	1.735466	2.0437	0.3764996	0.454545	4.361612	1.0216793	0.150505	2.593365	0	0.48267	0	0.151515
K06885	0.343628	0.207469	0	0	0.27248	3.475377	0	0.276296	0	1.2119396	7.3154216	0	0.593365	0	0.13624	0	0	5.0908197	0.13624	9.315553	0	0	0	0.399637	4.951279	0	0	5.27931	0.125341	0	0	0.844651	0.426323	0.40872	0	0	2.535983	2.026238	0	0.0926431	4.496555	0.43359212	0	0.352545	1.926804	3.137684	0.13624	0	0	3.7505142	0	0	0	0.853314	0	5.204976	0	0.690932	0	0.6941972	0.959565	0.746409	0.13624	1.133194	6.23765	1.042706	11.684074	0.27248	1.951447	0.929155	0	0	0	0	0	1.037239	0.5992273	1.492513	1.682066	1.267214	4.019028	6.579446	1.702767	7.519925	1.008684	1.540722	4.787146	1.064126	0.6714501	4.002725	1.518827	5.057629	3.9740993	0.8236392	0.40872	0.0944596	0	1.505337	0	0	0.138189	2.848953	0.614501	0	0	0.556706	2.2378155	5.997026	1.365122	0.406504	4.028612	2.614683	0.217075	3.562517	0	5.1433561	0	1.4675403
K03718	0.691824	0.349057	0.584906	0.383648	0	9.68868	0	0.62893	0	1.330063	2.059685	0	0	0	0.232704	0	0	7.484275	0	3.932553	0.27305	0	0	1.094339	1.90566	0	0	5.438115	0	0.471698	0	0.528302	0.899371	0.968553	0	0	0.169811	2.988455	0	4.199002	8.47203	0.657701	0	0.386792	7.880506	3.097482	1.380907	0	0	1.190063	0	0	0	0.5660376	0	7.424464	0	0	0	5.204118	0.9811318	0.216981	0	0.54717	0.783019	0.553459	0.471698	0.471698	1.540881	0.751572	0	0	0	0	0	4.176097	1.1175467	1.226415	2.858489	2.248426	8.933494	15.658811	0.2610058	3.512574	1.018868	2.5094358	15.182366	3.41195	0.8742143	16.599118	2.832	2.179713	1.18868	1.5943398	0.204403	0	0	0	0	0.63522	0	8.74843	0	0	0	0.103774	5.176101	0.449686	0.292453	0	1.084905	0	0	1.087381	0	0	0	0
K03530	0.9166668	0	0	0	0	4.270834	0	0	0	3.826394	6.92361	0	0.555556	0	0	0.854167	0	10.02778	0	15.59028	0	0	0	0	3.944445	0	0	6.506951	0.6875	0	0	0	0.958333	0	0	0	2.84722	1.83333	0	0	1.604166	0.979167	0	0	3.1875	13.083334	0	0	0	1.347223	0	0	0	1.486111	0	6.86806	0	0.958333	1	3.53472	0	1.055555	0.645833	1.25694	3.395834	1.24306	2.611112	0.465278	2.979163	0	0	0	0	0	0	5.19444	0.902777	1.569445	4.68055844	4.104162	11.472222	8.541654	4.729161	2.541667	1.46528	2.6875	9.1875	0.993056	1.79861	20.638867	3.743058	4.770831	6.319447	2.756943	1.652778	0	0	3.881644	0	0	0	12.92362	0	0	0	1.750002	3.881945	4.04166	1.951389	1.402778	4.27083	1.298611	0	3.326386	0	0	0	0
K03183	0	0	0	0.42735	0	3.300855	0	0	0	4.160483	3.8216464	0.769231	0	0	0	0	0	1.374585	0.360235	14.05983	0	0	0	1.188871	3.179488	0.25641	0	2.977773	0.25641	0	0.51282	0	0.2136751	0.451995	0	0	1.639316	0.4947911	0	0	16.343611	1.011966	0	1.911111	1.004273	1.9316513	2.2072352	0	0.25641	2.056787	0	1.02564	0	0.2495724	0	4.525615	0	0	0	0.3266714	0.0153846	0	0.25641	0.25641	5.812822	9.90843	28.020666	0	2.1069075	1.189743	0	0	0.379487	0	0	0.499145	0.25641	0	0.512821	4.791453	5.6197888	3.615382	3.0906	2.3107455	3.148571	1.664961	0.576527	0.256014	2.58803	6.176316	1.447864	6.2282	3.8136731	0.699145	1.472084	0.25641	0	2.633358	0.119281	0	0	2.02906	0	0	0	0.810709	0.613676	2.435898	1.02564	0	0.417245	0.261539	0.758975	6.131625	0	6.024053	0	1.211112
K00655	0	0	0	0	0	0.617284	0	0	0	0	1	0	0	0	0	0	0	0	0	0	0	0	0	0	0	0	0	0	0	0.529762	0	0	0	0	0	0	0	0	0	0	0	0	0	2	0	0.326797	0	0	0	0	0	0	0	0	0	0	0	0	0	0	0	0	0	0	0	0	0	0	0	0	0	0	0	0	0	0.26178	0	0	1.26178	0	0.843621	0	0	0	0	0.326797	0.22658	0	0	0	0	0	0	0.26178	0	0	0	0	0	0	0	0	0	0	0	0	0	0	0	0.311547	0	0	0	0	0	0	0	0
K06959	0.490383	0	0	0	0	0.3378568	0	1.15548	0	0	0	0	0.422833	0.173611	0	0	0	1.0225437	0.161959	1.29712	0	0	0	0.339394	0.865482	0.0674764	0	0.0588235	0.0580392	0	0	0.1563254	0.103529	0.2576036	0	0	0.4380412	0	0	0.471175	2.7842384	0.416667	0	2.5152892	2.3420632	0.403839	1.3783164	0	0	0.404408	0	0	0	0.144092	0	0.8333186	0	0	0	4.334552	0	1.020833	0	0.117647	2.9417854	1.17442	0.6434589	0.1842984	0.2202028	1.0808797	0	0	0	0	0	1.1263706	0	0	0.411858	0.709228	1.5878507	4.2774895	0.470588	0.9255796	0.355556	0.934028	3.55626	0.3123234	0	1.9531	0.454697	1.492538	0.735294	0.2013347	0	0	0	0	0	0	0	1.6879521	0	0	0	0.4216365	0.094697	0	0.0591017	0	0.0674764	0.0674764	0.0674764	0.2882033	0	0.172414	0	0
K07391	1.484971	0.15528	0	1.91523	0	2.6127689	0	0	0.110619	4.069402	1.652567	0	1.089851	0	0.221238	0.619189	0	8.719599	0.107759	17.3585991	0	0	0	0	2.3001719	0.30953382	0	0.268665	0	0	0	0.110619	0.436038	0.3414452	0	0	0.235294	1.38822334	0	0.4225514	21.032984	0.264586	0	0.958321	11.594675	0.3182343	0.471909	0	0	2.037442	0	0	0	0.453796	0.3592898	5.099057	0	0	0	0.6149657	0.110619	0.4874806	0	0.535414	3.2606572	0.8513	3.1525314	1.790071	0.571444	0.374689	0	0	3.6204675	0	0	1.389266	1.0203956	0	0.40574	2.8668963	8.1560313	5.0491005	0.107759	2.506372	0.596252	0.380016	2.4682969	0.992972	2.21629	13.724868	2.6374471	0.7535323	0.40693718	0.102507	0	0.107759	0	0.323276	0.00652174	0.247525	0.107759	1.0413337	0	0.215517	0	0	0.926773	1.4627072	0	0	0.384339	0.369878	0	4.14538	0.107759	5.98779	0.123762	0.942608
K01921	2.268523	2.066946	0	1.54846	0.204918	17.177744	0	6.754806	0.176678	12.007035	6.759667	0	1.507274	0	0.822897	2.214113	0	27.065779	2.18291	54.517122	0.176678	0	0.166078	2.011846	7.2618468	1.138625	0	7.201341	12.41858	0.353357	0	0.732409	3.150285	2.7734697	0	0.353357	6.326285	1.424504	0	0.8973899	16.0375421	4.195272	0	1.412176	16.255361	8.652714	4.257894	0	1.3179799	4.562069	0	0.352179	0	0.666666	0.350894	24.6350019	0	0.5834612	0.35461	3.992114	1.397729	1.448518	2.099875	4.918845	3.688651	3.66784	5.093526	1.284644	4.76135	3.0100633	0	0	0.883392	0	2.623773	7.438378	1.8635319	1.120287	5.427862	13.865368	25.89398	35.856674	4.076085	10.157882	8.331925	10.6357346	26.055967	11.053639	3.753623	37.012701	4.588755	1.452132	2.7751098	1.664053	1.235603	0.156028	0	0.9093054	0	1.235568	0	8.485631	0.494483	0	0	2.320003	1.2195076	5.186531	2.387533	0.530661	3.184809	4.019461	0.706713	14.159071	0	0.702539	0	0.713781
K22212	0.3278604	0	0	4.5366753	0	1.503644	0	0	0	0	2.880376	0.202987	0	0	0.299389	0.167006	0	4.3582036	0.083632	6.542882	0	0	0.397816	1.164022	2.937058	0.361305	0	3.002521	0.390625	0.211416	0	0.26178	2.170178	0.971624	0	0	2.655586	0.643012	0	0.599078	4.637249	0.651121	0	1.368239	0	2.210752	0.657826	0	0.3016223	2	0	0	0	1.376103	0	9.5235858	0.0278344	0	0.508752	4.647389	0	1.747858	0.179211	0	1.684318	2.125325	2.014108	0	0.572697	0.305499	0	0	0.0257977	0	0	1.8456999	0.1702654	0.13089	0.101833	3.057184	7.259173	1.512695	4.72617	1.054855	0.230143	6.796844	0.374466	0.396251	6.136794	12.291811	4.1417335	7.770123	1.114217	3.79156	0.705363	0.101833	0	0.838954	0.975216	0.203666	0	4.396564	0	1.0986836	0	0	0.68402	1.289884	0.587985	0.47363	0.101833	0.837867	1.109228	2.634081	0	4.010196	0	0.382877
K04516	0	0	0	0.232456	0	0	0	0	0	0	0	0	0	0	0	0	0	0	0	0	0	0	0	0	0	0	0	0	0	0	0	0	0	0	0	0	0	0	0	0	0	0	0	0	0	0	0	0	0	0	0	0	0	0	0	0	0	0	0	0	0	0	0	0	0	0	0	0	0	0	0	0	0	0	0	0	0	0	0	0	0	0	0	0	0	0	0	2.08844	0	0	0	0	0	0	0	0	0	0	0	0	0	0	0	0	0	0	0	0	0	0	0	0	0	0	0	0	0	0
K17103	0	0	0	0	0	0	0	0	0	0.9375	0	0	0	0	0	0	0	0	0	0	0	0	0	0	0	0	0	0	0	0	0	0	0	0	0	0	0	0	0	0	0	0	0	0	0	0	0	0	0	0	0	0	0	0	0	0.0416667	0	0	0	0	0	0	0	0	0	0	1	0	0	0	0	0	0	0	0	0	0	0	0	0	0	0	0	1.63194	0	0	0	0	0	0	0	0	0	0	0	0	0	0	0	0	0	0	0	0	0	0	0	0	0.625	0	0	0	0	0	0	0	0	0
K00705	0.7186341	0.117925	0	1.499169	0	16.1648156	0	0.9474031	0.0589623	15.7727004	1.995573	0.7527136	2.217299	0	0.8750759	2.242368	0	9.660073	0.788536	7.9381404	0	0	1.7834425	1.881213	1.3948857	0.0955189	0	3.3675373	0	0	0	0.623155	2.4487386	0.9450373	0	0.117925	4.8843209	1.1241071	0.0589623	1.8286273	17.2420407	0.3087539	1.7038173	1.4383623	17.0688183	3.006889	0.922288	0	1.2350326	0.8956332	0	0.176887	0.128007	0.110132	1.819035	1.71591	0.0585692	0.9979089	0.200803	14.0575852	0.7156814	0.589193	0.9352532	4.6284593	16.9068845	1.54167	2.4292026	1.5763446	4.9224672	1.1650984	0	0	0	0	0.989708	4.3206462	0.7499833	1.2548198	12.5388781	4.8611946	8.8402678	17.7527813	4.490783	5.8513627	6.7191228	14.985846	34.990759	0.9612953	2.5426737	18.474721	6.737819	3.3135404	2.3357253	1.3013876	0.0589623	0.0769231	0	1.2490291	0.2358493	0	0	5.415291	0.404944	0.807821	6.77507	1.8596213	0.7351681	4.1693096	0.917709	16.7325943	4.028954	2.0069187	0.3061317	0.9657813	0	0.7765329	0	0.7557635
K01187	0.1602564	0	0	0.14881	0	0.9529514	0	0	0	0.7233514	0.2403846	0	0	0	0	0	0	0	0	6.507017	0	0	0.320513	0	0.5950862	0	0	0.5608972	0	0	0	0	0.160514	0	0	0	0.116987	0.314465	0	0	0.607673	0.1411234	0	2.1929942	0	0	0.5391293	0	0.130208	0	0	0	0	0.2070322	0	2.4919396	0	0.0801282	0	0	0	0.1185897	0	0.2403842	1.3086052	0.2587	1.2147439	0.1867272	0	0.126904	0	0	1.215809	0	0	0	0.358879	0.1761482	0.073718	3.4039095	1.7006781	0.6108562	1.0524906	0.2210538	0.0801282	2.4559439	0.5508814	0.102889	0.3884765	9.0913952	0.4811546	0.3460922	1.0309772	2.0663548	0.320513	0	0	0	0	0.100806	0.109409	1.568123	0	0.1602564	0	0.0802568	0	0.2422062	0.160385	0.0801282	0	0	0	3.1380914	0	1.5470554	0	0.313568
K06187	0.326797	0	0	5.71957	0	6.463122	0	1.091504	0	4.067997	5.398959	0	1.30719	0	0	0.294118	0	6.436668	0.326797	15.612165	0.766885	0	0	0.132898	2.138273	0.176471	0	0.511982	0.899782	0.11329	0.326797	0	1.3688982	3.153867	0	0	0	1.305011	0	0.623093	5.5790739	4.769585	0	4.742837	6.976031	0	1.098038	0	0	4.441614	0	0	0.317241	0.962963	0.461873	14.913568	0	0	0.326797	1.278868	2.718135	1.197651	0	4.689864	4.216501	3.093677	10.854875	1.196362	6.9975515	2.91939	0	0	7.29855	0	0	4.196077	1.963882	0	2.381264	10.369437	4.1755183	10.178638	0.742029	5.956424	4.029149	2.8347	6.809336	1.875667	5.967208	19.8039621	3.499198	3.206082	4.128251	2.632463	0	0.326797	0	0	0.326797	0	0.575163	5.103006	0.384042	0.169935	0	0	0.326797	2.794451	0.653595	0.598061	1.63399	0.326797	0	7.146072	0	6.109366	0	0.459751
K07568	2.308139	0.399063	0	2.017391	0	14.2499889	0	1.902915	0.144928	14.934593	3.496582184	0.144928	2.172947	0.289855	0.5265704	0.724639	0	21.351566	0	24.505316	0.3736867	0	0.289855	2.50773	3.0787633	0.8099551	0.102496	2.856357	0.144928	0	0	0.494077	4.9348752	1.248373	0	0.499517	1.082578	2.717278	0	0.9341051	12.5026002	5.301966	0	2.4310769	20.993072	6.3755952	2.4696187	0	0.68742	5.2595274	0	0.1951695	0	1.50419	0	29.5750825	0.144928	0.239004	0.562335	4.567328	4.104539	2.199433	1.909132	3.607832	6.4236043	8.257328	12.3954112	0.704705	3.5154737	1.431886	0	0	1.981017	0	0	7.947441	2.73673	1.9560589	4.5318694	11.13675114	26.1315093	21.701492	5.811498	8.24536217	4.7014442	7.9370084	9.9272513	6.605156	6.3429866	27.2431278	11.3357622	10.511469	12.1143622	6.80493	1.003256	0.434783	0	3.582	0.665198	0.57971	0.841547	9.0383953	0.278618	1.577779	0	1.5483907	2.6771192	8.2060506	1.3067368	1.387375	10.33775	2.3868316	0.568474	40.7704727	0.0666667	12.154369	0	1.1041143
K02238	0.0992064	0.0996016	0	0.119904	0	0.354167	0	0	0	0.1992032	0.6623511	0	0	0	0	0	0	0.7051458	0.1795376	1.4725689	0	0	0	0	1.8768716	0	0	0.4746852	0	0	0	0.254005	0	0.130548	0	0	0.3984062	1.2247516	0	0	1.0590976	0.0996016	0	0	1.427391	0.109409	0.00793651	0	0	0.3820876	0	0	0	0.38871	0	0.0690571	0	0	0	0	0.0996016	0	0	0.166113	1.434232	0	1.7031519	0	0.123457	0.4351716	0	0	0	0	0	0	0	0	0.123457	0.1666667	0.426866	0.6705376	0	0.0996016	0.0996016	0.1992032	0.123457	0	0	0.913679	0.72153	1.487225	0.6802286	0.0996016	0.199203	0	0	0	0	0	0	0.59761	0	0	0	0	0.77495	0.19709	0	0	0.667542	0	0.2364246	0.5414986	0	0.145009	0	0.14438
K00951	1.1903438	1.296321	0	4.4997914	0.743379	18.1102004	0	3.2743077	0.142499	13.505801	21.3093771	0.31992654	1.277362	0	1.709996	2.41874	0	13.0594901	0.9169521	51.0887572	0.2441455	0	1.050022	3.485016	15.4589699	0.5254744	0	15.7273823	0.914882	0.16	0	0.4807358	2.2758043	0.200721	0	0.13986	7.3423921	3.847672	0.1451378	1.5647631	10.0797058	4.0779568	0.361877	2.4891608	11.0390681	9.988133	1.5298413	0	0.9185558	1.7968947	0	2.234616	0.12066	2.2979418	0.0648019	16.6810752	0	0.2839599	1.6948359	6.2731103	1.3289051	1.6516504	0.0725689	7.2050227	14.6517666	3.3614224	9.3209644	2.05856	5.6906916	5.3687557	0	0	0.08	0	0.8039979	6.411026	1.056576	1.9273899	10.7586619	7.6299343	15.9765101	28.6192334	29.4115762	10.8790294	18.0438335	11.9897135	17.7937414	7.1064752	4.0666514	35.3910043	9.0871695	7.9793011	20.785566	2.8734098	2.141519	0	0.0725689	3.0477211	0.1968341	1.472532	0.446429	37.6956913	0.8188308	0.5971173	0.326797	5.2037722	3.4069522	13.7768811	2.7944973	0.5638778	8.5713314	10.2955756	1.8328729	10.7524519	0.0725689	4.3767239	0	0.1398602
K13789	1.532116	0	0	0.181818	0	3.097144	0	0.163636	0	2.916084	0.181818	0	0.670303	0	0.181818	0	0	3.381409	0.181818	12.918791	0	0	0	0.363636	0.519219	0.181818	0	0.281212	0	0	0	0	0.363636	1.900909	0.727273	0	0.334545	0.544242	0	1.090909	5.5014544	0	0	0.52606	3.213334	0.488485	0.0909091	0	0	0.483636	0	0	0	0	0	3.271353	0	0	0	1.4497	0	0.181818	0.181818	1.641646	2.199996	2.20727	0.644848	0.4751511	1.063434	0.4254539	0	0	0	0	0	3.708787	0	0	1.090908	3.118788	4.8569712	6.429091	0	1.599999	1.98667	0.76107	4.2218164	2.181821	0.347879	7.97212	1.392727	0.218182	0.952113	0.545454	0	0	0	0	0.357576	0	0	2.6097	0.181818	0	0	0.37697	0.609697	0.469091	0.4254542	0.363636	0.522424	0.3463672	0.181818	3.045069	0.124848	0.613169	0	0.181818
K07056	0	0.17801	0	0.892857	0	5.707966	0	2.688167	0	0.715532	0.149912	0	0	0	0	0	0	0.935615	0.52356	0.609075	0	0	0	1.236559	0.602094	0	0	0.654145	0	0	0	0	1.07527	0	0	0	0.26455	0	0	0.601471	1.944443	0	0	0	0	0.533367	0.52509	0	0	0.26178	0	0	0	0.26455	0.268817	1.037231	0	0.224014	0	0.202443	0	0	0	0	0	0.684587	0.666666	0	0.743983	0.157068	0	0	0	0	0	0.8607856	0.26455	0	1.3089	1.530867	7.480337	1.070565	0	0.621693	0.447796	0	0	0.507937	1.106408	0.324607	0.0304659	0.169284	0.789912	0	1.157068	0.405644	0	0.766669	0	0	0	1.894915	0	0	0	0	0	0.796154	0	1.36066	0	0	0	0.26455	0	0.530597	0	0.59449
K00133	0	0	0	0	0	0	0	0	0	0	0	0	0	0	0	0	0	0	0	0	0	0	0	0	0	0	0	0	0	0	0	0	0	0	0	0	0	0	0	0	0	0	0	0	0	0	0	0	0	0	0	0	0	0	0	0	0	0	0	0	0	0	0	0	0	0	0	0	0	0	0	0	0	0	0	0	0	0	0	0	0	0	0	0	0	0	0	0	0	0	0	0	0	0	0	0	0	0	0	0	0	0	0	0	0	0	0	0	0	0	0	0	0	0	0	0	0	0
K00948	1.254033	0.380228	0	1.018843	0	20.4636309	0	0.569075	0	11.470961	2.017279	0.380228	0.924597	0	0.453739	2.97959	0	13.0358465	0.670469	22.898691	0.190114	0	0.760456	2.814048	4.256634	1.206591	0	1.9152612	0.190114	0.380228	0.380228	0.719086	1.062103	0.569075	0.380228	0.340938	1.910675	1.8319318	0	1.144487	10.128577	1.914017	0.59761	2.49198	13.9686	17.379048	1.490494	0.0798479	1.330078	3.348236	0	1.197424	0	2.263829	0.190114	16.12452	0	0.570342	0	4.095569	0.378961	1.424377	0.931118	1.694429	5.261777	6.35457	15.347281	1.9581776	6.352321	2.211449	0	0	3.15209	0	0.478535	2.0094536	1.376426	0.918556	2.484423	4.718635	9.3947551	19.790147	0.957064	6.3859658	2.391437	10.846069	8.5365884	1.970698	9.044573	12.735106	11.5673099	5.768011	2.934911	3.667516	0.56147	0.190114	0	4.56553	1.776103	2.611162	0.380228	6.767743	1.058302	0.380228	0.183777	1.901144	2.126691	5.58675	0.880177	0.9959729	3.704668	1.69455	0.190114	11.649498	0	13.265657	0	0.451204
K07240	0	0	0	0	0	0	0	0	0	0	0	0	0	0	0	0	0	0	0	0	0	0	0	0	0	0	0	0	0	0	0	0	0	0	0	0	0	0	0	0	0	0	0	0	0	0	0	0	0	0	0	0	0	0	0	0.33557	0	0	0	0	0	0	0	0	0	0	0	0	0.2277	0	0	0	0	0	0	0	0	0	0	0	0	0	0	0	0.666667	0	0	0	0	0	0	0	0	0	0	0	0	0	0	0	0	0.33557	0.178404	0	0	0	0	0.352113	0.671141	0	0	0	0	0	0	0.33557	0	0
K07214	0	0.14245	0	0	0	1.058606	0	0	0	0.1592867	0.292497	0	0	0	0.362319	0.141243	0	0.416647	0	1.240113	0	0	0.564972	0.528986	0.141243	0	0	0.423729	0	0	0	0	0.282486	0	0	0	0.141243	0.282486	0	0	0.6342977	0.266599	0	0.141243	0.2849	0.559354	0.141243	0	0	0.42735	0	0	0	0	0	0.831716	0	0	0	0.616255	0	0	0	0.996481	0.622676	0.282486	1.043117	0	0.285714	0.106403	0	0	2.236269	0	0	0	0	0.283693	0.116761	0.691149	0.415254	0.909266	0	0.480976	0.493409	0.458568	0.308642	0.11206101	0	1.255895	0.1732581	0.691968	0.523806	0.423729	0	0	0	0	0	0	0	1.622698	0	0	0	0	0	0.2849	0	0	0	0	0.141243	0.205273	0	0	0	0
K07462	0.4425397	0.1904762	0	0.3328846	0	9.4960058	0	3.4033041	0	4.3777355	1.479016	0.721049	1.599098	0	0.8029971	0.630476	0	8.0802449	0.0952381	15.3448415	0.1906579	0	0.727077	3.53643	2.6468592	0.4063489	0	2.027874	0.569524	0	0	0.26522	1.5552634	0.950123	0	0	2.5009521	0.8120624	0	3.2008407	7.4302031	1.0389122	0.190476	2.6912772	9.8426642	1.9701744	2.1206015	0	0.8304762	1.5534855	0	0.759551	0.153374	0.1879365	0	9.3289769	0	0.761904	0.0666667	2.5809542	1.645763	0.0952381	0.4281652	1.057777	4.383319	2.8285681	6.748107	0.325714	4.7508742	1.2577768	0	0	0.77599	0	0.4332011	4.0448022	0.5463182	1.361336	2.9955862	5.6508152	11.1705907	12.1635272	5.560146	4.6101571	4.544766	4.4414523	6.4815551	4.67211	1.4838095	14.7725277	4.2868818	1.4523372	2.43831	2.0355522	0.4139681	0	0	0.6424773	0.0952381	0.76118	0.3172831	7.990958	0.190476	0.607619	0	1.8352981	1.6215941	4.0739384	1.5823011	1.0294098	1.9456063	2.4726527	0.4466362	5.251505	0.0711111	3.1743942	0	0.1906579
K00024	0.729167	0.217391	0	0.512456	0.239234	32.881257	0	3.799904	0.177936	9.998637	3.277345	1.679718	1.559905	0.355872	6.264532	5.390593	0	23.622929	1.323822	20.221057	0.177936	0.27758	0	4.198328	1.413761	1.238496	0	1.376038	0.26809	0	0.821053	0.460261	5.209285	5.298821	0	1.112494	3.708187	4.803763	0	4.78383	30.444755	0.46382	0	12.962209	23.726816	3.5658119	4.678068	0	3.903373	9.623429	0	1.629894	0	0.355872	1.354995	38.168094	0.712039	0.967972	0	5.275357	4.062145	4.478471	2.352101	8.7778573	11.950182	39.488817	2.430602	0.6391169	11.549739	2.84223	0	0	0.729927	0.335706	0.507711	11.7091605	2.703441	0.807492	12.242335	39.57706	22.097049	45.389062	3.176752	20.638312	15.195075	30.379794	19.401115	8.490371	6.134738	27.621595	9.121227	3.2981054	2.9146228	1.744741	0.865955	0.974371	0	4.200896	0.177936	0.509206	0.177936	20.014588	0.355872	0	0	1.4039069	2.959635	9.44855196	2.90131	1.406245	1.275207	3.274712	1.562278	10.435462	0	3.512655	0	0.109134
K00018	0	0	0	0	0	0	0	0	0	0	1.25714	0	0	0	0	0	0	0	0	0	0	0	0	0	0	0	0	0	0	0	0	0	0	0	0	0	0	0	0	0	0	0	0	0	0	0	0	0	0	0	0	0	0	0	0	0	0	0	0	0	0	0	0	0	0	0	0	0	0	0	0	0	0	0	0	0	0	0	0	0	0	0	0	0	0	0	0	0	0	0.374603	0	0	0	0	0	0	0	0	0	0	0	0	0	0	0	0	0	0	0	0	0	0	0	0	0	0	0	0
K11753	0	0.581699	0	2.096851	0	11.3961319	0	1.897414	0	2.1587367	0.546795	0.649772	0.241546	0	0	0.364964	0.483092	7.914507	0.182482	7.677616	0	0	0.859565	0.604999	0.364964	0	0	0	0.364964	0	0	0.424028	3.514852	1.002237	0	0.363747	0	0.198068	0	0.364964	3.84372	0.705983	1.09489	0.858881	2.947473	3.405876	0.633056	0	0	1.474338	0	0	0	0.241546	0	3.6199132	0	0	0	4.1945509	2.424308	0.46729	0.785829	1.531377	4.9249546	0.610706	1.53262	0	2.782553	0.355872	0	0	0.88968	0	0	1.90586	0.963732	0	0.927246	2.430154	5.5733218	6.9575297	0.364964	3.059384	2.6464656	1.754975	6.707976	1.367822	1.6322909	13.750889	2.35756	0.188679	0	0.320513	0	0	0	0.188679	0	0.307786	0.241546	0.26178	0	0	0	1.295531	1.3856863	1.447713	0.364964	0	0.824255	1.2144466	0	2.6135	0	2.082536	0	0.182482
K09825	1.77305	0	0	2.198585	0	15.4254999	0	0	0	1.429078	7.336872	0	0.946809	0	0.568182	0	0	11.357753	0.244681	1.680855	0	0	0	3.077612	5.198584	1.024823	0	8.684392	0.0673759	0	0	0.242424	2.147549	0.861702	0	0	1.02273	0	0	0.765958	3.349154	0	0	0	10.09522	10.872179	0.898551	0	0.77305	0.43617	0	0	0	4.77926	0	24.90421	0	0	0	1.13636	5.26136	0	0	1.71631	0.939716	0	4.84485	0	1.29078	0.531915	0	0	0	0	0	1.32177	1.488234	0.445197	0.539007	5.498646	12.723403	11.74024	5.177306	2.75403	1.397399	5.461	16.980401	1.754831	2.2134941	0	1.43972	0	4.276599	0.531915	0.644928	0	0.20922	0.216312	0	0	0.77305	5.372335	0.301418	0	0	3.432629	3.739847	14.26274	1.365409	0	2.070039	3.309797	1.06383	0.741135	0	0.478724	0	0
K03521	0	0	0	0	0	0	0	0	0	0	0	0	0	0	0	0	0	0	0	0	0	0	0	0	0	0	0	0	0	0	0	0	0	0	0	0	0	0	0	0	0	0	0	0	0	0	0	0	0	0	0	0	0	0	0	0.615942	0	0	0	0	0	0	0	0	0	0	0	0	0	0	0	0	0	0	0	0	0	0	0	0	0	0	0	0	0	0	0	0.942857	0	0	0	0	0	0	0	0	0	0	0	0	0	0	0	0	0	0	0	0	0	0	0	0	0	0	0	0	0	0
K21572	18.153708	3.8193982	0.543365	13.5941842	0.137556	92.29959558	0	14.4742548	0.866281	72.7114863	47.4368289	5.1629893	12.5615204	0	5.7842486	9.300191	0.268617	120.91890117	3.9981398	276.4254862	1.4301275	0	1.5211626	23.7841936	49.7404829	8.0477543	0	49.685809795	8.1234234	1.1879468	2.4456616	3.8963258	25.0348441	13.4545768	1.0878538	2.059951	37.59452853	25.3942246	0.22042811	12.5067532	127.2348523	7.9950298	1.5166164	14.929321	169.921196	38.2008588	22.0893008	0	6.0518855	22.7775666	0	4.7832527	0.5111388	9.9652671	3.2605003	70.4594703	0.1211458	7.8560938	0.7968751	72.2674349	13.75505762	14.6503281	7.1244452	38.4964938	92.3772166	25.2910164	70.0434456	11.9711445	35.2612369	19.7476198	0	0	2.825788	0.767656	1.8043548	48.973639	11.8297369	11.6860597	63.5046491	79.7328182	138.3690943	241.5486226	89.4984331	89.704092	61.523036	98.7755227	173.84294974	46.504639	24.4826694	232.7860243	62.7077136	57.193527	45.7794211	14.3449269	7.8332873	17.293309	0.396408	14.81963583	3.7026102	6.368413	2.1676928	87.532898	12.2273535	6.5095085	50.0234727	21.2865923	25.6872114	52.5487363	12.9897338	17.1247877	70.5172573	37.6013303	7.7783676	79.1026639	0.42895	13.564161	0.4700328	5.214373
K12574	0.134598	0	0	0.676042	0	1.3179768	0	0	0	2.110811	0.7768821	0	0	0	0	0	0	0.984304	0	3.974659	0	0	0	0.113069	0.135135	0.27027	0	0.480578	0	0	0	0	2.005693	0.271003	0	0	0.677507	0	0	0.21097	1.440527	0.59306	0	0.991518	2.12233	2.289051	0	0.0966576	0.220264	0	0	0	0	0	0	1.686599	0	0	0	0	0	0.440529	0	0	0.557076	1.72448	1.111974	0	0	0	0	0	0.135135	0	0	0.268754	0.21097	0.271002	0.931973	1.286678	5.189542	1.35863	0	0	0.135501	0.603493	0.135501	0	0.535826	2.045735	0	0.84086	1.1399501	0.271002	0	0	0	0	0.135501	0.421941	0.557442	2.608701	0	0	0	0	0	3.906292	0.86587	0	0.434827	1.008932	0	0.877477	0	2.533073	0	0
K00012	1.1633	0.4704004	0	0	0	10.8325922	0	0	0	11.033158	3.22412	0.405405	1.260247	0	0	0.135135	0	7.855504	0.312441	23.6335661	0.135135	0	0.405405	2.083231	2.02758	1.169603	0	4.896119	1.06838	0	0	0.409546	1.872072	0.135135	0	0	1.754051	1.531288	0	1.276025	5.5940697	0.477477	0	1.653508	17.919337	1.917514	1.806705	0	1.2032427	0.33599	0	0	0	0.7900896	0	4.1702155	0.135135	0.405405	0	1.187387	0.54054	0.236036	0.6292645	2.512786	11.0261449	0.893694	5.7869252	0.135135	1.3281667	0.371171	0	0	3	0	0	7.748457	0.606066	0.488086	3.573064	14.042876	12.588267	13.2113521	0.6900901	4.327824	3.2989399	8.451682	12.486317	1.567046	1.330209	7.3266371	4.655573	3.358614	5.177088	0.7414418	1.257037	0.2773561	0	0.795202	0	0.648822	0	18.408982	0.141074	0.2324323	0	1.402752	1.843266	6.930607	1.246692	0.588207	14.41907	6.538657	1.17207	10.407662	0	1.5638266	0	0.135135
K15923	0.2202582	0.0448833	0	0.9947123	0	4.9028023	0.243506	1.003802	0.0448833	4.8683313	1.1190359	0.8862362	1.3962716	0	0.744854	2.340485	0	2.9328939	0.3148506	5.9745219	0	0	0.481156	4.3351399	1.5023112	0.1154052	0	0.7479933	0.9860034	0.3170111	0	0	1.724381	0.3114906	0	0	2.5523521	0.6637251	0	0.2978382	6.4974224	0.2509183	0	0.3611553	1.795928	0.6056478	1.3040029	0	0.096008	3.3985746	0	1.7301241	0	0.0448833	0.0448833	3.570244	0	0.2451028	0.0448833	0.4101685	0.8022091	0.445857	0.426924	1.640907	5.3668859	2.255578	1.9794216	1.4424276	0.7603711	0.49944	0	0	1.488048	0	0.5909935	0.5887068	0.3963561	0.0511247	1.5881438	3.4777137	9.4372927	13.2257877	0.4101907	2.1727573	2.0844559	1.267087	7.307913	1.097996	0.4497635	10.6756437	0.8538027	0.5643059	0.7433023	0.9841823	0.6121044	0.1795503	0	2.215995	0.8780889	0.198257	0	3.4845736	1.219799	0.366052	0	0.6141613	0.5881389	1.1946173	0.2099062	0.314465	0.6716276	12.8634854	0.0448833	2.7443307	0	0.932009	0	0.2414165
K00652	0	0	0	0	0	8.53488	0	0	0	0	0.254902	0	0	0	0	0	0	0.745098	0	0	0	0	0	0	0	0	0	0	0	0	0	0	0	0	0	0	0	0	0	0	0	0	0	0	0	0	0	0	0	0	0	0	0	0	0	0	0	0	0	2.16667	0	0	0	0	0	0	0	0	0	0	0	0	0	0	0	0.862745	0.470588	0	0	1.89216	0	0	0	0	0	0	0	0	0	0	0	0	0	0	0	0	0	0	0	0	0	0	0	0	0	0	0	0	0	0	0	0	0	0	0	0	0	0
K07037	0.126263	0.252525	0	0	0	0.081761	0	0	0	0	0	0	0.583838	0	0	0	0	5.85939	0	0.1980974	0	0	0	0	0	0.104822	0	0	0.347222	0	0	0	0	0.252525	0	0	0	0.287911	0	0	0.212963	0	0	0	3.728749	0.252525	0.104822	0	0	0	0	0	0	0	0	0.2942	0	0	0	0.126263	0.126263	0	0.0900673	0.652778	0.126263	0	0.104822	0.104123	0.557734	0	0	0	0	0	0	0	0	0	0.436917	0	1.463285	0.832492	0	0.378788	0	0	1.61953	0	0.131987	0	0.2266	1.7348178	0	0	0	0	0	0.194175	0	0	0	0.326797	0	0	0	0	0.757576	0.20202	0	0	0	0.194175	0.126263	0.314465	0	0	0	0
K09903	0	0	0	0.26738	0	5.445434	0	0	0	0.874895	0.781677	0	0.925134	0	0	0	0	1.290553	0	0.292398	0	0	0	0	0.26738	0.802139	0	0.534759	0.392157	0	1.6025	0	1.069518	0	0	0	0.26738	1.87369	0	1.033338	0.9518726	0.880571	0	3.448687	2.6738	0.757576	1.092588	0	0.174688	0.884135	0	0	0	0.764706	0	7.399361	0	0.206774	0	0.69697	0	0	0	0.26738	0	0	6.955437	0.229947	1.0623895	0	0	0	0.840544	0	0	0.292398	0.8628906	0.53476	0	7.5370932	6.474152	2.656313	1.897545	2.401069	0.534759	1.736185	0.53476	0	1.673797	2.5543697	8.582887	2.15864	3.033731	3.509608	0	0	0	0.26738	0	0.42885	0.292398	0.819964	0.0292398	0.605456	0	0	0	0.524064	0.534759	0.249554	0.534759	0	0	15.074979	0	6.164191	0	0.559778
K07107	0	0	0	0	0	0	0	0	0	0	0	0	0	0	0	0	0	0	0	0	0	0	0	0	0	0	0	0	0	0	0	0	0	0	0	0	0	0	0	0	0	0	0	0	0	0	0	0	0	0	0	0	0	0	0	0	0	0	0	0	0	0	0	0	0	0	0	0	0	0	0	0	0	0	0	0	0	0	0	0	0	0	0	0	0	0	0	0	0	0	0	0	0	0	0	0	0	0	0	0	0	0	0	0	0	0	0	0	0	0	0	0	0	0	0	0	0	0
K00927	0	0	0	0	0	0	0	0	0	0	0	0	0	0	0	0	0	0	0	0	0	0	0	0	0	0	0	0	0	0	0	0	0	0	0	0	1.86111	0	0	0	1.53704	0	0	0	0	0	0	0	0	0	0	0	0	0	0	0	0	0	0	0	0	0	0	0	0	0	0	0	0	0	0	0	0	0	0	0	0	0	0	0	0	0	0	0	0	0	0	0	0	0	0	0	0	0	0	0	0	0	0	0	0	0	0	0	0	0	0	0	0	0	0	0	0	0	0	0	0	0
K03100	0.486054	0.5446537	0	1.295544	0	13.3544094	0	1.398196	0	4.8091457	3.425719	0.983452	5.0315603	0	0	0	0	0.372924	1.217392	16.039037	0.103734	0	0	0	3.576831	0.217391	0	1.0995248	1.136497	0	0	0	1.29487	0	0	0.709896	2.08765	1.10556	0.292398	1.833336	3.111673	1.14173	0	2.6787	0.303981	0.1704007	1.310715	0	1.112698	2.684426	0	0	0	1.463086	0	8.452078	0	0.103734	0	1.350127	0	2.795614	0	1.48893	3.97174	0	2.996335	0.226694	3.686954	1.1338684	0	0	0.368841	0	0.0975104	0.207469	0.245215	0.584666	2.463327	3.975875	9.320943	13.9392398	5.99493	2.9787491	3.7278882	4.224472	0.89027	2.20755	1.4764929	12.0457055	1.12555438	0.3123042	1.2531675	1.594069	0.311203	0.2822342	0	0	0	0.207469	0	2.276476	0	0.377778	0	0.251256	0.401094	3.2495874	0.644203	0.108696	1.257032	0.420689	0.2315176	3.4297066	0	0.4538207	0	0.456961
K07560	0	0	0	0.49505	0	0.643565	0	0	0	0	2.494098	0	0	0	0.376238	0	0	0.574257	0	1.468647	0	1.65677	0	0.49505	5.277224	0	0	1.2729217	0	0	0	0	0	0	0	0	0	0.402597	0	0	1.88595	0	0	1.0231	0	0	0.151815	0	0	0.811881	0	0	0	0.336634	0	3.258865	0	0	0	0.6996703	0	0	0	0	1.417143	0	5.600666	0.973597	2.44884	0.366337	0	0	0	0	0	0.970874	1.82838	0	0.2	0	1.986215	2.26037	0	1.86469	0.29703	1.083795	0	1.038525	3.130957	0.264026	0.975772	0.990099	5.372132	1.363545	0	0	0	3.462572	0	26.3107	0	2.10561	0	0	0	0	0.132013	3.588642	0	0	0.671014	1.115512	0	4.179654	0.290429	3.310229	0.0990099	0.49505
K06518	0	0	0	0	0	0	0	0	0	0	0.766667	0	0	0	0	0	0	0	0	0	0	0	0	0	0	0	0	0	0	0	0	0	0	0	0	0	0	0	0	0	2.36667	0	0	0	0.716667	0	0	0	0	0	0	0	0	0	0	0	0	0	0	0	0	0	0	0	0.5	0	0	0	0	0	0	0	0	0	0	0	0	0	0	0	0	0	0	0.691667	0	0	0	0	0	0	0	0	0	0	0	0	0	0	0	0	0	0	0	0	0	0	0	0	0	0	0	0	0	0	0	0	0	0.183333
K06890	0.327074	0	0	0	0	2.46573	0	0.527387	0	7.19762	1.027182	0	2.129338	0	0.428795	2.31308	0	11.5962	0.593458	77.9097	0	0	0	1.34898	2.751572	0.423223	0	1.23988	0.143302	0	0.115806	0.186228	0.46729	0.885759	0.469484	0.469484	0.191589	2.309611	0.234742	0.13928	1.251415	0.233645	0	0.442368	12.224428	1.449143	0.919003	0	0	1.99218	0	0	0	0.638498	0.233645	3.154288	0	0.234742	0	3.438305	0.703129	1.63551	0.700935	0.79595	1.813126	1.56322	1.7341016	0.347418	6.633848	0.607477	0	0	0	0.439252	0.663551	4.729252	0.224299	0.159624	3.46292	4.71967	3.84268	15.76011	1.53427	16.38975	5.20405	5.15888	173.8786	1.596715	1.071468	3.543152	2.682007	1.82729	1.27414	1.11994	0.861656	0	0	0.372925	0.704225	0.410016	0	12.0327	0	0.429907	0.46729	1.30673	3.139796	3.812347	2.250143	1.74143	26.0203	10.19457	0	1.21963	0	1.49377	0	1.161167
K00382	0	0.376132	0	0.163311	0	0.495684	0	0	0	0.617284	0	0	0	0	0	0	0	1.421396	0.125313	0	0	0	0	0.123457	1.234568	0	0	0	0	0	0	0.123457	0.246914	0.784972	0	0	0.246091	0	0	0.123457	2.488277	0.125313	0	0.246914	3.785792	0.337449	0.123457	0	0	0.246914	0	0	0	0	0	0.123457	0	0	0	0.493827	0.246091	0.122634	0	0.123457	0.493828	1.151441	0.67017	0.246914	0.463643	0.123457	0	0	0	0	0	2.336222	0.167785	0	0.4312759	0.590829	0.742597	3.9011358	0.232099	0.662552	0.123457	0.2098768	1.85021	0.246914	0	0	0.397531	0.246914	0.229277	0	0.123457	0	0	0	0	0	0	1.919553	0	0	0	0	0.786832	0.493004	0	0	0.987654	1.125313	0.246914	0.370371	0	0	0	0.381679
K03498	0.114679	0	0	1.342195	0	5.5580312	0	0.229358	0	4.303605	2.5184329	0	0.229358	0	0	0	0	0.4342413	0.114679	10.826455	0	0	0.178135	0	1.5389902	0.229358	0	1.428125	0.114679	0	0	0	0.409022	0	0	0	0.5739021	0.790703	0	0.344037	1.659004	0.722726	0	0.7866979	0	0.608553	0.607789	0	0.162844	0.905963	0	0	0.114679	0.335627	0	2.713304	0	0.114679	0.227829	0	0	0.330461	0	0.624618	3.480379	0	2.6107323	0.386667	0.114679	0.114679	0	0	0	0	0	0.3088687	0.228593	0	0.446483	5.666035	7.1284343	2.306318	0.0803213	1.568924	1.680528	1.6001564	0.229358	0	0.83255063	11.048167	0.6267283	1.73744	1.7143153	0.229358	0.573394	0	0	0	0.114679	0	0	0.542814	0	0	0	0	0.218654	0.9513345	0.229358	0	0	0.607798	0.114679	1.149324	0.114679	0.229358	0	0.114679
K03723	0.2204605	0.3259243	0	0.2686886	0	5.86511201	0	0.333498	0	3.0368567	1.0173079	0.0475737	0.2413833	0	0.1649447	0	0	8.0978328	0	8.5138271	0	0	0	0.7920497	0.4929833	0.4475864	0	0.717097	0.762416	0.1387968	0	0.0446828	1.1564295	0.3324668	0	0	0.7766699	0.7626927	0	0.3656123	4.1877726	0.7897891	0	3.2850849	4.926754	1.6271684	1.0785171	0	1.0447227	4.1259241	0	0	0.1116747	0.4371574	0.0432968	4.8370001	0	0.0919393	0	1.1890484	0.2872517	1.3619988	0.0448029	2.3544756	3.7707451	1.406727	0.5140095	0.124069	3.7446338	0.9221635	0	0	0.5423075	0	0.21645	1.7730065	0.2499465	0.2766603	1.3942536	4.1825613	14.2928222	9.3247481	1.032117	4.0507115	0.565102	0.7502807	5.9094621	1.4937729	0.7655344	4.8356753	4.97184739	1.3581011	0.8457291	0.26656	0.1334139	4.228678	0	1.0307937	0.4370299	10.3349741	0.0157116	2.4936075	0.2264683	0.2709471	0	1.1717579	1.1384939	1.0872937	0.0842975	0.348359	0.8669582	1.7721947	0.35255	5.7781499	0	5.0237338	0	2.5389237
K02115	0	0	0	0	0	0	0	0	0	0	0	0	0	0	0	0	0	0	0	0	0	0	0	0	0	0	0	0	0	0	0	0	0	0	0	0	0	0	0	0	0	0	0	0	0	0	0	0	0	0	0	0	0	0	0	0	0	0	0	0	0	0	0	0	0	0	0	0	0	0	0	0	0	0	0	0	0	0	0	0	0	0	0	0	0	0	0	0	0	0	0	0	0	0	0	0	0	0	0	0	0	0	0	0	0	0	0	0	0	0	0	0	0	0	0	0	0	0
K06941	0.3255814	0.166113	0	1.12804	0	9.64288	0	1.230343	0	1.861548	6.153056	0	1.345644	0	0.174825	0.0775194	0	13.904574	0.348837	8.651256	0.166113	0	0	1.988899	4.840941	0.744186	0.166113	2.5378607	0.564784	0	0	0.464964	1.129428	1.521643	0	0.332226	1.978959	0.703648	0	1.879032	6.0795069	0.332226	0	0.166113	4.036287	0.96073	1.0204913	0	0.481728	0.781576	0	2.082985	0	1.149171	0	8.357602	0	0.498339	0	0.996678	0.332226	0.5620438	0.332226	1.4362395	4.016208	2.1849395	3.801767	0.947939	4.9227201	1.2126245	0	0	0	0	0	2.782406	0.544738	0.248062	3.012374	5.262506	7.638336	6.914177	1.914194	4.575173	2.610502	1.648133	2.998148	3.230755	1.333953	9.829041	4.283496	1.901922	2.451562	0.166113	0.332226	0.0775194	0	2.322282	0	0.447398	0.166113	8.354223	0.644519	0.3200442	0	1.238246	1.553065	8.234482	2.1764219	1.723197	4.2571744	3.3999833	0.962348	2.327792	0	1.1550084	0	0.3846723
K00820	0	0	0	0.3976152	0	8.4149252	0	0	0	3.4347801	5.297463	0.3527682	0.176678	0	0.3328382	0.2650172	0	0.6891126	0.0883392	8.409649	0.176678	0	0	0.2105882	4.5399902	0.693653	0	7.1437113	0	0	0	0	0.618374	0.0883392	0	0	2.7407585	0.8775973	0.264429	0.4481742	2.947709	2.6788812	0	0.4405182	0	1.434006	0.5023562	0	0.264429	0.4290804	0	0	0	0.4416952	0	9.2684412	0	0.0883392	0.176678	0.9672644	0	0.318362	0.529446	1.2525962	2.06343	0	3.7055124	0.7272658	0.0883392	1.6420192	0	0	0	0.176678	0	0.5990303	0.3028044	0.2650176	1.0388624	6.2077352	9.176242	3.999668	4.5027582	2.2268304	1.328006	1.9664232	0.4933272	4.0304792	0.7739452	10.0621241	0.6949286	0.83686	3.9263982	0.6124852	0.5029182	0.0977995	0	0.822331	0.2105882	0.352768	0	3.557713	0.2105882	0.264429	0	0	0.0883392	3.1161522	0.1766784	0.4711427	0.421177	0.58775	0.4437537	2.0930262	0	1.2858941	0	0.0883392
K01872	0.8488466	0.3065646	0	1.2584158	0	24.8291551	0	1.733937	0	5.0542621	2.9885236	1.7452898	0.66678	0.2148748	1.0227376	0.2613773	0	15.3974796	0	11.9246726	0.2273598	0	0.597992	5.319848	3.5482414	1.9184826	0	3.1384496	0.2803458	0.337838	0.2087659	0.1191896	4.9346346	3.012205	0	0.844396	1.9395856	3.084464	0	2.1227758	9.944231	1.044697	0.194848	7.7518817	9.4423811	1.6580956	1.9800227	0	1.656682	2.8728016	0	0.351495	0	0.2382378	0	12.026931	0	0.8702378	0	9.5456418	1.1915868	3.5802518	3.1495258	1.349237	5.309659	4.7946	5.0466594	2.1011458	9.280453	1.2509966	0	0	1.16098	0	0.178784	4.0435634	2.009048	0.2744696	3.8911712	7.6046608	43.725152	21.156999	3.4531308	10.6631673	6.1171293	12.9777798	20.6014517	12.044931	1.7910948	13.24779	6.1525638	1.3102526	2.9826205	1.441061	0.7362642	0	0	1.3265008	0.22831	0.2380956	0.0235097	7.181353	0.168919	0.1907208	0	3.0200518	4.4346399	3.1514537	0.9908821	1.3262273	4.4085652	1.7227328	0.1000229	7.6453313	0	4.3677168	0	1.0213938
K04763	0	0	0	0	0	0.566037	0	0	0	0.4450464	0.632911	0	0	0	0	0	0	1.989702	0	0.188679	0	0	0	0	0.174843	0	0	0	0	0	0	0	0	0.189103	0	0	0	0	0	0.616352	0.4871006	0	0	0	0.207547	0.27044	0.204082	0	0.188679	0	0	0	0	0	0	0.942138	0	0	0	0	0	0.188679	0	0.344828	0.344828	0.106918	0	0	0.56478	0	0	0	0	0	0.2	0.173585	0	0	0	1.157135	1.368163	0.4323453	0	0	0.100629	0	1.296859	0.408163	0	0.383142	0.698328	0.3761	0	0.181132	0	0	0	0	0	0	0	0.367424	0	0	0	0	0.2578614	0	0	0	0	0	0	1.196041	0	0	1.335404	0
K00748	0	0	0	0	0	0.763984	0	0	0	0.921383	0	0	0	0	0	0	0	0.145773	0	0	0	0	0	0	0	0	0	0	0	0	0	0	0	0	0	0	0	0	0	0	0.145773	0.0408163	0	0.47619	0	0	0	0	0	0.342466	0	0	0	0	0	0.572959	0	0	0	0	0	0	0	0	0	0	1.6190911	0.145773	0.3768874	0	0	0	0	0	0	0	0.701346	0	0	0.210084	0.338353	0	0.243976	0.269164	0	0	0	0	2.611071	0.481497	0.3379	0.145773	0.171233	0	0	0	0.150602	0	0	0	0	0	0	0	0	0	0	0	0	0.738523	0.150602	0	0	1.25364	0	0.753012	0	0
K00640	0.495597	0.427934	0	0	0	11.542742	0	0	0.377358	2.028738	1.901385	0.0641509	0.410012	0	0.86001	0.938717	0	9.438513	0.376101	11.789088	0	0	0	1.796418	1.501889	0.188679	0	2.4505759	0.561006	0	1.59524	0.188679	1.1220121	1.109327	0	0.70922	1.72704	1.41844	0	0.188679	3.781663	1.132228	0	0.886994	4.683375	1.080698	1.512399	0	0.43522	0.188679	0	0	0	0.566037	0.179874	8.495957	0	0.35461	0	2.70478	0.644025	0.377358	0	0.753459	3.43879	3.513029	2.314247	0.377358	2.507535	1.169808	0	0	0	0	0	1.19338	0.189394	0.497222	1.406289	2.487104	7.604279	6.872984	0.869182	3.571541	1.544654	1.028427	4.860773	3.326336	0.377358	10.382976	2.328842	5.087692	0.377358	0	0.345154	0	0	0.780144	0.547619	0.377358	0.345912	1.964783	1.301652	0	0	0.56478	2.92643	4.42898	1.431247	0.614691	4.05936	1.68656	0.188679	1.974428	0	1.516985	0	0.340136
K01881	1.8224415	0.4208513	0	3.1195592	0	24.7283737	0	3.398406	0.219219	7.69637	4.1083861	1.179429	1.545784	0	2.6596462	1.494393	0	28.578529	0.842343	17.8018483	0.112613	0	0	6.20499	4.08374311	1.0014095	0.112613	4.5576806	7.475981	0	0.44843	1.303993	3.7800546	3.6778386	0.234742	0.189687	1.286759	2.950728	0.27627626	0.774024	10.9546	5.516518	0	0.450451	23.5626741	3.526398	2.425439	0	1.1481176	2.776029	0	1.223688	0	1.168471	0.37012	8.6431883	0.1411415	0.2064568	0.135135	7.145018	4.0143029	2.2673931	1.6706995	8.191079	13.1166674	11.3001451	4.977697	5.1309475	8.099717	1.8983784	0	0	1.150902	0	0.707959	4.8115963	6.2457244	1.4458615	9.7658583	9.4943013	17.987253	24.4042378	3.542897	10.8880766	15.0685498	7.81531601	26.2693035	8.7796893	2.3662119	20.855063	5.018151	1.405934	4.269033	2.750001	1.025605	0.224475	0	1.604535	1.56532	1.080329	0.0457958	8.450511	0.802551	0.915916	0.132132	3.7420438	2.6226935	5.131886	1.482734	0.871763	6.739213	3.351397	0.6035376	10.200451	0	6.072356	0	1.485315
K03648	0.195736	0	0	0	0	0	0	0	0	0.290698	0	0	0	0	0	0	0	1.213178	0	0	0	0	0	0	0	0	0	0	0	0	0.562016	0	0	0	0	0	0	0	0	0	0	0	0	0.463179	0	0	0	0	0	0	0	0	0	0	0	0.124031	0	0	0	0	0	0	0	0	0	2.58915	1.20543	0	1.0600775	0	0	0	0	0	0	1.72481	0	0	0.714286	0	0.485714	0.422481	0	0.709302	0	0.290698	0.290698	0	0.197674	0.439923	0.350775	0.251938	0	0	0.26938	0	0	0	0	0	0	0	0	0	0	0	0	0	0	0	2.43411	0	0	2.10078	0	0	0	0
K00278	0.85571	0.104167	0	1.7073	0	1.433486	0	0	0	0.52707	3.059229	0	0.558712	0	0	0.416667	0	2.9556923	0	4.992893	0	0	0	0.3125	0.68125	0.103306	0	1.0464187	0.104167	0	0	0.6027784	0.320139	0.1736114	0	0	0.572375	0.208333	0	0.127555	1.947754	0.352084	0	0	6.6130818	1.6142086	0.31232	0	0.413396	0.901375	0	0	0	0.2932083	0	1.291666	0	0.104167	0.104167	0.621723	0.416667	0.314042	0	0.453472	1.75053	0.625	3.593298	0.104167	0.104167	0.833334	0	0	0	0	0	1.959374	0.840703	0.208334	0.4527788	3.055261	2.116091	3.3513753	0.2426428	1.2800141	0.972889	1.6126531	1.595441	1.673032	0.2513896	5.24583	0.8625177	1.295469	1.56059	0.104167	0.208334	0	0	0	0	0	0.206612	0.9995	0	0	0	0.3125	0.208333	2.055612	0.0423611	0.312501	0.3125	0.729167	0	0.6895836	0	0.104167	0	0.208334
K00859	0	0	0	0	0	0.34965	0	0	0	0.307692	0	0	0	0	0	0	0	0.00932401	0	0	0.167832	0	0	0	0	0	0	0	0	0	0	0	0	0	0	0	0	0	0	0	0	0	0	0	0	0	0.494172	0	0	0	0	0	0	0	0	0	0	0	0	0	0	0	0	0	0	0	0.0885781	0	0	0.307692	0	0	0.202797	0	0	0	1.239065	0	0	0	3.11189	0	0	0.699301	0	0	0	0	0	1	0.545455	0.347319	1.29604	0	0	0	0	0	0	0	0	0.885781	0.34965	0	0	0	0	0	0	0.34965	0	0	0	5.94639	0	5.560683	0	0
K01740	0.21836	0.311016	0	2.080922	0	6.0660142	0	1.939202	0.26738	6.5034753	5.55698501	0.40107	1.489655	0	0.986461	0.122995	0	35.9712288	0.2383806	61.3133908	0	0	0	3.7235066	0.400713	0.522282	0	4.510053	0.458716	0	0.13369	0.13369	5.1808127	0.949198	0	0.326797	0.147059	4.027441	0	0.782749	14.221954	0.633987	0.802139	0.785462	5.5705594	2.2861311	2.966165	0	0.583917	1.50489	0	1.871659	0.26738	0.13369	0.26738	0.881864	0	0.7014319	0	2.168561	0.534759	0	0.973669	2.6644387	1.110341	0.13369	0.990211	0.970807	4.684775	3.491488	0	0	0	0	0	3.311669	1.730917	4.011828	11.592942	11.054394	5.812079	86.757966	30.880825	14.5018137	31.0632604	20.0024154	91.212518	18.307947	2.2345769	58.4252084	23.97476	10.6977122	4.5952095	1.679637	1.43324	8.58507	0.145349	3.344204	0.147059	0.289855	0.5055325	12.8913203	0.3301251	0.7251601	0	6.469211	16.61953	21.264619	1.695785	0.419306	8.207281	7.605139	0.9650831	15.500991	0.103617	0.537849	0	0.80214
K02335	0.5947366	0.1350945	0	0.4072442	0	4.6348675	0	0.4604065	0	3.5564318	2.5798343	0.0844595	1.168001	0	0.3566503	0.359712	0	16.4951843	0.136	3.4639999	0.0574053	0	0.1148106	0.812031	1.6693852	0.1687716	0	2.1056763	0.0574053	0	0	0.0574053	0.1728156	0.1208271	0	0.220657	1.5309404	1.1001302	0.0574053	0.1844628	7.2453455	0.5401185	0	2.393451	12.1989042	1.21557	0.5247095	0	0.2104861	1.5012367	0	0	0.0574053	0.9257596	0	4.3141942	0	0.0470723	0.084317	3.8185164	0.114811	0.589437	0.116228	1.8650351	1.7305482	1.31956	8.7410928	0.380175	7.6481292	1.3949365	0	1.03291	1.1160233	0	0	0.738232	1.6739931	0.2942839	3.8565694	1.6570962	5.1068286	9.7213507	4.6690186	2.64083654	2.0007813	3.0519581	10.3327144	3.8340375	3.7834287	5.1723686	5.1663229	3.2148849	3.0141832	1.2414967	0.1510383	0	0.0990099	3.3141968	0.401837	0	0	4.971119	0.4390592	0.3633615	1.88636	1.3258393	3.6035529	6.1348453	0.9349059	0.8830949	3.6534426	0.5139505	0.4935206	4.6084953	0	4.6096952	0.445505	0.677719
K01119	0	0	0	0	0	2.0479912	0	0.469043	0.0938086	0.6566604	2.85792	0	0	0	0	0	0	0.2814256	0	0.3733586	0	0	0.0938086	0	0.0938086	0.187617	0	1.1257036	0	0	0	0	0.624738	0.0938086	0	0	0.3739836	0.70544	0.187617	0.0869293	0.2814256	0.0669168	0	1.059873	0.462789	0.5020822	0.1869918	0	0	0.6113462	0	0.0938086	0	0.18324	0	2.5361479	0	0	0.216385	0	0	0.0931832	0	0	0.165103	0	3.1316745	0	0.5734756	0	0	0	0	0	0	0.1869918	0	0.0938086	0.375234	0.914096	2.3569854	1.1813626	0.375234	2.5573025	0.485929	0.2814256	0	0	0.685428	6.4140096	1.4776071	0.2808006	1.3513866	0.8730456	0.1894109	0	0	0.311109	0	0	0.2468648	1.1217861	0.187617	0	0	0	0	0.609649	0.1876172	0	0	0.281426	0.1876172	0.585991	0	0.1413383	0	0
K22132	0.606803	0.795704	0	0	0	10.246363	0	0	0	1.773067	1.189742	0.807181	0.679029	0	0.197279	0.480769	0	5.4517	0	15.145339	0.157823	0	0	0.856803	1.750038	1.009092	0	1.906124	0.322807	0	0	0.406926	1.634922	0.273469	0	0	1.02484772	3.588554	0	0.408163	4.781933	2.244296	0	0	9.769728	3.181292	0.618939	0	0.509701	1.026131	0	0	0	0.550269	0	7.6716404	0	0	0	1.915383	0.585034	1.8031366	0.408163	0.408164	2.359504	2.496903	2.309368	0.770404	0.880273	1.914787	0	0	0.673435	0	0	2.26588	0.408164	1.426996	2.167705	5.1253118	11.8395283	11.1813851	4.027814	2.68626	3.2991898	2.776048	6.165168	2.744131	1.74531997	8.213426	2.952017	2.5173713	3.265616	0.9796164	0.46724	0	0	0.546939	0	0.193798	0	9.940023	0	0	0	1.219052	3.0658	5.388169	1.031078	0	0	0.46724	0	3.633752	0	2.196263	0	0.635058
K01153	3.0267589	0.0556793	0	0.5102135	0	8.1569314	0	0	0	1.2041835	1.99827263	0.0431406	0.111359	0	0.16388	0.0983284	0	1.275534	0.1890123	11.7019805	0	0	4.185584	0.380757	5.2198047	0.551058	0.063857	1.3556122	0.0631912	0.3450625	0.145985	0.9566601	1.7585486	0.4835828	0	0	3.0553548	1.2914965	0.111359	0.3623764	11.2438303	2.3068553	0.0805292	2.887428	0.8511587	1.5630166	0.7072396	0	1.2544459	7.4191599	0	0	0.1236141	1.2030585	0	7.8853588	0	0.5730125	0	0.2475586	0	0.0348924	0	0.5011346	0.2389791	0.473461	29.3730746	0.9690462	4.246773	0.8485276	0	0	0.464812	0	0	1.5185859	5.21381	0.111359	1.2458084	3.75445	4.8682664	2.4172745	2.3345215	11.6420404	0.1065958	3.5380081	2.9373798	0.1065958	2.4257923	2.8866758	1.8940335	8.223406	3.4653612	4.2223037	0.4947378	12.1232	0.1544683	2.7516794	0.605865	0.606361	0.2559738	0.46058	5.1405235	0.9967654	8.085006	0.285714	0.6703822	5.6775123	2.4056852	4.6206441	0.3087461	2.5502819	0.4059934	17.4443156	0.3220075	8.6320933	0.5945534	0.524468
K03524	0	0.233645	0	0.218069	0	2.4395962	0	0	0	0.46729	0.7928352	0.154206	0.194704	0	0	0	0	1.566842	0.11838	0.1105919	0	0	0	0.761408	0	0.527763	0	0.420561	0	0	0	0.0794393	0.161994	0.233645	0	0.291277	0.404985	0.221184	0	0.453271	0.81464175	0.4501563	0	0	1.732087	0.520249	0.9968852	0	0	0.819232	0	0	0	0.0233645	0	3.403151	0	0	0	1.545172	0	0.249221	0.166667	0	0.3322529	0	1.532711	1.175674	3.607412	0.137072	0	0	0	0	0	1.88785	0	0.2616824	0.576324	1.573262	3.723753	1.510904	3.755455	3.1012436	1.74143	1.084113	4.264795	1.042056	0.7943928	5.026479	0.45942	0.216511	1.225582	1.458307	0	0	0	0.700935	0	0.403427	0	1.1118754	0	1.579435	0.700935	0	0	0.847352	0	0	0.233645	0.233645	0	10.0467295	0.233645	4.644635	0	0.249581
K00760	0.994872	1.10513	0	0.230769	0	0.946154	0	0	0	1.760635	0.553846	0	0	0	0	0	0	9.207691	0	0.382051	0	0	0	0.669231	0	0	0	0	0	0	0	0	0.533333	0	0	0	0	2.300003	0	0	1.284616	0	0	0	0	0	0.946153	0	0.638462	34.69367	0	0	0	0.287179	0	3.841028	0	0	0	0.0512821	0	0	0.384615	0	0.777778	0.187179	0	0.929036	2.884614	0	0	0	0	0	0	5.48718	7.41795	0	0.905742	3.425641	7.22344	0.741025	0	2.475194	0.330769	0	2.117945	0	1.679242	0.982051	0.587179	0	0	0	1.894872	0	0	0	9.3718	2.192305	0	0	7.38718	0	0	1.023077	0.182051	0.317949	0.638461	0	0	0	0	0	0	2.91026	0.748718	0
K09710	0	0	0	0	0	5.189128	0	0	0	6.66667	3.41667	0	1	0	0	0	0	4.222222	0	13.002409	0	0	0	2	0.0555556	0	0	2	0	0	0	1	3.545458	0	0	0	2	1	0	0	1	0	0	0	3	0	0	0	0	8	0	0	0	1	0	1.88889	0	0	1	0	1.88889	0	0	4	1.05556	0	2.194444	1	0.472222	0	0	0	0	0	0	0.0151515	0.916667	0	0.388889	13.63384	6.310606	1.33333	1	4.376258	1	16.796668	1.16667	0	0.305556	7.69444	2	4.3544056	1	0	0	0	0	0	2	0	0	1.97222	2	0	1	0	0	1.58333	0.0277778	0	0	2	0	0	0	0	2	0
K00791	3.175621	0.177305	0	1.961894	0	6.495014	0	0.564861	0	2.782092	7.011428	0	0	0	0	0.3742071	0	11.0723599	0.3937	14.628658	0.18315	0	0	2.078028	4.276578	0.475066	0	2.043455	0	0	0	1.127297	2.643898	1.182302	0	0.60928	4.263472	1.711479	0	0.3937	8.301487	1.635659	0	2.750474	16.005009	5.4635004	2.864754	0	0.304462	2.583459	0	0	0	2.315157	0.498168	4.8955615	0	0.3663	0	2.555427	0.980002	1.019017	1.426072	4.879515	5.39016	2.06766	7.984035	0.734484	4.488275	3.847846	0	0	0	0	0	5.510539	3.0651793	1.225218	1.569242	5.11228	14.782238	23.801442	3.3601358	5.461848	3.312778	0.991269	10.806297	4.038557	1.6757511	10.845229	7.611518	5.71787	7.74294	0.32634	0.788286	0.2	0.19685	1.782832	0.19685	1.49921	0.3663	9.450913	0	0.181818	0	1.429326	3.037167	3.605048	0.496063	0.19685	1.63422	0.393701	0	7.103781	0	3.682354	0.333333	0.484291
K04068	0	0	0	0	0	1.426786	0	0	0	0	0	0	0	0	0	0	0	9.29923	0	0.830247	0	0	0.839286	0	0.659757	0.284314	0	0.446429	0	0	0	0	0	0	0	0	0	0	0.446429	0	0.776786	0	0	0	0.87963	1.63441	0	0	0	0	0	1.0202	0	0	0	0.357143	0	0	0	0	0.806452	0	0	0	0	0	0	0	0	0.462963	0	0	0	0	0	1.472501	0	0	0	1.961579	1.167435	2.42045	1.04167	0.169892	0	0	5.312246	0	0	2.91369	0.669048	0	0	0	0	0	0	0	0	1.71069	0	0.360119	0	0	0	0.322581	0	0	0	0	0.471698	0	0	0.147799	0	0	0	0
K02014	7.8898272	0.667852	0	3.703031	0.212963	84.5726095	0	5.5174606	0.1592546	31.1048406	33.9847951	3.1931686	6.0818406	0	4.70952334	2.6119137	0.954459	57.5298969	3.4859638	48.0457819	1.4753358	0	0.5738	19.5013875	20.2310851	3.2396181	0	32.1193726	14.1494194	0.2281111	0.484334	0.8168736	9.2315136	6.0380533	0.162075	0.47825484	7.6810073	6.7187057	0.293821	4.558216	30.3367876	4.9118377	0	17.0962692	40.1316591	34.5537867	8.5043713	0	6.3295577	18.312963	0	7.574263	0.302115	8.1341743	0.9561571	100.57430418	0.0761035	2.8376196	0.449806	20.3438815	12.8523431	11.5151742	5.3780139	14.4842365	63.5903883	31.675465	19.982826	3.0393854	27.3649584	9.2857038	0.234742	0	3.6114243	3.013646	3.573349	21.0581831	4.1326914	20.2657996	17.5709766	30.7490302	50.9396331	50.1230516	39.1655384	14.8973669	13.9125127	28.149049	33.5683874	22.2982363	25.9407704	33.5514972	28.1285704	7.5570786	9.59543195	46.3054225	6.8078049	12.6443429	0.065703	3.7062781	0.9146782	15.955998	2.3017657	48.9600718	6.1317252	1.4385712	2.218115	12.0109474	11.0217998	19.3373606	7.7802565	10.478975	10.7013317	13.1037878	5.0675806	23.43368081	0.141346	12.3166636	0	3.3879708
K02926	0	1.34375	0	0.697917	0	0.847222	0	3	0	0	0	0	0	0	0	0	0	0	0	0	0	0	0	3.16875	2	0	0	0	0	0	0	2	0	4	0	0	0	0.902083	0	0.170833	3.208333	0	0	0	9	0	1.302083	0	0	1.26875	0	0	0	0	0	0	0	0	0	5	0	0	0	0.597222	0	0	0.229167	0	0.775	0.545833	0	0	0	0	0	0.304167	0	0	1.50725	1	0	18	0.745833	0	0	1.04792	11	2.77083	3.069047	0	0	0	3.46739	0.768116	0	0	0	0.129167	0	0	0	0	0	0	0	0.166667	0	0.247917	0.26875	0	0	0	0	0	0	0.572917	0	0
K09761	0.25641	0.512821	0	0	0	2.268777	0	0	0	1.043185	2.588035	0.512821	0	0	0	0.847458	0	3.004112	0.25641	0.957466	0	0	0	0	3.135478	0	0	2.14872	0	0	0	0.494017	0.512821	0.769231	0	0.466667	5.855648	0.97265	0	1.500854	3.061134	0	0	0	4.778847	4.084333	0.25641	0	0.25641	0.82906	0	0	0	1.161698	0	3.79316	0	0.25641	0	0.629059	0	0.45641	1.89	0	1.188903	0	6.727026	0.218803	0	0	0	0	0	0	0	1.378727	0.8201831	0.769231	1.477539	4.523078	5.837704	6.203714	3.887179	0.8969721	1.31111	2.8192684	6.225743	1.624958	1.031506	5.41197	1.254904	2.089744	1.603067	1.151282	0	0	0	0.25641	0	0	0	4.343593	0	0	0	0	0.512821	2.204424	0.639317	0	1.025641	1.025641	0.25641	3.82735	0	0.278632	0	0
K03978	2.564304	0.666667	0	0	0	9.688821	0	0	0	2.190419	6.252273	0	0.325103	0	0	0	0	4.650118	0	9.318903	0	0	0	3.166442	4.797945	0.489529	0	8.779188	0	0	0	0.40678	0.42735	0.782486	0	0	3.68528	0	0	0.666667	2.557956	1.261496	0	0	2.46162	9.0913884	0.886419	0	0	2.24184	0	0	0	1.20886	0	4.618238	0	0	0.259887	1.727851	0.333333	0.80584	0	0.293065	2.721523	1.895234	4.772618	0.154321	2.648666	0.588477	0	0	0	0	0	0.3866663	2.404988	1.346663	3.105607	2.708634	6.4968636	4.9045452	3.676956	2.662647	3.505917	1.211545	4.502637	4.0961979	2.196049	9.96913	3.660488	3.118885	2.170643	0.919753	0.335391	0	0	2.744832	1.00447	0.671141	0	6.325625	0.641975	0.671141	0	3.23819	2.3221478	3.527651	1.256204	3.282837	5.433598	3.697258	0.427984	2.827146	0	0.703883	0	0.671141
K01929	0	0	0	0	0	0.0883332	0	0	0	0	0	0	0	0	0	0	0	0.121951	0	5.6252	0	0	0	0	0	0	0	0.121951	0	0	0	0.121951	0.524014	0.979094	0	0	0	0	0	0.140056	0.114634	0	0	4	0.121951	0	0	0	0	0	0	0	0	0	0.121951	0	0	0	0	0.121951	0	0.121951	0	0.11626	0	0	0.2351779	0	0.171545	0	0	0	0	0	0	2.21463	0	0.121951	0.500467	0.0357724	1.437084	0	0	0.102439	0.106504	0	0.569106	1.121951	0.956989	0.169106	1.121951	0.140056	0	0	0	0	0	0	0	0	0	0.26704	0	0	0	0	0	0.112195	0	0	0.112195	0	0	0	0	0.121951	0	0
K03322	2.032849	0.504505	0	0	0.269542	8.152823	0	0.134771	0	0.345881	1.0266135	0.269542	2.354122	0	0.808625	0.0880503	0.143545	7.9593232	0	5.6558909	0	0	0	2.43677	2.7530897	0.540736	0	3.556207	0.610063	0	0	0.8596871	1.564885	0.479784	0	0.538185	0.5284861	1.313567	0	0.21097	2.630291	1.634039	0	0.134771	5.014447	5.393169	1.385118	0	0.493782	2.0784392	0	1.105848	0	0.703081	0	13.88384	0	0.435043	0	1.412405	3.4380811	1.950891	0	1.59389	3.4838891	4.00539	2.22868	1.0459793	0.537184	0.3261458	0	0	0.624438	0	0.434783	2.0991623	0	2.014846	1.983853	2.164421	4.6591773	8.707205	1.525469	2.6468604	1.886622	1.25061	5.377191	4.6288	0.586795	3.70081	2.332387	1.4445137	0.673855	2.8919617	0.061657	0	0	0.269542	0.268643	0	0.269542	3.171609	0	0	0	3.780535	0.268643	0.833875	0.30009	0	0.506757	0.134771	0.472096	1.306085	0	0.502573	0	0.134771
K07137	0.794258	0.3052628	0	0.6425581	0	6.9629318	0	2.0773364	0	1.57929	2.930853	0.133333	0	0	0.654887	0.613497	0	11.497105	0.215517	10.450395	0	0	0.218274	1.5143839	0.999883	0.355035	0	0.35508	0	0.210526	0	0	2.1739157	0.963124	0	0.178246	0.519298	1.63009	0	1.0669708	3.442686	0.210526	0	1.142021	12.406096	5.283294	1.159128	0	0.210526	1.8384935	0	0.498939	0.185874	1.1079767	0	5.4114631	0	0	0.201613	1.250322	2.3129491	0.465263	0.105263	0.210526	1.995091	3.372918	2.3288549	0.1981998	4.764974	0.769978	0	0	0	0	0	3.9608379	0.105263	0.6850805	2.335493	2.1077134	8.0166368	9.7472333	1.070477	3.4528523	1.544563	2.777719	10.763685	5.1271699	1.6006518	4.408233	1.903525	0.8660818	0.776429	0.2813956	0.105263	0	0	0.1684209	0.631579	0	0	1.879385	0	0.105263	0.0378947	0.998374	2.397581	1.783161	0	0.406604	1.919483	1.029835	0	2.506071	0	0.7525857	0	0.105263
K03536	2.01961	0	0	0	0	0	0	0	0	0	0	0	0	0	0.794118	0	0	8.92009	0.85	0	0	0	0	0.566667	0	0	0	0	0	0	0	0	0	0	0	0	0	0	0	0	7.89216	0	0	0	8.43726	6.68333	0	0	0	0	0	0	0	0.725	0	0	0	0.975	0	2	3.35043	3.925	0	0	0	0.705882	3.32353	0	0	0	0	0	0	0	0	0	0	0	0	0	1.20567	2	0	4.2107	0	0	2	1.91667	0	0	3.94167	0.965812	0	0	0	0	0	0	0	0	0	0	0	0	0	0	1	0	0	0	3.49167	0	0	0	0	0	0	0.816667
K02867	0	0	0	0	0	0	0	0	0	0	0	0	0	0	0	0	0	0	0	0	0	0	0	0	0	0	0	0	0	0	0	0	0	0	0	0	0	0	0	1.14912	0	1.95614	0	1.38596	0	0	0.72807	0	0	0	0	1	0	0	0	0.842105	0	0	0	0	0	0	0	0	0	0	0	0	0	0	0	0	0	0	0	0	0	0	0	0	2.26316	0	1.94737	0	0.719298	7.65789	0	0	2.67544	0	1.48246	0	2.5	12.5965	0	0	0	0	0	0	0	0	0	0	0	0	0	0	0	0	0	0	0	7.18421	0	0.798246	0	0
K01885	2.788899	0.322581	0	2.83467	0.215054	22.8763985	0	2.9232457	0.433032	6.473974	9.144788	0	0.322581	0	1.526768	0	0	23.116791	0.35718	40.964416	0.1784662	0	0.109649	2.579817	4.921971	1.094372	0	7.33847	0.328947	0.171326	0.864459	0.322581	3.3339821	0.806172	0	0	2.945932	3.664882	0.90486	3.178525	13.8949176	1.283932	0	2.2092189	17.475957	4.3051948	1.298858	0	1.0734596	4.304548	0	0	0	1.5148332	0	25.48188	0	1.016888	0	4.825905	1.749821	0.9927873	0.969316	3.157055	10.3071554	5.6471656	6.272688	0.5173492	10.566045	3.198192	0	0	1.3815795	0	0.100877	1.9237352	1.317587	1.3565476	5.1408603	11.2378578	15.577237	28.8277753	13.766108	9.233703	7.215685	11.5647952	21.0341824	13.532614	2.311663	22.3627135	6.3325897	2.078485	3.1801273	2.1271887	0.0403226	0	0	1.614016	0	0.3012403	0.219298	6.9543536	0.109649	0.436474	0	4.4931397	2.43603	4.324736	1.498853	0.367493	1.4595722	2.2940484	1.479496	6.333132	0	2.502834	0	0.322581
K03092	1.110552	0.592828	0	0	0	10.980071	0	1.751452	0	2.6127579	3.915131	0	1.449649	0	0.1949638	0	0	16.2872659	0.865386	11.2374193	0.113314	0	0.314507	1.572422	2.344817	0.594922	0	2.4467077	0.3994467	0	0	0.329365	2.990694	1.903193	0	0	2.3697514	1.969749	0	1.0543398	5.6263459	2.1587003	0	1.4489601	7.322772	4.992347	2.6226195	0	1.6308799	2.6458772	0	0	0	0.832298	1.25786	5.6742039	0	0	0	0.7889715	1.543498	1.438997	0.21978	1.72847	6.9359453	1.65055	5.1835696	0.3702447	5.708889	2.323345	0	0	0	0	0.10989	4.67309032	1.234638	0.32967	3.0311484	12.72762241	11.8051897	8.6350133	3.9710565	7.308008	2.679853	1.79987594	17.3765266	4.473973	1.9321061	7.07253	12.6646659	3.7047089	1.4412879	0.888241	0	0	0	1.090273	0.21978	0.319414	0.178022	2.698207	0.799145	0.669995	0.124542	5.901705	1.330434	2.5405192	1.30374	0.192007	3.730982	1.7187677	0.261405	14.5875671	0.32967	7.548636	0	1.35012
K01069	0.452525	0	0	0	0	5.243122	0	0	0	0	0	0	0	0	0.113131	0	0	2.27475	0	0.707627	0	0	0	0.258586	0.510204	0	0	0.149495	0	0	0	0	1.288687	0	0	0	0	0.331313	0	0.181818	1.979793	0.481293	0	0	4.7697	4.40606	0.30303	0	0	0.535353	0	0	0	0.359596	0.255102	0	0	0	0	0.30303	0	0	0	0.715151	0.50707	0	1.113688	0	0.747475	0	0	0	0	0	0	0.991919	0	0.177778	0.345382	0.373737	0.964595	3.073824	0.510204	0.6606057	0	0.30303	2.623534	1.36364	0.69899	0	2.095505	0.571717	0	0.255102	0	0	0	0.29697	0	0	0	0.606061	0.606061	0	0	0	0.50707	0.30303	0	0.32	2.864644	1.269896	0.909091	0	0	0.353535	0	0.537374
K01551	0	0	0	0	0	0	0	0	0	0	0	0	1	0	0	0	0	0	0	0	0	0	0	0.166667	0	0	0	0	1	0	0	0	0	0	0	0	0	0	0	0	0	0	0	0	0	0	0	0	0	0	0	0	0	0	0	0	0	0	0	0	0	0	0	0	0	0	0	0	0	0	0	0	0	0	0	0	0	0	0	0	0	0	0	0	0	0	0	0	0	0	0	1	0	0	0	0	0	0	0	0	0	0	0	0	0	0	0	0	0	0	0	0	0	0	0	0	0	0
K15460	0	0	0	0	0	0	0	0	0	0.0673759	0	0	0	0	0	0	0	0	0	0	0	0	0	0	0	0	0	0.383244	0	0	0	0	0	0	0	0	0	0	0	0	0	0	0	0.432099	0	0	0	0	0	0	0	0	0	0	0	0.762923	0	0	0	0	0	0	0	0	0	0	0	0	0	0	0	0	0	0	0	0	0	0	0	0	0.201426	0	0	0	0	0	0	0	0	0.265957	0	0	0	0.426954	0	0	0	0	0	0	0	0.492908	0	0	0	0	0	0	0	0	0.265957	0	0	0	0	0	0	0
K20461	0	0	0	0	0	0.232558	0	0	0	0.546753	0.350877	0	0.956938	0	0	0	0	3.940667	0	0.232558	0	0	0	0.239234	0	0.239234	0	0.239234	0.717703	0.478469	0	0	0	0	0	0	0	0	0	0	0	2.74984	0	0	0	1.422054	0	0	0.261563	0.239234	0	0	0	0	0	0	0	0	0	0	0	0	0	0	0	0	0.774118	0	0	0	0	0	0	0	0	0	0.0191388	0	0.882978	0.196899	0.239234	0.471792	0	0	0.478468	0	0	0	0	0.37594	1.153317	1.182819	1.618478	0.170543	0.239234	0	0	0.711026	0	0	0	0	0	0	0	0	0	0	0	1.99043	0	0	0	1.130707	0	0.543844	0	0
K07221	6.128476	1.264785	0	0.393701	0	9.291269	0	0.141444	0	0.6690795	7.3559555	0.148368	0.30303	0	3.1021	2.013672	0	12.833136	0	2.790499	0	0	0	0.129094	5.106832	0.351649	0	6.728435	1.038576	0	0	0	1.4693512	0	0	0.296736	0.73096	0.464396	0	1.04487	11.803645	1.431257	0	0.893355	11.43406	2.051435	1.172113	0	0.8409316	6.260888	0	0	0	2.91703884	0.454545	7.448069	0.312842	0.448251	0.151515	5.116629	12.144168	0.8222811	0.734121	4.22489	5.269318	0	2.120696	1.725434	1.898789	0	0	0	0	0	0	1.082899	0.526395	0.148368	1.044993	2.541075	14.8786836	3.0412541	0.148368	4.509106	2.15727	0.296736	9.262893	5.257615	0.299883	1.0089	3.313721	3.906928	1.0247746	1.387735	1.607559	1.69841	0.340136	0.445104	0	1.335312	0	0.485638	1.740882	0	0.213152	0.754706	9.267662	15.68818	0.444115	5.5617493	0	2.2998737	0.148368	2.114738	0	0.980218	0	0.0732714
K09125	1.495397	1.534447	0	0.391621	0	11.14609	0	0	0	4.444512	4.605712	0.806452	1.55537	0	1.106507	0	0	31.638975	0	47.4189411	0.473118	0	0	1.74327	6.867256	0.95881	0.276243	6.87243	0.919244	0	0	1.36903	3.311974	0.826888	0.828729	0	0.521179	2.031539	0	0.552486	12.945979	0.795324	0	3.531909	8.645959	4.074863	1.1473294	0	0.552486	2.486183	0	0.129032	0	1.994349	0	17.299578	0	0.276243	0	6.912046	2.716386	1.412291	0.359116	0.280899	7.684342	4.144809	2.694746	4.62335	1.911538	0.806452	0	0	0	0.851852	0	2.1370972	2.124838	0.305709	3.921869	14.238804	16.720922	40.383615	2.498383	11.330973	3.211122	5.937257	10.652133	7.951054	7.3890741	21.576618	5.74281	0.82571	3.707145	0.83911	0.889186	0	0	0.508566	0	0.18232	0	8.235306	0.276243	0	3.36585	1.71823	2.479379	2.985248	0.664825	4.725599	2.178637	0.280899	0.276243	5.302302	0	0	0	0.276243
K07478	0.28169	0	0	0.438498	0	1.2132903	0	0.985915	0	0.913692	0.5061755	0	0	0	0.140845	0.140845	0	1.9397918	0	7.5859147	0.137741	0	0.24977	1.949293	0.3032863	0	0	0.28169	0.228169	0	0	0	0	0.414084	0	0.717701	0	0	0	0.6641105	1.5344897	0	0	0	2.334158	0	0.154321	0	0	0.140845	0	0.279812	0	0.2169013	0	0.923472	0	0	0	0.3192487	0	0.1965745	0	1.380003	1.070597	2.30892	0	0.140845	0.289096	0.137741	0	0	0.413223	0	0.140845	2.966196	0	0.269483	0.140845	1.1153327	0.675167	0.7136146	0.832654	0.783142	1.539023	0.3358681	1.1117376	0.663652	0.646108	4.365906	1.277977	0.140845	0	0.275482	0	0	0	0.15528	0	0	0	2.227964	0	0	0	0.2122065	0.0704225	0.28169	0.406226	0.142045	0.488263	0.0732394	0	0.413223	0	0.550964	0	0
K04077	7.0487164	2.0584169	0	32.0697378	0	98.044034	0	13.236705	0.406504	135.054606	9.6042841	3.6055975	7.497305	0	3.714547	6.272763	0	54.4839848	3.657302	249.8733445	0.116009	0.246305	7.589018	12.6297581	20.111899	7.3703474	0	12.4004639	1.285077	0	2.806323	3.729994	20.2151402	4.929641	3.047617	0.595238	6.4357222	14.8200279	0.768957	7.51411	38.0315508	1.3589794	0.732909	63.934515	170.137631	13.985726	13.548643	0.101626	5.1876634	32.1371193	0	7.181876	0	2.435347	0.917001	25.944739	0.031746	3.717316	0.515583	18.338672	0.576051	7.683145	6.748572	20.234349	43.755776	1.297396	38.037878	6.13805	33.702724	6.998646	0	0	20.193716	1.14728	0.607046	19.1029553	12.5668854	3.8814011	27.4406278	134.90571	93.153757	40.840792	43.7397405	57.226298	42.704754	176.515591	36.816767	40.2844535	34.397452	80.707197	27.596014	11.832574	12.2192549	30.0257632	2.821653	1.512356	0.303523	6.8861862	0.698703	1.440465	0.7527099	63.217462	1.7132281	4.236624	0	2.106221	3.431741	21.433431	7.077579	3.3616057	77.04548	38.1819833	4.246576	49.799449	0.2771	34.3794615	0.228658	6.4573088
K00767	0	0	0	0	0	1.78571	0	0	0	0	0	0	0	0	0	0	0	0	0	0	0	0	0	0	0	0.984127	0	0	0	0	0	0	0	0	0	0	0	0	0	0	0	0	0	0	0	0	0	0	0	0	0	0	0	0	0	2.14286	0	0	0	0	0	0.452381	0	0	0	0	0	0	1	0	0	0	0	0	0	0	0	0	0	0	1.12698	0.968254	0	0	0	0	0	0	0	0	0	0	0.642857	0.880952	0	0	0	0	0	0	0	0	0	0	0	0	0	0	0	0	0	0	0	0	0	0	0	0
K06167	0.440528	0	0	0.324675	0	1.966972	0	0	0	1.119085	0.220264	0	0	0	0	0	0	0.6761597	0	2.90015	0	0	0.757576	0	0.436123	0	0	0.409658	0	0	0	0	0.429185	0.45731	0	0.220264	0.220264	0.862319	0	0.220264	0.965417	0.998215	0	0.5478	2.9179119	1.101322	0.220264	0	0	0.399412	0	0	0.440529	0	0	2.791	0	0	0	0.858369	0	0	0	0.0690162	1.137644	0.315712	5.4588352	0.352113	0.143062	0.315522	0	0	0	0	0	0.734647	0.324675	0	0.294118	1.32746	3.701951	1.624743	0	0	0.279001	1.162929	0.214592	0	0	2.69604	1.242909	0	0.525832	0.2314274	0	0	0	0	0.220264	0	0	2.3293184	0	0	0	0	0.214592	1.571138	0	0.220264	0.815262	0	0	2.297482	0	0.432039	0	0.716828
K01190	5.5127482	1.5743789	0	7.5785865	0.4281591	26.9784645	0	6.9175142	0.0386399	22.72028102	6.4329346	0.9663416	1.1065035	0	1.5714285	1.067143	0.0655898	60.2949413	1.0710059	30.0292999	0.3676795	0	0.7922552	3.40006273	4.4391042	1.48209053	0	2.634821	0.4966325	0	0.1628044	0.5209565	5.929422	6.2655935	0.315457	0.121655	3.7669369	6.2160489	0.3456644	2.5896095	58.1054879	2.1879815	0	15.4626597	43.0393517	6.0413448	4.9431139	0.0386399	0.7172261	8.6659976	0	0.5412922	0	1.0319843	1.2928631	20.190788261	0	0.8859524	0.1489236	13.112482	4.314119	3.7772412	2.0689313	1.9885011	21.3147779	15.5786705	11.8707715	3.235404	10.7266674	6.1355338	0.372439	0	6.661606	0.1411434	1.7853689	23.8418241	2.1887154	1.0317745	13.7034822	15.9773122	28.8615385	74.9968691	6.3499261	17.3780754	9.77770582	14.2734618	67.680372	9.8813533	7.8947753	23.45973438	16.4497955	11.1061348	11.0746576	2.2080084	2.0724244	0.0924295	0.0936339	3.4209791	0.7120034	1.0744124	0.6611974	16.2168766	0.4633934	1.1366069	0.1928426	1.48127327	9.0527982	9.0696037	0.4433396	2.6603975	16.6835031	7.9987601	0.5350391	15.68936882	0.1839708	24.2076184	0	3.412039
K05601	14.27196	2.286763	1.06055	0.715303	0	31.509625	0	8.3561574	0.199601	8.530502	24.124567	0.98869	4.352022	0	1.5036618	1.3945434	0.499002	77.544493	0.9083015	102.871188	0.873257	0.199601	0	6.8683988	42.12352	3.381248	0	19.3395864	1.149867	0.498337	0.399202	8.1383004	12.785678	8.9301429	1.19694	1.816485	7.25186	8.579351	0.8556224	3.118221	35.422423	5.062711	0.52362	4.650432	109.5681808	18.783607	8.295915	0	2.287426	4.575508	0	0.6645804	0.0991351	4.325022	1.784778	5.111002	0.299401	2.6314044	0.8386594	18.562354	16.0410204	5.521297	2.694796	12.887509	19.926449	4.656021	17.513847	7.499391	34.870113	15.9871204	0.199601	0	1.98933	0.986028	1.7440178	16.650796	6.4785596	5.162095	24.18424	34.510662	31.249331	163.741092	7.299895	32.894353	28.87211	31.118037	102.336499	36.9638274	3.4837	40.398115	25.093247	24.573128	8.298122	0.815702	6.450487	0.6786428	0.247505	6.969736	1.197605	3.477375	0.9150038	35.310091	1.7728534	1.3752504	0	11.0117724	15.988051	26.928214	8.96364	8.243699	34.004725	13.015526	1.888888	29.81335	0.3992018	10.315291	0.0998004	4.974211
K07001	0	0	0	0	0	0	0	0	0	0	0	0	0	0	0	0	0	0	0	0	0	0	0	0	0	0	0	0	0	0	0	0	0	0	0	0	0	0	0	0	0	0	0	0	0	0	0	0	0	0	0	0	0	0	0	0	0	0	0	0	0	0	0	0	0	0	0	0	0	0	0	0	0	0	0	0	0	0	0	0	0	0	0	0	0	0	0	0	0	0	0	0	0	0	0	0	0	0	0	0	0	0	0	0	0	0	0	0	0	0	0	0	0	0	0	0	0	0
K02824	0	0	0	0	0	0	0	0	0	0	0	0	0	0	0	0	0	0	0	0	0	0	0	0	0	0	0	0	0	0	0	0	0	0	0	0	0	0	0	0	0	0	0	0	0	0	0	0	0	0	0	0	0	0	0	0	0	0	0	0	0	0	0	0	0	0	0	0	0	0	0	0	0	0	0	0	0	0	0	0	0	0	0	0	0	0	0	0	0	0	0	0	0	0	0	0	0	0	0	0	0	0	0	0	0	0	0	0	0	0	0	0	0	0	0	0	0	1.63768
K00858	0	0	0	0	0	0	0	0	0	0	0	0	0	0	0.0982906	0	0	0.696078	0	0	0	0	0	0	0	0	0	0	0	0	0	0	0	0	0	0	0	0	0	0	2.85333	0	0	0	0	0	0	0	0	0	0	0	0	0	0	0	0	0	0	0	0	0	0	0	0	0	0	0	0	0	0	0	0	0	0	0	0	0	0	0	0	0	0	0	0	0	0	0.0840456	0	0	0	0	0	0	0	0	0	0	0	0	0	0	0	0	0	0.892157	0	0	0	0	0.42735	0	0	0	0	0	0	0
K11720	0	0	0	0	0	4.388459	0	0	0	1.88059	1.332638	0	0	0	0	0	0	0.313657	0	1.069571	0	0	0	0	1.253052	0.288934	0	2.353435	0	0	0	0	0.347222	0	0	0	0.347222	0	0	0	2.225076	0.2189307	0	0.140449	0.753016	0.289352	0.640279	0	0.524345	0.140449	0	0.140449	0	0	0	3.708991	0	0.421348	0.280899	0	0	0	0	1.167859	0	0	4.60955	0	1.0711711	0.291964	0	0	0.279026	0	0	0.325126	0.0960648	0.151515	0	6.246258	4.015352	1.655872	1.50843	2.044656	0	1.379208	0.941372	0.151515	0.401918	13.6891	0.31406	0.280899	0.467487	0.0505618	0.325126	0	0	0.0552434	0	0	0	1.962296	0	0.421348	0	0	0.384077	0.408069	0.31406	0.151515	0	0.840257	0.151515	0.30303	0	0.325126	0	0.280899
K00762	0	0	0	0.310559	0	0	0	0	0	0	0	0	0	0	0	0	0	0	0	0	0	0	0	0	0	0	0	0	0	0	0	0	0.621118	0	0	0	0	0	0	0	0	0	0	0	0	0	0.310559	0	0	0.233954	0	0	0	0	0	1.24224	0	0	0	0	0	0	0	0	0	0	0	0	0	0	0	0	0	0	0	0	0.478632	0	0	0	0	5.43685	0	0	0	0	0	0	0	0	0	0	0	0	0	0	0	0	0	0	0	0	0	0	0	0	0	0	0	0.310559	0	0.310559	0	0	0	0	0	0
K01091	0.5757576	0.378788	0	7.10985	0	2.0325211	0	0	0.189394	0.94697	11.035647	0	0	0	0	0.0897436	0	2.548854	0	0.628788	0	0	0	0.221239	0.558081	0.104798	0	0.189394	0	0	0	0	0.734849	0.330199	0	0	0.189394	0.373563	0	0.609756	2.200753	0	0	0	1.790143	1.379438	0.421687	0	0.189394	1.28535	0	0	0	0.2575758	0	1.396465	0	0	0	2.981752	0	0.331897	0.189394	0	0.877581	0.189394	0.0984849	0.189394	1.967264	0.0959596	0	0	0	0	0	0.888889	0.473485	0.189394	0.94609	3.456835	2.770299	3.556193	4.020206	2.935126	0.421717	1.172675	2.555319	1.85833	0	2.47222	1.734736	0.14899	2.359342	0.189394	0.2866162	0	0	1.39535	0	0	0	1.585155	0	0	0	0.189394	0.584596	3.206943	0.189394	0.0972222	0	0.871212	0	0.935606	0	1.658892	0	0
K00243	0.773558	0	0	0	0	4.153895	0	0.421941	0	2.787328	1.141621	0.195499	1.644163	0	0	0	0	7.8360953	0.0548523	15.786181	0.174393	0	0	2.021099	2.633859	0.21097	0	2.177956	0	0	0	0	3.209419	0.587904	0	0.393812	1.71504	0.115331	0	0	5.27115	0.420534	0	0	8.23053	1.086765	0.843881	0	0.829303	0.938115	0	0	0	0.63817	0	4.089812	0.21097	0.632911	0.421941	4.56057	0.465175	3.13051	0	0.911514	4.229255	3.900141	1.789153	0	1.72981	1.310866	0	0	0	0	0	2.31505	0	0	3.542666	3.515123	7.228205	9.9141808	2.10689	3.203085	1.54571	1.005431	7.492418	3.4064747	1.6828435	7.38678	2.70685697	1.848263	1.774149	0.243319	0	0	0	0	0.404531	0.385965	0.421941	7.347812	0.42194	0	0	0.993391	1.41377	2.979705	0.696407	0.298246	6.321341	1.611406	0	2.898935	0	0	0	0
K03596	2.582536	0.3460834	0	2.22032	0.3296499	16.86114	0	2.483691	0	7.138858	15.708062	0.618927	0.8893219	0	1.7143759	1.1827336	0.2491459	23.8940928	0.4508739	21.2709819	0	0	0.460354	3.418445	10.693611	1.541509	0	9.330586	0.76954	0	0.353952	1.702448	4.809468	2.6546679	0	0	5.338991	2.814994	0.4635209	4.392725	16.61281	2.3619372	0	2.5550339	15.4957701	14.8506969	5.0606999	0.0578662	1.039517	3.535687	0	0.617989	0	4.1933529	0.0693189	24.7439988	0.0902062	0.2546391	0	8.98234	3.4198384	0.898732	0.361664	5.491361	7.6859291	6.88005	13.451816	2.360232	12.391321	2.6412847	0	0	2.386897	0	0.180832	5.30746163	3.0957981	2.9060639	8.41319	11.5861597	26.514612	28.411822	12.277801	10.4524419	5.485265	6.4648809	22.5544589	18.2186318	3.34176	20.162776	13.026771	5.350325	8.4207751	3.8463608	1.9131199	0.2628089	0.0904159	2.8338501	0.0825799	0.8300178	0	6.727166	0.927513	0.513179	0.151515	5.6829639	6.180354	9.437562	1.9174231	0.863372	8.0625259	4.556365	0.6226519	8.2120939	0	1.54814	0.996416	0.652803
K00177	8.99895	0.7862588	0	0.16285	1.55701	54.119989	1.14249	2.921122	0	14.533282	7.2239158	1.94911	4.300259	0	5.791141	2.307884	0	54.86656	1.778625	80.7888102	0.577608	0	0	6.076207	15.198757	2.9729225	0	13.555887	1.67543	0	0	2.778629	8.212999	5.5267212	1.13995	2.02799	2.536894	10.803655	0	3.081411	17.640097	2.903309	0	4.735373	33.126669	15.679187	7.783705	0	2.005089	3.959467	0	0.888041	0.381679	3.5776073	1.0483417	30.1857422	0	1.613232	0	12.366513	9.1215381	1.709927	1.916031	13.844779	10.600511	6.750514	8.032592	9.794472	18.828455	2.1221355	0	0	0	0	0	20.358812	2.386772	4.70714	18.031071	16.9056892	41.25846	120.97808	8.25183	26.70051	15.173023	19.515158	53.3907217	32.526749	2.491355	54.2875	12.5541681	6.2342	6.057818	1.061068	1.8905852	0	0	1.9290527	0.381679	2.259542	0.381679	26.521272	0	1.564889	0	4.26208	7.9512483	10.155215	8.340327	1.9262049	2.541989	1.9796425	0.72519	10.671759	0	1.468193	0	0.676471
K03296	6.0067718	1.6985738	0.644803	6.9229178	0.674374	32.1326257	0	3.795458	0.115176	14.61280872	4.3541825	0.5015448	1.308871	0	1.120252	1.7454367	0.0129032	7.5860703	0.4143488	30.4430213	0.0973802	3.592729	2.167127	7.1938004	7.6605695	1.4294336	0	5.4273299	1.0302862	0.0632111	0.7585664	0.2490873	6.9688364	6.0488834	0.192678	0.096432	3.1663293	3.8473089	0.2957916	1.7365822	17.2307019	2.5805133	0.240759	5.7177204	23.1014286	8.9582717	5.1514323	0	2.3809828	8.5280069	0	0.915198	0.439883	2.956337	0.0973338	50.0486453	0.107527	1.8849941	0.0996629	12.8397528	4.1239161	3.7584909	0.6830102	3.0122426	20.396708	4.3382373	6.7303392	3.6093506	23.2169327	2.1183212	0	0	3.9898578	0.0282867	0.2849649	17.4248496	2.3386271	6.6356529	12.9118612	9.2813982	23.5777072	50.7061327	12.3172861	14.2090157	8.8127594	22.7520205	42.5957893	22.1574658	3.5951618	25.5812758	10.0469719	5.6127946	4.5179938	6.157822	1.301794	0.1008171	0.0491642	1.3548781	0.5414273	0.945438	0.3320326	20.4850646	1.1237068	0.6186718	0	5.0910911	3.4094322	6.5308352	2.3856321	2.3400828	24.6846387	3.6979532	0.98036	6.6453623	0	2.3430222	0.297841	0.8711973
K08987	0	0	0	0	0	0	0	0	0	0	0	0	0	0	0	0	0	0	0	0	0	0	0	0	0	0	0	0	0	0	0	0	0	0	0	0	0	0	0	0.59596	0	0	0	0	0.392157	0	0	0	0	0	0	0	0	0	0	0	0	0	0	0	0	0	0	0	0	0	0	0	0	0	0	0	0	0	0	0	0	0	0	1.64646	0	0	0	0	0	0	0	0	0	0	0	0	0	0.560606	0	0	0	0	0	0	0	0	0	0	0	0	0	0	0	0	0	1	0	0	0	0	0	0
K03282	0	0.405797	0	0.0190476	0	22.4477085	0	1.641308	0	2.918861	2.240104	0	3.485293	0	0.402174	0	0	7.24276	0.190476	9.45526	0	0	0	6.6132134	3.431005	0.34058	0	11.025994	0	0	0	0	4.17195	1.920286	0	0	9.78056	0.9466871	0.445652	0.427536	1.837474	0.956699	0	2.81592	4.7829222	9.6108178	2.0213204	0	0.8977567	0	0	1.3913	0	2.22861	0	7.8253974	0	0.264493	0	2.106487	0.71897	0.478261	0.133333	5.01893	2.720362	10.3233274	5.682055	0.543478	1.2619	0	0.0253968	0	2.78986	0	1.495859	10.003624	1.932391	1.569358	2.601453	9.70878	9.771423	11.8266531	2.74638	7.162216	8.987815	19.292728	18.298598	6.16304	1.048541	24.873046	4.646169	5.557914	3.083045	11.560009	2.68841	0.308458	0	1.03851381	0	0	0	8.589284	0.571222	0	0	0	5.782472	6.767363	0.481884	1.326086	4.504558	1.873189	2.553762	5.99638	0	0.47619	0	0
K02013	0.26738	0.274725	0	3.87415	0	7.435842	0	1.353611	0	2.719266	1.823867	0	0	0	0.249554	0	0	10.267673	0	25.210523	0.26738	0	0	0.274725	0.8968291	0.445633	0	2.673796	0	0	0	0.26738	1.1742427	0.695959	0	0.534759	0	0	0	0.761762	5.019888	0.725491	0	0.212121	10.640501	3.384939	0.3725487	0	0.3672017	1.026738	0	0	0	1.847104	0.375661	7.56413	0	0.26738	0	3.9209801	0.502674	0.809485	0.0215054	0.268817	5.203206	2.86631	1.365374	1.012778	1.601469	1.070956	0	0	0	0	0	3.513507	0	1.104312	3.091981	6.6893	4.534414	16.538407	2.684917	5.4286	1.86809	4.818623	7.846554	1.774648	0.66471	9.96613	6.275165	2.717125	0.787879	0.26738	0	0	0	0	1.117633	1.033868	0	2.208558	0	0	0.399287	1.35417	1.235406	1.373911	0	0	2.2112	0.26738	0	2.736558	0	0	1	0.284091
K03385	0.334076	0	0	0	0	6.164092	0	0	0	0.18337	0.262416	0	0	0	0	0.653303	0	1.405658	0.128007	0.222718	0	0	0.111359	0.111359	0.538586	0.161812	0	0	0	0	0	0.128007	0.641855	0.151057	0	0	0	0.72523	0	0.362615	6.118716	0	0	0	3.38855978	0.71354	0	0	0.222717	0.853746	0	0.334076	0	0.4023759	0.233352	1.390497	0	0.111359	0	0.77951	0.1685227	0.146628	0.111359	0.111359	0.934669	5.70676	2.729921	0.0920564	1.275276	0.222717	0	0	0	0	0	4.462175	0.959811	0	1.079136	2.718036	5.786167	3.573481	0.222717	2.197457	1.799167	4.619918	0.688159	0.740868	0.999252	1.867855	2.141247	0.92502	0.302115	0	0.0623608	0	0	0.110616	0	0	0.111359	3.330042	0.111359	0.111359	0	0.0601375	0.0861173	1.465842	0.38453	0	0.497353	1.7849831	0.334076	6.8091793	0.151057	2.454763	0	0.777778
K00566	1.714227	0.374532	0	0.374447	0	10.1001646	0	0.384781	0.160772	8.383695	2.1322693	1.341493	0.970894	0	1.638973	0.512129	0	11.687776	0.2448176	17.6535214	0	0	1.0388116	0.652494	4.297955	0.4297087	0	1.441512	0.320472	0	0	0.7249	2.511983	0.2886348	0	0.610204	1.5937478	0.5155414	0.183761	0.6662205	9.7109115	0.654484	0	1.89728	12.650263	0.643087	1.667345	0	1.4530247	1.27929	0	0.336987	0	0.197213	0.472305	8.918875	0	0.345957	0.695722	3.511152	1.11202	4.645614	0.0285423	1.217253	5.057348	4.679529	4.240334	1.125787	3.656756	0.9877021	0	0	0	0	0	4.199652	1.722384	0.160772	2.286175	7.107777	12.518221	11.972716	1.90461	4.6653905	3.4488522	2.458711	6.2140901	5.205122	2.020709	20.697607	3.2085699	1.662009	2.0168998	0.888531	0.321544	0	0.204082	0.6337982	0.477228	0	0	2.772771	0.752356	0.695363	0	0	1.568803	3.9042986	1.116517	0.321543	2.865808	1.125403	0.321544	6.181294	0	3.356961	0.315457	0.975392
K03101	0.284091	0.117424	0	0	0	3.912871	0	0	0	3.003788	1.547348	0	0	0	0.284091	0.295455	0	5.471176	0	11.157195	0	0	0	0.284091	1.87124	1.369319	0	0.6590902	0	0	0	0	0	1.050911	0	0	0.284091	1.073864	0	0.600713	2.2576036	0.560606	0	2.221594	6.090146	0.541667	0.852273	0	0	1.504918	0	0	0	0	0	3.253785	0	0	0	0.852273	0.99005	0.681818	0.284091	0	1.767049	2.801132	1.38825782	0.852273	2.2601	0.789773	0	0	0	0	0	0.842803	0.0625	0	3.873183	4.333336	3.4961611	9.5378803	4.280308	3.571127	1.577652	1.695076	6.628791	1.3769213	0.89018	6.054928	2.1761649	0.594725	2.424243	0.284091	1.225407	0	0	0	0	0	0	5.662884	0.284091	0	0	0	0.943182	2.054925	0	0.0681818	0	1.850379	0	0.2697879	0	0.376894	0	0
K00971	2.654352	1.256566	0	1.6914626	0	15.490804	0	0.622106	0.159236	4.595874	18.570291	0.159236	0.718898	0	0.628002	0	0	16.193416	0.4638969	55.66988	0.326797	0	0	1.080003	17.228021	0.4052294	0	11.038503	0.444639	0.327869	0	0.653595	5.74714	0.322635	0	0	6.658457	4.294883	0.2494556	0.210843	14.327526	4.674227	0	1.333937	15.704782	8.1582578	3.7453732	0	1.82653	1.9291743	0	0	0	4.8150618	0	15.5950087	0	0.47514	0.296875	2.4891756	1.767532	1.742771	0.900499	4.965516	10.264502	6.11874	13.1850898	2.08623	1.0971556	2.604795	0	0	0	0.326797	0.460441	7.454264	1.2822666	0.816994	6.540589	14.103492	31.168925	20.725729	7.136661	8.2285945	5.61811	7.345008	8.82204	4.9689391	4.2833494	42.264267	7.9033916	8.5196803	11.604046	1.201041	1.084736	0.163399	0.326797	1.8667755	0.297619	0.325708	0.8472512	19.974701	0	0.816993	0	0.490196	4.220445	10.581532	1.704765	1.628602	1.789708	5.442441	0.865043	10.963997	0	4.9748398	0	0.322635
K01130	0.643326	0.130548	0	0	0	1.308065	0	0	0	1.5324224	0.309678	0	0	0	0.214567	0	0	0.749097	0	2.531404	0	0	0.35461	0.52286	0.26975	0	0	0.81086	2.03977	0	0	0	0.357142	0.246582	0	0	0.246031	1.551142	0	0.102509	1.309903	0.106093	0	1.879636	1.9575653	0.0523297	0.895642	0	0.0580645	2.3469081	0	0	0	0.107527	0	0.6374695	0	0.185874	0	0.652741	1.395892	0.322813	0.107527	1.233645	0.835125	0.215054	2.8642257	0.18414385	0.368624	0.4035846	0	0	0.107527	0	0	1.25287	0.166289	0	0.3604227	0.5919278	2.706899	5.442931	0.258398	1.798563	1.02151	0.286738	3.55156	0	0.492832	0.4989252	3.584552	1.11572685	1.3090481	0.176678	0	8.26753	0.10846	0.349903	0	0.0437276	0.10846	0.5871493	0	0	1.852395	0	0.793818	0.845786	0.116822	0.382502	0	0.10846	0	3.32224953	0	1.999416	0	0
K07095	0.413223	0.272727	0	0	0.605128	8.856165	0	0.853995	0	3.267691	4.477503	0.413223	0	0	0	0.157025	0	14.946247	0.5654314	13.036929	0	0	0	0.826446	5.270741	0.803625	0	2.415983	0.429752	0	0	2.111557	1.593796	0.406728	0	0	3.0377676	0.826446	0	1.108473	10.514016	1.1577865	0	0.413223	16.0686707	4.998044	0.9603136	0	0.328283	1.176308	0	0	0	1.101956	0.515152	5.866512	0.119444	0.385675	0	4.19284	0	0	0.117486	1.246154	5.202909	1.10468	3.137894	0.616071	4.38292	2.387207	0	0	0	0	0	3.00098	0.413223	0.0716253	5.046383	4.8157141	7.746758	14.886091	2.769287	3.425544	2.033262	1.809182	19.0007	1.628103	1.766193	15.21532	0.805901	3.724944	2.735419	2.542819	1.484853	0	0	0.622589	0	0	0	6.477339	0	0	0	0.666667	6.651184	3.732976	2.433218	0	10.473446	1.850294	1.662647	2.307808	0	0.656392	0	0
K01579	0	0	0	0	0	0	0	0	0	0	0	0	0	0	0	0	0	0	0	0	0	0	0	0	0	0	0	0.282051	0	0	0	0	0	0	0	0	0	0	0	0	0	0	0	0	0	0	0	0	0	0	0	0	0	0	0	0	0	0	0	0	0	0	0	0	0	0	0	0	0	0	0	0	0	0	0	0	0	0	0	0	0	0	0	0	0	0	0	0	0	0	0	0	0	0	0	0	0	0	0	0	0	0	0	0	0	0	0	0	0	0	0	0	0	0	0	0	0	0
K03544	9.506734	4.935859	3.77318	18.033317	1.60616	52.262148	0.324675	15.689854	0.474747	23.72036238	15.4015883	0.855977	2.6483967	0.134068	4.7200339	3.577482	0.0183655	58.94144012	2.013558	85.627785	0.0864662	0	3.45618	11.919549	17.896023	3.2587681	0	11.6634662	1.898829	0.56338	0.479853	3.443529	11.3251363	3.1482801	0	0.983864	6.49651	8.64328	0.277778	7.572274	34.314096	4.2044583	0	9.3700074	52.6381622	29.470599	11.57562	0	3.738426	10.529813	0.2	3.131991	0.467102	4.091812	1.034201	22.503172	0.6881151	2.1032609	0.477911	13.5051794	8.117996	8.599983	2.5739994	15.1573026	19.9094966	8.346843	23.9287319	7.3938131	24.3963541	6.1013573	0	0	1.375574	0	0.982575	31.8033461	6.3160786	11.961686	21.7152816	45.0984574	63.003849	111.1061419	26.199917	47.941977	18.7184929	42.8396984	86.6500914	32.526796	16.3847517	53.756422	27.004171	32.4961308	18.7094864	5.212003	1.951108	0.7581423	0.136823	11.513164	1.535978	2.0856833	0.55739192	36.250553	1.5081291	1.641756	0	5.8365145	5.555181	13.8977541	2.539708	3.246521	11.8106609	10.157964	1.755753	16.92616962	0.140845	2.72521	0.137741	2.067847
K00231	0	0	0	0	0	0	0	0	0	0	0	0	0	0	0	0	0	0	0	0	0	0	0	0	0	0	0	0	0	0	0	0	0	0	0	0	0	0	0	0	1	0	0	0	0	0	0	0	0	0	0	0	0	0	0	0	0	0	0	0	0	0	0	0	0	0	0	0	0	0	0	0	0	0	0	0	0	0	0	0	0	0	0	0	0	0	0	0	0	0	0	0	0	0	0	0	0	0	0	0	0	0	0	0	0	0	0	0	0	0	0	0	0	0	0	0	0	0
K08301	8.6209896	0.547152	0	2.3039403	0.632911	53.393145	0	2.838604	0.21097	10.103555	23.9055007	0.979285	4.398946	0.105485	2.520038	2.604997	0	56.6679099	1.2490191	32.9693	1.446554	0	0.768636	4.511463	15.318411	3.9773511	0	13.718392	1.208232	0.277778	2.608083	1.600895	17.216165	3.6747489	0.322082	1.465318	4.716994	7.0201451	0.105485	3.788237	23.696609	2.9112899	0	6.6195435	44.14542	24.3141253	7.114683	0	3.239023	7.6526084	0	1.261116	0	10.881475	1.144666	74.828373	0.105485	1.248593	0.105485	9.1793253	14.589051	5.006697	1.8658984	20.4060405	14.391554	13.0735657	44.30673	2.954844	9.769286	6.164803	0.2278479	0	8.7372504	0	1.5065543	17.1152627	5.392537	3.557851	14.736866	35.501644	88.040741	53.25389	3.896973	13.459157	6.8876576	4.295084	26.668921	17.252307	17.710708	32.8324413	15.449414	6.7587868	14.1985523	1.6075	3.6170108	0.4199061	0.21097	9.685201	1.582279	2.4946	0.6729955	25.806608	2.7092097	1.981716	0.606188	6.324517	17.060008	26.099349	4.902627	2.1814166	15.10699	8.1820572	3.06477	33.495896	0.0534458	29.713108	0.267229	3.682421
K03387	3.819001	1.062916	0.217865	8.2750065	0.352941	20.2018323	0.42735	13.260376	0	45.080552	14.426271	3.6539385	6.229344	0	2.449743	4.279737	0	55.320008	6.022706	156.702584	0.394438	0	4.332371	26.363774	10.1216464	4.200983	0	5.1515586	1.9698063	0	1.048433	1.037527	14.3064684	1.6092586	0	0.0833333	9.237675	5.0468646	0.106838	7.110973	88.663691	0.4578483	0	3.7465343	26.5967796	7.1267376	9.8348365	0	0.6099898	2.7664458	0	9.474437	0	1.4731222	0.213675	3.87057	0.106838	3.600374	0.472743	38.121903	6.616272	2.204994	4.486241	7.90336	83.208618	2.953802	8.5210241	5.145089	38.1023998	4.3925222	0	0	0	1.1939902	0.786689	16.637085	4.191267	8.0122896	107.898118	32.8990319	23.6183828	70.2502721	112.017137	81.791784	55.0296415	137.53915	79.3372155	75.977385	16.0351688	72.4488278	60.7840316	17.386513	17.090972	4.51674775	1.7185814	0	0	4.117017	1.955891	2.7966756	0.1716523	122.336899	6.197976	2.5183432	0	14.4331894	7.353067	21.211739	8.3761825	3.517142	70.148474	20.9425563	3.024053	18.550339	0	0.264384	0	0.447556
K06969	0.103514	0	0	0.271739	0	8.7130867	0	0	0	2.3251801	3.687342	0.149912	1.686743	0	0.919808	0.2849	0	8.887107	0.2331167	8.01235	0	0	0	0.55141634	4.58394	0.14245	0	1.675213	0.14245	0	0	0.14245	2.321137	0.292151	0	0	2.871044	0.920683	0	0.134853	2.298437	0	0	0.957265	8.46008	3.32481	0.731034	0	0.651662	1.626697	0	0.048433	0	2.4732914	0	4.685665	0	0.4329	0	0.712251	1.00782	0.773089	0.2849	0.677113	3.100156	0.270459	3.701145	0.125356	1.2707384	1.497408	0	0	0	0.2849	0.68519	2.16658	0.831716	0.727117	2.9344615	4.250144	11.1594024	7.554071	2.573827	1.65372	1.05128	1.945868	8.609706	2.780682	0.959164	4.172281	2.0266744	0.639126	2.020211	0.132953	0	0	0	0.2849	0	0.569801	0.14245	2.625662	0	0.2849	0	0.711301	1.111047	1.797421	0.048433	0.132953	0.298196	1.06266	0.14245	0.974748	0	0.832858	0	0.265907
K08364	0.7	0	0	0.833333	0	17.00128	0	0	0	0	3.61275	0	0	0	0.210784	0	0	0	0	0.633333	0	0	0	1	2.96405	0	0	5.617316	0	0	0	0	2.569612	0	0	0	1.361765	1.16176	0	0	0	11.331693	0	2.54902	0.735294	11.2941	0	0	0	0.0147059	0	1.58824	0	0.8709153	0	13.833021	0	0	0	0	0	3.46079	0	0.176471	2.85392	0	2.37745	0	0	0	0	0	0	0	0	0	0	0	0.948718	1.10784	5.338233	1.117321	7.2134	8.04509	1.433987	0.733333	1.677778	0	1.701957	8.969607	1.941504	0.666667	3.044444	0.892157	0	0	0	1.54902	0	0	0	0.598039	0	0	0	0	0	0	3.02189	0	0.555556	1.43553	0.761111	1.803917	0.727778	0.926471	0	1.20556
K01278	1.9429981	0.5119246	0	2.44107	0	18.85271215	0	0.1455755	0	12.3511787	4.2190113	0.474775	0.625016	0	1.1581285	0.0727802	0	16.7362416	1.3250484	14.7913759	0.0727802	0	1.4052254	1.8519634	2.8137982	0.7840476	0	3.3560111	0.295858	0.273973	0.149477	0.3970191	2.5354394	1.916564	0.207469	0.144092	4.3586744	1.2806849	0.221239	1.2677155	8.4430025	5.7206404	0	2.1843781	15.3088087	7.2302981	1.8582981	0	0.3929978	3.2017491	0	0.0727802	0	0.7498777	0	12.2291853	0	0.1765142	0.0727802	2.6922351	1.177507	8.179629	0.7258217	2.1277622	9.849023	4.8635828	10.046444	1.3490313	4.2442418	1.6140753	0	0	0	0	0	6.4568819	1.4977114	0.7612999	4.9700925	8.5926763	19.2573304	13.5443633	3.521023	5.5633344	4.649337397	3.0114865	8.5223398	4.6990058	3.2560982	8.809043	4.4380164	4.5220114	5.2749855	2.3512826	0.3482133	0.495556	0	1.9310329	0.0739645	0.4153748	0.2226674	6.9620289	0.3922101	0.7465414	0	1.6146214	1.3068543	3.4099311	0.88649442	0.2232704	2.7941515	2.6025171	0.1734714	5.9701364	0.3430502	5.2915098	0	0.6467174
K07027	1.585564	0	0	2.353847	0	12.8184081	0.0178372	1.951724	0.170648	2.6794068	2.072652	0.0949153	0.4334472	0	0.677966	2.764889	0	15.471624	0.30603	8.200227	0	0	0.0716724	2.069677	0.83959	0.919204	0	0.8998858	0	0	0.341297	0	2.569162	1.149368	0.866894	0	0.4232079	0.59515	0	1.721375	5.4767491	0.2696241	1.36519	0.081761	10.099049	1.83973	2.0940972	0	0.341296	1.988677	0	0	0	0.341296	0.195677	10.343667	0.0750853	0.93139	0	4.565333	1.963456	0.4823654	1.0902381	1.743424	2.398178	2.34016	3.563825	0.274175	2.19717	1.023891	0	0	0	0	0.507394	3.953553	1.2723368	0.74195	3.178336	6.197676	11.080671	12.306698	0.337884	5.063005	4.139932	3.303735	12.477247	2.661273	1.9090942	14.1741	3.6527658	0.982357	1.2055191	0.0432309	0.885314	0	0	1.192264	0	0.598407	0	3.067487	0	0	0	0.298066	0.170648	1.347576	0.255102	0.50512	3.669415	0.443312	0.167224	1.699935	0	0.5085325	0	0.146758
K02564	3.3940521	0.5262501	0	0.2866013	0	8.894945	0	1.6313201	0	10.5715172	3.247608	0.0750408	2.4602167	0	1.6996584	1.3442892	0	33.4847269	0	28.0402903	0.136612	0	0.0815661	3.061572	4.9756187	0.9139391	0	3.0770498	0	0	0	0.4043382	4.702998	3.2338859	0	0	3.1607501	3.9620739	0	1.4337359	21.5829913	0.2305601	0.326264	2.0966968	31.13717059	5.5300141	3.5049161	0	1.2209158	6.3376098	0	0.107991	0	2.003769	0.6887651	7.7241029	0.107991	1.2092752	0.149538	11.7892665	4.044559	2.2364508	0.3958671	4.0796167	22.0405196	8.998435	5.320914	1.02909983	5.2400718	2.3748041	0	0	0.653509	0.163132	0	8.8492351	2.2854389	0.6920701	20.3829957	20.3928797	24.123956	39.1035649	4.71247	7.7522628	6.7434679	17.529639	46.6875691	4.0025771	5.5182164	24.2020841	10.0206886	6.85019205	5.3498763	3.00449	1.4351307	0.2580087	0.2346193	1.5441958	0.4883092	0.4523661	0.113105	6.8756781	0.9967591	0.2623615	0.769231	3.631941	7.9121939	4.8399432	0.6360543	0.8694918	19.5994816	3.0994164	0.8006616	5.43466368	0	0.9927244	0.177936	1.53982424
K08998	3.287715	0	0	1.856209	0	9.725881	0	0	0	3.335686	3.666667	0	0.405229	0	0	0	0	8.279743	0	20.240091	0.673203	0	0	0.926667	4.930716	0.673203	0	1.666667	0	0.473333	0	0	3.407974	0.44	0	0	2.790852	2.8213	0.562092	0	6.215207	3.2915	0	5.22	10.891116	4.66667	2.9044438	0	1.101176	3.664183	0	0	0	1.549019	0	10.574911	0	0.594771	0	2.48667	1.20915	0.991896	0	1.51634	4.594766	0.392157	1.628366	2.320262	1.150326	1.62745	0	0	0	0	0	0.954248	0.9066663	0.620915	2.289855	8.2881014	20.936339	14.632937	4.86275	3.57516	4.69333	4.929281	13.234117	2.057258	0.359477	13.8627	8.661569	2.318562	0	3.0102	0	0	0	0	0	0	0	5.235297	0.22	0	0	0.934641	1.564837	5.431377	1.740654	0	1.36667	0.51634	0	3.756859	0	5.19333	0	2.67333
K01000	1.470589	0.502122	0	0	0	12.115612	0	0.3279856	0	7.2392074	5.371818	0.1960786	0.26738	0	0.317514	0.6078428	0	17.452806	0.26738	49.070619	0	0	0.13369	2.875228	6.560382	0.814617	0	5.546636	0	0	1.06952	0.40107	1.806167	1.0454308	0	0.634581	2.340241	1.352941	0	1.6313558	16.42286	0.981061	0	2.063784	22.204823	3.7724557	1.814161	0	1.250714	2.4634553	0	0.578077	0	0.642603	0.685161	15.97985	0	0.123886	0.128342	4.080332	4.772727	1.1668152	0.26738	1.486854	9.29701506	2.93048	6.535054	1.884815	3.928527	2.130607	0	0	0	0	0	3.990354	1.53321	1.39394	5.4130643	10.3326755	9.438804	25.365228	0	9.132363	7.3529404	6.990681	16.888337	2.642836	0.9842969	3.85829	9.053772	3.514548	7.716651	1.17558	1.5846704	0	0	0.97271	0.2085563	0.40107	0.13369	8.241808	0	0.13992886	0	0.7935653	1.947772	6.433276	1.0606064	0.9367205	5.3767206	3.553543	0.768717	8.838612	0.0757576	1.130052	0	0.2614091
K01889	0	0	0	0	0	0.16835	0	0	0	0.503928	0.640951	0	0	0	0.3367	0	0	0.16835	0	0	0	0	0	0.910213	0.3367	0	0	1.070707	0.3367	0	0	0	0	0	0	0	0	0.672278	0	0.16835	0	0	0	0	0	0	0.3367	0	0	0.3367	0	0	0.190114	0	0	0.3367	0	0	0	0	0	0	0	0.161616	0	0	0	0.3367	0	0	0	0	0	0	0	0	3.758746	0	0.190114	0	0.16835	0	0	0.16835	0.126824	0.190114	0	4.09877	0.503928	0	0	0	0.358464	0	0.16835	0	0	1.520388	0.3367	0	0	0.534231	0	0	0	0	0	0	0	0	0.190114	0	0	0	0	0.477384	0	0.16835
K03775	1.342889	0.18543	0.371111	1.15068	0	12.535959	0	5.256197	0	1.863423	4.554889	0.734043	1.327194	0	1.588132	0.362319	0	13.7170448	0.331126	12.592787	0.331126	0	0	7.3897623	3.017908	1.004703	0	6.220126	2.28256	0.18543	0	0.18543	0.662252	3.26804	0	0	1.12362	2.476202	0	2.910928	6.787242	0.892574	1.355697	1.181016	10.458028	7.450474	1.925464	0	1.686535	3.068519	0	0	0	3.073573	0	10.634719	0	0	0	5.527077	3.44592	2.642237	0.331126	1.591612	7.559988	7.585791	1.991363	3.021312	5.531557	1.744347	0	0	0	0	0	5.836035	1.027216	2.654145	7.377075	4.657371	9.201884	22.737716	3.000301	6.220532	10.909499	2.18764	16.291252	15.544821	1.93956	21.960873	7.801477	2.023727	3.191851	1.854607	0.884058	0	0	1.65563	0	0	0	8.793892	0	1.114791	0	3.4671	3.283266	7.851848	0.660044	1.426048	5.086755	1.781457	2.56349	2.679911	0	1.311835	0	0.752804
K00432	4.56301	0	0	0	0	1.21667	0	0	0	0.222892	0	0	0	0	0	0	0	0	8.67683	0.301205	0	0	0	10.84959	0	0	0	0.703252	0	0.609756	0	0.0691057	0	0.910569	0	0	0	0.886963	0	0	0	0	0	0	0.441057	0.60241	0.5023268	0	0.301205	1.42553	0	0.570281	0	0.193089	0	3.55556	0.301205	0	0	0.304878	0	0.995935	0	0	0	0.47992	0	0.839431	1.20281	1.55319	0	0	0	0	0	0.609756	1.033179	0.60241	12.9024	1.497649	0.95	0.23374	0	1.208492	0	2	1.449188	1.443873	0.841463	0.301205	0.991667	0.941667	0	1.04418	1.21951	0	0	0.804878	0.634146	0	0	0	4.714323	0	0	4.536588	8.133856	37.05665	0	8.628051	5.24018	7.3665325	0	0	0	0	0	0
K02837	0.854056	0.317124	0	0	0	9.106063	0	0.0331219	0	2.6915406	1.066992	0.247525	0.422832	0	0.631772	0.317124	0	5.5247469	0	11.414221	0	0	0	0.420014	0.633544	0.562368	0	0.686581	0	0	0	0.448174	1.301788	1.868213	0	0.349205	1.048548	1.056377	0.3093723	0.678164	4.038933	0.211416	0	0.317124	7.144416	1.198799	1.154333	0	0.539169	2.9043297	0	0.4553423	0	0.792199	0.587002	5.560597	0	0.317124	0	1.520789	0.995771	0.1768849	0.317124	0.422832	3.280474	2.10289	1.369146	0.54589	1.653009	0.887949	0	0	0.190476	0	0	2.92215	0.976675	0.333665	1.950824	3.771525	8.760432	8.331251	0.0274841	5.063354	1.39226	2.5677219	5.493368	1.3436909	0.951373	6.44723	12.0575651	0.33859805	0.7040169	0.335178	0.634249	0.0676533	0	0.211416	0.211416	1.0267784	0.105708	4.760554	0	0.844961	0.211416	0.973351	0.666627	2.678505	1.20728	0.105708	1.794377	1.520147	0.105708	13.640546	0	0.634248	0	0.422519
K03590	3.6459888	1.281259	0	2.7232733	0	22.668432	0	2.3710509	0.114416	7.346023	9.064299	1.197082	2.624196	0	1.725512	2.051076	0	33.789904	0.951093	59.921841	0.228832	0	0	7.348344	6.179353	1.2993459	0	4.196274	0.613272	0	0.725038	0.922664	3.265918	5.072461	0	0.423341	2.201358	5.79327	0.2457291	2.291566	28.755587	1.970307	0.22807	3.236375	37.676261	7.083389	4.2962536	0	0.698703	7.7226622	0	0	0	1.35338059	0.343249	21.612791	0.224215	0.6817635	0.298771	11.811974	2.144983	2.462435	0.875805	5.4334486	14.146928	3.836396	3.736953	1.715907	12.02823	5.8665377	0	0	0.343249	0.269215	0	10.5057474	1.470961	2.718371	9.872074	13.4917741	26.149729	59.764788	5.935875	15.074841	10.869597	8.42352	39.2924629	19.765876	3.260718	27.2624837	12.5293676	6.1742019	4.79708	0.76659	1.3024671	0.56156664	0.114416	0.8405608	0.524262	0.457666	0.682028	19.191846	1.2496892	0.584286	0.3791	4.225199	12.574874	10.2863697	3.172253	2.60761	15.44188	5.259591	1.987857	10.594115	0	2.384524	0	1.74396009
K09457	0.875817	0.490196	0	0	0	8.824841	0	0.241888	0	0.47619	4.902654	0	0.748366	0	0	0.627451	0	5.3413126	0.473333	11.6144	0	0	0	0.777124	2.152785	0.656863	0	3.114381	0	0	0	0	3.9022206	0.365782	0	0	0.490196	2.187675	0	0.4257333	4.594685	1.33333	0	0	6.126367	4.233984	1.4869276	0	0.442478	0.592836	0	0	0	3.38672	0.503268	9.267644	0	0	0	1.855544	0.520389	0	0	0.924837	8.47713	1.47059	8.070255	0.490196	1.230419	0.872549	0.503268	0	3.64762	0	0	2.26704	0	0	2.058823	4.730621	13.141553	20.1315468	0.872549	4.906628	0.800654	2.5852954	4.642431	4.192782	1.885621	8.44444	3.504015	3.053883	4.3575016	3.039214	0	0	0	0.9998095	0	1.074224	0	4.637251	0	0	0	0.826797	3.24183	2.327919	0.567326	0	0.973856	0.754902	0	3.267226	0	1.330159	0	0.264706
K01752	1.735258	0.489902	0	2.94617	0	6.52093	0	0.424929	0.15625	3.576995	3.051762	0.283286	1.511128	0	0.566572	0.283286	0	8.874646	0.262512	12.46884	0	0	1.133144	3.075747	1.590196	0.918457	0	3.469244	0.211329	0	0	0.283286	3.159737	1.2699298	0	0	2.9988243	0.891241	0	0.566572	5.439459	0.472143	0	3.15551	7.584787	3.754364	1.5808831	0	0.3130017	2.257374	0	0.297893	0.283286	1.688847	0	3.7237846	0	0.348615	0	5.000578	2.2923178	0	0.655476	0.929621	4.093121	1.4372	3.518104	0.2011329	2.889935	0.660782	0.283286	0	0.283286	0	0	1.60448	1.759504	0.922568	1.4715093	4.099972	11.313523	9.7678065	2.42965	3.8228778	5.07072	3.004004	8.531029	5.368503	3.182439	13.269275	5.113047	1.577564	1.864849	1.80933	0.9171918	0	0	0.196078	0	0	0	2.943048	0.551464	0.261568	0	0.283286	2.700952	3.2188765	0.620541	0.141643	0.929178	1.548528	0.2209631	1.7860661	0	1.88518	0	0.283286
K09014	5.145193	2.552547	0.100575	9.905021	1.541852	14.292053	0	5.028469	0.0748457	13.0453269	10.372942	2.179785	2.679828	0	2.629489	3.845045	0	46.096317	0.5400618	83.588298	0.347222	0	0.442129	6.252202	18.107651	2.0937306	0	10.178635	0.549952	0	0.864969	3.4717	7.13816	3.387246	0.231481	0.231481	3.18443	5.737941	0	2.6466458	17.722779	1.3521742	0	7.817236	42.441653	12.082055	3.8691851	0	0.47651	6.534942	0	0.347223	0	3.4369571	1.462963	11.2083058	0	1.559452	0.231482	13.080506	4.433742	4.1489547	1.566119	5.839294	7.996689	5.013891	11.5243556	3.233311	12.992365	5.524165	0.231481	0	2.288986	0	1.58598	20.6487353	2.50122	5.48908	26.644816	44.496224	27.238938	82.888863	3.5927703	20.148574	7.201973	45.057106	68.068014	11.961374	3.30655	42.200113	17.030817	20.235766	8.51785	0.69211	1.820403	0	0.115741	1.577381	0.2839507	0.89596	0	28.0062145	0	2.546876	0	5.284946	3.0122295	4.355482	3.040367	3.024009	11.238883	8.551393	1.201369	10.9345916	0	3.749631	0.208333	1.800094
K02428	2.63991	0.662252	0	0	0	15.479859	0	1.22951	0	2.3314102	7.281657	0	2.4180287	0	0.409836	0.984496	0	7.37448	0.204918	11.422128	0	0	0.819672	0.737705	5.4858634	0.614754	0.204918	5.182655	0.712866	0	0	1.976879	0.7868857	1.599973	0	0	2.232408	1.481427	0	0.571038	9.5896451	0.204918	0	1.434426	9.30564	9.447638	0.998634	0	1.177596	0.409836	0	0	0	4.8636	0	11.718286	0.536044	0.173497	0.917784	2.186237	5.14233	1.927172	0	0.240437	3.21064	3.215432	3.9789557	0.0806011	1.3323496	2.414063	0	0	0	0	0.409836	1.31284	0.611781	1.3828673	4.671202	3.857562	13.716949	6.821141	2.89513	1.616247	4.420934	1.9115	6.21829	1.524563	2.17129	14.91124	4.3305852	3.062994	4.337114	0.454918	1.2008239	0	0	0.513661	0.165563	0.409836	0	6.706722	0.606061	0	0	1.354187	1.594816	5.459652	0.614754	0.911724	1.449976	1.2043	0	3.6751	0	0.203552	0	0.442623
K03531	6.1375742	1.722135	0	0.129534	0	26.844385	0.129534	1.573284	0.425734	16.867977	4.324242	0.901237	2.930172	0	1.7999812	0.189394	0	52.608689	1.898172	101.170219	0.185874	0	1.866998	4.603791	6.492646	1.990992	0	2.3541257	0.571871	0	0.259067	0.913616	5.224856	3.347937	0	0.259067	1.214412	4.2813113	0	1.212787	23.281078	0.634335	0.318463	2.278369	34.760394	3.774589	5.386349	0	1.9502501	6.0577125	0	0.363314	0	1.746546	0	17.921507	0.379102	0.777202	0.13369	9.621215	2.488454	2.018462	0.777202	2.734837	12.606415	6.02334	2.620657	1.6216649	17.705241	7.261929	1.67162	0	0	0.431579	0	11.371351	2.599291	0.436373	12.150948	12.5371029	33.114343	64.591109	4.465534	13.5609318	16.476386	6.990236	63.967954	11.014836	2.9847629	45.81776	6.045089	2.816337	3.167308	0.767389	0	0.388622	0	1.512914	0.746978	0.737963	0.304359	19.464023	1.175302	0.7235514	0	4.70918	13.233756	10.090313	3.270331	1.3516155	23.913543	7.224437	0.581651	14.5283231	0.259068	4.087007	0	2.030743
K18707	1.25624	0.255754	0	1.268266	0.74813	13.326243	0	0.161125	0.25	5.427451	3.061459	0.0866667	1.929891	0	0.828335	0.2813296	0.117647	10.539965	0.0933333	15.361735	0	0	0	1.878754	1.459996	0.342391	0	2.713383	0.625	0	0	0.0773067	1.288359	1.022321	0	0.124688	0.947581	0.75	0	1.085826	5.520083	0.725833	0	0	5.32562	4.8434663	1.2894087	0	0.872121	1.648147	0	0	0	1.152874	0.125	14.354129	0	0.125	0	1.988144	0.440971	2.265545	0.158228	0.9455913	4.440763	3.63009	0.8225	0.511801	4.358559	1.123538	0.322581	0	0	0	0.065	3.1623443	0.877565	0.559783	5.132216	3.915116	9.238336	10.616569	2.25	3.699247	4.5821173	5.151332	11.163651	1.4805083	1.514651	9.6126217	5.974068	2.1245016	1.392528	0.125	0.520081	0	0	1.0738048	0	0	0.124688	1.54917	0	0	0	0.886179	3.76554	3.1457	0.9416423	0	4.606225	0.959354	0.337801	1.517202	0	0.866387	0	0
K07154	0.5	0	0	0.19084	0	7.1405233	0	0.213333	0	1.0966514	4.07701333	0	0.597222	0	0	0	0	2.078657	0	3.291828	0	0	0	0	0.321303	0.133333	0	1.428371	0	0	0	0	0	0	0	0	0.999087	0.848191	0.2	0.4	3.533783	0.610539	0	0.132444	1.496955	2.0175786	0.839602	0	0.852378	8.625892	0	0	0	0.46508	0	1.02057	0	0	0	0.266667	0	1.298738	0	3.0625	2.055383	0.266667	0.56391	0	0.489478	0.863263	0	0	0.266667	0	0	0.214222	0	0	0.198413	1.558999	2.214425	8.3260318	1.168413	2.836637	0.133333	1.071187	1.702767	0.3303671	0.296889	1	0.968398	1.4666722	2.331687	0.6375033	0	0	0	0.196078	0	0.266667	0	1.390639	0.318666	0.40797	0	0.18797	0.110276	0	0.133333	7.37037	2.913053	0.19084	0	1.659651	0	2.643775	0	0.569649
K21575	0.3845791	0	0	0	0	4.4386083	0	0.626918	0.163934	4.0190974	1.8285889	0	0.531007	0	0	0.5621846	0	2.6848415	0.121951	7.459031	0	0	0	0.794536	0.2015842	0.1639344	0	0.00546448	0	0	0	0	0.6809339	0.2459012	0	0.0819672	0.7494152	1.9827251	0	0.2060105	4.245623	0	0.163934	0.7271512	4.4369472	0.470651	0.272131	0	0.2921888	0.396994	0	0.245902	0	0	0	0.3393599	0	0.2768451	0	3.005721	0	0.4098352	0	0.209205	4.4443552	0.327869	1.5292952	0	0.373139	0.9401692	0	0	0	0	1.26144	0.2595777	0.0960108	0	1.7361112	2.4973969	3.4312284	6.7105486	0.990687	3.3958937	2.100933	3.467365	6.9969044	0.9176132	1.1334574	6.9355172	1.0681265	0.9345942	0.6108763	0.7064485	0.0819672	0	0	0.3226644	0	0.2573919	0	3.0060102	0	0.6819202	0.239234	0	1.253141	1.0920332	0.162842	0.0382514	2.1693972	3.109772	0.209205	0.998036	0	0	0.163934	0.831232
K00782	0.373134	0.103286	0	1.084657	0	9.321872	0	0.300469	0	1.975408	5.997496	1.061333	0.164319	0	0	0	0	1.9855199	1.12595	13.791981	0	0	0	0.373134	3.68915	0	0	6.340438	0	0	0	0.319249	0.352113	0.1651182	0	0	2.063509	0	0.307329	0	4.648333	2.592017	0	0	1.47253	2.901619	1.041107	0	0	0.3896717	0	0	0	0.551538	0	9.223346	0	0.246479	0.056338	0.527187	0	0	0	0.544601	1.387747	0	1.9154989	0	3.504341	1.2042216	0	0	0.204225	0	0.542254	0.6002063	0	0	0.352113	4.729945	5.0168104	5.970946	2.85055	1.9204615	1.583513	3.6338	2.15404542	0.35461	0.725352	16.610352	0.0305164	0.8076365	5.238167	0.6079806	1.02113	0.352113	0	0.387597	0	0.83568	0	5.387223	0.687688	0	0	0	0	3.546737	1.550335	0.352113	0.617778	1.471513	0.238771	3.806252	0	4.772196	0	0
K03424	0	0	0	0	0	0	0	0	0	0.657895	0	0	0	0	0	0	0	0	0	0.657895	0	0	0	0	0	0	0	0	0	0	0	0	0	0	0	0	0	0	0	0	0.909091	0	0	0	0	0	0	0	0	0	0	0	0	0	0	0	0	0	0	0	0	0	0	0	0.657895	0	0	0	0	0	0	0	0	0	0	0	0	0	0	0	1.24561	0	0	0	0	0	0	0	0	0	0	0	0	0	0	0	0	0	0	0	0	0	0	0	0	0	0	0	0	0	0	0	0	0	0	0	0	0
K02361	0	0	0	0	0	3.048611	0	0	0	0	0	0	0	0	0	0	0	0.171233	0	0.875	1	0	0	0	0	0	0	0	0	0	0	0	0	0	0	0	0	0	0	0	0	0	0	0	1	0	0	0	0	0	0	0.671141	0	0	0	0	0	0	0	0	0	0	0	0	0	0	0	0	0	0	0	0	0	0	0	0	0	0	0.520833	0.7677903	0.0775194	0.248062	0	0.171233	0.167785	0.167785	0.789474	0	0	0	0.111111	0	0	0.167785	0	0	0	0	0	0	0	0	0	0	0	0	0.447368	0.0548098	0	0	0	0	0	0	0	0.479866	0	0
K02992	1.04762	0	0	2.5	0	58.1746	0	0.269841	0	17.881	9.03175	1.79365	4.69048	0	1.46032	8.12698	0	4.68254	1.89683	132.889	0	0	1.18254	2.53175	12.0476	3.150794	0	6.94444	0	0	0	0.84127	10.53492	0	0	0	4.10317	8.03651	1.46032	3.46825	27.4603	7.26984	0	13.9762	0.269841	2.87302	7.538097	0	2.0873	9.5873	0	0	0	1.75397	0.873016	73.2143	0.642857	3.18254	0	3.25397	0.992063	4.30159	1.46825	10.3254	34.5714	0.587302	6.03968	1.89683	5.60317	5.61905	0	0	12.9444	0	0.753968	5.15397	2.98413	3.30952	11.87937	43.8016	56.1111	29.901576	6.61905	22.6111	30.1667	20.5317	11.6032	13.119	9.1619	124.23	7.12698	6.50794	8.798415	0.0873016	0.325397	0	0	1.5	2.34127	1.43651	0	22.3968	1.77778	1.61905	3.03175	0	3.51587	22.9127	5.09524	3.44444	3.40476	4.9127	1	21.746	0	8.2381	0	1.90476
K06178	7.221161	0.8318877	1.216669	1.665134	0	108.657447	0	13.709037	0.321888	17.9103683	12.32721	5.6797316	6.684968	0	6.549368	5.3547823	0	83.332424	2.9461266	140.290508	0.7635101	0	2.125591	13.723734	12.8350895	3.525126	0	13.9188332	4.696271	0.471661	1.9602498	1.000882	17.634311	10.199703	1.233715	1.487615	2.426071	12.2756702	0.107296	7.4628577	42.942374	2.539874	0.429184	8.252494	93.669277	17.469681	7.4019561	0.107296	1.85691	19.637131	0	3.968236	0.205628	3.8662524	1.47596	46.8333982	0	1.324647	1.074004	20.733432	18.629389	8.501419	3.4234157	25.338377	40.69167	23.6892561	7.25408	8.394063	43.82814	10.989645	0	0	1.7663831	0.287356	2.408236	27.654785	4.5903439	2.763533	26.1596134	45.109212	74.426131	103.971274	13.8011226	31.617714	39.63843	21.336279	75.596321	25.08891	5.3335491	101.379827	23.471367	6.418347	5.747944	1.7961931	1.142125	0.4667808	0	1.231552	0.842767	2.031375	0.2041976	40.0876121	0.572762	1.3237211	0.75386	7.6013391	7.203149	14.773388	6.6856618	2.3564847	30.261496	6.057457	1.155	15.425422	0	5.2303607	0.423542	1.2929136
K03798	1.499189	0.0793651	0	0.297637	0	6.9528947	0	1.5978182	0	4.9540226	0.0766871	0.0598291	0	0	0	0.387597	0	0.9449841	0.1964611	1.8576728	0.2857138	0	0	0.15083	0	0	0	0.0754148	0.0754148	0	0.436421	0.0754148	0.313972	0	0	0	0	0.609475	0	1.367106	2.4827146	0.4502371	0	0.7807429	0.141277	0	2.459558	0	0.3659318	0.3184409	0	0	0	0	0	5.307046	0	0	0.0784929	0	0	2.2820892	0	4.7974032	0.0940171	0.2912273	1.0113613	0.478324	0.56955911	0.312925	0	0	1.8833389	0	0	0.5603887	3.04123	0	0.903226	18.3904285	3.1635524	1.3153151	1.675563	1.6128048	6.287091	4.7261689	0.1539077	0	0.710377	2.7448131	4.2683478	1.0772798	3.5579378	2.1109948	0	0	0	0.7019191	0.2249819	0.313972	0.277129	14.7496988	0.277342	0.680272	0	0.3582571	0.612903	0.7586829	3.161692	0.5385871	0.0968992	0.4573601	0.0784929	4.9951462	0.0633176	9.5171271	0	0.5687293
K14445	1.281894	0.348272	0	0.340926	0	2.790902	0	0	0	1.846045	0.280182	0.0645406	0.45558	0	0.0814307	0.114155	0	2.696354	0	5.754185	0.113895	0	0.147304	0.541382	1.315492	0.291072	0	0.113895	0	0	0.937824	0	0.113895	1.0468291	0	0	0.45636	0.403189	0	0.113895	5.232145	0.0455581	0	2.488994	5.308144	0.3115071	0.6151092	0	0	0.337889	0	0	0	0	0	3.2626639	0	0.113895	0	1.9763337	0.2951217	0.368623	0.22805	0.971963	2.2914677	4.772235	0.483376	0	1.11035	0.175439	0	0	0.19943	0	0.113895	4.146545	1.021812	0.113895	1.2435614	4.0303405	4.617959	8.4192185	0.156773	2.438809	1.920105	0.9446476	2.485935	1.464695	1.6250076	5.192865	1.5305055	1.601745	0.7469196	0.341686	0	0	0	0.837769	0	0	0	4.377588	0	0	0	0.808743	0.5876987	1.9682983	0.113895	0.113136	0.969627	0.546118	0	2.8376963	0	1.522354	0	0.5780292
K02520	15.073962	1.568514	0	7.299306	0	134.170996	0	5.203392	0.563089	26.289935	12.239929	1.148663	5.444445	1.431946	5.907726	1.73258	0	134.29889	1.773899	26.871918	0.704331	0	0.903955	8.941619	13.838046	4.414564	0	8.291904	2.256122	0	4.150664	1.435028	11.555271	17.778868	0	0.676083	3.465661	9.723672	0	6.418085	70.4483104	5.992809	1.895998	23.796873	84.318561	22.787083	7.581929	0	1.124294	17.394317	0	0.131827	0.276836	4.87958	3.1902035	99.0790117	0.112994	2.602637	0.694915	14.43905	16.399026	10.532787	3.395476	8.724461	21.99628	22.495935	21.5759597	4.378532	23.2018642	6.839166	0	0	12.139362	4.781279	0.763967	60.449388	9.067793	3.267672	23.291568	48.057695	94.29909	85.442786	13.717516	39.848779	23.394063	11.407033	42.114998	44.5404084	20.850069	117.406943	29.455374	9.251161	8.831027	2.225989	3.802178	0.233522	0.289017	8.497467	0.739636	1.619121	0.508475	14.985146	1.21846	1.286253	0	3.770593	17.216963	15.8396433	2.958571	3.755658	22.828628	3.492339	1.256121	43.350748	0	18.308875	0.527307	4.410552
K18979	0.158956	0	0	0	0	0	0	0	0	0	0	0	0	0	0	0	0	0.711744	0	0	0	0	0	0	1	0	0	0	0	0	0	0	0	0	0	0	0	0	0.177936	0.322657	0.533808	0	0	0	0.177936	0.17675	0	0	0	0	0	0	0	0	0	0	0	0	0	0	0.177936	0	0	0	2	0	0	0	0.266904	0	0	0	0	0	0	0.355872	0	0.0498221	0.177936	0.120567	1	0.457888	0	0.264531	0	0	0.355872	0.179122	0	1	0.355872	0	0	0	0	0	0	0	0	0	0	0	0	0	0	0	0.709371	0	0	0	0.177936	0.533808	0	0.177936	0	0	0	0
K03642	0.127854	0	0	0	0.123288	3.21166	0	0.684932	0	2.299048	0.939787	0	0	0	0	0	0	2.260651	0	4.003594	0	0	0.232558	0	0.781395	0	0	0.396899	0	0.400304	0	0	0.9117646	0.442922	0	0	1.113611	0	0	0.232558	2.8622435	0.544307	0	1.403967	2.462709	0.471842	0.68833	0	0.232558	0.89573	0	0	0	0.144597	0	6.169417	0	0	0	1.014296	0.509893	0.219178	0	0.934721	1.082615	0.456621	3.258251	0	0.5525114	1.940026	0	0	0	0	0	3.0073152	0.2858649	0.187215	1.350743	2.288118	5.270143	5.338222	0.361607	1.6081572	1.134466	1.370543	2.465742	1.214765	0	6.189769	1.342268	0.317829	0.711019	0	0	0	0	0.232558	0	0	0.858631	4.4286358	0	0.487805	0	0.164384	0.68833	1.534594	0.232558	0	2.332033	0	0	4.595652	0	4.58399	0	0.2120849
K02899	13.851063	0.943262	0	1.41844	0	75.815601	0	6.48227	0	14.120594	26.283692	0	6.0922	0	7.75177	2.765959	0.638298	92.25529	3.28369	36.276645	0.4964544	0	0	10.95035	15.070919	4.028373	0	6.76596	0	0	0	0.695035	15.84397	16.219853	0	0.652482	0.957447	17	0	5.297869	56.666654	3.900707	0	19.333347	55.865248	69.893636	6.489363	0	1.957447	18.957463	0	1.86525	1.29078	20.212769	2.90071	87.113525	0	2.70922	0	6.432622	46.035464	6.241139	3.141849	15.31915	12.517718	30.553208	30.73053	4.97873	23.304939	3.127667	0	0	32.3404	0	0.588652	25.219899	10.397164	3.2695	15.468075	37.696459	78.543565	49.730469	27.212756	42.94327	8.148937	36.234094	60.305025	28.8865	33.297869	40.418387	42.397182	16.425526	15.858141	7.297868	1.021277	1.25532	0.560284	16.276616	1.15603	1.53191	0	4.106381	0	0	0	4.702124	10.581553	6.985824	0.347518	2.326242	17.255309	3.929083	0	10.48227	0	16.09925	1.15603	2.02128
K02884	11.625	0	0	1.6869451	0	194.80911	1.090963	22.51395	0.704225	28.213511	17.455014	9.867241	18.01804	0	15.887294	7.485783	1.33333	9.662687	3.125785	78.15754	9.2375442	0	0	12.509393	12.8739452	2.761542	0.483568	18.975387	6.42899	0.138889	0.194444	0	14.953242	5.435187	0	1.08333	10.09038	14.5594	1.375521	9.311881	14.413473	5.858506	0	10.269693	3.875324	18.894037	10.51317	1.33796	5.022689	24.528168	0	6.35975	0	2.652715	7.337056	178.802169	0	0.342723	0	4.1192661	3.000004	39.021661	2.677489	53.222	37.82811	16.627126	9.336592	2.6482113	17.095219	15.392413	0.800926	0	11.62741	0	3.793168	13.54642	26.08768	0.754369	12.7359169	54.179586	68.302652	32.567464	3.980309	33.27008	66.715818	14.235785	45.030154	1.388562	14.331576	124.84	32.351833	5.433226	9.841813	8.18537	7.402394	0.138889	0	20.409458	1.3335893	3.797865	1.384976	31.127843	1.204225	5.417649	1.07512	1.319379	1.800925	47.521363	8.764866	13.085728	1.625065	6.879369	1.028169	24.005401	0.694444	23.298904	0	3.121021
K05837	0.691126	0.90091	0	0.253165	0	15.949418	0.226244	1.08457	0	8.7585298	3.438372	0	0.555807	0	0.221436	0.233786	0	15.3929752	0.228333	15.3004039	0.226244	0	1.10184	0.260615	1.676417	0.532294	0	2.7568941	0.9057314	0	0.589744	0.34066	2.530014	3.662656	0	0	3.329638	1.5648556	0.113122	1.1567843	5.2967313	0.855309	0	2.1385592	9.6632088	6.7585718	3.6998067	0	0.226244	2.263771	0	0.787648	0.241546	1.579527	0	13.3636467	0	0.704225	0.452489	0.978289	1.401083	2.681071	0.272142	0.473222	5.016887	2.6962901	5.2510472	1.5569718	1.20637	3.079707	0	0	2.094269	0	0	3.7402919	0	0.602372	3.02334	6.881847	21.994035	11.9554443	1.863916	4.7939265	2.1351872	4.82916533	4.87321292	6.765142	3.8130163	12.7952111	3.6638842	2.4739701	2.687959	2.234284	0.565611	0.113122	0	1.15479	0	0.0618401	0	9.3845661	0	0.113122	0	0.2288046	1.179811	4.185227	0.726244	1.3085683	0.722753	0.80956	0.221719	4.0374678	0	2.747915	0.339366	0.2577444
K13747	0	0.347222	0	0	0	3.591713	0	0	0	0.825225	0.299932	0	0	0	0.118705	0	0	4.395655	0.266906	3.0786596	0	0	0.576369	0.43846	0	0.279253	0	0.348296	0	0	0	0	0.576179	0.249755	0	0.589971	0.6706	0.294985	0	0.590407	2.545703	0.495151	0	1.531753	2.099444	0	1.1090453	0	0	1.2580066	0	0	0.0946746	0	0	2.449692	0	0.294002	0	0.169065	0.512438	0	0	0.442478	2.32019	0.294985	0.585684	1.22949	1.610492	0.213689	0	0	0.442478	0	0.287119	2.235763	0.91431	0.179856	0.957616	1.369818	2.8294231	2.867746	0.74241	1.5532441	1.529485	1.6814166	3.407394	1.037022	1.3788766	4.087086	1.485995	0.291585	0.494715	0.622055	0.290698	0	0	0.347222	0.295858	0	0	1.4313212	0	0	0	0	0	1.336343	0.147929	0.370373	1.352113	0.665549	0	1.028597	0	0.698225	0	0.0672043
K01200	0.170068	0.00611111	0	1.020289	0	3.5037301	0	0	0.085034	7.7298047	2.003064	0.085034	0.434851	0	0.251701	0.7489454	0	5.60231	0	5.714571	0.0823659	0	0.5	1.651399	0.7544803	0.274787	0	0.163265	0.270325	0	0	0.0833333	1.1403447	0.8227418	0	0.510204	0.170068	1.087423	0	0.2295918	5.3933793	0.085034	0	1.589653	8.064473	1.239531	0.5598155	0	0.085034	1.1732547	0	0.761905	0.163832	0.170068	0	2.2937445	0	0.255102	0.255102	1.150981	0.905382	0.483991	0.0829187	0.653508	5.1825113	0.170068	2.3825241	0.5874538	2.315919	0.360567	0	0	0.4869614	0	0	2.674174	0.0411111	0.176576	6.8166147	3.8579953	7.3231927	7.432046	0.660264	3.7599069	3.2657987	6.70049704	19.5743506	1.23905	4.2707603	13.7150047	2.7191855	2.4750013	0.7454125	0.577609	0	0	0	0.5166457	0	0.0829187	0	0.5068693	0.170068	0.0833333	0.138751	0.416667	0.232093	0.362812	0.162338	0.5200467	4.748139	0.9626307	0.56074	1.4358433	0	3.5604623	0.0527211	0.732745
K01915	0.168142	0	0	0.221239	0	2.556789	0	0	0	2.342182	1.0848074	0.330383	0	0	0.466489	0	0	0.663716	0.0339233	5.328168	0.110619	0	0	0	1.328908	0.0464602	0	1.4867237	0	0	0	0	0.020649	0	0	0	2.9940999	0.975663	0	0.417505	2.067326	0	0	0.5501477	2.837118	0.331858	0.645279	0	0.643804	0.221238	0	0	0	0	0.159864	1.843658	0	0.110619	0	1.1335752	0.240153	0.221238	1.323008	0.865044	3.297539	2.28614	1.178943	0	0.442478	0.221238	0	0	0	0	0.553097	0.882006	0.4613919	0.110619	0.744836	2.79203	6.0305457	3.412358	1.491149	1.162978	2.702799	3.937311	0.997787	0.4060822	0.3820045	4.07522	1.453539	0.587758	1.3643052	0.0619469	0.1585541	0	0	0.383481	0	0	0.221239	3.586283	0	0	0	0.0567847	0.461392	2.8798957	0.829646	0.221238	0.169617	0.899705	0.3450725	2.301626	0	0.8067839	0.110619	0.221238
K03585	5.467479	0.506329	0	5.05232	0	10.2203282	0	2.011261	0	1.124458	4.080733	0.176056	0.583967	0	2.484511	1.772728	0	5.197264	0.169492	5.120725	0	0	0.632593	6.9047889	5.259844	0.126263	0	1.2817163	0.47496153	0	4.320742	0.452862	3.780035	5.0019023	0	0.466884	0.944559	0.389917	0	1.513346	6.098295	0.140084	0	0.3179327	15.484875	5.393555	1.521514	0	2.6841999	5.7299	0	0.806502	0	3.100099	0	33.36914	0	0.488215	0	4.176209	2.417595	1.747923	0	0.5806637	9.765083	4.548153	3.126433	0.5514045	4.324652	1.133453	0	0	0.448718	0	0.126582	13.08603	1.496248	3.877354	9.571599	3.402146	6.3746878	32.146719	3.848825	5.525118	6.0971519	8.978924	54.131303	4.599209	0.631632	6.5853853	6.522633	3.770179	1.609543	3.006012	0.253164	0	0	1.182776	0	0	0.0715488	12.38121	1.01852	0	0	3.57375	0.4351251	3.789894	0.738868	0.158249	19.439005	1.3874875	0.93249	0.857453	0	0.4475788	0	0.929612
K06871	0.1938198	0.0636704	0	0.652778	0	1.800288	0	0	0.140449	0.2303366	0.62199	0	0.280899	0	0.139513	0.559702	0	2.592937	0	2.5409718	0	0	0	0	1.6170394	0.375191	0	0.222846	0	0	0	0	0.373782	0.8090455	0	0	0	0.0346442	0	0.194053	3.8408948	0.586878	0	0.140449	3.3755751	1.127571	0.7717451	0	0.140449	0.875899	0	0	0.360119	0	0	1.324957	0	0	0	0.702247	0.196172	0.79547	0	0	0.7682573	0	1.078862	0.00468165	0.268726	0.140449	0	0	0	0	0	1.30633	1.132959	0.280899	0.310847	2.3171111	4.5362372	3.782878	0.297619	0.770129	0.561899	0.53033	2.506822	1.366493	0.280898	5.485949	1.764291	0.817532	0.571686	0	0	0	0	0	0	0	0	0.890099	0	0	0	0.400749	0.280899	1.180716	0	0.877976	0	0	0	1.017589	0	1.003545	0	0.4704498
K02340	0	0	0	0.26455	0	0	0	0.282139	0	0	0	0	0	0	0	0	0	0.170648	0	0	0	0	0	0	0	0	0	0	0	0	0	0	0	0	0	0	0	0	0	0	0	0	0	0	0	0.510808	0	0	0	0.610229	0	0	0.0921502	0	0	0.170648	0	0	0	0	0	0	0	0	0	1.30262	0	0	0.718999	0	0	0	0	0	0	0	0	0	0	0.0123457	0	0	0	0	0	0	0	0	0	0	0	0.341297	0.26455	0	0	0	0	0.341297	0	0	0	0	0	0	0	0	0	0.529101	0.170648	0	0	0	0	0	0	0.510808	0	0.337884
K00891	2.2551514	0.352113	0	3.089053	0	11.490069	0	0	0	3.424645	2.397974	0.106838	0.352113	0	0	0	0	12.343823	0.00234742	7.630524	0.352113	0	0.2723	2.716833	3.169254	0	0	4.8748323	0.320513	0	0	0.352113	3.44771	0.9553088	0	0.326291	0.877754	0.251174	0	1.222701	10.15394	0.832882	0	0	14.969491	4.169828	0.758216	0	0.352113	2.022758	0	0	0.510204	2.178991	0	8.340825	0	0	0	4.960791	0.704226	2.43662	0	0	3.617205	5.43625	1.654178	0	3.887325	1.77893	0	0	0	0	0	3.90818	0.0705128	0.704225	2.394726	2.859156	10.26153242	15.5805894	1.997503	6.525016	2.2094	2.7951788	5.6548067	1.337005	0.675364	14.476513	2.909266	1.649689	1.445257	1.925412	0	0	0	0	0	0	0	3.99867684	0	0	0	0.352113	2.46479	3.597426	0	1.250783	6.025505	0.704226	0.352113	1.802125	0	0.230769	0.736842	0
K06168	2.046468	0	0	0.380831	1.14409	24.6312541	0	1.4634166	0.254453	8.391698	3.7236092	0	0.774094	0	0.7251856	1.122239	0	16.6613849	0.964256	13.1818373	0.127226	0	0.540164	3.747623	4.6941141	1.8584359	0	4.0375593	0.290076	0	0.254453	0	2.1160608	1.326818	0	0	1.968393	3.3185809	0	2.160744	20.542699	5.266203	0	4.3527978	9.0387	4.139012	2.8936786	0	1.411026	2.4346277	0	0.419624	0.127226	2.138025	0	24.3718767	0	1.445565	0	4.292623	3.232934	2.639014	2.3208193	4.144073	3.2671259	1.11026	7.4849	3.2337416	8.327742	1.718128	0	0	0.636132	0	0	3.8564798	5.2049657	0.7614351	4.8011225	10.234588	31.2013255	17.4605498	5.490245	13.9788092	5.605299	11.874628	15.259399	11.492357	9.7939462	23.1968453	8.101031	2.6847261	3.363314	2.9259631	0	0	0	1.524022	0.0101781	0.254453	0	7.091571	1.20704	0.199321	0	1.562158	4.509617	5.4853066	2.066304	0.31088	2.595731	2.692403	0.580653	7.6498391	0	4.942664	0	0.381679
K03549	0	0	0	0.21978	0	4.0343539	0	0	0	1.0037377	0.6394437	0	0	0	0.162602	0.0460705	0	0.189394	0	1.8603603	0	0	0	0	0.7698536	0.1628669	0	0.8132739	0	0	0	0	0.163132	0	0	0.111474	1.0562419	0	0	0.0914352	0	0	0.21978	0.2943321	0	0.3245476	0.5442496	0	0.0813008	0.7508156	0	0.05764	0	0	0	5.1757827	0	0	0	0	0	0.170068	0	3.559049	0.111653	0	2.10914323	0.16206	0.393391	0	0	0	0.319149	0	0	0	1.1765426	0	0.0813008	0.4725001	4.7108085	0.7816238	0.886653	0.8061712	0.0813008	0.7778561	0.358646	0	2.1444802	2.373322	0.6627328	0.6519851	1.156547	0.54943	0	0	0	0.0717781	0	0	0	0.2513688	0	0	0	0.0570962	0.1557371	0.2439028	0.1967633	0.1626016	0	0	0.1813008	2.3609368	0.0680713	1.423278	0	0
K00290	0.744349	0.0146924	0	0.841017	0	9.151889	0	0.940312	0.413223	2.8524078	2.592552	0	0.357208	0	0.356869	0	0	9.7030647	0.143266	15.2814503	0	0	0	2.7434374	2.195431	0.503214	0	0.7086946	0.273646	0	0.275482	0.3726595	1.2745201	0.74903	0	0.676139	1.312005	0.4957075	0	1.204664	7.72247	0.2369799	0	1.725915	10.692915	2.888971	1.438034	0	1.1783791	2.9147	0	1.00287	0	0.63471	0	4.79075	0	0.37793	0	4.331959	0.766599	0.975207	0.7769309	2.152888	3.700258	4.855847	2.006165	1.30232	4.015005	0.5390264	0	0	0	0.275482	0	3.9673718	0.5821856	0.281751	2.3818164	3.2559204	7.1634228	23.385927	2.5078089	7.224572	2.770447	3.5521957	10.049056	4.1755944	1.6386287	17.1341091	2.2377636	1.6040637	0.9029	1.33521037	0.550964	0.273646	0	1.609478	0.413223	0.808138	0	5.7455338	0.43514	0.567595	0.407714	2.2482506	3.859097	6.385979	0.41783	0.85654	9.244978	2.261966	0.413223	4.9431715	0	1.791059	0	0.946099
K02015	0.4219397	0	0	0	0	0	0	0	0	0	0	0	0	0	0	0	0	0.584204	0	0	0	0	0	0	0	0.442478	0	0	0	0	0	0	0	0	0	0	0	1.085134	0	0	0.804017	0.174216	0	0	2.688901	0	0	0	0	0.173611	0	0	0	0	0	0	0	0	0	0.775811	0	0.0109739	0	0	0.205761	0.173611	0	0	0	0	0	0	0	0	0	0.174216	0	0	0.205761	0	0	0.726042	0	0.173611	0	0	1.5670548	0	0	0	0.4879119	0	0	0	0	0	0	0	0	0	0	0	0	0	0	0	0	0.173611	0	0	0.517784	0	0	0.174216	0	0	0	0
K01809	0.185874	0.168525	0	0	0	7.9339906	0	0	0	1.695168	1.485617	0.184634	0.3928129	0	0	0	0	6.450239	0.266419	10.0901105	0.161132	0	0.371747	0.144981	0.371748	0	0	1.44238	0.0830235	0	0	0.327138	0.740751	0.185874	0	0	0.137546	0.978669	0	0.742123	4.670861	0.73938	0	1.334527	2.230482	3.268682	1.119716	0	0.673979	1.798663	0	0	0.185874	0.4498149	0	14.1705377	0	0.185874	0	0.402726	0.862454	1.114003	0	1.08413	1.112764	2.867414	4.3264615	0	1.301116	0.870707	0	0	1.913257	0.332094	0	2.228004	0.619228	0.185874	1.431228	7.453941	4.316543	6.64349	2.3568388	5.138325	1.95539	5.7024646	1.530184	0	2.7289486	11.331101	4.8137	1.801391	2.785305	2.8154701	0	0	0	1.115242	0	0.350554	0	2.737427	0	0	0	0.784038	0.349443	1.301115	0.922509	0.438662	0.371747	0.7531	0	3.603336	0	3.962893	0.326797	0.326797
K02346	0.142857	0.512028	0	0.830805	0	0.965962	0	0	0	0.520839	0.1952532	0	0	0	0	0	0	1.5084369	0	4.17907	0	0	0.160734	0	0	0	0	0.298813	0	0	0	0	0.774011	0	0	0	0	0.901984	0	0	1.337062	0.161812	0	0	3.190635	0.313726	0	0	0	0	0	0.215517	0	0.310559	0	1.469617	0	0	0	0	0.110544	1.110218	0	0	2.085853	0.647249	2.710839	0	0.175836	0.118662	0	0	0	0	0	0.319045	0.161812	0	1.093173	1.594563	1.5452209	1.341573	1.1184012	0	0.84054	0.56731	2.343233	1.778651	0	1.907293	0.895497	0.142544	1	0	0	0	0	0.620584	0	0	0	0.3279394	0	0	0	0	0.530757	0.832333	0.2563361	0	2.038447	0.673274	0	0.391182	0	0.2426586	0	0
K01835	1.262575	0.432017	0.56391	1.356124	0	22.467705	0	1.5255534	0	7.339077	3.2664234	0.37594	1.074562	0	0.7424812	1.3174241	0	15.060164	1.469925	59.205504	0.18797	0	0.18797	4.087574	3.5377857	0.980414	0.093985	6.530597	1.977444	0.416667	0	0.252506	4.561928	1.855895	0	0.31391	3.288677	1.3157889	0	1.3947923	15.5762978	0.825232	0	2.693548	11.009078	2.582158	3.0162297	0	1.097822	3.7110596	0	0.18797	0	0.92489	0.54895	20.140211	0.093985	0.9605271	0.093985	4.674062	3.459188	1.1898501	0.469925	2.123435	8.038554	11.32582	3.432655	1.965599	8.746966	1.6200735	0	0	0	2.319701	0.3753134	10.316689	5.31743306	1.899103	13.9084	15.213933	30.998039	26.407961	7.825813	9.8139189	12.673337	15.706172	10.626349	7.087795	3.4226102	30.9653901	6.711096	3.866282	2.4889133	2.6110291	1.425334	0.1873434	0.18797	1.281485	0.467419	0.75188	0.281955	8.922295	0.18797	0.093985	0	4.641054	1.989687	6.064805	1.0319554	1.490314	1.2500008	3.2405925	1.183089	8.29637	0	1.785715	0	0.41628
K00088	6.8424311	0.5713985	0.515417	1.9097036	0.3704814	76.861605	0.337079	11.6263449	0.158801	11.4674889	5.574898	0.337079	3.462197	0	1.518354	3.098074	0.11236	28.409791	1.032593	68.231345	0.7252888	0	1.074158	4.864647	10.0810618	0.992374	0	6.0313151	0.9637164	0.3108613	1.193462	2.094256	6.294516	2.515517	0.429185	0.786517	6.047251	6.8484194	0.11161	2.6185702	20.610624	2.8523199	1.09738	6.284568	29.6293133	6.8451619	4.0806638	0	4.3981398	7.6112054	0	0.930066	0.224719	2.323308	0.94205	47.0439309	0.11236	1.373521	0.224719	5.515259	9.808671	4.5920776	1.764517	7.695773	13.752423	17.3813823	7.6698551	2.7793128	14.060757	4.340681	0	0	0.11236	0	0.5750042	12.070465	2.9454859	2.1323662	7.8528462	14.5286854	39.1595095	30.17117706	4.365539	26.746859	25.310801	8.5066049	20.2355902	9.6105988	20.313115	61.7831941	19.867131	14.8410076	10.344843	1.672421	2.7612985	0.471025	0	8.174507	0.695744	0.721349	0.142045	11.278107	0.1787169	0.286892	0	4.193753	4.5794891	8.390425	0.8893732	0.771916	11.348508	3.0396012	0.449439	10.7591929	0	2.9695545	0.173783	1.6029482
K07000	0.35461	0	0	0.531915	0	0.963157	0	0	0	0.8531216	0.3125	0	0	0	0	0	0	1.97892	0	2.9313714	0.177305	0	0	0.71649	1.3685374	0.177305	0	0.543478	0	0	0	0	0	0	0	0	0	1.00709	0	0	2.359793	0.177305	0	0	3.422371	0.177305	0.177305	0	0	1.8158403	0	0	0	0	0	1.344477	0	0	0	1.9421983	0	0	0	0.70922	0.5496453	0.878806	1.53517	0	0.706108	0	0	0	0	0	0	1.068005	0	0	0.612293	1.342785	1.9785243	4.629873	0	0.841918	1.31206	1.593691	4.65021	0.625	0.393617	2.50946	1.015367	0.677305	0.35461	0	0.4373523	0	0	0.706714	0	0	0	2.202114	0.125296	0.169014	0	0	0.476359	1.945142	0.374532	0.35461	0.70922	0.177305	0	1.07683	0	0.5167409	0	0
K03564	3.365047	3.794116	0	0.166667	0	18.522548	0	0	0	3.927878	11.293808	0	2.267972	0	0.490196	1.36601	0	9.973857	0.490196	15.44576	0.346405	0	0	1.689542	10.2513286	0.300654	0	10.495569	0	0	0	3.09804	6.261434	1.182683	0	1.05303	3.725492	3.820266	0.862745	1.044156	3.768733	2.589572	0	1.690521	2.9166668	27.20653	2.4583606	0	0.27451	4.48693	0	0	0	6.1736546	0	26.69659	0	0.784573	0.454545	0.852941	1.87119	2.035945	0.816993	2.173204	0.431373	11.950937	8.8494158	1.604575	5.124182	0.107843	0	0	0	0	0	3.281045	1.42484	7.965316	3.583964	6.895423	9.528997	10.474572	0.0833333	6.637114	9.191543	5.248896	22.287584	6.519347	3.512922	10.3399	5.388967	4.934322	1.696078	3.009804	0	0	0	4.574483	0	3.017571	0	13.563722	0.738562	0.643411	0	3.683261	9.904789	4.888889	1.359328	1.189542	3.5551	5.714131	3.412676	6.640528	0	1.991042	0	0.633987
K01890	2.0621455	0.19175	0	1.5114211	0	18.6718	0	2.210604	0	5.4808822	3.8629155	0.312467	2.719188	0	0.4520354	0.510204	0.170886	14.6970293	0	8.9458311	0.0637755	0	0	2.3151265	2.154417	0.386283	0	3.059916	0.5739795	0	0.129366	0.064683	1.0317038	2.0873255	0.258732	0.194049	3.1753	1.4681998	0.37594	1.2240845	9.9070028	0.497681	0	1.6627685	7.723427	3.0467495	2.561942	0	0.781722	3.0870598	0	1.289097	0	0.7695935	0	21.33877	0.0637755	0.551649	0.1284585	6.0482215	1.9776015	1.8918796	0.217319	3.2664776	3.8697565	2.07288	6.613105	1.861163	3.7011573	1.5509015	0	0	0.873081	0.256917	0.1913265	5.9287515	0.66979736	0.3432059	6.5874905	8.8427405	17.819062	16.2762597	8.779539	7.831395	4.7610805	8.067636	15.8449175	4.2559	2.5263438	12.452	7.3026959	2.3236391	0.7115688	1.735388	0.8608595	0.1284585	0	1.4882206	0	0.227891	0	4.2289665	0.416559	0.192234	0.740741	0.999774	1.2407345	2.0417563	0.6042375	0.66199	4.982716	0.4974261	0.3684453	3.7474325	0	0.8920985	0	0.458677
K08641	0	0	0	0	0	0	0	0	0	0	0	0	0	0	0	0	0	0	0	0	0	0	0	0	0	0	0	0	0	0	0	0	0	0	0	0	0	0	0	0	0	0	0	0	0	0	0	0	0	0	0	0	0	0	0	0	0	0	0	0	0	1	0	0	0	0	0	0	0	0	0	0	0	0	0	0.65873	0	0	0	0	1.22222	0.873016	0	0	0	0	0	0	0	0	0	0	0	0	0	0	0	0	0	0	0	0	0	0	0	0	0	0	0	0	0	0	0	0	0	0	0	0
K01465	0.749655	0	0	0	0	3.969448	0	0	0	0.216667	1.299558	0	0.896763	0	0.125	0	0	3.287527	0.125	3.045262	0	0	0	0.3341667	0.894493	0	0	0.275833	0	0	0	0.1583333	1.469616	0	0	0	0.25	0.703333	0	0.165563	2.691427	0.626866	0	0.636456	2.62833	0.616635	0.7546677	0	0.125	0.2933333	0	0	0	0.125	0	1.523712	0	0	0	0.198312	0	0.454545	0.0308333	0.458333	2.307988	1.875	1.243769	0	1.4133333	0.589167	0	0	0	0	0	0.701667	0.625	0	0.5324687	0.9079329	3.356459	5.1743527	0	2.209519	1.372857	0.635623	2.0839142	0.2833333	0.333333	2.75083	1.467045	0.438333	1.026396	0.185833	0	0	0	0.381926	0	0	0	2.977089	0	0.25	0	0.0691667	1.5874997	2.6991553	0.468593	0.909567	1.652385	0.581126	0.125	0.875	0	0.82369	0	0.25
K18928	0.76976	0	0	1.5542244	0	19.383994	0	1.775792	0	7.308938	7.8532172	0	0.484536	0	0.3419247	0	0	3.716428	0.872853	6.8562281	0	0	0.513746	0.536083	9.211032	0.374571	0	10.850514	0	0	0	0.256014	0.934799	0	0	0	5.361443	1.053265	0	1.232631	4.3571417	2.347445	0	3.902066	2.326461	8.716019	1.153567	0	1.3006878	2.637454	0	0	0	3.350938	0	7.04467	0	0.127148	0.352713	1.271244	0.603236	1.024015	0.59622	2.163231	7.249168	0.128596	28.140061	0.743986	6.2220622	1.399726	0	0	0	0	0	1.679474	1.661207	0.333333	3.570297	5.644244	10.167528	7.541328	5.66151	8.345848	2.33677	4.3546867	3.626845	1.195877	7.637327	10.872855	2.869483	3.9055	15.68983	1.218653	0.0927835	15.777214	0	0.512028	0	0.943968	0	8.295891	0	0.40378	3.234307	0.256014	0.768042	5.287659	0.768042	2.058641	1.461711	1.355671	0	6.783016	0	9.748522	0	0.512028
K00134	0	0	0	0	0	0.772727	0	0	0	0.659091	0	0	0	0	0	0	0	0	0	0	0	0	0	0	0	0	0	0	0	0	0	0	0	0	0	0	0	0	0	0	0	0	0	0	0	0	0	0	0	0	0	0	0	0	0	0	0	0	0	0	0	0	0	0	0	0	0	0	0	0	0	0	0	0	0	0	0	0	0	0.931818	0	0	0	0	0	0	0	0	0	0	0	0	0	0	0	0	0	0	0	0	0	0	0	0	0	0	0	0	0	0	0	0	0	0	0	0	0	0
K12251	0	0	0	0	0	3.6834	0	0	0	0.578232	0.306748	0.161554	0	0	0	2.133137	0	0.014966	0	7.32381	0.359184	0	0	0	0.3034017	0	0	0.590476	0.204082	0	0	0	0.204082	0	0	0	0.790123	0.612245	0	0	0.760456	0.204082	0	0	0	0	0.204082	0	0.557813	0.408164	0	0	0	0.202721	0	1.822566	0	0	0	0	0	0	0	1.86667	1.27755	0	1.124327	0	0.4168906	0.527891	0	0	3.26531	0	0	0	0	0	1.810887	2.32789	5.071262	1.831207	2.01088	1.402721	1.115646	1.817467	0	0	0.204082	6.33334	0.612246	0	0.2800936	0.406803	0.137415	0	0	0	0	0	0	2.619048	0	0	0	0	0.170068	1.565989	0.25034	0	0	0.610884	0.408163	1.068027	0.204082	0.590477	0	0.408163
K09155	11.0082345	0.9242584	0	12.691127	0.323352	23.322007	0	8.49042	0.2675188	11.983132	8.33160817	1.354424	3.023851	0.0154185	2.4520444	2.741399	0.110865	36.9351372	8.1152759	44.5084311	0.050462	0.431965	0.429203	29.329852	8.431377	2.965894	0	7.2033358	1.764448	0	0.647948	3.10736	14.1236916	4.3652256	0.707166	0.280778	3.4569025	9.1829978	0.2987315	2.4567638	21.0987097	0.894545	0	11.8687897	39.727736	16.035331	11.8237776	0	2.110601	10.3458874	0	2.558966	0	1.856926	1.0554648	6.710784	0	2.306973	0.775967	17.0355435	8.647769	3.1557185	1.7641164	5.6155933	15.781114	10.439692	13.1287988	4.956046	15.8051196	11.2519995	0	0	3.029933	0.196078	0.920774	16.0237564	42.0277385	1.7633377	19.7941864	28.4861107	27.8609054	80.19301007	4.508795	16.3429068	24.044499	25.571513	87.1772185	32.2809886	5.8174493	27.5631916	23.0582844	7.719426	3.6037639	2.3040626	3.396961	0.457493	0.224535	10.5978864	2.0917306	5.238354	0.3990377	31.349725	9.685597	2.0373561	0	17.9974559	16.4320505	27.692359	9.5308442	7.4395631	40.023968	34.787313	2.631771	31.927611	0.2334468	20.4851635	1.232254	5.996618
K03601	0	0	0	0.392157	0	0.159236	0	0	0	0.31741	0.137255	0	0	0	0	0	0	0	0	0	0	0	0	0	0	0	0	0	0	0	0	0	1	0	0	0	0	0.31741	0	0	0.196078	0	0	0	0	0	0	0	0	0	0	0	0	0.196078	0	0	0	0	0	0	0	0	0	0	0	0	0.159236	0	0	0	0	0	0	0	0	0	0.159236	0	0	0.381699	2.358936	0	0	1	0	0	0	0	0	0.795117	0.233333	0	0	0	0	0	0	0	0	0	0	0	0	0	0	0	0	0	0	0	0	0	0	0	0	0	0	0
K04047	0.446429	2.93103	0	0	0	0.87619	0	12.195256	0	1.285714	19.791067	0	1.60417	0	0	1.13783	0	8.2156029	17.419345	6.694224	0.771429	0	0	41.38224985	3.89655	1	0	2.6119048	0	0	1	2	2.552385	4.86042	0	3.0381	9.7803	1.119048	0	1.281416	10.4762	2.552381	0	2.90476	11.775778	3.380952	0.790476	0	1.497721	0.330357	0	6.68794	0	3.442478	0.434524	0	0	2.695569	2	10.460493	0	0.569322	4.27619	5.256836	8.50476	0	12.066652	1.217347	3.793159	2.55238	0	0	0	0	0	0	0.170213	7.801108	62.629648	2.73293785	0.00297619	16.41738	2	20.0738	17.9619	57.32683	63.5008235	0.5726477	7.67976	0.836879	8.358022	16.711985	4.85714	35.336759	1.57407	0.666667	0	33.71013	0	0.7707541	0	106.425886	5.21607	0.992424	0	11.93576	10.895456	23.185188	2.8244	5.15238	9.208425	15.369766	2.442478	0.39823	0	0	0	3.39048
K01179	0	0	0	0	0	0	0	0	0	0	0	0	0	0	0	0	0	0	0.0892019	0	0	0	0	0	0	0	0	0	0	0	0	0	0	0	0	0	0	0	0	0	0.140845	0	0	0	0	0	0	0	0	0.140845	0	0	0	0	0	0	0	0	0	0.413223	0	0	0	0	0	0	0	0	0	0	0	0	0	0	0	0	0.140845	0	0	0	0	0	0	0	0	0	0	0	0.140845	0	0	0	0	0	0	0	0	0.340136	0.056338	0	0	0	0	0	0	0.206612	0	0	0	1.257354	0	0	0	0	0	0	0	0
K00703	4.5454588	3.6579026	0	1.629329	0.454545	38.104285	0	3.327271	0.00909091	25.934199	37.689028	2.85606	6.728788	0	1.39697	0.909091	0	30.13869	2.900053	110.279035	0.9616726	0	0	4.527486	50.3403015	2.925249	0.471264	53.286157	3.950158	0	0	4.269691	6.096965	2.610431	0	1.05909	17.692232	5.262112	0.8393944	1.6924247	29.577261	8.771145	1.001986	5.924245	13.805526	66.0953291	10.971164	0	4.87926	4.7449297	0.0606061	4.471629	0	11.596993	2.418183	69.9021836	0.0954545	0.901515	0.121212	10.1803	13.08334	4.5606045	4.145452	13.6772754	13.5532817	9.507572	55.278059	4.8561093	9.986747	8.592647	0	0	0.909091	0	1.08636	7.4731926	1.2204535	8.93766	28.603029	31.6292783	37.258211	44.843651	20.0210094	21.065799	21.244976	11.925562	79.112282	29.477318	6.721083	84.9883348	15.992371	15.160084	18.065635	3.699944	4.575761	0.80303	0	6.2180194	1.37727	0.889394	1.841325	42.040242	2.045925	0.514629	0.969174	4.851509	16.454422	28.287958	4.865153	2.703034	22.519221	9.162112	1.848485	22.917322	0.256061	6.418181	0	1.989394
K05810	0	0	0	0	0	0	0	0.802721	0	0	0	0	0	0	0	0	0	0	0	0	0	0	0	0	0	0	0	0	0	0	0	0	0	0	0	0	0	0	0	0	0	0	0	0	0	0	0	0	0	0	0	0	0	0	0	0	0	0	0	0	0	0	0	0	0	0	0	0	0	0	0	0	0	0	0	0	0	0	0	0	0	0	0	0	0	0	0	0	0	0	0	0	0	0	0	0	0	0	0	0	0	0	0	0	0	0	0	0	0	0	0	0	0	0	0	0	0	0
K06861	0	0.970501	0	0.406504	0	11.653428	0	3.36036	0	2.3040482	1.488201	0.325959	0.884956	0	0	0.20944	0	9.2020646	0	4.709445	0	0	0	0	1.325361	1.2271391	0	1.125369	1.243363	0	0	0.39233	4.591446	0	0	0	0	1.107178	0	0.221239	3.417442	0.881074	0	4.476398	1.852508	1.547198	0.4972928	0	0.442478	0.171091	0	0.663717	0	0.663717	0	14.836711	0	0	0	0.766962	1.12389	1.325959	0.442478	1.10619	0	1.785665	3.982284	0.616519	3.662417	1.505434	0	0	0.657895	0	0.221239	3.048094	0.222222	0	0.885939	2.218293	15.92075	6.270584	1.73971	4.322862	4.115049	1.790561	10.035817	0	2.371251	14.148088	1.9563736	0.615044	0.6960881	1.0552839	0.663717	0	0	0.886922	0.221239	0	0.219298	2.058441	0	0	0	0.221239	1.935099	3.975876	1.325493	0.334808	0.442478	0.59882	1.10472	3.139015	0	4.441204	0.176991	0.221239
K04485	0.119904	0	0	0.25641	0	2.731414	0	0.352675	0	0.8521182	0	0	0	0	0.119904	0.71491	0	2.453115	0	1.947244	0	0	0.119904	0.441748	0.4348519	0	0	0.2134292	0	0	0	0	0.479616	0	0	0	0.419664	0.537634	0	0.119904	3.8552428	0.1223018	0	0	0.119904	0.239521	0.0967226	0	0.12150272	0.248109	0	0	0	0.0703437	0	0.470024	0	0	0	0	0.388721	0	0.239808	0.606714	0.84092708	0.359712	0	0	0.553727	0	0	0	0.119904	0	0	0.741806	0.19059	0	0.1947569	1.16386897	1.5902811	2.568284	0.239808	0.628529	0.81245	0.231015	4.670457	0.938841	0.119617	0.959233	0.722334	0	0.208633	0.2062349	0.119904	0	0	0	0	0	0	1.914467	0	0	0	0	0	0.248109	0	0.119904	0	0.785197	0.119904	0.598721	0	0	0	0.119904
K03650	0.469484	0.2852882	0	1.360386	0	2.657765	0	0.883952	0	4.563957	3.953637	0.0772947	0	0	0.154799	0	0	2.9930149	0.109438	15.617917	0.235018	0	1.041089	1.7518	3.150438	0.121065	0	1.835022	0	0	0	0.117371	0.838607	1.268227	0.517619	0	1.112775	2	0	0.738553	1.699009	0.4219457	0	0.981821	3.257043	0.238436	0.411853	0	0	2.2845766	0	0	0	0	0	1.822255	0	0	0	1.1756165	0.510843	1.22862	0.233555	0.5838236	3.969766	1.11894	5.5062014	0	3.3034482	0.5951172	0	0	3.28487853	0	0	0.49008484	0.887896	0.0539906	2.364374	4.724174	7.439533	7.1710589	6.123743	4.114825	2.610525	3.8775854	0.8177373	1.316636	1.266978	6.22588	7.766092	3.1232727	4.6098927	0.235294	0.154799	0	0.120773	0.884086	0	0.117371	0.241546	3.396283	0.158879	0.120773	0	0.943867	0.071205	1.897059	0	0.715436	0.393472	1.204934	0.165102	4.847141	0	1.686729	0.479988	0.39715
K01284	1.0660513	0.5776811	0.288184	1.6273684	0	22.2332989	0	2.5968732	0.141899	7.6712665	14.0400469	1.4119077	0.4185342	0	1.5707114	0.3940059	0	9.2760465	0.3051608	24.5463125	0	0	0.154799	3.8060369	4.2898772	2.0966854	0	7.2278806	0.4615714	0.154799	0.728008	0.4095034	2.978333	1.3166554	0	0	3.2727816	2.0354701	0.5654284	1.7162926	19.903171	1.5929859	0.614998	3.9179277	9.7109064	16.376757	2.5710824	0	2.0904606	5.9225128	0	1.1581614	0	3.0577903	0	28.5314527	0	0.6733412	0.1900059	8.9652589	3.0003028	2.5718909	0.9769564	3.2617137	5.2352797	8.84875	7.7820427	1.1258503	12.6826255	4.0844807	0	0	3.0796722	0	0.2354442	5.6213703	1.2599243	1.6989724	6.0413966	10.9679516	21.1670779	23.5934953	11.219399	8.083631	11.7669125	8.0622251	40.2805721	6.7778914	2.8718978	21.1035276	7.2180439	6.7960266	6.0305197	2.1686893	2.5398008	0.7875444	0.124378	1.7669539	0	0.6608254	0	22.3807558	1.1529096	0.1547988	0.154799	2.5500378	6.6807673	7.7157982	1.9586114	1.6677389	2.850738	3.2674028	1.5219957	8.1287025	0	3.5476589	0	2.3469512
K03469	0	0	0	0	0.781931	1.040498	0	0	0	0.342466	0	0	0	0	0	0	0	0.5	0	0	0	0	0	0	0	0	0	0	0	0	0	0	0	0	0	0	0	0	0	0	0	0	0	0	0	0.317757	0	0	0	0	0	0	0	0	0	0.226027	0	0	0	0	0	0.46729	0	0	0.934579	0	2.0274	0	0	0	0	0	0	0	0	0	0	0	0	0	0	0	0	1	0	0	0.679128	0	0.0685358	0	0.286604	0	0	0	0	0	0	0	0	0	0	0	0	0	0	0	1	0	0	0	0.757009	0	0	0	0	0	0	0
K02114	0.544444	0.144444	0	0	0	17.0716546	0	5.35556	0	12.044448	5.455558	1	1	0	3.466669	3.24444	0	46.7222	0	41.04442	1.62222	0	0.266667	9.411108	7.411107	1.577778	0	5.6	0	0	0	0.182796	5.48888	8.18889	1.58889	0.111111	8.57778	1.24444	0	1.988889	20.81111	0.922222	0	3.433336	48.737665	6.377776	0.722223	0	0.866667	5.27778	0	2	0	1.43333	0.422222	10.977811	0	2	0	9.67778	1.91111	0.844444	0	11.06344	12.27742	9.7777756	12.13297	2.978491	18.011149	4.72222	0	0	0	0	1.58889	8.077781	0.488889	3.54444	8.733333	8.72222	21.06666	46.627951	8.41111	12.144439	10.7222	10.3444	36.777767	17.219038	6.5412243	50.1556	9.8211501	3.64444	4.85556	1.63333	1.7	0	0	1.766667	0	0	0	6.54444	0.988889	0	0	0	1.7	3.03333	1	1	1.52222	1.55556	1.86667	2.455558	0	0.877778	0	0
K01808	0	0	0	0	0	0	0	0	0	0	0	0	0	0	0	0.530864	0	0	0	0	0	0	0	0	0	0	0	0	0	0	0	0	0	0	0	0	0	0	0	0	2.22222	0	0	0	0	0.530864	0	0	0	0	0	0	0	0	0	0	0	0	0	0	0	0	0	2.39683	0	0	0	0	0	0	0	0	0	0	0	0	0	0	0	0	0	0	0	0	0	0	0.209877	0	0	0	0	0	0	0	0	0	0	2	0	0	0	0	0	0	0	0	0	0	0	0	0	0	0	0	0	0	0	0
K01534	0	0	0	0	0	0.5930992	0	0	0	0	1.094995	0	0	0	0	0	0	0.167785	0	0	0	0	0	0.505228	0.259838	0	0	0.0868056	0	0	0	0	0	0	0	0	0	0	0	0	1.643394	0	0	0	0.0827741	0	0	0	0	0	0	0	0	0	0	0.393701	0	0	0	0	0	0.0868056	0	0	0	1.25637	0	0	0.65812	0	0	0	0	0	0	0.7586804	0	0	0.118568	0.601273	0.0868056	1.005392	0	0	0	0.778369	0	0.3541436	0	1.62558	0	0.367647	0	0	0	0	0	0	0	0.137317	0	0.0868056	0	0	0	0	0	0	0	0	0	0	0	0.345224	0	0	0	0
K00331	0	0	0	0	0	0	0	0	0	0	1.17544	0	0	0	0	0	0	2.14493	0	0	0	0	0	0	0	0	0	0	0	0	0	0	1	0	0	0	0	0	0	0	0	0	0	0	1.33333	0	0	0	0	0	0	0	0	0	0	0	0	0	0	0	0	0	0	0	0	0	0	0	1.258581	0	0	0	0	0	0	0	0	0	2.42029	0	1.491228	0	0	0.862319	0	0	0	0	0	0	0	1.514112	0	0	0	0	0	0	0	0	0	0	0	0	0	0	0	0	0	0	0	0	0	0	0	0	0	0
K01950	0.5772859	0.0539054	0	2.57971	0	5.7086606	0.165017	3.360372	0.0825083	11.1100693	1.7298186	0.6755393	0.4207283	0	0.2473893	1.029191	0.48837	12.2010566	0.8287051	16.7819813	0.0823723	0	0.5031	1.2342693	0.4498747	1.6641133	0	0.6098366	0.869565	0	0	0.0825083	2.505333	0.9837766	0	0.151815	0.8938163	2.0527736	0	0.7794295	7.0826705	0.164745	0	2.1946846	10.9452372	0.4449622	2.0185263	0	0.4883696	0.8590502	0	0.664452	0	0.3117089	0	9.91943	0	0	0	4.4881245	1.318564	0.4852523	0.2472529	1.4553095	7.8544391	2.291571	3.1127213	1.3501386	3.7634683	1.7166221	0	0	5.388894	0.161812	0	2.8661313	0.32949	0	3.1332456	5.908894	21.3480906	16.420256	1.6488883	4.8227249	6.953329	3.8396303	11.8417422	2.210693	3.2368911	19.9985703	4.4046433	2.5374363	1.4108725	0.3382757	0.7533455	0.4124056	0.0823723	0.3916933	0.949532	0.338356	0.247117	6.7076346	0.8790433	0.3403768	0.2381353	0.9843253	1.442341	3.1745419	0.8084316	1.8651806	3.2922442	1.3238455	0.5252669	7.9235703	0.2386223	6.7386136	0	0.6721046
K03070	1.288098	0	0	0	0.240209	0.895848	0	0.70922	0	0	0	0.0815661	0	0	0.059453	0	0	1.2121141	0	0.340909	0	0	0	3.984989	1	0.0815661	0.059453	0.691057	0	0.261097	0.59375	0	0.72351	0.35461	0	0	0	0.837554	0	0.163132	1.118906	0.118906	0	5.085937	2.30548	0.130548	1.581572	0	0.378788	0.472186	0	0	0	0.130548	0.0429581	5.750643	0	0	0	0	0	1.204536	0	0.581395	0	0	8.147186	0.29368	0.626634	0.0815661	0	0	0.725218	0	0	0.130548	0.104439	0	0.130548	7.373757	1.4754751	4.684491	0.0772159	3.170346	2.95995	2.76562	0.0815661	12.732785	12.04016	0	9.991394	0	2.885756	1.8317091	0.130548	0	0	0.635807	0.237812	0	0	0	6.586993	1.14323	0	0.7229164	0	1.123479	0	4.2952661	9.212008	0.581395	0.0565709	0	0	0.178359	0	0.733398
K13990	0.570536	0	0	0.578507	0	2.1935883	0	0.9660901	0	0.9683269	0.131234	0.0965251	0.482625	0	0	0	0	3.0235281	0	4.8092641	0	0	0	1.0032	1.3755972	0.0900901	0	0.2895753	0	0	0	0	0.56	0.669556	0	0	0.3861002	0.481982	0	0.4723291	2.2193075	0.3544961	0	0	7.2614703	0.6844641	0.6505793	0	1.5485051	0.186615	0	0	0	0.0965251	0	1.4218221	0	0.2136021	0.129987	1.7572751	0.5320811	0.164093	0.0990991	0.8198191	2.5407132	4.06178	0.9592531	0.490991	0.9441581	0.563063	0	0	0	0	0	3.2443503	2.2693561	0.59204	3.1154901	4.5752089	4.00666	6.5184872	0.19305	1.7668673	1.9794051	0.7123971	9.0392605	1.8122477	0.3712598	5.7547728	2.4726641	0.4796623	0.842986	0.19305	0.0965251	0.0701416	0.0965251	0.3616471	0	0	0	1.6710297	0	0	0	0.421089	1.1052611	1.1554551	0.596853	0.3269401	6.0114041	0.4613408	0	1.8621266	0	1.4615131	0	0.8253391
K02619	0	0	0	0	0	0	0	0	0	0	0	0	0	0	0	0	0	0	0	4.24324	0	0	0	1	0	0	0	0.189189	0	0	0	0	0	0	0	0	0	0	0	0.265766	0	0	0	0	0	0.52928	0	0	0	0	0	0	0	0.337838	0	0.288288	0	0	0	0	0	0	0	0	2.12838	0	0.641892	0	0	0	0	0	0	0	0	0	0	0	0	1.27703	0	1.214254	0	0.72817	0	0	0	0	0.0503876	0.398649	0.105856	0	0.632883	0	0	0	0	0	0	0	0	0.337838	0	0	0	0	0	0	0	0	0	0	0	0	0	0	0	0
K02548	0	0.290404	0	0	0	2.3807978	0	0.423729	0	3.000909	0.189394	0	0.189394	0	0	0	0	3.391104	0	9.0943888	0	0	0	0	0.806953	0.0239899	0	0.408252	0	0	0	0	0.549451	0.2371165	0	0	0	1.1762722	0.122807	0	4.113378	0	0	0.775355	5.2307466	0.1464647	0.568182	0	0	1.187119	0	0.853896	0	0	0	3.207068	0	0.211864	0	0.356719	0.211864	0.0606061	0	0.27146451	2.095428	0.189394	2.493896	0.322581	1.160353	0.6111116	0	0	0.895573	0	0	0.967779	0	0	1.4610759	1.776243	4.468723	5.6235587	0.189394	1.421053	1.453658	0.5248317	1.7765802	0.7870361	1.096183	6.565245	1.7820712	0.02317026	0.274725	0.152542	0.475108	0	0	0.481792	0	0	0	1.392719	0	0	0	0.274725	0.632411	1.704068	0.461174	0.320988	0.423729	0.401258	0	3.057235	0	3.295812	0	0
K18929	0	0	0	0.9930986	0	3.681396	0	0.121655	0	2.140823	2.986731	0.243387	0.243309	0	0	0	0	2.776463	0.154799	10.556917	0	0	0	0.121655	2.107743	0	0	3.31517	0.371394	0	0	0	1.2620503	0.367355	0	0	1.078021	1.0037624	0	0.490196	1.666156	0	0	0.121655	2.22623	2.783632	0.644995	0	0.276454	0.173851	0	0	0	0.337172	0	2.077639	0	0	0.260234	0.243693	0.120843	0.554696	0.811966	0.365859	0.519763	0.267813	5.34957	0.122549	1.088496	0	0	0	0	0	0	0.496063	1.87827	0	1.243309	1.28118	4.292944	1.68657	0	0.728096	1.3841173	1.197217	0.367355	4.042332	0.122549	1.70316	0.243309	0.276454	1.03354	1.676266	0.243309	11.3956	0.12285	1.705805	0	0	0.0851582	3.089225	0	0.309598	1.706761	0.365859	0.367269	0.687012	2.335234	1.916569	0	2.138658	0	1.3519303	0	0.520657	0	0.555556
K19302	0.274725	0	0	1.75592	0	0.274725	0	0	0	0	0.163934	0	0	0	0.274725	0	0	0.5	0	0	0	0	0.130037	0	0.393773	0.423077	0	0	0	0	0	1.35659	0	0.377261	0	0	0.0512821	0.128205	0	0.0604396	2.648	0.153846	0	0	4.2845774	0.706278	0.547619	0	0.25641	0	0	0	0.0860806	0.274725	0	0.549451	0	0	0	1.275932	0.274725	0	0.549451	0	0	0.336996	0.395604	0	0	0	0	0	0	0	0	1.26923	0.344262	0.0989011	0	0.819672	0.590564	4.588533	0	0.168498	0	0.274725	1.89569	0.299451	0.758498	0	1.172971	0	0.572209	0.274725	0	0	0	0.4773406	0	0	0	0.67033	0.549451	0	0	0	0.299742	0.4571941	0	0	0.274725	0	0.274725	0.260073	0	0	0	0
K01610	8.046846	1.690198	0.204918	7.46213	0.307377	116.688056	0	19.61642	1.192086	25.366261	25.0371965	0.812535	7.460884	0	4.125689	6.171813	0	21.937561	0.366311	123.451106	0.715847	0.680106	2.85383	5.07289	20.2701	7.908328	0	46.95597	2.064818	0	1.0154058	1.786884	20.521631	6.638692	0	2.06816	10.259353	14.370516	0.396175	12.718401	31.99874	15.041146	1.757214	24.625978	21.095121	21.79919	18.925498	0.0819672	11.47733	53.673094	0	5.052362	0	11.981	1.82969	167.477192	0.102459	3.490877	1.039825	17.3164	7.636579	21.414982	7.80242	27.72078	45.6284285	4.09699	81.170003	5.437511	9.837822	25.995227	0.135135	0	14.486937	0.852348	1.484829	5.791467	4.347705	8.396627	17.66298	133.370468	164.368317	59.14129	91.64457	55.99893	41.323286	92.748217	29.69775	11.493089	25.67042	159.392648	48.633702	45.26605	31.173837	86.068199	6.416658	1.233352	1.000557	10.801398	1.2216523	3.43115	2.463858	88.695333	2.379213	4.204479	1.037801	11.464169	6.68854	29.764778	4.547464	5.734921	14.97609	26.602108	5.651021	148.640491	1.031501	19.043652	0	4.518962
K02622	0.7959393	0.1100055	0	1.51613	0	11.89185	0	1.4272617	0	5.116066	2.468476	0.403226	0	0	0.6169815	0	0	12.4300476	0	10.5164896	0	0	0.43126	2.30155756	4.2825476	0.8577125	0	4.0056137	0.247792	0	0.0841751	0.3842985	2.048207	1.0838367	0.0713044	0.165011	1.9708295	2.6424326	0	1.145076	10.1869167	9.4841861	0	2.7150294	9.457912	1.7571061	2.6540924	0	0.1647319	4.3461111	0	0.1392469	0	0.9195007	0	8.4362772	0	0.1790725	0.7390352	1.6971643	1.14761317	1.655036	1.7334565	1.5494687	3.5547793	1.8231037	6.1596617	0.3348497	2.6538967	3.3292104	0	0	1.1582	0	0.1645306	3.8565746	1.2487615	0.2812332	3.5769516	7.0315182	21.5926485	20.0294494	1.029887	7.3403686	2.7129818	2.1499479	14.4672366	4.983547	1.7786771	16.889977	4.3038372	2.5737507	2.6456741	0.6711531	1.2546969	0.403226	0.0869565	0.8909888	0.8404921	1.433137	0.3066839	3.1369682	0.8861049	1.5054454	0	1.4296629	4.1022096	4.4596722	1.6551158	0.6672113	2.9736956	1.4287585	0.0869565	32.7896627	0.4051769	17.3335971	0.268817	1.2298326
K01591	0.442478	0.534722	0	0.765152	0	7.160916	0	0	0	2.672568	10.7114237	0.135693	0.752212	0	0.573746	0.418879	0	4.0936629	0	9.6840016	0	0	0	1.642677	5.082686	1.1863115	0.171852	3.3681519	0	0	0	1.249259	3.278793	0.8	0	0.803419	0.669439	2.61882556	0.221239	1.409707	5.06483	1.2206937	0	0.222222	3.714935	11.903565	1.301894	0	0.330383	4.716588	0	0.185841	0	3.446449	0	25.5920022	0	0.899648	0	0.754978	0.221239	0.452782	0.442478	2.94465	4.750289	2.32006	12.927348	0.996232	2.285765	2.354517	0	0	0	0	0	2.891251	3.2886523	2.576159	1.88309585	7.265498	11.8563477	20.117765	6.605004	2.837729	1.706166	8.53724	5.965672	4.723218	3.917559	5.47916	1.5859615	2.907463	7.295427	5.276774	0.476273	0	0	1.3392589	1.379394	2.471332	0	3.794288	2.950962	0	0	0.6647	4.186557	3.839293	0.649925	0.794183	0	1.99555	1.344948	9.748843	0	7.2160692	0	0.849259
K07456	0.3474007	0.0586166	0	0.205339	0	8.24357	0	0.107073	0	1.7309172	2.9156654	0.0586166	0.228214	0.381679	0.368903	0	0	2.7914338	0.1062915	3.1623456	0.116686	0	0.117233	0.9906551	2.5490098	0.1758498	0	1.4005044	0	0	0	0.116843	1.8568451	0.3997016	0	0	0.5910108	0.17585	0	0.5387657	3.1349292	0.9456454	0	1.5268687	4.547195	2.8839862	0.8910848	0	1.1551522	2.4677538	0	0	0	0.5708612	0	12.6159474	0.0586166	0.2747163	0	2.901095	0.0586166	0.3465744	0	0.97422	1.2604314	0.890582	9.6082238	0.74546698	2.052876	1.07043069	0	0	0.0437671	0	0	1.497169	0.5917482	0.9822145	2.4035187	2.44351898	8.5863689	8.19551	4.5637348	2.3962135	2.0333458	2.6228023	5.0414218	4.336008	1.5432608	4.415084	2.5167768	1.5693667	1.4072943	1.062987	0.217272	0	0	0.365827	0	0	0	4.904483	0.117233	0.4746816	0	0.3517	1.1341006	1.0963946	1.5156266	0.2630415	2.708186	0.0586166	0.1172332	2.1991533	0	2.1426882	0	0.0583431
K00426	1.9507916	0.7640416	0	0.151057	0	13.7565505	0	5.066057	0.0312185	16.9613527	8.0503856	0.151057	1.842901	0	1.079574	1.772441	0.33557	28.099895	0.703737	41.5563291	0	0	1.255287	0.790876	8.1280377	1.4785385	0	7.5706194	0.435045	0	0.453172	0.665676	4.631598	1.340096	0	0.603223	1.38811844	1.94731	0	2.107151	62.600656	2.329305	0.148036	8.35687	20.341402	6.972238	4.2054304	0	0.8767884	2.2048194	0	0.0166667	0	2.980564	0	19.6558582	0.151057	0.717171	0.13998	5.969483	5.258628	1.775009	1.4245317	8.1762429	5.767789	5.757297	44.130302	1.096105	7.5984078	5.3041682	0	0	1.262125	0	0.123867	4.1203141	3.9243891	2.830657	10.0786013	10.4420765	25.875236	29.8651938	8.353477	17.901662	5.740422	16.917536	19.853849	16.395449	11.4488779	27.266866	10.0489383	14.0169366	7.189322	4.85925	1.569483	0.258811	0.151057	2.4523704	0.374271	0.918175	0.302114	12.422286	1.412175	0.25	0	4.660445	3.358324	5.767265	3.0449815	2.1263848	4.456225	2.3841631	0.604229	14.2814065	0	13.832544	0.167785	0.850956
K06920	0	0	0	0	0	0.396825	0	0	0	0	0.2046853	0	0	0	0	0	0	0	0	0	0	0	0	0	0.0030722	0	0	0	0	0	0	0	0	0	0	0	0	0	0	0	1.104313	0	0	0	0.198413	0	0	0	0	0	0	0	0	0	0	0.104497	0	0	0	0.230415	0	0	0	0	0	0	0.297619	0	0	0	0	0	0	0	0	0	0	0	0	0.198413	0.834101	1	0	0.425742	0	0	0	0	0	0	0	0	0.528034	0	0	0	0	0	0	0	0	0	0	0	0	0	0	0	0	0	0	0	0	0	0	0	0	0
K08289	0.872093	0.555233	0	0.144928	0	4.68446	0	0.26938	0.145349	1.63901	1.062985	0.657207	0.859496	0	0.290698	0.0145349	0	10.528667	0.289729	12.491695	0.2	0	0	1.27519	1.1909697	0.581396	0	1.278549	0	0	0	0.555233	0.870408	0.581395	0.772287	0	2.749995	0.539729	0	0.2410911	12.907093	0.5210712	0	1.686674	17.571677	2.717054	1.425934	0	0.396543	1.803773	0	0	0.144928	0.516473	0	1.9900311	0.145349	0.290698	0.151659	2.39244	1.2345	0.396318	0.290698	1.452677	4.720932	1.93023	2.82206524	0.436047	2.51799	1.0227278	0	0	0	0.140504	0.145349	4.842058	0.275194	0.626938	4.1914232	4.897129	4.532376	14.826411	1.0722382	4.169056	2.3431525	2.724387	13.0780299	5.03488	4.971043	10.9443302	7.2150213	3.8942142	1.713253	0.367248	0.581396	0.145349	0	0.91376	0	0	0.145349	5.398194	0.518411	0.145349	0	0.621124	5.14244	2.4894715	1.017442	0.580427	12.6405	2.326192	0.27907	2.0580913	0	1.593479	0	0.9018562
K03644	0.3584227	0.443038	0	0.588889	0	2.8528593	0	0	0	1.7200897	0.321429	0	0	0	0.0896057	0.5	0	0.5906403	0.0394973	3.1325647	0	0	0	1.0809806	0.7168237	0	0	2.1990237	0	0	0	0	0.7981278	0.0896057	0	0	0.1	2.6542697	0	0.2945237	2.4560311	0	0	0.562469	3.3474081	0.7562154	1.3051586	0	0	0.8015027	0	0	0	0.111111	0	1.5570494	0	0	0	0.531796	0	0.0896057	0	0.625905	0.1897666	0.448029	1.5774982	0	1.063932	0.1793723	0	0	0.0897666	0	0	1.5752657	0	0	0.7737109	3.7420848	6.1113033	4.7419277	0.538117	1.2473655	1.1430939	0.3911431	3.078784	1.1946058	1.0040476	3.463919	1.03882789	0.7716787	0.5382776	0	0.8785915	0	0	0.2748105	0	0.0734767	0.179211	2.0039756	0.179211	0.0897666	0.179211	0.847222	2.1887657	1.6009308	0.268978	0.113636	0.6577648	0.3684187	0	7.193267	0.0896057	1.8326828	0.0896057	1.2603246
K01911	0	0	0	0	0	0.341301	0	0	0	0.66	0	0	0	0	0	0	0	0.2517007	0	0.62248	0	0	0	0	0	0	0	0	0	0	0	0	0	0	0	0	0	0	0	0	0.795068	0	0	0	0.8540314	0	0	0	0	0.131279	0	0	0	0	0	0.129915	0	0	0	0	0	0	0	0	0.337868	0	1.259023	0	0	0.136986	0	0	0.678082	0	0	0.6841729	0	0	0	0.477324	1.051645	1.6735	0	1.051778	0.869677	0.0573248	1.0069893	0	0.784314	6.28231	0.171233	0	0	0.242735	0	0	0	0	0	0	0	0	0	0	0	0	0	0.170068	0	0	0	0	0	0.664616	0	0.14059	0	0.341301
K03555	0.1694709	0.0597372	0	0.2296064	0.465887	12.9586794	0	0.373538	0	3.9853777	2.0032954	0.0764526	0.238949	0	0.708554	0.712149	0	2.4854196	0.4626501	18.8749975	0.120393	0	0.12285	0.7833121	2.4472652	0.9075163	0	2.803098	0.499257	0	0	0	0.8643464	0.2096792	0	0.5684472	0.9063282	1.727026	0	0.178813	25.1892428	1.7641668	0	1.604449	0.4888922	0.3254718	1.339409	0	0.5258657	1.8110752	0	0.275755	0	0.1447993	0	0.179554	0	0.290818	0	0.7299866	0	1.456629	0.4442419	1.251931	5.4271348	0.452383	7.3791727	0.294067	1.6661289	1.402889	0	0	0	0	0	0.2303729	0.8558589	0.550688	2.4938726	3.9248722	13.9374339	6.2019706	2.1055423	5.8559175	3.3153568	2.1710157	1.3622288	0.0380117	0.7975719	12.6456995	16.4606705	1.686863	2.6780439	0.3324492	0.4884582	0	0.0597372	0.36124	0.1592991	0.242324	0.0199124	12.2959818	0	0.499884	0.416667	0	1.3204748	3.4153454	1.3062375	0.1485471	1.41856	2.3314925	0.2074872	1.991386	0	6.1716051	0	0.377771
K00262	1.246472	0.737466	0	6.031846	0.76479	16.62149875	0	1.799588	0.379747	6.094687	8.477917	1.145429	1.5033	0	1.169418	2.044947	0	12.534074	0.126582	33.480527	0.6899248	0.0715488	0.758854	2.969854	6.718637	2.636102	0	3.16083	0.2037068	0.0378788	0	0.252525	3.792345	1.8015181	0	0.342466	2.188555	4.3074324	0.258333	2.226608	8.5654132	2.8766249	0	2.0609078	17.235045	5.567439	4.16905353	0	0.908698	3.304298	0	0.486076	0	2.7414885	1.136683	14.25894494	0.126263	0.4971388	0	9.1398461	2.268688	3.001378	0.447922	6.5358513	6.787927	8.32853	4.4662722	2.9236235	6.3886129	3.13323	0	0	0.126263	0	0.126263	12.502648	5.258649	0.4282074	14.328492	9.7622989	26.8403552	28.544369	6.1575275	16.194126	11.444432	13.0307919	19.643287	15.4156941	3.6191097	54.209959	15.568932	1.709551	5.4445548	2.1412153	1.439173	0.238095	0	1.904698	0.252525	1.094567	0.0252525	17.4358968	3.233441	0.76542	0	2.021605	0.3164529	9.2681888	2.423722	0.549518	1.269011	2.935462	1.1025065	5.553763	0	6.40655	0.741078	1.575327
K07334	0	0	0	0	0	0	0	0	0	4.09789	0	0	0	0	0	0	0	0	0	11.1947	0	0	0	0	0	0	0	0	0	0	0	0	0	0	0	0	0	0	0	0	0	0	0	0	0	9.331269	0	0	0	1	0	0	0	0	0	0	0	0	0	1.95699	0	0	0.537634	0	2.860215	0	0	0	0	0	0	0	0	0	0	0	0	0	3	0	1	0	0	0	0	0	0	0	0	0	0	0	0	0.690476	0	0	0	0	0	0	0	0	0	0	0	0.974359	0	0	0	0	0	0	0	0	0	0	0	0
K02892	0	0.821429	0	12.0833	0	0	0	0	0	0	12.7262	1	0	0	0	0	0	0.702381	0	0	0	0	0	0	0	0.619048	0	0	0	0	0	0	1.61905	0	0	0	0.119048	0	0	0	2.83333	0	0	0	0	0	0	0	0	7.39286	0	0	0	0	0	0	0	0	0	0	0	0	0	0	0	0	0	0	0	0	0	0	0	0	0	2.42857	1	0	0	8.75	0.821429	0.857143	5.39286	0	0.547619	0	1	0	0	0	1.70238	0	5.14286	0.738095	0	0	0	0	0	0	0	0	0	0	0	0	0	2.22619	0	0	0	0	0	0	0	0	0	0
K03783	0.340136	0	0	0	0	3.179134	0	0	0	2.353745	1.82086	0	0.340136	0	0	0	0	3.435502	0	5.737288	0	0	0	0	3.065756	1.152063	0	1.30839	1.25624	0	0	0.909091	0	0.70303	0	0	2.301586	0.680272	0	1.067387	2.4228	0	0	0.21542	1.4966	5.839952	0	0	0	0.340136	0	0	0	1.508781	0	4.185946	0	0.794681	0	0	0	1.01814	0	0.566068	2.316697	3.42404	2.224635	1.452546	1.019831	0.274376	0	0	0	1.14545	0	1.651082	0.658318	0.136054	2.279942	3.62812	6.697456	8.70286	2.970518	1.600639	1.013605	4.422177	5.78806	2.37924	1.184076	6.02948	1.913915	2.29478	2.668934	0	0.340136	0.772428	0	0.635704	0	0	0.340136	6.215024	0	0	0	0.816327	0	2.136058	0.163265	0.959184	1.26077	0.265306	0.418182	2.489794	0	1.356007	0.585034	0.664399
K03734	1.840828	0.554689	0	0.402027	0	9.635335	0	2.65014	0.172414	3.168007	10.226164	0.17301	0.346021	0	0.0692042	0	0	8.633346	0.4	14.378268	0	0	0	1.258448	9.668554	0.247982	0	7.308901	1.02963	1.038063	0	1.219662	3.224663	0.6089964	0	0	4.152971	0.927227	0	0.865052	8.55691	1.8286688	0	0.17301	7.174227	10.283495	1.061634	0	0.17301	0.829126	0	0	0	5.942522	0	10.1296	0	0.17301	0	1.404748	1.61822	0	0	0.86998	3.83535	1.76932	8.819683	1.038061	2.152069	3.016042	0	0	0	0	0	4.588443	2.736475	1.592849	4.079456	4.666487	11.808677	10.600872	4.288318	4.2964	2.0767459	3.631077	6.834267	1.687756	1.195396	14.095074	3.633127	6.606849	12.2671069	3.200538	0.536333	0	0	0.17301	0.346021	0.344828	0.341929	3.788592	0.172414	0	0	0.34602	0.865052	2.460371	0.52697	0	1.038062	1.401261	0	2.281007	0	1.48927	0	0.34602
K08999	0	0	0	0	0	0	0	0	0	0	0	0	0	0	0	0	0	0	0	0	0	0	0	0	0	0	0	0	0	0	0	0	0	0	0	0	0	0	0	0	0	0	0	0	0	0	0	0	0	0	0	0	0	0	0	0	0	0	0	0	0	0	0	0	0	0	0	0	0	0	0	0	0	0	0	0	0	0	0	0	0	0	0	0	0	0	0	0	0	0	0	0	0	0	0	0	0	0	0	0	0	0	0	0	0	0	0	0	0	0	0	0	0	0	0	0	0	0
K00798	0	0	0	0	0	2.27497	0	0	0	2.174941	1.539418	0	0.245863	0	0	0	0	0.741586	0.35461	7.243495	0	0	0	0	2.912525	0	0	4.247812	0	0	0	0.658563	1.234043	0	0	0	2.196217	0.680581	0	0	3.754693	1.595745	0	0	2.403276	1.217183	0	0	0.20331	0.526316	0	0	0	0.3415084	0	4.42317	0	0	0	0	0	0	0	1.89362	1.174494	0	3.768939	0	0.33557	0.70922	0	0	0	0	0	1.435195	0.300236	0.44722	0	2.72577	4.206916	3.295758	0.20331	0.53274	0.822695	1.41844	0.539833	0.699438	0.35461	3.63357	1.1223	1.581559	1.88653	0	0	0	0	0.35461	0	0.397163	0	1.952465	0	0.35461	0	0	0.995849	4.286928	0	0.70922	0	0	0	0.787234	0.35461	2.1253	0	0.69018
K00554	0	0	0	0	0	0.75	0	0	0	0	1	0	0	0	0	0	0	0	0	0	0	0	0	0	0	0	0	0	0	0	0	0	0	0	0	0	0	0	0	0.752381	0	1	0	0	0	0	0	0	0	0	0	0	0	0	0	1.41667	0	0	0	0	0	0	0	3	0	0	0	0	0	1.65041	0	0	0	0	0	0	0	0	0	0	0	0.617886	0	0	0	0.902439	0	0	0	0	0	0	0	0	0	0	0	0	0	0	0	0	0	0	0	0	0	0	0	0	0	0	0	0	0	0	0	0
K03631	1.2823775	0.3407503	0	0	0.3938203	5.0807793	0	0.197239	0	3.8040074	5.2957622	0	0.381328	0	0.4583313	0	0	3.2819506	0.197239	13.9006813	0.0986193	0	0	0.6292657	7.7373023	0.55292569	0	3.3054837	0	0	0	0.49444292	2.7659936	0.401566	0	0.197239	1.728878	1.002017	0	0.4443821	3.5155274	1.2046519	0.136095	0.818457	5.452987	3.1332305	0.740195	0	0.0986193	0.9809032	0	0.197239	0	0.9861936	0.0986193	5.1693823	0.21097	0	0.0486522	0.6449183	0.2958583	0.0703485	0.1972386	1.584341	3.236299	1.7133427	18.8072317	0.0986193	0.5565002	1.9345762	0	0	1.049821	0	0	2.1549462	0.6353073	0.9107345	1.7345529	5.6231949	7.392328	10.4829299	2.215697	3.2123461	1.322159	2.821746	4.573821	1.71793	2.3446964	7.1632463	3.5963523	7.8066056	9.8254105	3.1169246	0.875082	0	0.0986193	0.6980085	0.428135	0.394478	0.0986193	5.5541383	0.0988142	0.2788224	0	0	1.0273253	1.2452869	0.6936742	0.4015663	5.8915135	0.627877	0.2958583	5.497204	0	4.0335696	0	0.2416712
K05592	5.9101844	1.5633848	0	5.1246624	0.2500798	30.225051	0	4.5672505	0.335589	15.505417	8.3253554	1.6450084	2.535072	0.195695	2.2086854	1.9363834	0.0643739	52.6983208	1.0328328	84.327996	0.2201034	0	1.5001138	5.7568683	11.9371624	2.9974581	0.381679	4.5324016	1.40131	0.132275	1.573152	0.9176757	6.0904026	6.6066547	0.377959	0.0564016	0.977028	6.4940894	0	2.3079329	33.637526	3.0602754	0	13.16534419	35.0497234	4.3465358	5.5961676	0	3.5242634	6.272428	0	1.380518	0	3.4097072	0.6708354	7.6847474	0.2274594	0.8914138	0.0846024	14.5463057	9.3374688	1.942819	1.5800832	11.0799597	26.7914622	4.2686767	10.708545	3.6190338	18.7052172	7.5584371	0.1692048	0	0.761421	0	0.1692048	8.8967004	1.3405652	0.6225918	11.9524581	30.4587728	41.9745178	65.994146	3.3339632	17.0751798	10.5896328	5.2369538	18.717222	12.4608324	1.8011834	60.0365314	15.7273548	2.0342584	2.9171486	1.3480984	0.7192114	0.27958	0.169205	0.8575732	0.220751	0.389956	0.2538074	20.2688764	2.064925	0.4230124	0	2.8777068	11.2140586	16.915143	4.7548173	2.3328459	11.7589902	4.72131	1.5654054	16.1005371	0.23445	4.5697714	0	0.9903308
K01081	0	0	0	0	0	0	0	0	0	0	0	0	0	0	0	0	0	0	0	0	0	0	0	0.0811594	0.406504	0	0	0	0	0	0	0	0	0	0	0	0.365854	0	0	0	0	0	0	0	0	0.0565217	0	0	0	0.397101	0	0	0	0	0	0	0	0	0	0	0	0	0	0	0	0	0	0	0	0	0	0	0	0	0	0	0	0	0	0	0	0.17971	0	0	0	0	0	0	0	0	0	0	0	0	0	0	0	0	0	0	0	0	0	0	0	0	0	0	0	0	0	0.813008	0	0	0	0	0	0
K00979	0	0	0	0	0	0.507614	0	0	0	0.507614	0.187817	0	0	0	0.595699	0	0	0	0	0.615905	0	0	0	0.675676	1.18105	0	0	0.507614	0	0	0	0	0	0	0	0	0	0	0	0.253807	0.739424	0.0541455	0	0.253807	0	0.511872	0.253807	0	0	0	0	0	0	0.253807	0	2.281942	0	0	0	0.507614	0	0	0	1.247039	0.304569	0	0.507614	0.253807	0	0	0	0	0	0	0	0	0	0	0	0.761421	0.6867526	0.507614	0.778342	0.525655	0.253807	0.453469	1.3146402	0	0	1.12521	0	0.253807	0	0.671743	0	0	0	0	0	0	0	0.507614	0	0	0	0	0	0	0	0	0	0	0.115059	0.36379	0	0	0	0
K06997	0.618774	0	0	0	0	13.742159	0	0.490196	0	1.302681	4.022376	0	0	0	0.714473	0.862069	0	2.6162218	0.256705	5.6226	0	0	0	1.021073	4.356481	0.574713	0	2.980843	0	0	0	0.733333	2.142894	0.287356	0	0	4.366666	1.879313	0	0.227969	2.245214	1.239702	0	0.231801	4.11877	2.8801255	1.32567	0	0	0.7854408	0	0	0	0.662835	0	9.973192	0	0	0	2.611287	2.457856	1.287356	0	2.024906	0.862068	1.599616	7.462072	1.115182	0.490872	0.53921013	0	0	0	0	0.551724	1.124295	0	1.149425	0.517241	3.840992	10.646515	4.371917	3.48276	1.149424	2.02107	2.351537	5.561306	1.9501913	1.215955	4.00766	1.030504	1.7931034	1.71863	0.105364	0.3486587	0	0.287356	0.285441	0	0	0	1.727969	0	0	0	0.287356	0.6341	2.3361186	0	0.287356	6.611112	1.149425	0.287356	2.743298	0	0.574712	0.185824	2.72549
K01840	0	0	0	0	0	0.384615	0	0	0	0	0	0	0	0	0	0	0	0.384615	0	0	0	0	0	0	0	0	0	0.330769	0	0	0	0	0	0	0	0	0	0	0	0	0	0	0	0	0	0	0	0	0	0	0	0	0	0	0	0	0	0	0	0	0	0	0	0.384615	0	0	0	0	0	0	0	0	0	0	0	0	0	0	0	0	0	0	0	0	0	0	0	0	0	0	0	0	0	0	0	0	0	0	0	0	0	0	0	0	0	0	0	0	0	0	0	0	0	0	0	0	0	0
K03270	0	0	0	0	0	1.216234	0	0	0	0.813008	0.36828	0	0	0	0	0	0	0.813008	0.298103	1.219512	0	0	0	0.184282	2.230354	0	0	0.556452	0.382114	0	0	0	0.319783	0	0	0	0.861221	0	0	0	0	0.336043	0	0	0	0.281843	0	0	0	0.403226	0	0	0	0.219512	0	1.509704	0	0	0	0	0	0.406504	0	1.47059	0	0.712737	2.062329	0	0	0	0	0	0	0	0	0.282258	0	0.4682666	1.341	1.18428	0.713827	2.636464	0	0.406504	0.699186	1.415418	0.0921409	0	0.560976	1.153968	0.406504	0.390244	0.921188	0.182796	0	0	0	0	0	0	0	0.736559	0	0	0	0	0	0.406504	0	0	0	0	0.813008	0.406504	0	0.794038	0	0
K03453	0.181818	0	0	0	0	10.350569	0	0.289062	0	2.0612332	1.722425	0	1.115152	0	0	0	0	0.372112	0.619394	16.632732	0	0	0.16	0	2.048482	0.592727	0	2.667886	0	0	0	0	2.707879	0	0	0	0.340606	0.712727	0	0.93697	1.038788	0.2381422	0	0	0.363636	0.181818	0.589091	0	0	0.363636	0	0	0	0.363636	0	13.927168	0	0.0557576	0	1.071514	0	0.555207	0	1.6072753	2.11394	0.181818	1.116479	0.864486	0.363636	0.776969	0	0	0	0	0.54303	0	0.181818	0	0.8981812	5.375806	8.176478	3.935933	0.2836922	1.855208	2.4742744	1.5001785	0.181818	0.390625	0.665454	10.539396	1.018182	0.737026	2.559456	0.991041	0	0	0	0.56606	0	0	0	4.616643	0	0	0	0	0.181818	1.666667	0.0727273	0.794354	0.185185	3.329693	0	1.2084861	0	0.363747	0	0
K00857	0.247863	0	0	0.328947	0	8.609348	0	0.776228	0	1.38253	0.984503	0	0.875	0	0	0	0	3.749282	0.297539	4.350877	0	0	0	0.698005	1.193656	0.671141	0	1.066784	0	0.780142	0	0	4.615345	0	0	0	1.3136	1.918217	0.219298	0	4.578735	0.162281	0	0	2.28545	0.735156	1.611227	0	0.591968	0	0	0.666667	0	0.570175	0	2.331948	0	0	0.333333	1.00447	0	1.690794	0.642222	1.623355	3.175408	2.52222	0.4736843	0.179825	0.522222	0	0	0	0	0	0	1.719515	0.468354	0.333333	2.32199	2.581487	7.436108	4.00921	0.852154	1.599377	3.141069	2.837033	5.567686	2.955558	1.235703	7.44518	3.124248	0	1.60989	0	0	0.702632	0	0.157895	0	0	0	0.692982	0	0	0.535088	0.575498	1.787878	2.4990405	0	0	0.201754	0.528508	0.335526	0.900058	0	0.135965	0	0.262411
K01937	0.542845	0.205338	0	3.351249	0.517241	26.827142	0	1.935948	0.102669	9.6577251	4.7935165	0	0.988364	0	0.6262231	1.2528343	0	21.426268	0.480407	19.792539	0.438121	0.205339	0.308008	3.7642752	1.6790037	1.4374008	0	2.479608	0.410677	0	0.205339	0.106157	2.671166	1.193292	0	0.75373	1.13063	2.913639	0.205338	2.1742882	11.39732873	0.649814	0	2.5565566	19.548449	2.177199	1.0764466	0.192308	0.947183	4.241921	0	0.204654	0	0.8586728	0.308008	16.2389101	0	1.112396	0	5.0544699	3.1206584	2.2985134	0.948358	5.0512241	5.4640144	5.5396594	4.966244	1.258727	10.0578172	2.2034198	0	0	0.964408	0.205339	0.0841889	5.0743589	1.64256	0.7265194	5.600941	13.0883025	22.8256303	22.014311	3.064483	8.751186	6.828336	11.6975379	22.0461799	6.396614	6.556397	24.565627	8.318083	2.57078	2.8160168	2.569517	0.8763081	0.102669	0	0.655472	0.871378	0.7684516	0	2.7902224	0	0.308008	0	0.6931114	1.0610053	5.9385262	0.378912	0.463921	3.709741	0.63655	0.308007	4.356166	0	4.663967	0	0.7310053
K02343	1.8019206	0.0902527	0	0	0.7176087	7.1997794	0	0	0.17762	3.6884834	1.5374216	0.17762	0	0.0995671	0.3165999	0.0888099	0	2.8420935	0	7.041132	0.0757845	0	0.722022	1.1473757	2.0539351	0.3413349	0	1.8598854	0.537188	0	0	0.113895	0.8507327	0.6422957	0	0	0.636116	2.10999	0.0888099	0.451264	4.2890798	0.2664299	0	0	4.7984088	2.480214	0.6744286	0	0.458207	0.692626	0	0.859059	0	0.7254261	0	6.3859357	0	0.3581252	0	1.3820346	0.9413707	0.1761023	0.3354874	1.2139819	2.7112057	1.3911	1.0761284	1.0389067	2.1960336	0.6639624	0	0	0.644168	0	0.439945	1.2234647	0.26643	0.5530229	3.4859133	1.9973115	4.427165	9.9161303	1.03789	3.1921329	1.4713844	3.5098671	4.950788	6.2247439	0.7065937	3.43813	1.9606029	1.8716018	1.0068264	0.1790626	0.1790626	0	0	0.448378	0	0	0	3.413069	0.0902527	0	0	0.341686	3.20791	1.9168641	0.6677661	0	3.4468267	0.672125	0.3844909	0.7788147	0	0.5393568	0	0.0902527
K00928	4.882755	1.186956	0	2.7140004	0	51.766007	0	5.7349763	0	20.3855503	8.505404	1.028278	1.24452	0	0.697963	2.5627896	0	22.540173	0.752344	49.0316795	0.514139	0.673966	1.25246	5.3692479	9.742712	2.515469	0	9.42608	0.6300358	0	0.257069	0.534192	8.7947516	0.642674	0	0.3521847	2.5998294	5.197663	0	2.104211	22.886223	1.3534367	0	5.065031	31.233079	11.6251494	4.4283333	0	2.511356	8.435952	0	0.257069	0	2.3591826	0.707234	35.287109	0	0.39518	0.135501	9.9407762	2.6699762	3.244554	2.070263	5.485183	18.703366	6.44863	14.396361	1.7620186	13.5513435	4.681942	0	0	1.59212	0	0	8.6551448	8.1495882	3.5447035	12.636751	23.5081192	46.4771424	41.407134	7.905264	23.8869917	21.406823	22.66625	32.358567	12.64244	6.1753196	51.578217	13.721543	6.0830267	6.204645	2.3232291	2.06178474	0.121359	0.385604	1.933463	0.256213	1.2591881	0.255685	38.4087504	1.044865	0.514139	0.780806	5.578226	9.687951	20.4142037	4.6505039	3.115466	19.7976208	10.269791	1.148909	17.9574	0.25707	17.384565	0	3.588783
K06041	0.328467	0.364964	0	0.387597	0	6.770343	0	0	0	2.015933	3.6721797	0.476886	0.37037	0	0.2141122	0.364964	0	3.234271	0	7.8236	0	0	0	0.734013	2.856683	0.37037	0	3.351587	0	0	0	0.364964	0.985402	0.547445	0	0	2.972966	0.729928	0	1.081509	2.164774	0.182482	0	0.163017	1.459855	5.770571	0.91241	0	0.547445	1.027305	0	0	0	1.155718	0	5.908766	0	0.729928	0	2.193869	0.586881	0	0.182482	1.463504	0.401387	2.277372	5.611614	0.717761	1.6915639	1.712174	0	0	0	0	0	0.329684	0.732345	0.854016	0.434461	3.363764	6.15839	3.9535211	0.729927	0.9031799	2.469591	1.473372	3.1891	1.847928	1.590454	7.080658	0.852799	1.39125	2.869002	0.906327	1.481195	0	0	0.823045	0.343066	0.335766	0	6.728352	0	0	0	0.362531	1.277372	1.892426	1.100298	0.363747	1.144725	0.618005	0.182482	3.173964	0	0.917816	0	0.182482
K19286	0	0.134354	0	0	0	1.0796551	0	0	0	0	0	0	0	0	0	0	0	0.255102	0	0	0	0	0	0	0	0	0	0	0	0	0	0	0	0	0	0	0	0	0	0	0	0	0	0	0	0	0	0	0	0	0	0	0	0	0	0.398782	0	0	0	0	0	0	0	0	0	0	1.402632	0	0	0	0	0	0	0	0	0	0.219388	0	0	0.513131	0.456621	0.156463	0	0.584049	0	0	0	0.25641	0.940789	0.73541	0.865899	0.056701	0	0.253807	0	0	0	0	0	0	0.42517	0	0	0	0	0	0	0.253807	0	0	0.22831	0	0	0	0	1.36834	0	1.020408
K00759	0	0	0	0.582677	0	3.513988	0	0	0	1.640632	1.041995	0	0	0	0	0	0	1.181103	0	6.63484	0	0	0	0	0.914534	0	0	0.708662	0.787402	0	0	0	0.784777	0	0	0	1.123628	0.114355	0.393701	0	1.034121	1.011246	0	1.1811	1.412077	0.777204	0.698163	0	0.393701	0.230971	0	0	0	0.301703	0	3.769526	0	0	0	0	0	0	0	0.770563	0.787402	0	2.986191	0	1.301837	0	0	0	1.84252	0	0	0.603675	0.272966	0.393701	0	3.51296	2.428402	4.576084	0.393701	4.487199	1.5702032	0.4675386	0.364964	0	2.540814	5.498817	1.813649	3.777566	1.472442	2.5227758	0.2021	0	0	0.393701	0	0	0	1.028278	0.322835	0	0	0.393701	0	0.664042	0.178478	0.745987	0	0.293963	0	2.419943	0	1.942254	0	0
K04096	0.154799	0	0	0	0	0	0	0	0	0	0	0	0	0	0	0	0	0	0	0	0	0	0	0	0	0	0	0	0	0	0	0	0	0	0	0	0	0	0	0	0.154799	0	0	0	0	0	0	0	0	0	0	0	0	0	0	0	0	0	0	0	0	0	0	0	0	0	0.108527	0	0	0.154799	0	0	0	0	0	0	0.0856553	0	0	0	3.25079	0	0	0	0	0	0	0	0	0	0	0.146543	0	0	0	0	0	0	0	0	0	0	0	0	0	0	0	0	0	0	0	0	0	0	0	0	0	1.23457
K03499	1.758087	0.125945	0	1.51134	0.0671704	9.3617123	0	0.11419	0.25189	3.29467051	2.1838788	0.661616	0.462168	0	0.78384	0.125945	0	20.196242	0.308642	9.015025	0	0	0	1.441618	5.55881	0.838083	0.125945	2.245313	0	0	0	0.1842768	0.693774	1.4728889	0	0.976527	2.506179	0.251889	0	0.3526444	4.7061816	0.372022	0	0.371118	15.068927	5.3675731	2.1804834	0	0.3447461	1.806986	0	0.130208	0	1.6677506	0	5.5985548	0	0.0755668	0	1.123923	0.625222	1.091999	0	0.2989086	8.80314878	4.237325	3.483874	0.607893	2.8077482	2.006449	0	0	0.628883	0	0	4.702695	0.25189	1.257765	1.352671	4.145848	9.301744	8.2791823	4.6977377	1.714527	1.5953	3.136119	3.0301999	1.657259	1.2175968	13.3010564	2.768895	2.303698	1.776129	1.279598	0.125945	0.0990764	0	0.209195	0.22069	0.25105	0.125945	4.863345	0	0.0806045	0.600823	0.25105	0.784763	1.835142	0	0.130208	1.9563384	0.830057	0.684938	3.114748	0	0.9403868	0	0.125945
K00602	1.0577903	0.794757	0	2.696153	0	44.550132	0	0	0	10.7895332	8.181285	0.292842	0.512584	0	0.14438	0.267442	0	8.198902	0.2296513	19.789214	0.63978	0	0	0.328859	12.972321	0.8968883	0	20.892731	0.680233	0	0	0.886551	4.710863	1.964365	0	0.893262	4.8849587	1.2865354	0	1.7187464	9.013031	1.831195	0	4.7138613	5.087075	19.0687826	3.70107155	0	2.592644	3.224178	0	0.436047	0	3.710667	0.421512	46.791719	0	0.346667	0	5.250102	1.574441	2.0995296	0.802924	6.0127073	5.244725	3.7651	11.385515	1.0816939	8.4383849	6.003096	0	0	3.343225	0	1.34004	4.131524	2.7314536	2.077783	6.1811598	17.565441	35.2323506	15.76056037	6.2538607	9.336804	10.058326	8.715794	13.0540465	8.707084	5.6720739	43.151072	6.898727	5.187186	5.078304	2.2533752	1.834318	0	0	1.265654	0.145349	0	0	18.548677	2.588679	0.767338	1.04698	1.291429	4.642745	13.065516	3.703919	3.614286	1.470286	2.335179	1.73142	13.749167	0	6.4225174	0.290698	0.580139
K09808	0.381222	0	0	0	0	4.451831	0	0.409836	0	1.4162677	2.595045	0.121359	0	0	0	0.182149	0	2.35146	0	6.50469	0.136452	0	0.391651	0.553668	4.471995	0	0	3.140787	0.273224	0	0	0.15528	1.60681	0.2557635	0	0.320472	2.4932578	0.262467	0	0.139276	4.7805425	0.229738	0	0.136612	2.27948	2.7818923	0.00273224	0	0.778007	0.694866	0	0	0	1.282865	0	6.187957	0	0	0	1.0522995	0.273224	0	0.136612	0.260417	2.673541	0.6053714	2.0841024	0.51339	0.306703	1.1792997	0	0	0	0	0	1.798587	0.3399993	0.387925	1.335112	3.168209	6.7039659	3.2769773	0.690145	0.972091	1.843896	2.510698	2.532021	0.310502	1.366884	6.8220102	1.341679	1.799554	1.744047	1.0070842	0	0	0	0.2242377	0	0.283589	0	4.09742	0.136612	0.342466	0.2240591	0.160772	0.282092	2.15174	0.7804158	0.0668403	0	0.0537341	0.269484	1.460158	0	0.969664	0	0
K01810	0	0	0	0	0	0.920595	0	0	0	0.248139	0	0	0	0	0	0	0	0.617284	0	0	0	0	0	0	0	0	0	0	0	0	0	0	0.0653433	0	0	0	0	0	0	0	0.744186	0.316791	0	0	0	0	0	0	0	0	0	0	0	0	0	10.9812	0	0	0.248139	0	0	0	0	0	0	0	0.3275435	0	0	0	0	0	0.868486	0	0	0	0	0	0.432099	1.967132	3.170547	1.812873	1.037221	2.1121242	0.124069	2.671773	0	0	0.248138	1.29694	0.388889	0	1.609839	1.60546	0.124069	0.124069	0	0	0	0	0	2.78495	0	0.372208	0	0	0	0	0.70885	0	0	0	0	1.482214	0	2.09595	0	0.372208
K06889	0.187266	0	0	0.0641026	0	2.221703	0	0.872236	0	0.413108	4.315533	0.385626	0	0	0	0	0	0.68494	0	5.131472	0.555556	0	0	0.431034	0.964972	1	0	2.0698321	0	0	0	0.307471	2.411497	0	0	0	1.4524103	0.471761	0	0.502283	4.2178721	0.904793	0.483066	0.210084	0.93191	3.200052	1.543989	0	0	0	0	1.23691	0	0.766501	0.289517	2.387416	0	0	0	0.469378	0	1.478633	0.226634	0.305826	1.0996072	0.803922	0.481247	0.12285	0.599894	0.496278	0	0	0	0	0.266667	0.2518704	0	0.431034	0.0923077	1.924032	4.1784163	3.727412	0	0.738529	1.879311	4.689749	0.866526	1.43121	0	0.135659	0.188119	0	1.310758	1.489516	0.221239	0	0	0.145349	0.769231	0	0	0.737643	0	0	0	0.166667	0	0	0.730658	0.897453	0	0.3920781	0	0.821073	0	0.764762	0	0.0992556
K01897	2.7457175	1.2803013	0	7.5815619	0.660448	30.1219678	0	2.2804109	0.0990099	26.6122989	15.762187	0.3254581	1.618975	0	1.3672033	0.3969352	0	34.5810051	1.53505809	46.5621936	0.4858569	0	1.153743	8.7933889	14.4248925	1.5601067	0	11.0552837	0.8065228	0.112211	0.0156721	1.0484488	3.5205732	5.5898011	0	1.599365	12.4765445	3.8905737	0.1980198	2.2169682	21.8157206	1.9781467	0.19802	8.7431839	54.7676275	15.5912443	5.4838216	0.0904159	2.3528058	9.0468381	0	1.028344	0.218341	3.070676273	0.0904159	23.7633728	0.0904159	0.9358605	0.0990099	24.8822617	3.628654	3.2310829	1.417678	3.7359834	15.6171416	4.2876547	18.6411787	2.2730159	12.099952	2.6346051	0	0	0	0.98406	0.6592423	11.0486721	1.6433264	3.6371049	14.465378	13.4286498	22.4113938	25.7269616	6.08083	16.5531947	14.1920184	8.3786894	49.2910593	14.8311672	10.4643506	41.8978079	7.945327	17.3408385	13.0621054	3.8491107	2.5896576	0.1894258	0	3.3552581	0.5104619	2.1095048	0.6078558	31.5757544	1.5200149	0.7047971	0	5.3251028	16.1038337	16.4975662	3.0503092	5.3872624	14.2486416	8.28421226	1.6273757	8.2520115	0	7.7421626	0.0990099	1.4296947
K00338	3.73127	0.4599484	0	10.35185	0	14.898114	0	3.007749	0	13.4397123	9.7487936	1.426181	0.426357	0	0.387597	1.935404	0	32.468905	1.1085273	8.2831862	0.0981912	0	2.781772	2.510487	4.617571	0	0	4.435667	1.93798	0	2.323	0.951322	2.957276	2.237726	0	0.757106	6.6459979	1.320414	0	2.289406	11.795369	1.385013	0	2.144703	20.0499093	3.416144	3.38243	0	0.276486	2.898536	0	0.509804	0	1.568476	0.276486	10.46253	0	0.20155	0.387597	8.980622	0.850129	0.428941	2.89406	5.80879	11.583967	8.54264	17.339663	1.155039	3.472866	4.055679	0.511628	0	0	0	1.05168	4.939187	2.929625	1.23773	8.565209	8.666013	11.833188	19.61491	7.504326	10.201797	9.320844	5.366924	13.573627	8.891467	1.71059394	8.974154	8.790032	1.700259	2.170036	4.080095	0	0.387597	0	0	0	0.193798	0	5.83807	0.385013	0	0	0.3488377	0	3.570722	0.20155	0.692507	5.254471	2.0094089	2.113695	8.36435	0	0.459949	0	1.43627
K07407	1.103021	0	0	0	0	1.187022	0	0	0	0.473837	0	0	0.237082	0	0	1.28191	0	4.415235	0	3.574762	0	0	0	0	1.2361	0.138889	0	0.680556	0	0	0	0.0601852	0.910832	0.83634	0	0.277778	0.416667	0.276852	0	0	5.483545	0.062037	0	0.611111	6.420467	0.415741	0.861739	0	0	1.277295	0	0	0.577342	0.138889	0	1.9869651	0	0.199074	0	1.15556	0	0.167224	0	0	2.318655	1.487968	1.823167	0.6065793	0	0.598536	0	0	0	0	0	0.572222	0.138889	0.138889	0.3861	2.476987	6.8293516	6.129151	0	2.667802	2.00716	0	3.776734	0.512172	0.9462957	7.479626	0.972452	0.443753	0.557621	0	0.555556	0	0	0	0.138889	0.277778	0	1.558689	0	0	0	0.42742	0.142593	0.3324076	0.290865	0	0.416667	0.380435	0	1.508333	0	0	0	0
K01883	1.3167966	0	0	1.607752	0	14.51281	0	1.152528	0	9.0692415	2.070188	0	0.410314	0	0.239007	0.487373	0	4.3572466	0.383649	35.353875	0	0	0.44843	0.557133	1.708866	0.821722	0	1.45825	0.224215	0.416667	0.416667	0.0919283	2.967525	1.239263	0	0	2.81851	2.177078	0.112108	0.470113	6.751866	0.3109126	0	3.542893	3.110838	1.4284063	1.212625	0	0.642318	3.0057535	0	0.287743	0.112108	0.114416	0.0814649	13.2007204	0	0.224215	0	1.312565	0.118203	0.6397617	0	1.420537	8.608779	1.763078	1.665279	0.8867819	2.8687101	1.712144	0	0	2.354261	0	0	2.4111443	0.793149	0.7839005	5.4794898	8.58162	22.6738281	20.572167	1.359145	7.007051	4.142817	9.954982	6.601539	4.2985273	3.15266	30.3743626	4.2227533	1.691385	1.301176	1.1422085	0.7623319	0	0	1.098655	0	0.276429	0.0784753	10.2729318	0.650043	0.112108	0.38864	0.659208	1.074041	4.513678	0.8964589	1.222728	0.230311	3.184295	0.335842	6.53691	0	3.3099124	0	0.224216
K12257	12.7419856	1.5930023	0.371095	18.3513424	0.391849	55.7423785	0	7.3260353	0.260885	34.7230866	45.2143156	3.8242092	4.3642195	0	5.4845466	7.0147453	0	78.6892307	3.2934959	90.7875861	0.790933	0	1.7137776	14.2597874	20.551528	4.0179305	0.1453785	14.7212116	3.317708	0.0985719	1.690857	1.2400774	18.3696382	7.8120928	2.26049	0.59747	10.137998	9.6068666	0.6622113	5.5151332	57.511505	6.552507	0.587079	8.5125829	89.7552196	28.3363982	12.2726192	0.104493	4.8950478	26.7160957	0	1.229647	0	7.0027652	0.709296	50.889209	0.465091	2.8115846	0.5710901	35.6642597	13.1245544	9.7085806	4.0819344	10.0409716	24.7136173	29.1335879	33.977697	9.8495163	30.5311092	6.613929	0.075188	0.10101	1.24186	1.268851	0.6517918	17.2450643	8.8526256	5.8245931	29.8365258	36.7146813	90.7197687	101.5134074	28.383822	45.4712649	24.8559096	42.9655592	98.01052461	39.6304751	19.216473	60.7141525	32.721249	25.0358209	19.8504006	7.4656942	2.7970651	0.1567398	0.2550962	10.6522787	0.3609582	1.186148	0.5334462	23.1941783	3.2423395	1.3496888	0.15674	11.3268313	12.3613086	21.8352712	5.5984346	3.3912193	17.5318049	12.402856	1.6994676	18.5115039	0.1561706	6.013914	0.641175	2.863193
K00384	0.321029	1.167785	0	0.33557	0	4.176475	0.167785	2.98507	0	19.2037	3.277112	3.63794	1.971068	0	0.167785	1.08501	0	0.844519	0.515152	2.67785	0	0	0	1.03254	3.51119	0.671141	0	1.23378	0.558166	0	0	0.55303	1.12975	0.167785	0	0	2.61298	1.38211	0	1.093349	3.836562	0	0	2.015954	2.090451	0	5.639725	0	0.55303	1.184055	0	1.80984	0	0.167785	0	0.82774	0	0.670022	0	1.922053	0.555556	1.228505	2.852338	1.994777	18.902359	0.324385	4.902639	1.422259	5.898163	0	0	0	8.227485	0.453333	0.502237	13.31819	1	0	2.973896	10.793903	14.86134	13.351455	27.312422	25.306092	0.167785	30.754233	1.31991	0	5.303595	7.0215798	5.8210712	8.630592	1.800201	0.167785	0.167785	0	0	0.671141	0	0.85034	0	19.786363	0	2.2846169	0	0.167785	2.801886	2.0123	0.167785	1.821659	0.163311	1.1745	1.1566	4.294592	0.167785	1.124128	0	0
K01955	0.9530511	0.2202435	0	1.04823	0	24.839895	0	1.5138575	0	12.3422701	5.836884	0.422084	0.6150805	0	0.7424365	0	0	20.5453447	0.311028	26.0913694	0.0455285	0.374532	1.1900778	1.872634	7.9954292	2.1819221	0	4.4296673	0.3567821	0	0	0.83480975	7.6603685	3.564114	0.299581	0.734264	2.632253	3.9665081	0	0.8919054	18.8873671	0.77994636	0	3.875771	23.6595908	4.0676078	3.6585173	0	0.7198674	4.2302915	0	0.5445901	0	2.3019409	0.097561	6.5953307	0.0487805	0.5627141	0	3.6822235	3.5254	1.3058005	1.0120397	2.05909795	14.2420047	2.0800204	26.5322055	1.3136294	3.9217309	2.2152731	0	0	0.799848	0	0.1817237	5.087343	2.8037844	0.6638415	11.2378252	21.3087004	15.1165735	38.4025329	3.325742	10.7192488	2.4318683	16.816718	6.5073277	6.7871525	3.3432709	13.930012	10.1607931	4.9921083	5.4512146	14.0607581	0.5742871	0	0	2.1303901	0	1.0269285	0	8.9513864	0.5180748	1.1925205	0.097561	3.512479	2.08548	4.4040905	0.671443	0.7420133	4.034113	4.7057396	1.8493411	7.993009	0.352113	3.4491599	0	0.7545466
K02517	0.4228284	0.181818	0	0	0	1.885416	0	0	0	0.721648	1.0108695	0	0	0	0	0	0	1.559809	0.0715962	3.5139383	0.169697	0	0	0	0.540388	0.518715	0	2.065455	1.69212	0	0.739576	0.877193	0.363636	0.982116	0	0	1.46169	0.289697	0	0	0.8850052	1.001212	0	0.72606	1.864239	2.970905	1.374637	0	0.18424224	0	0	0	0	0.126061	0	2.1363263	0	0	0.0767196	0.528484	0	0	0.158788	0.190114	2.249974	0.634238	2.3095	0.545455	0.176056	0.350303	0	0	0	0	0	0.584541	0.632453	0.641212	0.546786	0.68606	7.603916	3.863572	0.363636	0.649697	0.350303	0.625739	2.84736	0.865455	0.144242	4.977019	0.972121	0.921568	1.426375	1.68309885	0	12.916696	0	0.181818	0	0	1.060888	2.866422	0	0	1.71127	0.283636	0.550303	1.449894	0	2.703056	0.116208	0.642978	0	1.979398	0	0.133333	0	0
K14652	0	0	0	0	0	0	0	0	0	0	0	0	0	0	0	0	0	0	0	0	0	0	0	0	0	0	0	0	0	0	0	0	0	0	0	0	0	0	0	0	0	0	0	0	0	0	0	0	0	0	0	0	0	0	0	0	0	0	0	0	0	0	0	0	0	0	0	0	0	0	0	0	0	0	0	0	0	0	0	0	0	0	0	0	0	0	0	0	0	0	0	0	0	0	0	0	0	0	0	0	0	0	0	0	0	0	0	0	0	0	0	0	0	0	0	0	0	0
K01661	0	0	0	0	0	2.543514	0	0	0	0.221239	0	0	0	0	0	0	0	0.442478	0	0.2536874	0	0	0	0	0.213864	0.221239	0	0	0.221239	0	0	0	0	0	0	0	0	0	0	0.417404	0.848196	0	0	0	0.0147493	0.221239	0.221239	0	0	0	0	0	0	0	0	0.2920355	0	0	0	0	0.0235988	0	0	0.78125	0.672646	0.224215	0.221239	0	0	0.496749	0	0	0	0	0	0	0.747253	0	0.221239	1.648693	0.870207	0.295858	0.622419	1.566341	0.2197639	0.442478	0.148968	0	0.221239	2.005687	0.161905	0	0	0.221239	0	0	0	0	0	0.221311	0	0.817982	0	0	0	0	0	0.22418885	0	0	0	0	0	0.868501	0	0	0	0
K06950	0.30303	0	0	0.341085	0	1.5647979	0	0	0.30303	0	0	0	0	0	0.552486	0	0	1.292099	0.246465	2.02165	0.102564	0	0	0	0.30303	0	0	0.30303	0.30303	0	0	0.276243	0.10989	0.276243	0.606061	0	0.456566	0	0	1.79592	1.593301	0.30303	0	0	0.943722	0.338235	0	0	0	0	0	0	0	0	0	1.955527	0	0	0	0.276243	0.30303	0	0	2.22222	2.171717	0.550968	0.866624	0	0.543478	0	0	0	0	0	0	1.621227	0	0	1.33154	0.803863	1.30303	1.995939	0	1.245425	0.882304	0.103286	1.4101	0	0	2.63141498	0.217949	0.30303	0.790698	0	0.352113	0	0	0.660828	0	0.30303	0	0.651136	0	0	0	0	0.606061	1.482304	0.30303	0	7.63231	0.30303	0.284091	0.812121	0	0.486891	0	0
K00287	0	0.503683	0	0	0	2.168195	0	0	0	1.717257	0.354167	0	0.446429	0	0	0.666667	0	2.325933	0.446429	3.46166	0	0	0	0	1.574607	0	0	0.733253	0	0	0	0	0	0	0	0	1.05932	0.571429	0	0	1.837722	0	0	0.529279	0.483051	2.4934758	0.383929	0	0.446429	0.4577284	0	0	0	0.866173	0	7.140177	0	0	0	0	0	0	0	3.167718	0.467262	1.78571	6.5102347	0.373016	0.446429	0.654762	0	0	0.892857	0	0	0.446429	0.381944	0	1.785715	2.042324	3.343636	3.447641	0	1.983606	1.214285	0.446429	1.653903	0	1.33929	7.082043	5.580164	3.277476	2.886147	0	0	0	0	0.331081	0	1.325934	0.337838	3.072908	0	0	0	0	0	0.189266	1.339286	0	1.042777	0	0	7.334361	0.337838	11.044558	0	0
K07139	0	0	0	0	0	0.393701	0	0	0	0	0	0	0	0	0	0.404339	0	0.771299	0.195538	0.590551	0	0	0	0	0.19685	0	0	0.105333	0	0	0	0	0.465686	0	0	0	0	0.666667	0	0	0.195312	0	0	0	0.195312	0	0.195312	0	0	0	0	0	0.19685	0	0	0.530183	0	0	0	0	0	0	0	0	0.393701	0.390625	0	0	0	0	0	0	0	0	0	0.2476312	0.19685	0	0	0.350667	0.687857	0.530183	0	0	0	0	0.390625	0.347769	0	0	0	0.110667	0	0	0.129333	0	0	0.19685	0	0	0	1.010468	0	0	0	0	0	0	0	0	0.418351	0	0	0.19685	0	0	0	0
K03281	0.0910747	0.273224	0	0.761992	0	2.240995	0	0.0910747	0	1.4732257	4.245107	0.0910747	0.2772327	0	0.0303582	0	0	0.1821494	0	9.537166	0	0	0	0	2.5884385	0.279903	0	1.82514	0.182149	0	0	0.520833	0.4903627	0	0.182149	0	2.30756	1.264486	0	0	1.5927627	0.7880798	0	1.015345	0.442566	0.805707	0.5142382	0	0.0546448	0.896175	0	0	0	0	0.0625379	2.6733177	0	0	0	1.790717	0	0.119332	0	0.546448	1.42137	0	4.4407667	0.182149	0.0843959	0.1821494	0	0	0.273224	0	0	0.1244687	0.6894594	0.0910747	0.4690587	2.125978	6.290777	6.9294257	1.545167	5.3198764	1.5343	0.774712	3.4146547	0.618141	0.834515	0.364299	9.4564587	1.6669748	1.8317997	1.217583	0.0954766	0	0	0	0	0.365406	0	5.739029	0.0910747	0	0	0	0.132979	2.1913279	1.829309	0.482146	0.8031079	1.34845	0.239223	2.7380167	0	0.914529	0	0.3514917
K01491	0	0	0	0	0	0	0	0	0	0	0	0	0	0	0	0	0	0	0	0	0	0	0	0	0	0	0	0.717391	0	0	0	0	0	0	0	0	0	0	0	0	1.26316	0	0	0	0	0	0	0	0	0	0	0	0	0	0	0	0	0	0	0	0	0	0	0	0	0	0.947368	0	0	0	0	0	0	0	2	0	0	0	0	0	1	0.913043	0	0	0	0	0	0	0	0	0	0	0.413043	0	0	0	0	0	0	0	0	0	0	0	0	0	0	0	0.528986	0	0	0	0	0	0	0	0	0
K01495	0	0	0	0	0	0.195946	0	0	0	0	0	0	0	0	0	0	0	0	0	4.47297	0	0	0	0	0	0	0	0	0	0	0	0	0	0	0	0	0	0	0	0	1	0	0	0	0.25	0	0	0	0	0	0	0	0	0	0	0	0	0	0	0	0	0	0	0	0	0	0	0	0	0	0	0	0	0	0	0	0	0	0	0	0	0	0	0	1.11937	0	0	0	0	0	0	0	0.243243	0	0	0	0	0	0	0	0	0	0	0	0	0	0	1.06982	0	0	0	0	0.198198	1.62838	0.240991	0.153153	0	0
K02990	19.47031	1.594338	0	2.4038937	0	118.39656	0	9.74748	0.569182	29.802101	16.910999	0	3.440253	0.880503	4.05975	4.24528	0	147.135608	2.525718	64.9811	1.868962	0	2.153633	16.94481	10.492488	2.537731	0	10.80632	0	0	13.26758	1.59119	22.30486	7.57233	0.943396	4.156318	13.46469	16.89427	0	6.261523	113.552141	22.35216	0	26.950198	81.525139	46.7264	15.93738	0.485437	12.27359	43.652702	0	1.94175	0.437107	11.718481	2.735848	145.20414	0	4.53145	1.886788	15.7767	46.566	9.9571368	3.959119	9.288348	16.031396	59.1855	86.5014	8.96541	17.298652	6.24712	0	0	38.87288	0	1.84277	17.814492	17.6398	6.983881	20.018889	55.18271	93.1966	74.8258	24.19808	124.58834	11.177598	30.185616	85.49524	40.2579	27.13515	50.657007	122.77934	42.479415	18.6078	27.59475	9.548326	0.9905658	1.402516	12.19369	1.67925	10.42462	3.00291	40.4183	6.614825	8.45997	0	7.09434	26.6855	38.217528	10.88994	2.78931	22.814645	13.20944	4.38365	153.34758	1.720126	98.189837	0.468553	9.984376
K01914	0.168919	0	0	0.776879	0	1.6970603	0	0	0	5.457975	1.4618183	0	0	0	0	0.337838	0	2.908944	0	5.203258	0	0	0	0	0.3524771	0	0	0.331081	0.875037	0	0	0	0	0.168919	0	0	1.128367	0	0	0	2.0649104	1.479263	0	0.168919	1.787553	1.408919	0	0	0	0.168919	0	0.673401	0	0.168919	0	0.3231987	0	0.168919	0	0.983108	0	0	0.168919	0.644129	0.759009	0	1.187494	0.164983	0.416667	0.337838	0	0	0	0	0	0	0	0.506757	0.3922824	1.244595	1.347962	3.940934	4.318286	1.810811	2.110358	2.869908	2.6002216	1.101352	0.1946077	7.48641	1.8796699	0.13964	1.84103	0.536069	0	0	0	0.4607518	0.18287	1.00447	0	1.527964	0	0.326823	0	0.355713	1.282659	2.461052	0.16835	0	0.210586	0.7774962	0.2705084	1.8801451	0	3.366568	0	0.16835
K03671	1.99394	4.727276	0	3.169375	6.33333	11.00111	0	16.83637	0	0.424242	0	1.2	0	0	2.92424	0	0	9.363638	0.424242	21.029485	0	0	0	2.35152	0	0.418182	1.40606	0	2.26061	1.27879	0	0.359649	4.393942	0	0	0	0	10.52568	0.424242	13.9091	28.192595	0	0	0	12.34179	3.585453	4.127274	0	1.30303	1.78788	0	2.9550254	0	0	1.953538	0.351515	0.381818	0	0	0	0	0.850877	0	0.212121	0.996172	1.054545	0	1.090909	1	0	0	0	0	0	0	25.59392	68.703058	0.968102	4.72727	9.760459	36.801426	19.06249	0	25.66393	10.14258	4.140351	11.484213	0	4.70303	1.91228	2.244978	6.579585	13.039073	3.230399	1.75152	0	0	3.7319	2.700161	0	0	0	0.872727	0	0	0.509091	0.649123	1.9393897	0	0.614035	1.27193	1.080382	0	7.899039	0.424242	1.413397	0.424242	3.815632
K00526	0.165556	0.278287	0	0.641996	0	13.460698	0	1.365762	0.166667	4.5381	6.598892	0.166667	2.698786	0	1.605747	0.503491	0	7.5444991	0	3.97324	0.167224	0	0	0.39394	9.138462	0.887443	0	6.263284	0.334448	0	0.624285	2.279165	2.1276883	0.532705	0	0	3.327122	1.70797	0	1.388467	5.8867487	2.067827	0	0.308642	11.740693	22.330154	3.9100834	0	0.461342	1.670384	0	0	0.166667	11.116924	1.5217675	8.949057	0.108796	0	0.557366	0.36229	1.98158	1.019676	0.333333	3.902021	3.5584087	8.96767	3.601428	1.0631372	0.56478	2.08913	0	0	0	0.333333	0.167224	2.414998	2.371496	2.968375	3.2593326	7.463092	12.8805434	22.7046362	2.013449	18.273871	1.9699003	8.655851	9.682091	2.9911012	2.5400207	14.365657	2.562033	9.500195	11.684487	53.5188	0.167224	0.342466	0	0.173611	0	1.786263	0	4.806161	0	0.761751	0	0.809997	1.519726	3.020766	1.179561	0.543417	0.575572	1.78764	0.960413	6.807136	0.833334	3.630424	0	0.685742
K03768	1.021516	0.251256	0	1	0	7.2775111	0	0.214425	0	7.15797	3.922549	0.172529	3.173496	0	0.753769	1.030291	0	8.732716	3.860481	17.7812434	0.500838	0	0	0.475712	11.139277	1.046166	0	4.915973	0.251256	0	0	1.197465	2.286435	0.546511	0.502513	0.390285	4.635532	1.367179	0	2.2262536	4.368095	0.25310785	0	1.160804	13.986847	13.199933	2.5551392	0	0.240385	1.46085	0	0	0.0584192	0.753769	0.209259	4.847536	0	0	0.502513	3.166004	1.6173557	1.307929	0	1.907595	4.547178	1.760662	13.70894234	0.435556	6.014674	1.684534	0	0	0.440536	5.44724	0.274074	4.139028	0.97057	1.455615	5.584212	21.181753	20.955304	16.4484264	1.903422	9.924684	4.210783	8.6763748	18.669254	3.731018	4.814354	13.34219	4.3909017	7.76567	9.919785	1.556882	1.151321	0.251256	0.251256	0.780291	0	0.806812	0.978225	22.782423	0.753769	0.991624	0	0.909547	4.684611	15.965431	1.2338078	1.944448	3.40613	6.466208	1.60612	8.194045	0	11.608886	0	1.424009
K03106	2	0	0	0	0	5	0	0	0	2	3.46729	1	0	0	1	0	0	0	0	1	0	0	0	1	0	0	0	0	0	0	0	0	0.46729	0	0	1	1	0	0	0	1	0	0	0	0	1	0	0	0	1	0	0	0	0	0	0	0	0	0	1.60748	0	0	0	0	0	0	2	0	1	0	0	0	0	0	0	0	0	0	0	0	1.619938	0	0	0	0	1	1	0	3	1	1	1	0	0	0	0	0	0	0	0	0	0	0	2	0	0	0	0	0	0	0	2	0	0	0	1	0	0
K02863	9.689273	1.695377	0	18.093922	0	244.345462	1.65746	12.56103	0.276243	88.042154	55.0273	3.01462	18.6556	0	6.37715	5.09576	0.550645	18.987923	6.752377	440.095869	1.39779	0.719008	2.773478	1.910024	34.897558	12.2233001	0	51.06056	9.353431	0	0	0.828729	29.96912	2.96966	0	3.62799	38.32568	28.535155	0.552486	15.69911	104.794983	15.894036	0.552486	16.771215	7.374576	7.454524	27.507447	0	8.476397	14.826335	0	0.552486	0	12.334432	5.126953	382.31813	0.436464	0.808471	1.61703	17.360997	1.353591	21.738113	4.480549	46.287244	107.20692	1.51114	32.32134	9.410014	10.296647	42.306567	0	0	7.991529	0.552486	4.30202	13.8628563	7.87549	1.06446	51.774826	151.734229	335.753826	111.13925	41.984366	53.563312	63.41406	71.413985	14.3380954	1.78994	22.77	275.586381	26.3424584	17.407306	46.11832	7.722809	4.500604	0.403315	0.629834	3.32965	1.633397	3.16943	0.467829	62.0454246	5.416255	2.20463	0.53407	0.276243	4.814	36.27905	8.488083	3.180132	2.576495	7.22099	5.65009	55.5071938	0.552486	10.821796	0	2.185768
K03664	0	0	0	0	0	0	0	0	0	0	0	0	0	0	0	0	0	0	0	1	1	0	0	0	1	0	0	0	0	0	0	0	0	0	0	0	1.69697	0	0	0	0.708333	0	0	0	0	0	0	0	0	0	0	0	0	0	0	3.84848	0	0	0	0	0	0	1	0	0	0	8.06667	0	0	0	0	0	0	0	0	1	0	0	0	0	0.841667	0	0	0	0	3.1875	0	0	0	0	0	0	0	1	0	0	0	0	0	0	0	0	0	0	0	0	0	0	0	0	0	0	0	0	0	0	0	0
K00677	3.8510709	1.609794	0	2.05922	0	23.27211	0	5.50229	0	4.818442	6.44127218	0.243902	0.766193	0.472354	2.299042	1.614533	0.345972	7.236254	0	8.9077651	0.2729607	0	1.848842	12.130148	12.789889	0.532386	0	4.5248077	6.338077	0	3.79147	1.988404	3.437605	6.756985	0	0.0331754	2.875758	3.349915	0	0.709321	4.5886502	5.198559	0.473934	2.6903651	26.4400195	17.575267	2.332319	0	1.5604506	3.969777	0	0.236967	0	7.698263	0.5339656	83.409693	0	1.5292267	0	7.707577	2.42812	2.195546	0.454976	3.946819	11.526689	2.301343	7.856169	2.644549	5.0484	0.906793	0	0	4.8652742	0.947867	0.236967	17.356898	1.1036395	3.981091	12.248854	5.707866	11.6429689	50.4818204	29.4433486	11.0201247	16.72187167	29.75657	43.0782057	16.55454	4.0448534	14.197718	13.5393455	7.5974883	5.775452	4.076868	1.076725	62.995	0.114428	1.157977	0.695103	0.480929	0.260664	38.196455	0.391785	1.4218	2.98342	5.0423288	1.132702	6.4813918	1.348666	2.897498	7.093207	1.563863	1.895735	3.217703	0	1.98177	0	2.184834
K01951	1.4880156	0.126263	0	2.672604	0	19.701878	0	3.1930437	0	10.60412	3.820817	0.807563	0.465994	0.215054	1.8409597	0.644445	0	9.985252	0.250179	16.937161	0.107527	0	3.0359372	2.4107037	4.1091291	1.608449	0	3.037531	0	0.252525	0	0.251619	3.844721	0.893217	0	0.369176	2.363253	1.5011916	0.261672	1.6552093	16.594306	5.5560852	0	7.979438	12.742188	4.6337711	1.578524	0	1.897052	6.7628353	0	0.378788	0	1.247851	0.215054	14.9373241	0	0.719041	0.768459	2.815003	1.7015281	2.1242478	0.552951	5.192474	5.6686395	7.92306	32.8871917	0.865611	5.2154858	1.0938274	0	0	2.455026	0	0.30673	2.244687	2.684427	1.3229845	3.6770353	12.3458684	20.037711	20.1631646	7.228581	13.1002026	4.426108	9.8524452	11.6218643	5.666384	4.8287715	20.077698	9.9519496	7.090364	6.2921936	6.264453	0.691587	0	0	4.120125	1.1892098	0.645162	0.379929	6.6712847	1.300402	0.860215	0	1.9970595	0.5586569	2.5268076	1.733456	0.170648	2.4913005	1.7251032	0.215054	10.549078	0.107527	12.0684004	0.297619	2.171224
K03168	3.7601273	0.1819845	0	0.1984454	0.226337	21.600053	0	1.25746	0	2.1001278	2.4867432	0	0.47828	0	0.273891	0.5762397	0	11.3040158	0.1362598	8.6355714	0.0681299	0	0	1.6004629	1.3224709	0.8151567	0	2.8871979	0.331047	0	0.136717	0.3036123	1.2805276	1.4281292	0	0.136717	0.2903522	1.1668799	0.0315501	0.8216448	6.9052522	0.8769408	0	1.8481898	11.0761968	3.345042	1.762741	0	0.1362598	2.2788009	0	0.0681299	0	0.7080766	0.136717	19.1626628	0	0.410151	0	1.107801	0.6649348	1.8786407	0.2639777	1.174832	1.272553	4.2624599	2.283793	0.2738909	2.394257	1.7892838	0	0	0	0.136717	0	4.4325175	0.44856	0.3438988	3.6105997	4.6274415	14.194526	14.998745	3.0056163	4.4899669	4.1561658	1.4372244	9.2095338	3.5605243	2.2745041	15.0328998	3.5786659	0.7328293	0.9240959	0.3292179	0.551032	0	0	0.633017	0.0681299	0.383142	0	3.4568418	0.1362598	0	0	0.9163238	1.4603565	2.4719579	0.1888432	0.2048469	1.5534873	1.2416499	0.0150892	5.0407277	0.191571	0.5314094	0	0.2729768
K07444	1.787064	0.214592	0	0.593718	0	19.8295839	0	1.639156	0	7.29317	3.132226	0.449581	0.526217	0	0.158083	0.816326	0	12.194514	0.214592	16.3643585	0	0	0.647059	0.941981	3.8077	1.312314	0	3.562238	0	0	0.852262	0.750337	1.979428	0.656489	0	0.155222	2.368962	3.63946	0.107296	2.120612	5.8417639	1.058165	0	2.681147	8.996732	6.7274839	2.2061351	0	0.916659	1.80893	0	0	0	1.0627887	0.7218716	10.80821254	0	0.472375	0	5.185075	0.547775	0.603004	0.625178	1.419479	8.5738202	2.6982303	10.249605	2.342471	2.162723	1.242159	0	0	0	0.240385	0	3.465599	0.381672	1.390103	3.219912	3.553238	16.57569	10.270361	1.832718	3.920149	2.201386	3.299255	8.05619	3.062435	3.392175	7.870844	8.64464	3.688636	3.316001	1.516817	0.246781	0.107296	0	1.104855	0	0.214592	0.107296	2.41059	0	0.107296	0	0.6145694	1.5917916	3.794543	0.107296	0.1945635	3.288506	2.18674615	0.5973787	7.985953	0.131926	1.723677	0.478444	0.520629
K01972	0.157729	0	0	0.8797412	0	3.6001653	0	0	0	1.1131273	0.7331912	0	0.194553	0	0.0801282	0.212314	0	0.792802	0	0.570348	0	0	0	0	0.3725704	0.1656897	0	0.2818053	0.0801282	0	0	0	0.160256	0.128535	0	0	0.643611	0.4046492	0	0.291545	2.5497718	0	0	0.0801282	1.8159302	0.257069	0.5077642	0	0.194553	1.6660032	0	0	0	0	0	4.6286363	0	0	0	0.0801282	0.0801282	0.0801282	0	0.4542338	0.0801282	0.385604	1.2285642	0	0.722881	0.569694	0	0	0	0	1	1	0.230576	0	1.3465412	1.5461175	8.27944	3.0219842	0.6412406	0.82233	2.5482236	0.8964734	0.0899743	1.497137	0.106157	0.380181	0.6112426	2.2731794	0.9053668	1.9385712	0.333792	0	0.2238062	0.6451338	1.160256	0.526779	0.143678	6.4209342	0.5111622	0.676461	0	0.257069	0.7100384	4.0510645	0.4039852	0.602813	0.6740652	0.4536171	0	12.6910986	0.431034	1.3322486	0	0.6569352
K01338	4.506326	0.3781388	0.547912	3.44074	0	34.979255	0	0.6553199	0.065445	9.8440693	9.2308753	0.2063153	10.0243048	0	0.680148	0.184502	0	22.1207638	0.2797769	22.903494	0.0647668	0	1.0466268	3.7920791	7.1825906	2.4910921	0	5.9331828	3.16562	0.328933	3.8147948	1.5719145	4.0386918	1.9538883	0.628402	0.13089	2.1399728	2.9675919	0.6126888	2.938739	18.1623917	2.9262908	0.662252	13.8434524	18.585208	8.4172523	4.3357572	0	2.6477943	7.5624033	0	0.1972911	0.339406	1.956885	0.325191	35.5595614	0.2472488	1.0663747	0	9.8119792	2.2896562	2.998863	1.1616343	5.1105979	8.6343602	2.62435	32.878331	3.2365004	8.8349927	4.3816808	0	0	1.744782	0.2008476	0.183246	7.9036847	2.0901194	1.6556049	12.4537665	16.3833311	40.4197837	31.7764035	8.1201875	9.2843917	7.2497374	9.3134618	25.4815662	20.4805702	7.593041	20.0176028	12.074071	8.28353236	9.1343667	1.1031068	1.8417554	0.1021462	0.3045011	5.5522095	0.4281489	1.0480853	0.5756082	17.947001	0.8346818	0.6964818	0	1.8624418	10.9176402	12.5724446	2.1488143	1.512053	11.8293313	5.8066152	0.9428065	11.7214622	0.3245126	12.5286428	0.6004204	2.8667783
K03075	0	0	0	0	0	0	0	0	0	0	0	0	0	0	1	0	0	0	0	0	0	0	0	0	0	0	0	0	0	0	0	0	0	1	0	0	0	0	0	0	0.0909091	0	0	0	0	0	0	0	0	0	0	0	0	1	0	0	0	0	0	0	0	0	0	0	0	1	0	0	0	0	0	0	0	0	0	1	0	0	0	0	0	0	0	0	0	0	0	1	0	0	0	1	0	0	0	0	0	0	0	0	0	0	0	0	0	0	0	0	0	0	0	0	0	0	0	0	0	0
K09022	0	0	0	0	0	0	0	0	0	0	2.57823	0	0	0	0	0	0	0	0	0	0	0	0	0	0	0	0	0	0	0	0	0	0	0	0	0	0	0	0	0	0	0	0	0	0	0	0	0	0	0	0	0	0	0	0	0	0	0	0	0	0	0	0	0	0	0	0	0	0	0	0	0	0	0	0	0	0	0	0	0.761905	0	0.163265	0	0	0	0	0	0	0	0	0	0	0	0	0	0	0	0	0	0	0	0	0	0	0	0	0	0	0	0	0	0	0	0	0	0	0	0
K03427	3.764354	1.12857	0	4.596887	0	3.0320753	0	0	0	2.421828	1.0502943	0.110619	0.133903	0.213675	0.5537582	0.10472	0	3.0825966	0.328076	7.5676123	0	0	0.392819	0.0534188	2.270798	0.117925	0	0.7106648	0.221239	0.0464602	0	0.247605	1.300767	0	0	0.3060473	0.849982	0.642721	0	0.677368	6.177591	3.3751	0	1.228974	1.3388513	0.106838	0.5139172	0	0.136986	0.5314615	0	0.220501	0.528789	0.125628	0.0449852	2.8279531	0	0.498747	0.331858	1.563781	0.110619	0.0669516	0	3.125041	0	1.001474	2.208019	0.4238217	2.951103	0.8472406	0	0	0.7716755	0	0	2.8597315	6.8518478	0	2.1994287	1.0329558	1.9611443	1.3374233	3.292317	5.5684995	2.12315	1.9468279	2.615842	0.320513	1.8486222	3.2360274	3.747497	1.625162	2.3381233	3.0653607	0.0405605	0.246305	0.138643	2.670385	0.0176991	0.663579	0.799806	2.653469	2.280553	1.0936392	0.845685	0.3989867	1.7280682	4.9296318	1.7829961	1.2061166	1.0263603	2.0512686	0.69174	22.797733	0.10661	12.0631188	1.4871785	0.3099654
K21636	0.0746269	0.0746269	0	0.154321	0	4.8809333	0	0	0	0.4847667	0.7511339	0.0703593	0.149202	0	0	0	0	1.937694	0.166667	4.380536	0	0	0	0.8199179	1.1974374	0.5464486	0	0.553393	0	0	0	0.3082719	1.0172469	0.6634448	0	0	0.6956213	1.10237	0	0.656314	3.0385206	0.2502484	0	0.0748503	3.1334572	0.4313453	0.9111883	0	0.308642	0.3122845	0	0	0.153292	0.8064764	0	5.6325577	0	0	0	0	0	0.0746269	0	0.559722	0.6135978	0.0746269	0.5998767	0.9430208	0.4304989	0	0	0	0	0	0.0746269	1.3577053	0.1830869	0.4297669	2.0100218	1.5030488	4.0138698	10.3400056	1.160401	1.0769047	1.974855325	3.8100843	3.2293022	2.825677	0.2238807	6.410962	2.498654	0.8389692	1.9768913	2.4291135	0.0746269	0	0	0.149202	0	0.3250993	0	0.3273678	0.154321	0.0741294	0	0.2238809	1.5719539	1.7340272	0	0.571429	0.4559679	0.1670483	0.0748503	1.107246	0	0.0746269	0	0
K01887	1.5302816	0.3295575	0	0.0993711	0.538599	7.949577	0	2.609762	0.0897666	7.6647552	3.4145157	0	1.3719479	0	0.2073095	0.404984	0.0436864	7.2756517	0.141243	7.3591214	0.2230996	0	0.0897666	0.9631626	2.2195286	0.2696226	0	2.125409	1.0050244	0.179533	0	0.2724535	2.277814	0.3592281	0	0	0.3040885	0.87676	0	1.2682622	6.614374	1.384596	0	3.2702268	1.8814391	0.4579809	0.5223544	0	0.1742261	5.0135312	0	2.019232	0.356629	0.230401	0.4105426	11.1931016	0	0.0897666	0.934994	0.466187	0.666119	0.6157238	0.9926032	0.886338	2.502345	2.702452	3.8677469	0.882499	9.5329498	0.8469599	0	0	2.9438187	0	0.529623	0.7421341	3.7059769	0	2.4617669	3.350163	9.9909547	10.7078451	5.7693381	5.9019372	4.9393275	3.1852445	2.4165128	3.383096	4.5048559	12.9843946	2.5309636	1.5543381	1.4409524	0.9109053	0.9064038	0	0.181169	2.0716116	0.7026955	0	0.675547	3.3141382	0.5528096	0.200122	0	0.0912409	0.646552	2.2284817	0.8143335	0.7927536	4.99193	0.9071647	0.8358056	3.0700332	0	8.1757518	0	0.2722486
K03816	0	0.333016	0	0	0	5.34936	0	2.085877	0	5.221679	3.353573	0	0	0	0	0	0	8.948385	0.817901	5.872339	0.573548	0	0	2.95824	9.242012	0.86226	0	8.715056	0	0	0	0.528951	2.30733	1.477436	0	0	3.303869	0.966903	0	1.169523	16.959396	0.196217	0	0.409836	3.245626	15.532763	1.294419	0	1.18491	0.198582	0	0	0	3.34938	0.172577	9.016003	0	0	0.144208	0.35461	0.7234039	0.683215	0.198582	1.950354	2.730107	0.378251	5.060911	0.314465	4.097555	1.413853	0	0	0.222222	0	0	3.399527	1.517735	1.96627	1.141844	3.370934	11.084437	8.621819	2.4874	4.34282	2.78832	1.547446	9.749104	4.394891	1.648176	9.999606	2.87654	2.719579	4.115949	0.806036	0.453945	0	0.130024	0.583924	0.35461	0.553191	0	7.529803	0.508274	0	0	0.144208	3.0142	5.197992	0.619251	0.491726	0.862884	1.054578	0.35461	4.410619	0	1.20095	0	1.41844
K14441	1.039476	1.1145645	4	1.157604	0	12.3619229	0	1.034577	0.130208	4.285929	10.907636	0.41785	0.223285	0	0.666667	0.249825	0	9.649467	0.848652	17.205231	0	0	0	1.1597553	8.041897	0.729842	0	9.563582	0.130208	0	0	1.336257	2.067358	0.917668	0	0.260417	2.715831	1.547428	0.127604	0.1883852	6.5426213	1.465811	0	0.9826552	7.379599	13.676939	2.647656	0	0.607809	1.903598	0	0	0	3.869105	0	11.856822	0	0	0	7.881918	0.905882	0.749477	0.483129	1.954526	5.865625	1.91406	8.517603	0.680272	1.633394	2.241309	0	0	0	0.308296	0	3.76203	0.354167	1.022693	5.903394	8.341174	11.1161204	13.7510285	7.054442	4.817033	4.144989	12.004387	10.240293	4.949672	2.054864	13.6938372	5.4102704	7.570012	11.003984	2.2101043	1.5804467	0.136986	0	2.881847	0.15368	0.1948013	0	10.173464	0.119617	0	0	1.352134	2.802058	3.6064597	0.377358	0.492567	2.9289704	1.949474	0.608847	3.983846	0	2.222955	0	1.406858
K01876	2.6176505	0.6714048	0	0.8907456	0.186567	29.217982	0	4.1393901	0	15.328079	8.9837306	1.3500624	1.3957142	0.2167406	1.894111	0.9721096	0	27.6140529	1.3749377	63.3143996	0.122549	0	0	2.9751202	6.053271	2.1369961	0	7.747802	1.5751856	0	0.584294	0.3731344	3.781801	2.3306116	0	0.3322032	3.204107	2.0533316	0	1.829944	14.4076436	1.7771831	0.680394	3.682636	26.1031007	9.7295276	3.3610352	0	2.17227507	2.8003934	0	0.3662934	0	3.2887759	0.2407932	23.511261	0.0932836	0.7133316	0.141791	5.3752628	1.1194026	2.297661	1.9625254	5.4644282	11.481461	5.017918	3.6222788	1.3934163	5.7897256	3.7340433	0	0	0	0	1.063133	9.4270412	1.3381562	1.2875986	9.1057649	15.3007092	30.459176	31.197215	9.897846	11.1740091	14.0186666	10.190272	20.5585286	11.9922672	4.7935606	34.5877	7.820916	2.8127656	4.342482	0.8448506	1.5471898	0.1865672	0	2.0416498	0.3383816	1.546056	0.136194	11.757876	1.3431476	0.4786576	0.559702	3.212463	2.409806	9.6536346	1.5195246	1.1902362	4.671319	3.2904682	1.1912366	12.9236788	0	2.4477893	0.310024	0.0932836
K00783	0	0	0	0	1.833491	2.252332	0	0	0	0	1.247011	0	0	0.934579	0	0	0	2.110783	0	1.480067	0	0	0	0	1.358255	0	0	0.095679	0	0.816514	0	0	0	0	0	0	4.670712	0	0	0	1.32075	0.29595	0	0	4.605487	4.499294	0.8785053	0	0	0	0	0	0	0.336449	0	2.897197	0	0	0	0.286604	0	0	0.701754	0	0	0	5.885675	0	0	0.956386	0	0	0	0	0	0	2.24611	0.361502	0.249221	0.986461	4.505836	1.557975	1.320873	1.479751	0.747664	0.46729	1.9244364	1.869158	2.928347	4.931462	1.215852	2.43302	3.292314	1.844237	0	0	0	0.635514	0	0	0	1.37264	0	0.46729	0	0	1.261683	0.560748	0	0	0.46729	0	0	0.576324	0	1.626169	0	0
K03797	3.8363068	2.1721915	0.211416	1.0329452	1.02897	27.2122642	0	2.4007747	0.0938086	10.2668697	12.4793544	0.394913	2.982182	0	1.2277118	0.9662526	0	45.7318784	1.35423	48.2757313	0.695681	0	0	9.4008105	16.3273158	1.4898147	0	10.5251106	0.3105499	0	0.489647	0.594752	6.1312519	4.1490328	0	0.199601	7.254339	5.885235	0.0938086	2.5814902	28.8211895	2.7982762	0	6.9111767	46.156281	19.0234715	6.8175072	0	1.7295996	6.7536984	0	0.882353	0.4459874	6.4531339	0.383302	32.1265598	0	1.4220008	0.436889	15.0923948	9.1380425	5.104961	1.001039	4.3471263	14.0134774	8.0705667	11.5127883	3.1110906	8.9799635	7.31097918	0	0	0.877174	0.248756	0.723915	9.8822034	3.1719157	2.4582576	11.4436738	20.8267643	44.5509664	61.2937671	11.4577656	17.9356147	9.448158	8.967202	39.6179577	20.4106242	2.7554926	42.705996	13.690458	12.6340422	8.8503577	3.7375117	2.6842054	0.22253	0	2.6818317	0.160772	3.212221	0.484481	15.622099	1.3585334	0.702048	0.105708	6.3714474	9.8505312	12.2283783	0.8585969	2.8068205	7.9265774	2.8642832	1.0496488	15.2059595	0.0980392	3.0109036	0.5226334	1.5344492
K00567	0	0	0	0	0	0	0	0	0	0	1.86325	0	0	0	0	0	0	0	0	0	0	0	0	0.782946	0	0	0	0	0	0	0	0	0	0	0	0	0	0	0	0	0	0	0	0	0	0	0	0	0	0	0	0	0	0	0	0	0	0	0	0	0	0	0	0	0	0	0	0	0	0	0	0	0	0	0	0	0	0	0	0	0	0	0	1.86325	0	0.852713	0	0	0	0	0	0	0	0	0	0	0	0	0	0	0	0	0	0	0	0	0	0	0	0	0	0	0	0	0	0	0	0
K01409	0	0	0	0	0	0.4406391	0	0	0	0.663242	1	0	0	0	0	0	0	0.342466	0	0	0	0	0	0	0.513699	0	0	1.86111	0	0	0	0	0.342466	0	0	0	0	0	0	0	0.171233	1.84722	0	2.150685	0	0	0	0	0	0.171233	0	0	0	0	0	0.391553	0	0	0	0	0	0	0	0	0	0	7.283106	0	0	0	0	0	0.571918	0	0	0.150127	0	0	0	0.684932	2.965752	0	0.539954	0.555936	0.513699	0.856165	0.513699	0	3.59132	0.2203199	0.856164	1.36416	1	1.171233	0	0	0	0	0	0	0	0.944444	0	0.171233	0	0	0	0	0	0	0	0	0	2.542236	0	4.136981	0	0
K03570	2.9537392	0.372789	0	1.23873	1.22449	30.585301	0	2.414965	0	8.004407	8.390714	1.473708	0.408163	0	0	0.8680277	0.408163	16.710662	0	23.699333	0	0.202721	0.406803	0.7869165	6.907486	1.3564631	0	7.9090374	0.2748303	0.408163	0	0.212766	0.99696	1.952903	0	0	4.714011	1.3346941	0	1.195976	24.149026	1.14966	0	1.876189	14.497974	2.393662	2.879631	0	2.070055	5.894343	0	0.408164	0	1.9836772	0.408163	29.695883	0.202721	0.330612	0.204082	3.785035	1.155305	2.476192	1.632652	5.273731	7.126537	3.919452	5.538242	1.880157	1.3741505	1.821769	0	0	0	0.127891	0	4.94557	1.989236	1.020409	7.267977	12.5993232	31.354921	19.959999	3.791841	10.211427	3.911562	6.604016	7.993261	3.894479	3.994241	28.144761	3.8081625	2.0386175	2.758506	0.408164	0.693878	0	0	1.579593	0	0	0.204082	10.730539	0.2925174	0.138776	0	0.711565	1.518368	4.415698	0.414966	0.612245	0.204082	0	0.160544	4.023132	0	0.204082	0	0
K03313	0	0.123615	1.96161	0.255102	0	8.102092	0	1.26667	0	2.988901	0.131926	0.255102	0	0	0.131926	0.127551	0	1.5660164	0.7885198	5.446657	0	0.255102	0.52356	0.812075	0.569851	0.301488	0	1.0473692	1.9888472	0	0	0.124467	0.646831	0	0.255754	0	0.98992	0.902259	0	0.127551	33.9305969	0.8219226	0	2.707952	6.2332449	0.779397	1.047491	0	0.667251	0.620066	0	0.127551	0.382653	0	0	1.023933	0	0.127551	0.382653	0.127877	0	2.402462	0.532822	0.0926871	1.1388619	0.625	1.83516	1.022585	0.4420225	0.131926	0	0	1.359249	0	0.583333	1.127551	0.587594	0.440802	0.2234173	1.058673	8.290303	6.242016	0.514579	2.384553	0.255102	2.73021	3.8133856	0.277551	1.260077	3.4426	0.751701	0.968026	0.247459	1.914792	0.58861	0.0474934	0	1.155616	0.527704	0	0.527704	0.980367	0.259477	0	0	0.284945	1	0.5953613	0.599251	0	1.033533	0	0.255754	3.011899	0	4.239669	0	0.451531
K00615	0.591652	0	0	0	0	0	0	0.181488	0	0.0907441	0.0907441	0	0.0907441	0	0.0907441	0	0	8.87054	0	0	0	0	0	0.181488	0	0	0	0	0	0	0	0	0.0792499	0.356322	0	0	0	0.181488	0	0	0.538415	0	0	0	1.998185	0.164549	0.181488	0	0	0	0	0.170599	0	0	0	0.0907441	0	0.181488	0	0.181488	0.271627	0.181488	0.0907441	0.181488	0.861464	0	2	0.181488	0.719903	0	0	0	0	0	0	0.271627	0.0713854	0.0907441	1.140754	0.0907441	0	0.636419	0	0.271627	0	0.181488	0.576528	0.853599	0	0	0.271627	0.0907441	0	0	0	0	0	0.0907441	0	0	0	0.0907441	0.0907441	0	0	0	1.17967	0.248639	0	0.0907441	2.99456	0	0	0	0	0	0	0
K00343	0	0	0	0	0	0	0	0	0	0	0	0	0	0	0	0	0	9	0	0	0	0	0	0	0	0	0	0	0	0	0	0	0	0	0	0	0	0	0	0	0	0	0	0	6.87302	0	0	0	0	0	0	0	0	0	0	0	0	0	0	0	0	0	0	0	0	0	0	0	0	0	0	0	0	0	0	0	0	0	0	0	0	0	0	0	0	0	0	6.26984	0	0	0	0	0	0	0	0	0	0	0	0	0	0	0	0	0	0.873016	0	0	0	0	0	0	0	0	0	0	0	0
K06158	0.8334461	0.0810373	0	2.4643861	0.489396	10.9123391	0	0.0815661	0	6.5723101	2.448202	0.378788	1.477434	0	0.585466	0.4057151	0	12.1039132	0	13.4376085	0	0	0.5819209	1.729945	1.1830518	0.4201643	0	0.7810404	0	0	2.072895	0	0.854483	1.3248221	0	0.862805	0.7673867	0.517718	0	0.4251044	4.6342388	0.924115	0	4.0952457	8.731184	2.734038	0.5166032	0	0	3.0763326	0	0	0.15873	0.577111	0.276243	7.2751744	0	0.60864	0	3.040793	0.2302783	0.3372006	0.5394313	3.6071082	4.7449758	1.807357	6.1037983	1.7814273	3.1689831	0.9765852	0	0	2.406346	0	0	6.534364	0.5843797	0.6200723	1.819015	4.2348202	6.4506302	10.691986	3.118817	4.6919079	2.8822878	2.2083071	11.216572	1.245426	1.7731762	6.521507	3.77221789	1.9178953	1.9462716	0.4795521	0.0815661	0	0	0.461841	0	0.0810373	0	2.063761	0.3330941	0	0	0.8499281	0.4284989	1.4991348	0.1605286	0.4848082	0.6131915	1.981242	0.3225833	3.6920591	0.0793651	2.5640355	0	0.204923
K01866	3.310502	1.570235	0	1.3794599	0	13.1162224	0	0.391645	0	7.1795609	5.668899	0	1.451697	0	1.150599	0.261097	0	7.0150561	0.759791	22.749808	0	0	1.515017	1.001889	6.630976	1.4284754	0	3.810666	0	0	0.485166	0.261096	2.7444993	2.5293639	0	0.0226284	1.887253	3.28614	0.500318	0.781361	8.7379394	2.39202	0	1.679575	9.078644	8.4003943	1.937334	0	0.566045	1.78641	0	0.836089	0	2.2483011	0.29132	32.26817777	0	0	0.515675	4.4888291	0.943916	1.118679	0.261096	2.064867	6.8204845	0.121311	4.326283	2.3877013	3.456228	4.098172	0	0	0	0	0	4.9622791	1.349186	0.6179284	6.871581	9.104012	23.849761	24.171651	5.880983	5.2658	5.1950369	5.531831	12.716273	6.181492	1.954899	19.045275	5.3555081	2.6262527	4.19674	0.712696	0.261096	0	0	0.829434	0.391645	0.522877	0	6.9940222	0.652741	0.4786762	0	0.320513	1.567536	6.262174	0.6476007	0.5491901	0.682243	1.364189	0.417836	6.187377	0	0.3751091	0	0.163934
K03527	0.639358	0	0	0	0	3.5414621	0	1.999473	0	1.1845166	0	0.357307	2.410625	0	0.556262	0	0	5.75991	0	10.331662	0.182482	0	0	0.220264	0.590739	0	0	1.008158	0	0	0	0.17366	1.417163	1.745538	0	0	0.641025	0.328671	0	1.1577631	4.171364	1.8700719	0.34965	0.113139	6.180101	0.944691	0.522144	0	0.174825	0.606657	0	0	0	0.462704	0	1.947947	0	0	0	0.220264	0.667832	0.508588	0.174825	1.543127	4.7787566	0.327542	1.771939	0.524475	1.074423	0.2459206	0	0	0	0	0	2.2718796	0.206612	1.06156	0.918835	1.212125	7.245964	6.417718	1.69231	2.0586991	1.80886	1.245385	6.399552	0.972909	0.6212121	7.223775	2.511245	1.314446	1.4230117	1.959977	0	0	0	0.357307	0	0	0	3.33089	0	0	0	0	1.292115	0.92737	0.377254	0.55391	5.27845	0.761993	0.174825	3.909677	0	1.89351	0	0
K01873	2.0667606	0.5744249	0	1.6210638	0	34.2941863	0	7.5526133	0.117925	8.704062	9.323052	0.3037797	2.9883637	0	1.622895	1.2409426	0.117925	28.8738547	0.3675748	36.9440407	1.554084	0	0.3586996	6.173439	6.6361747	1.8181643	0	8.8758513	0.775148	0.2256293	0.675405	0.9866413	7.138072	3.07265	0	0.96989	4.476673	5.3378713	0.2466024	3.4227952	15.1681264	4.0522124	0	2.8325813	21.7215247	8.9541596	4.3839401	0	2.2645462	6.2102033	0	0.5192614	0	2.6312749	2.0678908	43.5084094	0	1.126316	0.3127569	13.3015206	3.900184	3.0879866	1.8730205	3.5776454	11.2687061	5.9118413	9.6562813	3.5673636	10.3386643	6.293844	0	0	3.998763	0	0.4694963	10.0147754	1.8728916	1.527062	11.9269372	15.4226532	31.5170027	37.2746315	10.5667073	11.927919	13.577816	13.7039251	28.4339903	22.337174	9.9959444	32.3007618	9.8229636	6.3831389	6.4212184	2.4682884	2.1106878	0.226244	0.1179246	2.1730606	0.313428	1.4100067	0.5397251	21.002415	0.4049136	0.3537743	0.271739	1.9802356	7.090642	13.5361201	2.2999696	1.8660226	5.5392683	3.0898893	1.1791611	9.97182	0.3621143	7.2178463	0.0452044	2.6558161
K03696	5.46593376	2.5835524	0.376412	5.6878833	0.125313	42.227188	0	6.7125686	0.124896	39.131058	13.2399653	1.106752	3.8963136	0.1066534	3.7889057	4.236323	0.4185401	109.9467833	5.3202371	86.6374523	0	0	2.269159	11.1378316	13.060488	4.6957868	0	11.0540973	0.847575	0	2.226178	2.802596	13.101817	4.7603788	0.510204	0.331654	12.3893146	11.0513073	0.4454971	4.0820863	47.619934	3.7008559	0	2.4649925	117.6522551	44.8922635	12.5834943	0	4.1544962	9.9885764	0	1.0964126	0	7.8637963	0.0626566	15.4117003	0.0627353	2.7820243	0.9281656	32.4397465	4.3701594	5.7853753	2.490925	15.74993	26.208123	5.8565976	11.1221803	4.65300435	21.1706055	5.324679	0	0	0.0488722	0.5888253	3.1641305	94.6885207	3.7073977	2.6617409	31.0334231	90.183845	47.4052843	85.6278091	26.9332222	50.8643861	27.909787	63.220934	132.343951	62.1962517	8.9794444	44.3367919	26.3483694	16.4194863	26.7833657	2.2244674	5.3085842	1.4438261	0.0626566	4.2217612	1.9033115	4.066249	1.4609287	127.484988	2.6819583	7.0361379	0.642613	8.6729185	44.869561	19.1305417	8.9711475	7.880484	107.4650847	47.599149	3.4988254	20.4239448	0.2661735	8.6806155	1.293011	5.5005703
K01586	3.268062	0.813728	0.297619	1.197776	0	28.2184489	0	2.486584	0.446429	13.063006	4.113097	1.041667	0.696429	0.14881	0.776146	0.44643	0	21.498171	0.14881	32.3387455	0.14881	0	0.296627	3.860753	9.1122461	1.2029058	0	6.9679452	0.29762	0	0	1.916025	4.5331637	1.873946	1.59028	0.588317	1.2795429	3.6173246	0	1.001191	14.461724	1.149802	0	5.4641011	19.940181	8.876728	2.1141109	0	1.5282267	3.9855086	0	0.744048	0.134921	2.213847	0	20.69974	0	0.175263	0.446429	7.96451	0.859128	2.936278	0.446429	3.026824	9.0739373	3.901412	27.709588	3.159087	7.4466491	6.4512979	0	0	3.42262	0	0.473934	5.6129845	1.407971	1.910953	7.99842	13.892491	27.755196	24.143425	12.6777612	13.973999	6.1908426	7.59678538	18.859988	8.256754	7.030967	37.576485	5.927028	5.1460249	3.1946261	6.076495	2.2792041	0.133929	0.14881	3.902317	0.942418	0.4414682	0.338294	16.090274	0.5396591	0.86012	0	1.770155	7.183729	8.497702	2.1827916	6.770955	4.729961	4.3075864	1.0104387	15.6834506	0	12.301249	0	0.563492
K02823	1.66264	0	0	0.527698	0	3.886833	0	3.611917	0.23764	1.582625	1.08	0.388354	0.4689	0	0.239234	0	0	5.539542	0.239234	11.622043	0	0	0	0.0956938	1.712461	0.239234	0	0	0	0	0.5614036	0	0	1.026801	0	0.558659	0.478469	0	0	0.478469	8.535295	0.721185	0	1.351462	6.531525	1.025518	1.53005	0	0	1.385037	0	0	0	0	0	3.045312	0	0.553429	0	0.861536	0.742027	0.174825	0	0.717703	1.58852	1.436468	1.712918	0.938527	0.945773	1.46667	0	0	0	0	0.361502	6.292569	0.443381	0.519722	0.883572	2.444521	1.8195118	7.590866	1.67464	1.84303	3.14695	1.89562009	4.66667	3.895824	1.02258	5.751279	1.550069	0.658639	0.666667	0.239234	0.475647	0	0	0	0	0.466002	0	1.2215851	0	0	0	0.388889	0.360447	0.55576	0	0.602754	0	0.27933	0	0.923787	0	0.243902	0	0.27933
K02470	7.753199	0.5328323	0	14.0573896	0.164474	72.569499	0	4.676754	0.3343479	19.4858708	16.317437	1.8437591	5.587456	0.7645288	1.2704778	1.663478	0	67.1053778	1.9557466	86.037499	0.3530638	0	1.924342	4.593781	10.5419298	2.1887635	0	6.1884836	2.3157444	0	0.206584	0.6820734	6.29402	3.3716216	0	1.8061946	4.2968618	6.717599	0.2499999	2.8299076	39.395642	2.4763552	0	5.1991366	42.1579824	9.1379945	5.7597018	0	1.8803414	11.815865	0	1.4663424	0	2.5045428	0.5918182	23.8480462	0.2088188	0.9175134	0.465052	12.090005	8.2142662	6.540244	4.460201	10.76849	27.266091	14.0675098	11.0147566	3.183417	14.901183	9.2114594	0.123457	0	0.570723	0.2357458	1.58298	13.5012758	2.8941056	1.7973458	18.0383028	29.749843	27.123446	60.532523	13.990651	21.289988	18.0696652	13.4722416	35.1775366	13.5182159	6.203182	66.9449555	21.9334326	5.783762	5.687913	1.518096	1.1053628	0.218341	0	4.559187	0.546601	0.740132	0.126096	30.7940078	0.9578248	0.0822368	0.5338178	4.6092906	7.223218	22.599373	7.0359738	3.5762254	6.2971309	9.244705	2.0436158	11.8531781	0.135965	4.7170158	0.615499	3.0099704
K00773	0.170068	0	0	1.07984	0	1.578883	0	0.596806	0	0.157596	0.510204	0	0.1678	0	0	0	0	0.598802	0	1.78044	0	0	0	0	0	0	0	0.738095	0	0	0	0	0	0	0	0	1.19048	0	0	0.299401	1.610004	0.328798	0	0	1.932561	0.598802	0.170068	0	0.510204	0.510204	0	0	0	0	0	0	0	0	0	0.339002	0	2.38323	0	0	2.28144	0	0.299401	0	0.340136	0	0	0	0	0	0	0	0.121756	0	0.170068	0.299401	1.358277	1.996526	0	1.981592	0.299401	0	0.639537	0	0.351852	2.62874	0	0.598802	0	0.340136	0.540741	0	0	0.340136	0	0	0.299401	0.170068	0	0	0	0.725624	0	0.76887	0.299401	0	0.44511	0	0	0	0	1.069494	0	0.170068
K01448	0.252116	0	0	8.839521	0	21.948563	0	0.27907	0.236041	4.144738	6.708451	1.158921	0.888325	0	0.847477	0.507615	0.126904	21.137242	0.13732	23.151326	0.102369	0	0.845029	0.360731	3.9511326	0.380711	0	3.120431	0.622893	0	0.356322	0	3.063643	0	0	0	0.861066	2.242047	0	0.380711	10.81795	0.793166	0	2.4190866	5.6784107	2.005441	1.133588	0	0.9739828	3.2590064	0	0.126904	0	0.450085	0.253807	13.262082	0	0.126904	0	9.264954	0.704906	1.510152	1.212594	2.315357	4.974621	0.9774026	2.489178	0.87384	4.621361	2.309096	0	0	0	0	0.318951	0.851045	0.71862	0.639144	3.514606	8.238455	16.022059	19.2240527	2.123268	8.5739888	7.745642	5.598139	31.828338	1.167753	1.1698259	29.553346	4.155675	0.883542	1.933258	0.0482234	0.1675131	0	0	0	0.277562	0	0	10.273259	0.298614	1.156327	0.308722	0	4.782513	5.906193	1.2336306	0.818434	2.286473	0.500846	0.293017	2.8280867	0	0.507615	0	0.126904
K02838	1.449652	0	0	0	0	10.129509	0	0	0	2.308308	2.0438	0	0	0	1.815386	0	0	7.794348	0.466667	11.871028	0	0	0	2.450118	2.588109	0.625304	0	2.59611	0.729927	0	0	0	1.474453	0.652069	0	0	3.263124	0.757282	0.141119	2.129341	4.614958	0.729928	0	0	6.553386	2.018	2.049217	0	0	0.518194	0	0	0	1.209246	0.364964	8.45715	0	0.908554	0	4.92641	1.91484	1.017032	2.352799	5.762897	3.608244	2.9854	2.581913	0.485437	3.344674	0.43309	0	0	2.43066	0	0.218978	4.282242	0	0.841154	3.161518	5.630174	7.673965	14.557864	4.271364	4.978105	2.05283	4.9795	22.405932	8.495028	1.474454	16.253007	2.888078	2.479198	1.206118	1.78763	0	0	0	1.002434	0	0	0	5.803127	0	0	0	3.247841	2.762814	2.892942	0.559611	0.364964	3.075368	2.45003	1.3163	1.459855	0	0.824818	0	1.114337
K21574	6.0747026	1.6097156	0	1.9453434	0.3306851	39.678997	0	2.8644642	0	11.6946978	9.8168678	1.6730336	3.790497	0	2.001937	0.3788166	0.308642	18.6276595	2.4009914	33.8973949	0.2946201	0	0	5.6998074	13.9399098	0.371672	0	9.989188	0.7407395	0.15083	0	2.611646	4.568604	4.8031954	0.15083	0.301659	6.8417608	1.5259194	0.0754148	2.1611015	11.906003	1.8167645	0.452489	3.6691998	13.4933228	30.3528376	1.7192628	0	3.39739151	5.4608115	0	0.383234	0	6.6491399	0.3016588	32.3534341	0.277778	1.336176	0	9.5900728	7.5440834	5.2607816	2.5801136	8.5703508	14.5338108	2.85721	6.790159	1.659475	4.4707266	4.6567871	0	0	2.4426316	0	0.3016596	1.376873	0.917934	1.9542106	3.7931172	11.7941283	10.3731575	8.0942745	3.886663	14.964518	2.1898776	10.1668428	11.481835	8.0999286	0.8038165	5.9362291	12.9840038	2.0044947	3.0162918	3.4155088	2.7165812	0.1508296	0	2.9766974	0.6590353	1.3907828	0.5044268	16.456969	0.3770738	0.6815668	0	1.883237	8.9798848	17.3649835	1.0150304	2.0776543	3.7070726	5.290824	2.0084799	2.7512271	0.0587302	4.6668114	0	1.2070466
K00925	1.7231479	0.574863	0	0.836174	0.689655	23.400665	0	4.937605	0.142045	19.778858	5.49715363	0.963068	4.029447	0	3.3608995	2.967918	0	17.528445	0.6382568	69.427312	0.142045	0	1.925275	6.1123312	4.8231642	0.581427	0	5.715409	1.296999	0	0.284091	0.357143	2.9509327	2.899605	0	0	3.737703	2.706041	0	2.3168267	20.5862402	2.464262	0	3.225935	24.5083657	5.872578	4.6966714	0	2.726244	2.8298022	0	2.250031	0	2.052265	0.754761	20.59448732	0.142045	1.472255	0	6.780007	2.767976	6.134903	1.425198	5.9860425	19.736604	10.9431741	12.486805	3.4073826	12.149883	3.0661942	0	0.284091	1.420416	0.284091	0.710227	9.935061	1.643923	1.730567	14.748327	21.322294	24.30459	26.496297	14.376477	19.8330592	16.7804465	21.360322	58.495055	11.2197319	6.7423573	38.490104	10.333762	3.5561004	5.0301168	3.16232	1.0483529	0.312649	0.142857	1.436059	0.284091	0.242424	0	20.07181	0	0.47422	0	4.3846365	2.968002	8.504847	3.085222	1.863131	7.520199	8.4747058	1.0837695	9.7243319	0.243902	4.928025	0	1.8289991
K07052	0	0	0	0	0	1.280239	0	0	0	0.679274	0	0	0	0	0.221239	0	0	0.221239	0	1.0592297	0	0	0	0.19764	0.221239	0	0	0.221239	0	0	0	0	0	0	0	0	0.219764	0.442478	0	0	0	0	0	0	0	0	0	0	0	0	0	0	0	1	0	0.883481	0	0	0	0	0	0	0	0	0.221239	0	0	0	0	0	0	0	0	0	0	0	0.221239	0	0.342466	0.221239	4.042456	2.033921	0.103245	0.663717	0.221239	0.2574709	0	0.126844	0	0	0	0.20354	0	0	0	0	0	0	0	0	0	0.40413	0	0	0	0	0	0	0	0	0	0	0.0929204	0	0	0.123894	0	0
K07082	0	0	0	0	0	0.169492	0	0	0	0.677966	0.102825	0	0	0	0	0	0	5.08642	0	0	0	0	0	0.039548	0	0	0	0	0	0	0	0	0.338983	0	0	0	0	0	0	0	0	0.318644	0	0.617284	1.69959	0.169492	0	0	0	0	0	0	0	0	0	0	0	0	0	0	0	0	0	0	0	0	0	0	0.508475	0	0	0	0	0	0	0	0.236158	0	0.338983	0	0.169492	0	0	0.169492	0	0	0.44856	0	0	0.0926554	0	0.522634	0	0	0	0	0	1.80452	0	0	0	0.508475	0	0	0	0.169492	0	0	0	0	0	0	0	0	0	0	0.508475	0
