#SampleID	002VWWX	004AWZY	004VWZY	006VHQK	027VYMX	031VPYH	036AXHM	036VXHM	040VYDY	047VLRL	083AYGC	083VYGC	086VHXM	110VZSZ	149VYYD	153VWG	155VCHJ	173VHJW	174LBQA	180VHMQ	189VXZJ	195VXXY	199VOZQ	206ZFDA	215ATKH	215VTKH	220VDXP	227AZMH	227VZMH	230VLSH	235VDBJ	243AHZH	243VHZH	287DJQA	309VHJD	322VCHL	325ALRY	325VLRY	331ALDY	331VLDY	342VCSL	347APZL	347VPZL	348VYQM	350VLYY	351AZDY	351VZDY	353VGSZ	354VPYM	357VLTS	358AWXC	358VWXC	359VYSH	361ATLX	361VTLX	362VLBJ	363VLH	364VCZ	366VZMY	367VWSY	370VLZW	371VTYJ	372VJHK	373VHXR	376VYKZ	377VHWH	379ALJJ	379VLJJ	384VCZL	388DHLA	388VDHL	390VNFD	392VWLL	393VZLH	395VGSQ	C001CJB	C002HHP	C003XYQ	C006LYH	C007XXZ	C008QLX	C009HHY	C010WL	C013MJH	C014LWG	C017YYM	C018LJP	C020LBJ	C022SMR	C024XHR	C025PCY	C026CBR	C031CQS	C034LJ	LR200116-0001	LR200116-0002_L4_1000002	LR200116-0003_L1_1000787	LR200116-0004_L1_1000734	LR200116-0005_L1_1000735	LR200116-0006_L1_1000736	LR200116-0008_L1_1000738	LR200116-0009_L1_1000739	LR200116-0010	LR200116-0011	LR200116-0012_L4_1000742	LR200116-0013_L1_1000743	LR200116-0014_L4_1000788	LR200116-0015_L4_1000789	LR200116-0016_L4_1000953	LR200116-0017_L4_1000954	LR200116-0018_L1_1000955	LR200116-0019_L1_1000956	LR200116-0020_L1_1000916	LR200116-0021_L1_1000957	LR200116-0023_L1_1001357	LR200116-0024_L1_1001404	LR200212-0001	LR200212-0002
M00001	16.1014415	2.4271714	0	19.7829093	1.06162	109.322125	0	29.144302	0.456721	28.8479066	42.5401544	2.7985105	10.083683	0	10.1533254	9.1715938	0.467361	130.9896721	1.8092667	131.5082591	3.004743	0	3.0443196	36.4310215	20.1975774	3.2070638	0	24.8060965	4.920835	0.15083	6.406076	3.4545348	14.979283	12.0089489	1.6457325	3.1064928	13.9633439	10.697824	0.923005	16.0819355	70.295715	8.7546204	1.26812	26.216273	106.7577401	48.6598614	12.8776997	0	8.5690127	29.1346191	0	4.2605088	0.5347138	10.8772723	3.826916	121.573381	0.609153	6.5867681	1.0357678	53.707832	16.6491308	21.6380429	4.4689585	19.5172941	30.803609	41.0643664	26.139011	12.3644315	47.91032984	11.9782211	0	0	2.726836	0.475921	2.685341	51.7298358	14.3293773	12.2104283	45.1002541	54.0067701	77.0023917	134.8922356	53.6385328	51.0108573	54.2400678	50.5224718	155.593278	61.855157	14.7283638	116.9906635	42.8743241	9.6428442	17.8796938	14.6949919	3.0661659	0.630909	1.285624	5.5705019	2.34573131	3.7890732	1.2619785	33.0357508	6.6594873	1.6056493	0.4372145	21.1270278	16.1495526	20.881884	4.7052297	9.326172	16.8756762	8.5859554	3.8626405	51.5993341	0.2272788	8.0122948	0.129534	3.1468016
M00002	11.3951565	2.4271714	0	11.7402653	0.699301	77.932801	0	17.110117	0.275562	18.6933856	35.3471384	2.2916185	7.39758	0	8.0936514	6.4729298	0.105042	83.6181148	1.2840817	90.5211699	3.004743	0	1.6796586	25.7592995	17.2459864	2.2505432	0	21.7315788	3.342387	0.15083	5.862598	2.6269658	9.6962617	8.7364149	1.6457325	1.6572168	10.7959229	7.198844	0.923005	9.6369345	48.095455	7.8192013	0	13.159156	70.3136041	42.8662474	11.0749138	0	7.5186427	19.5956781	0	2.6849538	0.5347138	10.1067409	2.053801	96.702865	0.368768	4.0638239	0.6064698	29.111508	11.4286138	11.1497926	2.3422315	15.2142071	19.053929	32.8413924	21.8492445	5.0993205	29.333869	7.0257161	0	0	1.355935	0.475921	1.334631	36.5594928	12.3310533	11.2453993	31.2880401	44.0419048	55.3099577	77.2603786	49.8670158	33.2378751	34.3762548	37.6164578	87.933168	44.431225	11.2368121	65.0189015	31.5065871	8.7159702	12.3486058	11.5533267	2.0609859	0.50684	0.368957	5.059669	1.476727	2.5736502	1.2619785	21.9608308	1.2428683	1.2334413	0.0761035	16.6715478	14.4026696	17.3781643	3.2900367	2.385359	10.5381192	6.6394754	3.3973905	37.6326951	0.2272788	3.4564908	0.129534	2.3492016
M00003	19.9833682	3.522622	0.378228	16.7373428	0.307377	160.005965	0.376068	33.046476	1.4385143	35.6211142	40.7818696	1.2934793	13.00728	0	9.4290664	11.0967668	0	105.5063578	1.4893837	172.7615877	1.651331	0.680106	4.5485266	27.3469601	29.0665714	11.4951033	0	54.0779518	3.4933642	0.15083	4.4240138	3.7465815	27.8663371	14.9342096	1.8576075	2.6288858	17.0136562	21.13045	0.540912	22.0792916	68.9476586	16.3060653	1.918245	33.6411176	93.2405464	50.3009367	26.1363664	0.0819672	14.7338754	71.6891937	0	6.1721731	0.0754148	17.5887957	3.313596	205.4821193	0.231993	6.2193674	1.3969808	44.4736336	16.611811	38.619319	11.1642103	37.1110344	59.2858928	23.1782985	92.1019708	10.0374101	24.6843899	34.03151	0.135135	0	15.037858	0.962723	2.2978043	40.1350381	11.2318239	16.1882882	43.11182607	164.3241303	210.203139	148.336925	101.612219	74.7394564	53.2278744	111.8434405	117.4458003	44.2492154	32.310793	199.006884	75.6050081	49.7850598	37.9791035	90.33734688	7.7886368	1.542824	2.176291	15.2325399	2.3865306	6.2688152	3.4998028	106.0296911	4.0600393	5.046833	1.3554505	26.8969938	23.6093905	44.8579856	6.8561331	14.1040826	26.7034359	35.112568	8.2584563	187.188765	1.2691197	21.613353	0.129534	6.8086105
M00004	2.933167	0	0	0.899061	0	14.338535	0	0.181488	0	5.2471201	0.7363671	1.230159	0.57542858	0	0.4613321	0.530864	0	14.529768	0.571957	5.822489	0	0	0.216963	1.875385	4.545147	1.88189	0	2.738665	6.145811	0.588235	0.588235	0.286275	1.4109482	1.363675	0	0.238095	0.110454	0.769723	0	1.183453	6.815887	0.964762	1.18343	2.935444	13.94673	4.820052	2.61591	0	1.059835	1.05634	0	0.726812	0	0.459566	0	25.4177511	0	0.181488	0.248139	0.5153304	4.301956	2.749818	0.0907441	3.919811	3.63588	3.133909	12.1922495	1.652078	3.08159	1.356536	0	0	2.404976	0	0.591716	5.367104	4.5250414	1.5478921	8.8991296	8.9295271	18.625823	16.4239141	4.713754	5.4760822	4.802144	6.711807	17.669164	5.635949	3.3774893	12.134991	4.955054	2.9489681	6.106807	2.197176	0.124069	45.887299	1.20635	4.0177681	0.0589319	1.180814	0.892857	8.66576935	0.9836011	2.424241	8.49112	2.401591	3.805173	6.8141	2.419168	19.0326981	6.46739	3.988255	0.95069	9.163074	0	6.002824	0	0.372208
M00005	1.254033	0.380228	0	1.018843	0	20.4636309	0	0.569075	0	11.470961	2.017279	0.380228	0.924597	0	0.453739	2.97959	0	13.0358465	0.670469	22.898691	0.190114	0	0.760456	2.814048	4.256634	1.206591	0	1.9152612	0.190114	0.380228	0.380228	0.719086	1.062103	0.569075	0.380228	0.340938	1.910675	1.8319318	0	1.144487	10.128577	1.914017	0.59761	2.49198	13.9686	17.379048	1.490494	0.0798479	1.330078	3.348236	0	1.197424	0	2.263829	0.190114	16.12452	0	0.570342	0	4.095569	0.378961	1.424377	0.931118	1.694429	5.261777	6.35457	15.347281	1.9581776	6.352321	2.211449	0	0	3.15209	0	0.478535	2.0094536	1.376426	0.918556	2.484423	4.718635	9.3947551	19.790147	0.957064	6.3859658	2.391437	10.846069	8.5365884	1.970698	9.044573	12.735106	11.5673099	5.768011	2.934911	3.667516	0.56147	0.190114	0	4.56553	1.776103	2.611162	0.380228	6.767743	1.058302	0.380228	0.183777	1.901144	2.126691	5.58675	0.880177	0.9959729	3.704668	1.69455	0.190114	11.649498	0	13.265657	0	0.451204
M00007	2.933167	0	0	0.899061	0	13.41794	0	0.181488	0	4.9989811	0.7363671	1.230159	0.57542858	0	0.4613321	0.530864	0	13.912484	0.571957	5.822489	0	0	0.216963	1.875385	4.545147	1.88189	0	2.738665	6.145811	0.588235	0.588235	0.286275	1.3456049	1.363675	0	0.238095	0.110454	0.769723	0	1.183453	6.071701	0.647971	1.18343	2.935444	13.94673	4.820052	2.61591	0	1.059835	1.05634	0	0.726812	0	0.459566	0	14.4365511	0	0.181488	0	0.5153304	4.301956	2.749818	0.0907441	3.919811	3.63588	3.133909	11.864706	1.652078	3.08159	1.356536	0	0	1.53649	0	0.591716	5.367104	4.5250414	1.5478921	8.4670306	6.9623951	15.455276	14.6110411	3.676533	3.363958	4.678075	4.040034	17.669164	5.635949	3.1293513	10.838051	4.566165	2.9489681	4.496968	0.591716	0	45.76323	1.20635	4.0177681	0.0589319	1.180814	0.892857	5.88081935	0.9836011	2.052033	8.49112	2.401591	3.805173	6.8141	1.710318	19.0326981	6.46739	3.988255	0.95069	7.68086	0	3.906874	0	0
M00009	17.81521	2.3433212	0	13.7310201	4.31876	159.0599403	1.14249	22.8233911	0.756024	53.8475669	32.15145841	5.0692032	10.2819651	0.355872	15.4122655	16.3405766	0	144.6574801	4.4876262	201.9031749	1.360884	0.27758	3.7194932	18.4376942	31.7314502	8.8695604	0.100402	22.7389374	2.985202	0.076594	5.7067226	3.871407	27.3931324	20.3530454	1.13995	3.6104725	14.7946632	27.0587501	0	16.0004953	122.53075	6.5861276	0	27.1585733	130.1567762	28.1263863	26.00708406	0	9.6759903	37.53739582	0	3.040583	0.4818083	9.1210036	3.7311297	101.9659202	0.940671	4.2464617	0.7438133	49.5201472	19.0135015	8.2075633	7.0843331	38.6630601	49.3390759	68.0384827	26.2022113	17.4908185	62.9178623	16.6364262	0	0	3.413576	0.508693	0.938285	71.4441373	28.1185909	8.202521	60.3090888	115.0170382	173.9961097	316.6498224	21.328039	97.8571171	60.1022554	93.3123523	147.6142416	75.3294022	17.3221104	170.587346	46.3628204	17.8504808	18.69	6.5683559	10.58184	1.868185	0.246305	10.324198	1.331336	4.791787	1.0246261	77.9975792	8.530038	3.134773	0	14.5584419	23.6434449	39.31686476	15.4184065	7.3124049	19.041795	20.9654663	4.2986573	65.861188	0.0818331	12.2717115	0.191239	4.4362454
M00011	17.81521	2.3433212	0	13.7310201	4.31876	159.0599403	1.14249	22.8233911	0.756024	53.8475669	32.15145841	5.0692032	10.2819651	0.355872	15.4122655	16.3405766	0	144.6574801	4.4876262	201.9031749	1.360884	0.27758	3.7194932	18.4376942	31.7314502	8.8695604	0.100402	22.7389374	2.985202	0.076594	5.7067226	3.871407	27.3931324	20.3530454	1.13995	3.6104725	14.7946632	27.0587501	0	16.0004953	122.53075	6.5861276	0	27.1585733	130.1567762	28.1263863	26.00708406	0	9.6759903	37.53739582	0	3.040583	0.4818083	9.1210036	3.7311297	101.9659202	0.940671	4.2464617	0.7438133	49.5201472	19.0135015	8.2075633	7.0843331	38.6630601	49.3390759	68.0384827	26.2022113	17.4908185	62.9178623	16.6364262	0	0	3.413576	0.508693	0.938285	71.4441373	28.1185909	8.202521	60.3090888	115.0170382	173.9961097	316.6498224	21.328039	97.8571171	60.1022554	93.3123523	147.6142416	75.3294022	17.3221104	170.587346	46.3628204	17.8504808	18.69	6.5683559	10.58184	1.868185	0.246305	10.324198	1.331336	4.791787	1.0246261	77.9975792	8.530038	3.134773	0	14.5584419	23.6434449	39.31686476	15.4184065	7.3124049	19.041795	20.9654663	4.2986573	65.861188	0.0818331	12.2717115	0.191239	4.4362454
M00012	0.729167	0.217391	0	0.512456	0.239234	32.881257	0	3.799904	0.177936	9.998637	3.277345	1.679718	1.559905	0.355872	6.264532	5.390593	0	23.622929	1.323822	20.221057	0.177936	0.27758	0	4.198328	1.413761	1.238496	0	1.376038	0.26809	0	0.821053	0.460261	5.209285	5.298821	0	1.112494	3.708187	4.803763	0	4.78383	30.444755	0.46382	0	12.962209	23.726816	3.5658119	4.678068	0	3.903373	9.623429	0	1.629894	0	0.355872	1.354995	38.168094	0.712039	0.967972	0	5.275357	4.062145	4.478471	2.352101	8.7778573	11.950182	39.488817	2.430602	0.6391169	11.549739	2.84223	0	0	0.729927	0.335706	0.507711	11.7091605	2.703441	0.807492	12.242335	39.57706	22.097049	45.389062	3.176752	20.638312	15.195075	30.379794	19.401115	8.490371	6.134738	27.621595	9.121227	3.2981054	2.9146228	1.744741	0.865955	0.974371	0	4.200896	0.177936	0.509206	0.177936	20.014588	0.355872	0	0	1.4039069	2.959635	9.44855196	2.90131	1.406245	1.275207	3.274712	1.562278	10.435462	0	3.512655	0	0.109134
M00014	1.1633	0.4704004	0	0	0	10.8325922	0	0	0	11.033158	3.22412	0.405405	1.260247	0	0	0.135135	0	7.855504	0.312441	23.6335661	0.135135	0	0.405405	2.083231	2.02758	1.169603	0	4.896119	1.06838	0	0	0.409546	1.872072	0.135135	0	0	1.754051	1.531288	0	1.276025	5.5940697	0.477477	0	1.653508	17.919337	1.917514	1.806705	0	1.2032427	0.33599	0	0	0	0.7900896	0	4.1702155	0.135135	0.405405	0	1.187387	0.54054	0.236036	0.6292645	2.512786	11.0261449	0.893694	5.7869252	0.135135	1.3281667	0.371171	0	0	3	0	0	7.748457	0.606066	0.488086	3.573064	14.042876	12.588267	13.2113521	0.6900901	4.327824	3.2989399	8.451682	12.486317	1.567046	1.330209	7.3266371	4.655573	3.358614	5.177088	0.7414418	1.257037	0.2773561	0	0.795202	0	0.648822	0	18.408982	0.141074	0.2324323	0	1.402752	1.843266	6.930607	1.246692	0.588207	14.41907	6.538657	1.17207	10.407662	0	1.5638266	0	0.135135
M00016	8.671514	2.1319176	0.297619	5.0885694	0	88.5170303	0	8.3784233	0.446429	35.1359244	16.6963087	2.2354947	1.940949	0.14881	1.474109	3.2948426	0	51.7703204	1.2235739	85.3350086	0.7285658	0.673966	1.549087	11.6853707	22.0994926	4.3615588	0	18.5424065	0.9560897	0	0.8450416	2.4729642	15.7248449	3.0339536	1.969945	0.9405017	6.9284332	9.2717199	0.0656168	3.21111	41.654344	5.2517613	0	10.8572161	56.205772	29.825123	7.0114058	0	4.4957923	14.2594408	0	1.001117	0.134921	6.1215742	0.707234	61.8548728	0	0.8985274	0.713164	19.5594241	4.3598827	6.381678	2.516692	10.086628	28.6430079	11.921342	44.6589009	5.2512426	24.9361982	12.6914856	0	0	5.145974	0	0.473934	16.8232882	10.7834258	6.0375813	23.7884755	39.9305222	87.0899334	73.9141562	24.4650252	40.9344402	29.3605689	35.05133638	60.2022648	22.258473	14.1596203	95.131212	23.7826838	13.5237992	14.1733521	10.9487656	4.56498684	0.3209048	0.534414	7.634805	1.7309974	1.9985573	0.593979	59.2901539	1.8505532	2.6225185	0.780806	8.2150776	19.5242446	30.2947093	7.0800615	10.2538926	26.6860888	15.8324794	2.7748994	37.464623	0.25707	32.8520309	0	5.8394818
M00017	8.141774	1.4913996	0	5.1268244	0	77.7587428	0	11.2053409	0.17321	30.1018861	16.74427443	2.9294815	3.7933628	0	2.0125112	3.1110355	0	49.3238158	1.1902373	82.8183452	0.9408391	0.673966	2.177952	10.5631663	14.7485975	4.4288592	0	15.7795334	0.8045598	0	0.8450416	0.9757192	15.1983801	2.2078466	0.379665	0.3521847	7.3752475	12.9820801	0.0656168	4.1032049	40.6972523	8.467734	0	13.5121439	51.4265666	19.940344	10.4271141	0	3.8795801	16.237698	0	0.6296816	0	4.1011819	0.707234	62.3747736	0	1.5221315	0.7278445	13.5004224	4.8090117	4.8491832	2.8150185	10.1145594	27.5326456	10.321884	40.5121301	3.7526827	17.7961901	7.0677782	0	0	5.5928583	0.2509978	0.2309464	16.5277667	13.0703181	5.12881206	23.3101082	45.298728	84.9665244	72.8224821	21.4517247	38.8130253	28.759756	35.8878725	56.0349672	21.6750622	16.7238081	89.0266853	42.3415943	16.4726213	23.4067082	8.0348094	3.05415504	0.3547975	1.1471827	4.635404	1.1017612	4.5497471	0.9947645	54.5936615	2.0741734	3.3162092	0.780806	7.3806607	15.4461354	25.8291207	6.7979452	4.7032239	30.2452497	13.7814603	2.1811514	59.2105565	0.424122	44.7251446	0	7.433482
M00018	5.403452	1.3181896	0	3.8907934	0	59.3985814	0	5.8918393	0	22.0729184	11.7537547	1.1938277	1.24452	0	0.697963	2.8484126	0	30.2721494	1.0747639	52.9962631	0.5797558	0.673966	1.25246	7.3032497	12.0650245	3.158653	0	11.5744613	0.6584697	0	0.8450416	0.5569392	9.9189512	1.1600076	0.379665	0.3521847	5.6488903	5.6543953	0.0656168	2.209919	27.19262	4.1019593	0	5.393115	35.427984	17.427025	4.8972949	0	2.9675656	10.2739322	0	0.257069	0	2.9188382	0.707234	41.1551328	0	0.7232644	0.266735	11.5949141	3.5007547	3.4454	2.070263	6.059804	19.5690706	8.01993	16.9493129	2.0921556	15.8228791	5.9611177	0	0	1.723354	0	0	11.2103037	8.7337878	4.1266283	15.7900555	26.0380312	54.7438274	49.0596202	11.787264	26.9604412	23.1697263	27.454551	41.3422768	14.001719	7.1286533	57.554727	16.9240318	8.3777743	10.978726	4.8722706	2.28578274	0.1869758	0.385604	3.732488	0.7885794	1.5570891	0.255685	43.1998799	1.3108941	1.7623985	0.780806	6.4449226	12.3405156	21.7970073	4.8972699	3.4829376	21.9561278	10.524893	1.7644607	21.7811724	0.25707	20.5507819	0	4.5494938
M00019	1.320021	0.976932	0	0.17301	0	9.483456	0	1.03806	0.241061	5.256789	17.8546843	0.17301	0.478662	0	1.842621	0.5916954	0	8.957852	0.936842	42.145162	0	0	0	1.2099203	11.0980406	2.375263	0	11.933335	0.088812	0	0	0.17301	2.429419	1.354469	0	0	4.327562	2.772035	0	0.8550245	7.520306	3.124758	0	2.137806	6.635356	6.812877	3.189138	0	0.17301	2.5067834	0	0	0	3.0605212	0.17301	11.839613	0	0.437139	0	2.092622	0.389294	0.863899	0.457101	2.579009	5.41186	6.892126	13.594833	1.654137	2.334006	1.757786	0	0	1.62205	0	0.0668973	6.631052	0.447885	2.2787947	4.96537	11.237082	21.502736	22.799943	8.8367939	9.162223	4.30334	8.037104	9.042637	3.5216941	2.7869423	34.559952	4.847409	8.29268	14.668264	3.050745	1.5248	0.17301	0.17301	0.6931943	0.540574	0.697326	0.17301	17.278048	0.699326	0.311419	0.155709	1.869029	6.097673	12.4920053	1.191373	1.325259	0.993036	5.092914	0.17301	9.466355	0.110727	1.211072	0	0.332961
M00020	0.5784315	1.204622	0	5.85359	0.479913	21.53866	0	0.469241	0	7.028655	16.522251	1.089865	0.305103	0	0.5958334	1.253682	0	9.002414	1.285442	24.906764	0.378383	1.220355	1.812162	2.90433	8.2667986	3.413718	0.320513	12.902737	0.977198	0	0	0.694758	10.3254729	0.2204122	0	0	14.226757	7.954587	0.136808	6.3058719	7.440078	15.730721	0	5.937999	6.488998	8.117483	7.9461532	0	3.432805	5.1400864	0	1.845783	0	2.7855828	1.103285	16.224429	0.242718	0.437568	0	0.488599	0.325732	2.575466	2.560688	5.247623	5.390665	2.125292	37.914562	2.273056	29.2315881	1.905707	0	0	1.001115	0.815929	0.325733	6.885323	4.1341866	0.269273	2.591607	37.747365	32.7757461	9.3903663	24.3631288	36.064635	11.621836	36.82253	8.249686	37.5462368	27.935363	26.682584	35.552408	6.590344	60.4993958	113.7309507	2.602639	0.162866	0.350034	37.6279478	6.271626	6.634212	1.382951	23.6178342	2.001879	3.486012	0.0977199	3.41351	2.781209	17.3905536	9.9954891	3.176374	5.004976	16.5215748	0.3876212	103.893954	0.0749186	30.9575555	0.228632	8.450482
M00021	2.273377	0.615904	0	0	0	35.088872	0	6.57895	2.560318	9.945525	3.027951	0.0641509	3.067952	0	0.86001	0.938717	0	28.262489	0.564071	76.438898	0	0	0.942356	2.152308	2.944245	1.745166	0	12.8352459	1.876796	0	1.59524	1.27974	5.2668921	1.485267	0	0.70922	2.9714	4.009995	0.18797	1.128529	7.963173	3.746268	0	6.863528	9.639132	2.080698	3.460059	0	2.836559	1.771389	0	11.72233	0	0.566037	1.855084	8.683927	0	4.78819	0.0989975	2.89275	0.644025	1.7169583	1.21986	2.811099	8.5499	3.513029	4.735722	5.811466	5.483729	12.234064	0	0	2.06767	0	0.570176	1.38135	1.250797	6.992952	70.345749	25.451974	30.948436	12.974246	17.731261	25.991891	2.398038	12.616147	12.421703	13.395249	13.026419	580.346976	7.499102	7.234225	6.317718	1.165663	0.644653	0.186717	0	2.920325	1.299499	1.174351	0.532629	37.949713	1.589873	1.03258	0	0.56478	3.30237	8.779854	3.401171	2.657301	4.447831	4.843134	0.659857	31.590348	0.18797	10.439295	0	3.520588
M00022	3.8499618	2.251272	0	4.4700653	0	33.3355827	4.63934	1.315353	0	12.27419987	10.5169217	0.445041	2.831443	0	1.454476	2.309528	0.248756	26.2197282	1.83956642	50.3530935	0.352113	0	0.671258	9.324513	13.5817937	3.2298081	0	12.0855343	2.104287	0	0	1.481466	12.558078	3.4580298	0	0.7044	5.1736461	2.8720266	0.252525	3.2165396	20.2776289	7.6779066	0	8.696108	29.5526758	24.3924018	7.0002234	0	1.635875	25.316285	0	0.965326	0.510204	4.932652	0.503387	37.9799326	0	0.143813	0.882883	8.1356033	2.4679041	5.1180769	0.844502	2.33693658	15.303142	17.1736619	15.3253015	3.6481092	14.0919881	5.034129	0	0	2.71437	0.0841321	0.159744	12.578798	5.3341638	1.734242	7.6427842	21.744478	33.90589042	44.6797499	14.0186063	16.6924155	13.3980975	12.0207258	33.2042948	21.9523171	9.2283443	47.053962	10.477706	9.1672384	13.8354335	12.370963	2.7601774	0.113951	0.4085	4.4059746	7.230971	4.107425	0.787727	15.76571284	3.9791194	1.139242	0	3.104212	6.459453	16.737809	3.719731	3.000994	15.1761053	4.077418	1.075669	14.5994434	0	16.965425	3.127547	1.209779
M00023	0	0.357143	0	0	0	3.802442	0	0	0	0.858348	3.5906943	0	0	0	0	0.714286	0.33913	7.7054615	2.8	8.717897	0	0	0	2.036508	2.8171973	0.357143	0	1.2920637	0.143434	0	0	0.211905	1.428572	0.135714	0	0	2.738602	0.606061	0	2.138093	3.4197481	2.598141	0	1.78571	1.7025248	5.529061	0.7166669	0	0.492424	1.483044	0	0	0	0	0	8.822067	0	0	0.254762	1.179688	1.85546	0.247619	0	0	1.3513	2.938963	8.179672	0.442643	1.168807	0.357143	0	0	0	0.251984	0.19798	1.250873	0	0.30303	1.260332	7.2387383	5.8731281	6.068141	0.660173	2.611609	0.30303	3.218135	2.3881959	4.347763	2.627113	5.036811	0.543434	1.49548	3.564425	1.96968	1.124257	0	0	1.863853	0	0.704225	0	2.950575	0	0.482828	0	0	0.5597367	3.4005967	0	0.966899	0.507937	0.816074	0.478572	5.72614	0	1.6854805	0	0.794146
M00024	0	0	0	0.232456	0	0	0	0	0	0	0	0	0	0	0	0	0	0	0	0	0	0	0	0	0	0	0	0	0	0	0	0	0	0	0	0	0	0	0	0	0	0	0	0	0	0	0	0	0	0	0	0	0	0	0	0	0	0	0	0	0	0	0	0	0	0	0	0	0	0	0	0	0	0	0	0	0	0	0	0	0	0	0	0	0	0	0	2.08844	0	0	0	0	0	0	0	0	0	0	0	0	0	0	0	0	0	0	0	0	0	0	0	0	0	0	0	0	0	0
M00025	0	0	0	0.232456	0	0	0	0	0	0	0	0	0	0	0	0	0	0	0	0	0	0	0	0	0	0	0	0	0	0	0	0	0	0	0	0	0	0	0	0	0	0	0	0	0	0	0	0	0	0	0	0	0	0	0	0	0	0	0	0	0	0	0	0	0	0	0	0	0	0	0	0	0	0	0	0	0	0	0	0	0	0	0	0	0	0	0	2.08844	0	0	0	0	0	0	0	0	0	0	0	0	0	0	0	0	0	0	0	0	0	0	0	0	0	0	0	0	0	0
M00026	0.1968801	0	0	0.166667	0.333333	1.226675	0	0	0	2.26514	7.27702	0	0.442963	0	0.333334	0	0	0.5183781	0.240385	2.467777	0.240385	0	0	0.260417	5.669846	0.707686	0	3.542899	0.243333	0	0	0.426409	2.097195	0.5584798	0	0	4.899943	0.68669	0	0.616612	0.632592	0.497793	0	0	1.390659	2.917468	0.331126	0	0.500001	0.163934	0	0.126031	0	1.27275	0	2.700143	0	0.163934	0	0	0	0.232222	0	0.473223	1.6649086	1.67965	4.978504	0.486809	0.12459	0.457806	0	0	0	0	0	0.765666	0.166667	0.43223	1.345772	1.888279	3.8963751	3.839856	0.945148	0.85012	0.165563	0.815427	1.572795	1.953107	0.166667	2.48222	1.299333	1.344828	6.6276207	0.2908786	0.555556	0	0.166667	0.260417	0	0	0	2.7049233	0.166667	0	0	0.166667	0.671283	2.740803	0.176678	0.0911111	0.986339	0.690601	0.336442	1.6903763	0	0.5182829	0	0.179724
M00030	0.744349	0.0146924	0	0.841017	0	9.151889	0	0.940312	0.413223	2.8524078	2.592552	0	0.357208	0	0.356869	0	0	9.7030647	0.143266	15.2814503	0	0	0	2.7434374	2.195431	0.503214	0	0.7086946	0.273646	0	0.275482	0.3726595	1.2745201	0.74903	0	0.676139	1.312005	0.4957075	0	1.204664	7.72247	0.2369799	0	1.725915	10.692915	2.888971	1.438034	0	1.1783791	2.9147	0	1.00287	0	0.63471	0	4.79075	0	0.37793	0	4.331959	0.766599	0.975207	0.7769309	2.152888	3.700258	4.855847	2.006165	1.30232	4.015005	0.5390264	0	0	0	0.275482	0	3.9673718	0.5821856	0.281751	2.3818164	3.2559204	7.1634228	23.385927	2.5078089	7.224572	2.770447	3.5521957	10.049056	4.1755944	1.6386287	17.1341091	2.2377636	1.6040637	0.9029	1.33521037	0.550964	0.273646	0	1.609478	0.413223	0.808138	0	5.7455338	0.43514	0.567595	0.407714	2.2482506	3.859097	6.385979	0.41783	0.85654	9.244978	2.261966	0.413223	4.9431715	0	1.791059	0	0.946099
M00032	0.744349	0.0146924	0	0.841017	0	9.151889	0	0.940312	0.413223	2.8524078	2.592552	0	0.357208	0	0.356869	0	0	9.7030647	0.143266	15.2814503	0	0	0	2.7434374	2.195431	0.503214	0	0.7086946	0.273646	0	0.275482	0.3726595	1.2745201	0.74903	0	0.676139	1.312005	0.4957075	0	1.204664	7.72247	0.2369799	0	1.725915	10.692915	2.888971	1.438034	0	1.1783791	2.9147	0	1.00287	0	0.63471	0	4.79075	0	0.37793	0	4.331959	0.766599	0.975207	0.7769309	2.152888	3.700258	4.855847	2.006165	1.30232	4.015005	0.5390264	0	0	0	0.275482	0	3.9673718	0.5821856	0.281751	2.3818164	3.2559204	7.1634228	23.385927	2.5078089	7.224572	2.770447	3.5521957	10.049056	4.1755944	1.6386287	17.1341091	2.2377636	1.6040637	0.9029	1.33521037	0.550964	0.273646	0	1.609478	0.413223	0.808138	0	5.7455338	0.43514	0.567595	0.407714	2.2482506	3.859097	6.385979	0.41783	0.85654	9.244978	2.261966	0.413223	4.9431715	0	1.791059	0	0.946099
M00033	4.882755	1.186956	0	2.7140004	0	51.766007	0	5.7349763	0	20.3855503	8.505404	1.028278	1.24452	0	0.697963	2.5627896	0	22.540173	0.752344	49.0316795	0.514139	0.673966	1.25246	5.3692479	9.742712	2.515469	0	9.42608	0.6300358	0	0.257069	0.534192	8.7947516	0.642674	0	0.3521847	2.5998294	5.197663	0	2.104211	22.886223	1.3534367	0	5.065031	31.233079	11.6251494	4.4283333	0	2.511356	8.435952	0	0.257069	0	2.3591826	0.707234	35.287109	0	0.39518	0.135501	9.9407762	2.6699762	3.244554	2.070263	5.485183	18.703366	6.44863	14.396361	1.7620186	13.5513435	4.681942	0	0	1.59212	0	0	8.6551448	8.1495882	3.5447035	12.636751	23.5081192	46.4771424	41.407134	7.905264	23.8869917	21.406823	22.66625	32.358567	12.64244	6.1753196	51.578217	13.721543	6.0830267	6.204645	2.3232291	2.06178474	0.121359	0.385604	1.933463	0.256213	1.2591881	0.255685	38.4087504	1.044865	0.514139	0.780806	5.578226	9.687951	20.4142037	4.6505039	3.115466	19.7976208	10.269791	1.148909	17.9574	0.25707	17.384565	0	3.588783
M00034	9.010631	0.658019	0	3.820021	1.1811	41.028917	0	4.759965	0	21.717122	9.934624	0.0909886	3.301665	0	1.5131445	0.945204	0	36.3116824	2.097597	54.706442	1.089903	0	0.656168	3.96678	4.655405	0.9021055	0.131234	9.3595585	1.846889	0	0	0.163605	5.6382987	2.911727	0.131234	0.262467	6.087486	6.269261	0.469197	3.602214	33.29734	1.5840955	0	2.789678	21.385765	9.441692	2.635306	0	2.396742	8.8115834	0	1.3210843	0	1.751128	1.131234	78.517262	0.131234	0.3326434	0	7.690242	9.265403	5.6119796	1.049509	7.971281	8.776446	10.958008	6.1961613	4.331617	10.182412	4.067808	0	0	3.940695	0.304233	0.787402	8.206268	1.234516	2.242472	8.868947	16.079561	32.2223739	38.511402	19.3876215	17.066532	24.628612	18.892848	28.5870564	24.660831	2.444753	44.680084	8.8693967	4.1636258	5.122593	5.159329	0.655294	0	0	3.6208	0.198718	0.384615	0	28.957132	0.8526651	0.744532	0	3.864892	3.624594	10.3472781	4.9048188	1.956744	8.136262	4.7460511	2.410823	9.431183	0	4.3938457	0	0.9082673
M00035	9.010631	0.658019	0	3.820021	1.1811	41.028917	0	4.759965	0	21.717122	10.777033	0.0909886	3.301665	0	1.5131445	0.945204	0	36.3116824	2.097597	54.706442	1.089903	0	0.656168	3.96678	4.655405	0.9021055	0.131234	9.3595585	1.846889	0	0	0.163605	5.6382987	2.911727	0.131234	0.262467	6.087486	6.269261	0.469197	3.829225	33.918428	1.5840955	0	2.789678	21.385765	9.441692	2.635306	0	2.396742	8.8115834	0	1.3210843	0	2.182162	1.131234	78.517262	0.131234	0.3326434	0	7.690242	9.265403	5.6119796	1.049509	7.971281	8.776446	10.958008	6.1961613	4.331617	10.182412	4.067808	0	0	3.940695	0.304233	0.787402	8.206268	1.234516	2.242472	8.868947	16.0977128	32.2223739	38.511402	19.3876215	17.066532	24.628612	18.892848	28.5870564	26.374499	2.444753	44.680084	8.8693967	4.1636258	5.370118	5.159329	0.655294	0	0	3.6208	0.198718	0.384615	0	28.957132	0.8526651	0.744532	0	3.864892	3.624594	10.3472781	4.9048188	1.956744	8.136262	4.7460511	2.410823	9.431183	0	4.3938457	0	0.9082673
M00036	1.320021	1.353064	0	0.336321	0	9.97914	0	1.03806	0.241061	5.874073	17.8546843	0.17301	0.478662	0	1.842621	0.5916954	0	10.379248	1.062155	42.145162	0	0	0	1.3333773	12.3326086	2.375263	0	11.933335	0.088812	0	0	0.296467	2.676333	2.139441	0	0	4.573653	2.772035	0	0.9784815	10.008583	3.250071	0	2.38472	10.421148	7.150326	3.312595	0	0.17301	2.7536974	0	0	0	3.0605212	0.17301	11.96307	0	0.437139	0	2.586449	0.635385	0.986533	0.457101	2.702466	5.905688	8.043567	14.265003	1.901051	2.797649	1.881243	0	0	1.62205	0	0.0668973	8.967274	0.61567	2.2787947	5.3966459	11.827911	22.245333	26.7010788	9.0688929	9.824775	4.426797	8.2469808	10.892847	3.7686081	2.7869423	34.559952	5.24494	8.539594	14.897541	3.050745	1.648257	0.17301	0.17301	0.6931943	0.540574	0.697326	0.17301	19.197601	0.699326	0.311419	0.155709	1.869029	6.884505	12.9850093	1.191373	1.325259	1.98069	6.218227	0.419924	9.836726	0.110727	1.211072	0	0.71464
M00045	2.4725493	0.2825007	0	1.2716183	1.9293785	2.0350587	0	1.736932	0.0802568	2.4962762	0.8662933	0.0422686	0.885783	0	0.518665	0.323625	0	9.9634296	0	7.3318118	0	0	0	1.0560268	1.3332723	0.248483	0	0.2156139	0	0.8515705	0	0.518665	2.8003326	1.2952869	0	0.444947	1.578805	0.9615438	0	1.0087765	6.1605484	0.279962	0	0.4032254	13.9314182	1.110425	1.1443883	0	0	2.2420192	0	0	0.0805153	0.249599	0.9876638	1.8017257	0	0.2172428	0	3.3299321	1.4708184	0.1928698	0.2317022	2.35473	1.4250576	2.3800639	0.9219377	0.0922509	3.2979617	1.2433011	0	0	0.644624	0	0	9.1010558	2.9811899	0.33105	3.0296966	3.6196478	8.1541991	22.573587	0.2311825	6.4332731	1.2931785	0.6305632	14.3206682	3.3209722	0.7126188	5.1833244	2.7378309	1.9579772	2.8015027	0.302154	0.330477	0	0	1.1242344	0	0.271739	0	2.5642244	0.35805024	0.1612904	0	0.4581902	2.376205	2.1791853	0.482158	0	7.6923692	0.4295793	0.3546182	3.896767	0.13587	0.674409	0	3.413787
M00048	9.9938484	3.3423456	0	10.4883984	0.2690253	150.1348213	0	6.1176853	0.2309654	65.4604677	27.985298	5.4852523	4.2166569	0.080429	5.3989433	5.3111313	0	99.9554577	4.0803253	124.4969994	2.0995274	0	2.7497039	11.2735978	35.6451509	5.6880669	0.125313	44.7558929	7.0687311	0	0.2960805	2.76775551	20.1288076	11.7014371	1.063408	1.911587	14.1977248	15.9105861	0.0856164	11.0123599	86.618390665	7.254465	2.319235	31.3035831	85.6273212	51.7111356	16.32946165	0.552846	9.4704349	30.2642669	0	4.606575	0.144928	8.7668967	2.9000895	131.7977113	0.1908035	4.2296785	1.7815362	37.5496858	21.625364	11.2642566	6.7670056	31.8646462	35.8298934	19.3119551	64.50447794	9.10085745	43.8933446	17.54436682	0	0	13.216073	1.218457	1.916319	25.4947116	17.2476916	7.6403278	36.2488947	77.5739028	141.8064749	139.49106082	26.3588906	55.9169056	45.65420914	46.7458896	94.8939707	52.14499	41.7062967	144.0401707	43.6168611	26.7992346	29.6826603	7.7001758	8.3278156	23.233383	0.3431678	13.300665	2.499155	2.716066	0.5125324	78.17514413	6.5120264	3.6178121	4.902479	10.5651667	25.2307314	42.1404245	14.135579	13.3175256	45.5632104	17.999559	5.8087124	49.2087114	0.3345446	28.0065712	0.511813	5.4438106
M00049	12.769929	4.850215	0.35461	10.362959	0	105.151253	0	8.0402677	0.0835556	21.327219	23.741828	2.536824	3.908364	0	5.866764	5.0981674	0.105042	69.9607015	2.0308645	83.5972991	1.480004	0	0.750009	10.830047	15.431394	6.8450087	0.125313	23.7286406	2.584426	0	4.328371	2.1871392	14.544042	7.9677229	3.229278	1.243824	5.332284	7.8841528	0.478487	4.9512622	46.408347	2.33928547	0.583125	8.873578	73.701645	43.7862411	9.7105463	0	4.431703	15.4018003	0	3.4710681	0.446809	8.24852	1.3308485	101.200758	0	3.124629	1.5162732	27.0223245	17.1668008	9.65837	4.067821	16.279338	25.847131	26.8320458	31.7720025	8.2652916	20.75034	11.4271188	0	0.250667	4.174643	0.902722	0.6498403	24.4330734	12.7352873	7.74076	27.226875	37.2975737	79.497032	85.298317	17.711338	31.651124	36.703393	32.6895158	77.3833651	46.760084	12.0880194	78.7022255	34.0120859	13.1180461	16.3320799	17.7964676	3.721683	0.785529	0.133333	7.763337	2.98859	1.8390441	1.8408565	44.6185716	3.571985	2.580255	0.250627	10.15404	12.660318	23.391176	5.6235224	3.515657	29.428408	10.0897857	2.240211	23.663244	0	6.9718054	0	1.275664
M00050	10.4786027	0.6976615	0.515417	8.4192376	0.3704814	110.875568	0.337079	15.2395566	0.158801	28.3263239	15.762662	1.361729	4.64673	0.215054	4.00108711	4.323051	0.217402	50.226649	1.597238	92.0456624	1.9150488	0	4.3588512	9.8286217	16.5915319	2.6925597	0	10.5183351	0.9637164	0.5633863	3.647452	2.652623	11.590331	3.9086869	0.429185	1.402024	9.442465	10.206825	0.373282	4.6796115	42.2832234	8.6539081	1.09738	17.689105	49.4841603	15.9388606	6.9880708	0.157233	6.7463662	17.709339	0	1.308854	0.224719	4.814247	1.670409	77.1631482	0.11236	2.092562	0.993178	11.798446	12.8567421	7.6053144	2.317468	13.747734	22.3508485	25.8213613	63.8246013	4.5814318	22.5744288	7.3008014	0	0	5.004224	0.365546	0.8817342	16.5556612	6.7100179	3.9721827	15.4817655	31.1674908	64.2287985	62.63930466	13.714713	44.7776758	31.991742	24.4521101	44.0666375	24.4653438	28.0589726	93.6070276	31.7901406	24.9215466	22.7621686	8.488035	3.4528855	0.471025	0	12.6522636	1.8849538	5.328772	0.672886	20.7013437	1.7935839	1.395863	0	6.2958545	6.869906	13.0932746	2.9461528	1.047606	15.1303525	5.5275244	0.821726	27.7044527	0.107527	17.2822729	0.471402	3.9314052
M00051	4.3015111	0.8589755	0	2.528792	0.160215	60.5618491	0	3.1794475	0	22.2797267	25.1448938	2.462079	3.4664265	0	6.1685335	0.418879	0	50.2632296	2.457272	69.8139168	0.5983275	0.374532	1.1900778	5.2036067	26.4673262	3.3682336	0.171852	17.0055839	1.3700093	0.640805	0	3.34674105	16.4354825	6.126042	0.682723	2.4714501	9.374454	8.99073566	0.41281	5.2319265	34.8610882	4.67791016	0	6.0277811	45.3675627	34.5345798	8.639552	0	2.6849294	12.1511299	0	9.5188431	0	8.2921679	0.097561	49.9843199	0.3332417	2.2232231	0.713418	6.4831065	6.158488	4.5808038	5.222484	12.59471695	30.7143892	17.2840694	49.4859269	2.5014324	10.7400122	7.8441371	0	0	0.799848	0.323625	0.6624927	13.096293	8.6956592	5.3692715	18.49565215	38.4914773	54.3561661	82.0723349	15.20793	22.6089928	10.5623536	34.391934	23.9216979	19.2748838	11.0882338	51.611842	18.5680686	13.0939693	20.3921936	21.4083791	1.9326483	0.3314849	0	6.9462806	2.373816	3.6862305	0	35.0220924	3.4690368	1.8184605	1.417491	5.5489877	10.6922487	20.8723172	4.201851	5.1601323	8.559669	13.2207766	3.6690711	25.7427964	0.352113	14.8262521	0	2.7311993
M00052	0.542845	0.205338	0	3.830416	0.517241	36.422548	0	1.935948	0.102669	10.5411188	5.6518285	0	1.49481	0	1.1639761	2.7712183	0	25.189178	0.480407	32.053443	0.741151	0.205339	0.308008	4.1436492	2.1522997	2.4853768	0	3.189972	0.410677	0	1.216329	0.106157	4.316673	2.318522	0	0.75373	1.13063	4.590868	0.205338	2.4044912	15.96583773	1.075969	0	4.8292866	24.347219	2.978567	2.7169386	0.192308	2.174147	5.538103	0	0.480897	0	1.1349158	0.584251	21.4892497	0.634409	1.112396	0	6.9233379	3.6731444	2.9537215	1.166403	5.3380931	8.9400164	10.6825194	5.666086	1.686077	11.6201692	3.5570103	0	0	0.964408	0.71731	0.0841889	8.9001089	2.164184	0.7265194	6.740622	18.2839285	39.9573323	32.22157	4.924523	12.3055799	11.763882	12.9913103	27.0351329	7.512723	7.130886	34.1917231	10.742135	3.057646	3.5121498	3.108468	0.8763081	0.367219	0	0.991312	1.659591	1.3477246	0.217311	9.9260154	0	0.308008	0	0.6931114	1.3372483	9.1798642	2.485217	0.973213	4.596802	0.912793	1.313977	11.249686	0	5.301724	0	0.7310053
M00053	4.3574646	0.9581161	0	8.8672271	0	40.2987436	0	1.690014	0.2278665	10.5422844	13.44028	0.9548356	3.986224	0	2.0364539	2.3983194	0	36.7209469	0	30.437546	0.167224	0	0.66294	3.7670541	15.9065962	3.0045918	0.144928	14.1960755	0.8736721	0.122399	0.7004609	2.4820411	8.569460041	4.6552846	0	0	8.7015101	4.57082	0.23821	5.683469	25.8748135	5.109012	0.260417	2.2540369	34.7093969	36.235067	8.080733	0	1.7110575	9.5719292	0	0.0611995	0.166667	16.2886262	1.8036636	26.9017487	0.3096605	0.2057323	1.0654774	6.5079351	4.418026	4.012892	1.3150865	6.8406582	15.3203808	15.293583	9.3823257	2.7289382	4.0198398	4.7759673	0	0	0.398807	0.333333	0.5863678	12.3177216	5.4639934	4.8605915	12.6607585	25.7343437	50.4003389	80.2218282	7.8980057	31.8383337	11.3235823	24.4558643	42.73168797	14.7307242	7.4009932	48.46596637	12.568716	21.10435175	20.3805078	58.631432	2.2626572	0.342466	0	2.232555	0.6631802	2.8807731	0.2278478	14.0231261	0.189873	1.284901	0	2.3414727	6.4308892	9.6137318	5.6732448	1.9726905	2.6327446	5.7022477	2.3619311	19.3906252	0.833334	4.9545119	0	1.817339
M00060	8.7258903	3.516978	0	7.838866	0.525417	78.0475923	0	7.806995	0.388235	23.9771977	40.67733779	2.329808	3.642444	0.472354	5.5136497	2.827096	0.345972	51.2347143	1.6528982	124.4221583	0.5572667	0	1.848842	18.1105653	30.485161	4.1701044	0	20.6350436	8.365767	0.745233	5.326435	6.136144	11.2261724	10.183963	0.263456	0.5209804	15.4222258	14.3126025	0.2151164	5.3712943	37.1435717	10.0894883	0.473934	11.4482314	63.2895448	40.5917067	12.4318594	0	5.04261744	10.4823601	0	0.853307	0	14.338313	0.6550306	135.43502924	0.099187	3.3254964	1.2057886	22.35296827	7.202868	6.05186012	4.229678	15.57144572	34.0105618	11.414154	32.1857826	6.6872276	14.3400648	9.833531	0	0	7.1953811	1.435672	0.6568148	31.297332	17.6212121	13.503913	34.7420431	34.8052484	75.9980969	116.2859193	46.4359912	34.5824939	42.69501067	45.7905782	102.7869058	38.8054114	12.7983136	94.7125725	31.1581725	25.4163743	29.03729891	12.05153185	7.082801	76.698126	0.26503	7.904461	2.193575	2.896761	1.6919199	76.756519	3.5930212	2.330539	6.0045736	9.92353127	18.0237827	31.2411449	6.4873204	9.673828	24.6292754	12.6400208	4.5342724	30.8095211	0	12.7361689	0.257069	5.5781421
M00063	0.2643676	0.246305	0	0	0	15.451842	0	0.246305	0.492611	3.501246	4.175354	0.0788177	0	0	0.842004	0	0	6.342556	0.544408	5.374216	0	0	0	1.160451	5.206149	0	0	4.038824	0.68767	0	0	0.246305	1.893778	0.972085	0	0	2.071402	1.262725	0	0.253807	5.0695441	1.7729955	0	0.978975	4.602623	5.2167691	0.991081	0	0.513957	1.596576	0	0.091954	0.595238	2.6432658	0	21.658508	0	0	0	0.900061	0.916256	0.652809	0.305419	4.594476	3.494645	2.775137	6.7981815	0.872855	2.096678	3.314174	0	0	0.684729	0	0	2.006395	1.541233	0.9198266	2.713742	7.6081589	10.5889736	7.1154833	3.44172	1.892749	3.810531	6.335544	5.8507951	3.070606	2.563592	12.925728	2.816181	1.739289	6.782476	1.100844	1.977039	0.213465	0	1.3214495	0.246305	0.683086	0	4.681986	1.12644	0.479475	0	1.23153	0.668308	4.180146	1.060756	0.49261	0.128079	0.377668	1.913288	4.984792	0	1.519207	0	0.246305
M00076	3.6558171	0.0615764	0	0.125	0	5.2829292	0	0.182815	0	6.11633	5.8200768	1.1303476	0.6387311	0	0.4858577	0.312308	0	16.7210935	0.6432891	15.0108366	0	0	0.2815514	1.8949148	3.7497302	0.2767705	0	0.6184457	0.252525	0	0	0.273614	0.9724959	0.7761868	0.0615764	0.359606	0.9155219	2.320868	0	1.0992476	13.9451941	0.0402299	0	4.5092954	26.3514972	2.526345	2.2310899	0	0.4053305	1.3954007	0	2.040253	0.10917	0.3059678	0.288113	5.169993	0	0.5658281	0.2154841	1.0803818	0.763548	1.4485129	0.3528344	3.7807992	2.37103	5.048701	3.455176	0.7014307	2.6528628	2.6137767	0	0	1.704442	0	0.6984305	5.3387827	1.0861614	0	3.9620868	8.7714364	22.512985	9.633919	0.836494	6.947899	4.731484	6.972179	5.569921	2.4334375	2.9174517	21.9518512	3.6566064	0.4614328	3.2995786	0.5620879	0.4168152	0.223214	0	1.1531776	0	0.241441	0.146781	10.126918	0	0	0	1.6580658	1.4673621	4.501039	1.357221	0.2515666	1.3252492	0.1650183	1.5324769	6.0159655	0	0.9376748	0	0.4148943
M00077	3.6558171	0.0615764	0	0.125	0	5.2829292	0	0.182815	0	6.11633	5.8200768	1.1303476	0.6387311	0	0.4858577	0.312308	0	16.7210935	0.6432891	15.0108366	0	0	0.2815514	1.8949148	3.7497302	0.2767705	0	0.6184457	0.252525	0	0	0.273614	0.9724959	0.7761868	0.0615764	0.359606	0.9155219	2.320868	0	1.0992476	13.9451941	0.0402299	0	4.5092954	26.3514972	2.526345	2.2310899	0	0.4053305	1.3954007	0	2.040253	0.10917	0.3059678	0.288113	5.169993	0	0.5658281	0.2154841	1.0803818	0.763548	1.4485129	0.3528344	3.7807992	2.37103	5.048701	3.455176	0.7014307	2.6528628	2.6137767	0	0	1.704442	0	0.6984305	5.3387827	1.0861614	0	3.9620868	8.7714364	22.512985	9.633919	0.836494	6.947899	4.731484	6.972179	5.569921	2.4334375	2.9174517	21.9518512	3.6566064	0.4614328	3.2995786	0.5620879	0.4168152	0.223214	0	1.1531776	0	0.241441	0.146781	10.126918	0	0	0	1.6580658	1.4673621	4.501039	1.357221	0.2515666	1.3252492	0.1650183	1.5324769	6.0159655	0	0.9376748	0	0.4148943
M00079	8.2739582	0.205338	0	2.2386782	0	23.5575999	0	1.390037	0	14.790817	2.9918808	1.607632	2.9452089	0	2.4250461	5.236905	0	66.12482396	0.7751439	78.4708796	0.411594	0	0.9143144	9.3637781	3.6455203	1.9418439	0	5.6581778	1.431429	0.205339	0.62102	0.7354226	5.1922786	5.70818	0	0.308008	3.0123692	7.9937457	0	1.934694	52.8160948	1.6377904	0	9.4255108	72.5731294	2.5827455	5.5086257	0	0.5873601	6.5831973	0	0.410677	0.3529991	1.3102765	0.067731	9.0175007	0.102669	1.8072947	0	6.5277827	3.6432079	2.5137999	0.6030396	14.719462	22.1856689	16.6573712	7.159403	3.5503589	8.4112703	6.1802859	0	0	0.396825	0	0.194787	13.1506147	3.3762692	0.3470223	12.4509732	27.248295	35.2636992	56.74768265	2.219223	21.522851	13.0279902	6.5470998	27.8311202	12.757166	2.6288037	54.483508	12.2897945	6.8992465	3.2074563	0.3261856	1.3307184	0	0	0.9591076	0.310138	0.8769021	0.124498	13.6421108	0	1.1041038	0	1.7553666	4.1203905	12.9542673	1.4341023	3.5457218	5.4324199	6.3743432	0.7961456	20.602779	0.0725689	5.9743578	0	2.678883
M00080	0.276244	0.1415	0	1.69972	0.283286	8.772564	0	0.14245	0	2.794415	2.826838	0.276243	0.552486	0	0.0837937	0.138122	0	1.3881676	0.276243	41.538507	0	0	0	0.0959164	1.671641	0.1703504	0	1.3637179	0	0	0.42735	0.949495	1.137584	0.460675	0.263456	0	2.082557	0.888806	0	0.418693	4.172333	0.546514	0	0.7679562	1.4846093	0.552487	0.975997	0	0.495396	0.532067	0	0	0	1.41151	0	10.489775	0	0.138122	0	0.539595	0.42735	0.3609584	1.368349	0.690609	7.9794108	0	1.646435	0.2999086	1.127052	1.263412	0	0	0	0	0.1777168	0.414365	0.9138931	0.14245	2.4518371	6.0400306	9.311409	7.300373	5.1556158	2.806914	5.576636	2.8848955	13.419779	0	0.716167	19.3683663	0.692485	0.138122	1.4433818	0.82873	0.134438	0	0	0	0	0.690608	0	4.67057	0.122468	0	0.951389	0	0.0788224	2.466809	0.414365	0.414365	0	0.6396879	0.7667554	3.8846001	0	0.4303379	0	0.222222
M00082	10.372883	1.54138	0.117241	7.717236	1.622985	86.53079	0.0724138	18.170177	0.0965517	27.387511	10.678156	2.13908	8.787004	0	5.2804631	1.96437	1.034484	86.705914	2.7114945	171.4988977	0.332184	0	0	10.435306	15.348378	6.219716	0.172414	16.783914	3.643677	0	4.37456	1.21494	27.524415	11.2814908	2.29916	2.847525	7.462067	8.525474	0	7.1337789	34.6438123	3.004597	1.37931	8.740947	60.540546	18.367812	10.826446	0.344828	3.31528398	16.547309	0	7.95889	0	7.141571	1.7172405	130.0982166	0.167816	3.055049	0.6597699	20.802579	24.9089556	13.403531	5.708771	25.68168	30.164931	32.862653	13.4896579	12.979895	25.298093	7.381612	0	0	3.491866	0	3.76322	20.746865	3.739188	4.575718	30.973125	42.28346	106.33586	85.521792	22.380512	41.198945	23.756703	50.621538	43.420818	43.514305	9.420951	67.83563	23.72745	9.719309	8.8907226	3.65747	1.736782	0.172414	0.344828	2.017242	0.404598	0.61839	0	25.16781	1.033334	0.802299	2.198998	5.192674	2.789661	14.226433	2.970114	7.4556276	7.500637	4.612648	0.910346	14.786737	0.0793103	1.609196	0.172414	0.90083
M00083	24.493716	7.0454222	0.54097	26.670769	2.439871	198.5586335	0.0724138	40.233642	0.3084157	78.430613	76.27861741	7.401859	20.9967696	0	14.7465731	6.554159	1.034484	259.6135821	9.7027865	377.4474439	1.1602303	0	3.960355	37.9068	74.1488551	11.8083833	0.384278	93.0843146	6.736939	0.259054	5.350152	14.0228887	48.3924014	18.3263388	2.29916	4.477469	37.998848	28.2483812	0.794579	11.5481078	123.6014245	12.737298	1.37931	20.2757111	156.646831	116.525141	28.113748	0.344828	11.70080908	33.4350889	0	18.432655	0	24.144114	5.4573137	229.40061054	0.803408	11.5881707	2.3567059	75.1555063	49.0210176	26.50780372	18.688437	55.96248372	94.918408	54.385562	84.0125544	29.238206	53.3929842	19.544072	0	0	6.6864449	4.706074	8.462507	47.1866106	8.1109542	36.245207	109.511408	98.27915	193.025555	210.5588137	92.9848881	110.156694	78.07314	96.6020157	255.5134211	117.181954	37.6886989	211.9264102	111.679766	57.045985	38.68004731	23.672905	11.9803968	1.583137	0.556692	15.748838	1.8430385	2.504341	1.1420332	127.528505	7.2584002	3.83762	2.7706016	31.928702	27.5916133	84.0884431	10.8480434	14.5313376	63.3172984	28.8094408	8.830324	45.546904	0.5030383	13.808978	1.000104	4.7133121
M00086	2.7457175	1.2803013	0	7.5815619	0.660448	30.1219678	0	2.2804109	0.0990099	26.6122989	15.762187	0.3254581	1.618975	0	1.3672033	0.3969352	0	34.5810051	1.53505809	46.5621936	0.4858569	0	1.153743	8.7933889	14.4248925	1.5601067	0	11.0552837	0.8065228	0.112211	0.0156721	1.0484488	3.5205732	5.5898011	0	1.599365	12.4765445	3.8905737	0.1980198	2.2169682	21.8157206	1.9781467	0.19802	8.7431839	54.7676275	15.5912443	5.4838216	0.0904159	2.3528058	9.0468381	0	1.028344	0.218341	3.070676273	0.0904159	23.7633728	0.0904159	0.9358605	0.0990099	24.8822617	3.628654	3.2310829	1.417678	3.7359834	15.6171416	4.2876547	18.6411787	2.2730159	12.099952	2.6346051	0	0	0	0.98406	0.6592423	11.0486721	1.6433264	3.6371049	14.465378	13.4286498	22.4113938	25.7269616	6.08083	16.5531947	14.1920184	8.3786894	49.2910593	14.8311672	10.4643506	41.8978079	7.945327	17.3408385	13.0621054	3.8491107	2.5896576	0.1894258	0	3.3552581	0.5104619	2.1095048	0.6078558	31.5757544	1.5200149	0.7047971	0	5.3251028	16.1038337	16.4975662	3.0503092	5.3872624	14.2486416	8.28421226	1.6273757	8.2520115	0	7.7421626	0.0990099	1.4296947
M00089	0	0	0	0	0	0.617284	0	0	0	0	1	0	0	0	0	0	0	0	0	0	0	0	0	0	0	0	0	0	0	0.529762	0	0	0	0	0	0	0	0	0	0	0	0	0	2	0	0.326797	0	0	0	0	0	0	0	0	0	0	0	0	0	0	0	0	0	0	0	0	0	0	0	0	0	0	0	0	0	0.26178	0	0	1.26178	0	0.843621	0	0	0	0	0.326797	0.22658	0	0	0	0	0	0	0.26178	0	0	0	0	0	0	0	0	0	0	0	0	0	0	0	0.311547	0	0	0	0	0	0	0	0
M00093	10.820353	0.41841	0.420168	1.934465	1.6914	57.352609	0	3.725815	0.93542	51.739625	19.363599	0.62622	5.951656	0.612546	2.724061	7.85238	0	63.432181	5.856616	143.425038	1.121248	0	4.8204168	9.709411	28.800656	2.5343144	0	12.182903	2.046515	0.46729	0.500901	2.8279665	15.544249	0.8718487	0	1.177744	7.7910107	8.990373	0	5.7601113	37.805128	15.842266	1.07928	10.633323	49.717169	16.838461	10.1814414	0	5.386431	7.863777	0	2.0862264	0	4.5938917	1.199608	47.8544327	0	1.611889	0.673965	10.324057	11.851324	5.396925	3.1786174	2.928073	25.00567	12.816242	27.9260416	7.5763202	14.190354	6.351548	0.352941	0	0.308229	0.700901	1.190535	15.4630327	2.350013	5.1358356	22.498737	73.0732046	58.327354	66.8146659	17.249415	35.9897155	25.508777	66.0462063	36.271507	37.137289	8.118202	76.6980962	21.15693	2.5230908	14.19068	2.951285	4.322125	0.27027	0.27027	2.1141653	0.210084	0.4473	1.823905	63.7665168	7.385533	2.109936	0	4.641654	16.6839138	41.2254584	7.216927	4.976608	27.287279	20.368411	3.189537	30.812117	0.538738	22.152797	1.029893	5.007818
M00096	2.0692994	0.7734778	0	8.956321	0.159104	30.4626234	0	4.8267538	0.42735	11.4791315	5.9308736	0.5627318	4.118704	0	1.2444322	1.721179	0	34.9284885	0.079661	52.7264556	0.4809028	0	0.4745994	3.5388788	9.1256699	0.149672	0	6.3969424	0.2542378	0	0.798722	0.5857807	9.5485261	6.2891113	0	0.169492	3.1635566	3.6975741	0.096124	4.3165447	24.2510992	4.8508803	0.34965	4.386347	34.0456381	7.6549206	3.9833964	0	1.5773854	5.6941748	0	0.675822	0.5561396	3.3855412	0.2542378	25.6760242	0	0.3933878	0.423729	6.474605	1.6099094	2.1594629	0.9015789	5.4219198	15.4655912	3.910148	8.2034078	1.7445641	6.1108039	7.2777876	0	0	0.168634	0	0.136612	11.4490003	1.8336666	3.46158	11.9596866	22.3149644	37.5263558	49.6433432	11.5398006	13.3121222	13.03079815	15.8839357	24.6697016	8.7607336	7.0419587	34.7916685	15.9059622	6.7899855	7.9284307	4.5124424	1.8938341	0.0170543	0.40678	0.9288169	0.1687794	0.168067	0.254606	17.1988526	0	0.532351	2.316102	0.3588856	5.163157	10.8670021	1.1455675	0.9688718	8.311394	6.6578799	1.7325685	19.0312178	0	15.3871866	0	0.9069606
M00114	2.840226	1.425091	0	1.6914626	0	24.7300046	0	0.622106	0.159236	6.539181	20.055908	0.34387	1.1117109	0	0.628002	0	0	23.645554	0.7303159	65.7599905	0.487929	0	0.371747	1.224984	17.599769	0.4052294	0	12.811652	0.5276625	0.327869	0	0.980733	6.5532343	0.508509	0	0	6.796003	5.273552	0.2494556	0.952966	19.742573	5.730398	0	2.668464	17.935264	11.4269398	4.8650892	0	2.500509	3.7278373	0	0	0.185874	5.2648767	0	40.7467464	0	0.661014	0.545014	2.8919016	2.629986	2.856774	0.900499	6.434261	11.377266	8.986154	17.8390948	2.08623	2.3982716	3.475502	0	0	2.781743	0.658891	0.460441	9.682268	1.9014946	1.002868	8.403916	23.524565	38.656015	29.182092	10.5307208	15.4790437	7.697569	15.7192456	10.352224	4.9689391	7.260436	54.892308	13.1059806	10.3210713	15.99919	5.6219711	1.208805	0.287468	0.326797	2.9820175	0.297619	0.676262	0.8472512	25.497078	0	1.189201	0	1.274234	4.569888	11.882647	3.336124	2.067264	2.161455	6.195541	0.865043	16.049547	0	11.0336828	0.326797	1.02164
M00115	2.5222419	0.1580724	0	4.3857754	0	10.8638751	0.165017	3.746472	0.0825083	14.8147823	7.520646	0.6755393	0.9794403	0	0.7101723	1.445858	0.48837	18.6429949	0.8287051	25.0899303	0.0823723	0	0.5031	2.0322063	2.2649937	3.5044683	0	1.9008313	0.973732	0	0	0.6852867	4.582351	1.5387935	0	0.151815	1.783592	3.0682346	0	2.1323005	17.7630275	0.516829	0	2.1946846	24.529177	3.5257258	3.1316853	0	1.5306966	3.7760602	0	0.664452	0	1.4248482	0	15.807309	0	0.104167	0.418632	5.9809725	2.309301	2.4155993	1.0427129	1.9087815	10.9420671	3.526603	13.5764423	1.7687706	6.9813753	2.5499561	0	0	8.354337	0.161812	0	6.9463593	1.588798	0.396304	4.2887614	9.694956	29.6779166	29.1107222	8.8698221	7.758631	8.227423	7.3698864	13.7548682	4.48118	3.7293707	29.6524523	30.3648066	8.3185953	4.5514395	1.9338117	1.1358645	0.4124056	0.0823723	0.6619103	0.949532	0.930072	0.453729	7.7071346	0.8790433	0.3403768	0.2381353	1.5395433	2.133583	7.5183869	1.1519977	3.0752436	4.3576662	2.5585165	0.5252669	10.1138319	0.2386223	8.4303056	0	0.8804386
M00116	0.119048	0.3896104	0	0.42735	0	12.1814958	0	0.919761	0	8.4394568	4.1903234	0.967644	0.189394	0	0	0	0	8.9364001	0.360235	28.331059	1	0	0.198413	1.4761486	4.5240308	0.5016389	0	3.5844378	0.973019	0	0.51282	0.0992064	0.7631261	1.0860659	0	0	1.9279164	1.7702697	0.122807	0.647563	24.2246771	1.011966	0	2.686466	9.5466493	2.299355	3.2803977	0	0.25641	3.75283	0	2.550677	0	0.5479818	0	8.7051595	0	0.211864	0	1.7145662	0.6476734	0.1591511	0.3556164	1.50753751	9.8375938	10.462912	32.0940304	0.8186128	3.7569364	2.4345896	0	0	1.953142	0	0	3.1715309	1.3869604	0	2.8151753	10.4813307	12.3429852	14.5495303	4.368021	7.2592058	7.6780389	3.3961495	7.6685515	1.9238659	4.689766	22.770298	4.3309304	6.57862526	4.1876045	1.5826524	2.0463984	0.25641	0	3.11515	0.119281	0.221311	0	4.9683512	0	0	0	1.383053	2.066414	4.68823905	1.486814	0.482851	2.6660613	1.040954	0.8581814	10.8211834	0	10.116377	0.255102	1.552413
M00117	0	0	0	0.42735	0	3.300855	0	0	0	4.160483	3.8216464	0.769231	0	0	0	0	0	1.374585	0.360235	14.05983	0	0	0	1.188871	3.179488	0.25641	0	2.977773	0.25641	0	0.51282	0	0.2136751	0.451995	0	0	1.639316	0.4947911	0	0	16.343611	1.011966	0	1.911111	1.004273	1.9316513	2.2072352	0	0.25641	2.056787	0	1.02564	0	0.2495724	0	4.525615	0	0	0	0.3266714	0.0153846	0	0.25641	0.25641	5.812822	9.90843	28.020666	0	2.1069075	1.189743	0	0	0.379487	0	0	0.499145	0.25641	0	0.512821	4.791453	5.6197888	3.615382	3.0906	2.3107455	3.148571	1.664961	0.576527	0.256014	2.58803	6.176316	1.447864	6.2282	3.8136731	0.699145	1.472084	0.25641	0	2.633358	0.119281	0	0	2.02906	0	0	0	0.810709	0.613676	2.435898	1.02564	0	0.417245	0.261539	0.758975	6.131625	0	6.024053	0	1.211112
M00119	1.320021	0.976932	0	1.05301	0	9.483456	0	1.03806	0.241061	5.256789	17.8546843	0.17301	0.478662	0	1.842621	0.5916954	0	8.957852	0.936842	42.145162	0	0	0	1.2099203	11.0980406	2.375263	0	12.215386	0.088812	0	0	0.17301	2.429419	1.354469	0	0	4.327562	2.772035	0	2.6316105	7.520306	3.124758	0	2.137806	6.635356	8.812877	3.189138	0	0.17301	2.5067834	0	0	0	3.7678382	0.17301	11.839613	0	0.437139	0	2.092622	0.389294	0.863899	0.457101	2.579009	5.4226127	6.892126	13.594833	1.654137	2.334006	1.757786	0	0	1.62205	0	0.0668973	6.631052	0.447885	2.2787947	4.96537	12.237082	21.502736	22.799943	8.8367939	9.162223	4.30334	8.037104	9.042637	3.5216941	2.7869423	34.559952	5.847409	8.29268	15.668264	3.050745	1.5248	0.17301	0.17301	0.6931943	0.540574	0.697326	0.17301	17.278048	0.699326	0.311419	0.155709	1.869029	6.097673	12.4920053	1.191373	1.325259	0.993036	5.092914	0.17301	9.466355	0.110727	1.211072	0	0.332961
M00120	2.873578	0.116006	0	0.822976	1.214745	8.8108558	0	0.885714	0	1.18539	7.196803	0	0.881057	0	0.660793	0	0	13.36730101	0.2102592	9.070487	0.167832	0	0	2.962147	3.843515	0.331062	0	7.162488	0.418129	0	0	0.218796	0.564176	0.352658	0	0	2.893974	2.021456	0.140845	0.440528	8.7606949	1.125377	0	2.530802	6.803181	5.404907	0.934701	0	0.105727	1.131437	0	2.2911	0	2.27459	0	6.098643	1.38606	0	0	0.601355	2.3592	0.220264	0	0.58884	0.657856	3.666838	14.2391061	0.449655	1.1018774	1.357669	0	0	0.202797	0	0.220264	2.746214	1.670564	0.933196	3.690471	4.72467	11.451574	8.131512	4.300066	3.794058	5.038117	1.460363	4.7950901	1.908831	5.45324	13.13014	4.106862	2.328498	4.47607	1.5363026	0.140845	0	0	3.385829	0.501954	0.140845	0.140845	2.5183696	0.490495	0.168919	0	0.332317	0.220264	2.110981	0.361109	0.943744	1.3860947	0.370203	0.220264	11.637048	0	12.134998	0	1.794861
M00121	8.653952	0.654264	0	4.410641	0.215054	38.6087919	0	5.8023517	0.433032	14.0526574	16.376473	0.0288066	3.516253	0	3.25477	1.3007385	0	47.705728	1.374789	85.757547	0.6735162	0	1.126164	3.713481	16.2503557	4.801427	0.247525	15.353942	1.497638	0.666376	0.864459	2.302775	9.219535	3.2517421	0	0	6.067668	9.356137	1.022022	5.915776	34.4343436	4.340367	0	5.1106378	38.2837562	21.7010428	5.471878	0	2.8508556	8.187959	0	0.123457	0	5.5869752	0	57.9026506	0	2.432126	0.247525	9.408403	3.931341	4.9618973	0.969316	7.248884	16.4559407	11.3671353	22.156034	1.8605212	14.138536	8.19852	0	0	2.3412495	0.102941	0.754472	8.711493	3.821667	2.2311346	14.3128643	30.5907248	43.525096	56.7566583	19.865323	15.4477317	13.7221	22.3519842	32.70962035	24.53665	6.4781873	57.7949795	21.6096714	6.41387	11.2431548	10.4658707	1.3374763	0	0	4.90597	0.333333	0.7962903	0.714348	11.1585786	0.357174	1.063528	0.49505	5.3974297	6.590798	15.164398	3.3562477	1.773047	6.4727844	4.1178224	2.83087	13.720593	0	6.395202	0	0.940477
M00122	0	0	0	0	0	2.27497	0	0	0	2.174941	1.539418	0	0.245863	0	0	0	0	0.741586	0.35461	7.243495	0	0	0	0	2.912525	0	0	4.247812	0	0	0	0.658563	1.234043	0	0	0	2.196217	0.680581	0	0	3.754693	1.595745	0	0	2.403276	1.217183	0	0	0.20331	0.526316	0	0	0	0.3415084	0	4.42317	0	0	0	0	0	0	0	1.89362	1.174494	0	3.768939	0	0.33557	0.70922	0	0	0	0	0	1.435195	0.300236	0.44722	0	2.72577	4.206916	3.295758	0.20331	0.53274	0.822695	1.41844	0.539833	0.699438	0.35461	3.63357	1.1223	1.581559	1.88653	0	0	0	0	0.35461	0	0.397163	0	1.952465	0	0.35461	0	0	0.995849	4.286928	0	0.70922	0	0	0	0.787234	0.35461	2.1253	0	0.69018
M00123	0	0	0	0	0	8.53488	0	0	0	0	0.254902	0	0	0	0	0	0	0.745098	0	0	0	0	0	0	0	0	0	0	0	0	0	0	0	0	0	0	0	0	0	0	0	0	0	0	0	0	0	0	0	0	0	0	0	0	0	0	0	0	0	2.16667	0	0	0	0	0	0	0	0	0	0	0	0	0	0	0	0.862745	0.470588	0	0	1.89216	0	0	0	0	0	0	0	0	0	0	0	0	0	0	0	0	0	0	0	0	0	0	0	0	0	0	0	0	0	0	0	0	0	0	0	0	0	0
M00124	0.5784315	1.204622	0	5.85359	0.479913	18.554402	0	0.469241	0	7.044019	18.240307	3.097805	0.305103	0	0.5958334	1.253682	0	9.002414	1.285442	21.876712	0.378383	1.220355	1.812162	3.056306	10.788661	3.277106	0.320513	12.169025	0.977198	0	0	0.694758	10.5437114	0.2204122	0	0	13.953533	7.985314	0.136808	6.3058719	7.303466	15.730721	0	5.179687	6.352386	8.269459	8.019805	0	3.159581	5.1400864	0	1.845783	0	2.6999726	1.103285	15.132444	0.242718	0.589544	0	1.409234	0.325732	2.575466	2.560688	4.974399	5.405016	2.125292	37.316756	2.081137	29.2315881	1.895741	0	0	1.001115	0.815929	0.325733	7.037299	4.9516466	0.269273	2.591607	37.512753	30.279756	8.6025743	24.3631288	35.71707	11.075388	36.685918	8.249686	37.5462368	27.950727	30.89274	35.567772	5.842033	59.5985598	113.521479	2.90659	0.162866	0.350034	37.6279478	6.271626	5.847964	1.382951	24.6038122	2.001879	3.486012	0.0977199	3.41351	2.550794	16.6476056	9.7228196	3.039762	5.004976	16.2483508	0.3876212	103.397597	0.0749186	31.1095315	0.228632	8.450482
M00125	0	2.624559	0	3.281526	0	17.0744849	0	1.897414	0	4.0695617	9.813463	1.09225	2.131896	0	0	2.724327	0.483092	14.510704	0.182482	13.281772	0	0	1.675354	0.604999	10.181892	0.450376	0.190789	8.612793	0.364964	0	0.502237	1.728848	4.785533	2.100192	0.387097	0.698087	3.9260852	0.198068	0	0.829876	6.1273348	2.138917	1.09489	1.805901	4.69915	17.032308	1.499129	0	0.3571444	3.9350837	0	0	0	4.6722027	0	11.0483862	0	0.203947	0.756579	7.4252849	4.871678	1.919042	0.785829	4.860247	5.8849646	3.770579	28.8031018	0.394737	4.750429	1.417897	0	0	0.88968	0.357143	0.278509	3.53016	1.395749	2.482887	2.312783	8.0232294	16.0419758	15.2637787	2.362973	5.173306	5.6678776	6.59771	13.6077663	3.669723	4.8579109	17.4715166	5.458954	4.911155	14.389389	5.327649	0.170191	0	0	0.646533	0	0.307786	0.241546	5.36483	0.311404	0	0	1.832811	4.5373593	4.963991	1.11331	0.315634	1.660905	1.6939026	0.328947	6.213447	0	4.215012	0	0.7044302
M00126	2.458539	1.078396	0	0.26316	1.624047	9.171166	0	0	0	4.000336	6.6350248	0	0.446429	0	0	0.666667	0	12.3857761	1.512097	28.269466	0	0	0.162866	0.162866	7.47226872	3.892657	0	3.0333102	0.779661	0.117925	0	0	1.2600354	0.5768785	0	0	4.192871	2.450919	0	0	11.355561	0	0	0.975903	8.35948	9.3592195	0.870884	0	0.446429	0.5833324	0	0.847458	0	4.0501473	0	14.5411677	0	0	0	3.93103	0.117925	1.311511	0.0422886	4.114685	3.877716	2.360589	11.3925682	0.6370196	1.950511	2.68779	0	0	0.892857	0	0.287356	3.0102	0.51387	0.888889	5.060328	8.1362695	10.254867	11.273466	2.825559	6.856793	4.610472	3.195522	5.671174	1.945023	5.146531	21.636172	9.296481	5.686378	7.572988	0.568734	1.1103983	0	0	0.929951	0.574713	4.039086	0.337838	12.736836	0.00235849	0	0	0	6.4779008	5.743552	2.886331	0.118483	4.6489355	0.954886	1.045656	23.2726	0.578829	12.780183	0	1.6488897
M00127	1.639257	0	0	0.814249	0.491342	10.6340645	0	0.296875	0.136029	3.933101	6.1669206	0.140056	0.578035	0	0.436362	0	0	11.103649	0.140056	15.240444	0	0	0.560224	0.1547547	7.0991883	0.962738	0	3.168259	0	0	0	0.3265843	1.906908	0.897867	0	0.249377	2.697832	0.919436	0	0.959384	9.3378534	0.996621	0	2.842381	11.0094253	3.292019	2.2411893	0	0.463916	0.718499	0	0	0.320513	0.740349	0	6.848139	0	0	0	1.311873	0.0761317	0.326797	0.280112	5.47059	4.199812	3.720498	2.853271	0	5.897056	2.010965	0	0	0	0	0.699346	1.432756	0.716429	0.728039	2.066228	3.487549	11.025719	10.8472381	1.118269	3.52035	4.089556	2.65745	4.285516	1.524027	1.5855897	14.555786	3.385182	1.7440093	3.169871	0	0.980392	0	0	0.623103	0	0.280112	0	3.6168273	0	0	0	0.232558	1.07558	7.706722	0	1.394788	4.833653	1.863054	0.288204	3.513154	0	1.85248	0.144033	1.290301
M00129	1.1633	0.4704004	0	0	0	10.8325922	0	0	0	11.033158	3.22412	0.405405	1.260247	0	0	0.135135	0	7.855504	0.312441	23.6335661	0.135135	0	0.405405	2.083231	2.02758	1.169603	0	4.896119	1.06838	0	0	0.409546	1.872072	0.135135	0	0	1.754051	1.531288	0	1.276025	5.5940697	0.477477	0	1.653508	17.919337	1.917514	1.806705	0	1.2032427	0.33599	0	0	0	0.7900896	0	4.1702155	0.135135	0.405405	0	1.187387	0.54054	0.236036	0.6292645	2.512786	11.0261449	0.893694	5.7869252	0.135135	1.3281667	0.371171	0	0	3	0	0	7.748457	0.606066	0.488086	3.573064	14.042876	12.588267	13.2113521	0.6900901	4.327824	3.2989399	8.451682	12.486317	1.567046	1.330209	7.3266371	4.655573	3.358614	5.177088	0.7414418	1.257037	0.2773561	0	0.795202	0	0.648822	0	18.408982	0.141074	0.2324323	0	1.402752	1.843266	6.930607	1.246692	0.588207	14.41907	6.538657	1.17207	10.407662	0	1.5638266	0	0.135135
M00133	2.5053581	0.902606	0	2.94455	0	20.518327	0	2.2674876	0.241538	4.207825	3.5149884	0	0.353414	0	0.3776722	1.5513973	0	20.8269456	1.124498	10.137113	0	0	0.2982508	2.536461	3.4616632	1.09327629	0	3.6261564	0.183601	0	0	0.5207486	3.8452975	3.9696275	0	0.689062	5.5168303	2.2875491	0	0.987902	22.0434582	2.7807374	0	0.4126951	17.9034176	4.99313039	2.6063048	0	0.679249	3.2581594	0	0	0	2.3432163	0.0196418	22.4909636	0	0.5304411	0.3623015	1.7042789	1.2040466	0.42337334	0	3.2616591	5.5795827	3.9661553	3.4167178	1.706587	0.6647895	1.1875834	0	0	1.768791	0.13089	0.0717154	5.1639672	0.2914569	1.7200327	6.358219	5.7314076	33.0032746	33.530732	3.5289545	10.7670005	2.6878105	6.243927	21.0155909	1.1948002	1.9541037	11.7757431	4.6272864	4.4498606	4.9486255	2.52485834	0.172117	0.0860585	0.0860774	0.4487666	0	0.0860585	0.334421	9.8884165	0.4116791	0.3930005	0.311532	0.4001247	7.658893	3.9168952	0.978772	0.7084375	1.74502	2.201733	0.326449	4.9472928	0.0860585	2.3625893	0	0.560606
M00140	1.358897	0.4966922	0	4.222772	2.53846	19.7413116	0	1.188034	0	11.9194566	5.9168696	0.131742	0.412909	0	1.6179512	1.3965781	0.383142	21.9191432	1.1457818	38.3825873	0.6924568	0	0	3.4719952	4.9591424	2.1916152	0	3.1776504	0.0601238	0	0.728132	0.3640662	3.8585891	4.5085017	0	0.530504	1.6906377	4.897643	0	1.6655692	17.8800505	1.2870779	0	7.8030892	31.4877462	4.9666482	4.5961189	0	0.5955064	3.793991	0	0.510168	0	1.018433	0.123784	8.1170796	0	0.5044364	0	9.6876552	1.987653	1.3884922	2.444047	7.615695	8.5192494	10.465478	13.4650587	3.6239019	8.0717026	1.4924502	0	0	5.0784026	0	3.011109	15.4707934	5.2984908	1.9488543	7.875061	27.2028008	25.5802204	34.7525544	5.0441957	9.8918114	8.1238864	11.5650922	28.5592648	14.3423272	5.2568229	25.3685842	12.1417172	6.5554024	6.9873228	1.6257178	1.6507119	0.0988142	0.328704	1.4339494	0.537723	1.207414	0.5492642	12.5856583	0.728132	1.459647	0.265252	2.1192952	6.5236215	8.5032476	2.956725	0.8267119	6.8466812	3.7850222	0.3561082	13.798773	0.2334218	6.9387855	0.197628	1.5151224
M00141	1.065269	0.397878	0	3.682175	2.53846	14.789185	0	0.854701	0	8.0363424	4.22583	0.131742	0.412909	0	1.335987	1.233864	0.383142	14.4380438	0.954741	29.2907284	0.548188	0	0	2.88241	3.210862	2.092801	0	1.228923	0.0601238	0	0.530504	0.265252	2.5786151	3.2626	0	0.530504	0.750591	2.980337	0	1.566755	12.4542023	0.524783	0	4.5446474	24.119326	3.621116	3.572924	0	0.397878	2.557496	0	0.510168	0	0.822122	0.123784	5.461983	0	0.306808	0	7.729816	1.592396	0.993235	1.768817	5.949028	6.608812	9.427928	3.211275	2.7732391	4.390806	0.976128	0	0	3.745728	0	0.328704	12.337722	4.810349	1.569408	6.630367	22.889984	15.283193	25.573171	2.972627	6.3901191	4.385989	8.401347	20.9795544	12.685517	3.5627262	14.004908	8.437313	4.0317441	4.534053	0.8411333	1.553874	0	0.328704	0.839639	0.340095	1.207414	0.45045	8.695523	0.530504	1.333165	0.265252	2.020481	5.366044	7.0234559	1.557599	0.456823	6.056167	3.330758	0.257294	9.336498	0.2334218	3.9842391	0	0.843185
M00144	12.3396347	2.8838751	0	28.1232112	1.789361	142.7041188	0	18.5672445	0.474343	81.398249	50.7063498	3.9900086	6.5909298	0.210526	4.566301	7.9406979	0.1627636	175.2478462	3.3072563	269.3128053	1.0903772	0	9.667863	15.95300076	26.2283695	8.7002165	0	25.1638534	6.186097	0.420333	4.9914429	2.442832	33.1943533	13.0816951	0.824023	1.929114	20.6098818	20.4926123	0.4179357	10.9805222	72.164829	22.0341861	0.955414	27.146083	139.7829427	23.2584398	21.82089568	0	5.165795	37.2982324	0	3.724982	0	8.7125664	0.807671	105.8053935	0.349854	3.6142913	3.2806468	42.9264541	12.9635838	8.7160267	7.6451464	25.8985204	66.8112992	34.995115	113.7465897	11.8260803	32.256065	19.0150614	0.511628	0	11.648042	0.129222	2.2516684	27.2636354	10.11276	6.0351554	44.7479282	140.520673	128.6855603	129.2161534	42.8007438	80.903864	40.054062	62.19923	60.4441979	61.645399	33.61462424	103.31674	153.64070418	37.4239629	24.1246931	42.89338808	4.0945458	1.0309662	0.5570232	6.8478058	1.604705	5.1262021	3.4230988	49.177516	4.1354265	3.2927419	0.826903	8.5273183	7.8747501	19.7178368	6.7804112	4.1196733	36.8377259	19.9898801	5.2426433	115.7068794	1.1252502	74.5132472	0.647779	8.1474776
M00149	3.0539509	0.091954	0	5.8065711	0	29.122296	0	5.6924961	0.246305	12.372467	13.4135121	0.1636662	1.7583391	0	0.8532661	6.9041812	0	16.3126188	1.2598662	36.7824014	0.162562	0	2.3156512	1.774451	2.9023152	2.2208126	0	2.9667691	0.400657	0.0285171	0.09319	0.18	7.0918283	3.491321	0	0	3.9920351	4.9206963	0	3.5184179	37.035931	0.9339364	0	4.5316	41.8476175	2.608137	7.1587186	0	1.9740154	12.944424	0	0	0.0818331	1.355081	0.40824	14.0851301	0	0.145773	0.0818331	10.6207508	1.939564	1.0216011	0.8871241	4.1168964	11.424861	4.671484	6.8490821	2.2747473	7.5538909	4.4076111	0	0	2.042623	0	0.163666	10.726922	2.8442707	0	12.1000606	24.7316373	64.575447	49.2167814	3.940558	23.3704821	8.5820462	35.204995	29.0383697	6.6892722	3.9302142	34.6662669	8.8879304	3.9081863	4.2616243	2.0744248	0.5898535	0.719598	0.246305	1.418889	0.41173	0.490969	0.2454991	13.6999155	0.492611	1.194865	0	2.504952	3.934369	9.5000061	2.422694	1.819653	10.304738	8.2234552	0.917297	30.0202477	0.0818331	0.8951943	0	0.8575701
M00153	1.9507916	0.7640416	0	0.151057	0	13.7565505	0	5.066057	0.0312185	16.9613527	8.0503856	0.151057	1.842901	0	1.079574	1.772441	0.33557	28.377673	0.703737	42.5128511	0	0	1.255287	0.790876	8.1280377	1.4785385	0	7.5706194	0.435045	0	0.453172	0.665676	4.631598	1.999516	0	0.603223	1.38811844	1.94731	0	2.107151	68.058986	2.329305	0.148036	8.35687	20.341402	6.972238	4.2054304	0	0.8767884	2.2048194	0	0.0166667	0	2.980564	2.13043	19.6558582	0.151057	0.717171	1.70942	5.969483	5.258628	1.775009	1.4245317	8.1762429	5.767789	5.757297	44.130302	1.096105	7.5984078	5.3041682	0	0	1.262125	0	0.123867	4.1203141	3.9243891	2.830657	10.0786013	10.4420765	25.875236	33.0246138	8.353477	17.901662	5.740422	16.917536	19.853849	16.395449	11.4488779	27.266866	10.0489383	14.0169366	7.189322	4.85925	1.569483	0.258811	0.151057	2.4523704	0.374271	0.918175	0.302114	12.422286	1.412175	0.25	0	4.660445	3.358324	5.767265	3.0449815	2.1263848	4.456225	2.3841631	0.604229	14.2814065	0	13.832544	0.167785	0.850956
M00157	13.673686	2.288471	0.615709	5.430911	2.192729	105.2613406	0	39.0894421	0.294909	82.4292714	17.568114	8.007804	14.4709308	0.316456	21.7361474	12.0983436	0	164.0980058	3.649143	251.439407	4.272727	1.518616	6.224848	30.206903	23.8035006	10.4269481	0.183951	18.741374	7.023456	0.147744	8.709905	2.412822	23.644659	18.252465	3.569606	4.085008	16.092976	18.389827	0	21.2666293	79.630038	3.4684864	1.851608	12.6190269	168.815134	19.4873598	17.428776	0.0883002	8.623772	39.511493	0	8.8156579	0.418653	2.040945	3.6781782	96.781663	0	6.1917575	0.800859	47.1655402	17.076263	15.3965626	3.0608168	56.431403	72.887188	64.7435826	24.0185089	16.91501	82.9737995	15.4686089	0	0	7.271183	0.427545	7.707935	40.2999327	9.2786148	5.9182154	55.89005	62.9159765	119.9214062	299.997338	38.0722538	67.7197093	61.9420624	67.0945437	147.740707	64.60021754	18.8975033	218.569024	42.1480503	10.8867989	11.482806	6.1904334	6.2108965	0.209206	0	4.1774903	0.390107	3.206297	0.357742	62.4405137	2.640817	4.28985	0.41841	7.0656411	9.4130608	22.0451927	10.458994	10.5471214	22.9883512	13.499381	4.709292	39.10252042	0.0917722	16.530151	0.79114	1.826907
M00165	5.6643397	0	0.17331	1.3718775	0	11.143045	0.376068	1.066084	0.0805153	3.9220947	6.8316044	0.1931283	0.5765201	0	0.1982711	1.583494	0	22.031897	0.497367	32.2152838	0	0	0.483092	2.7284766	3.526167	2.2817598	0	1.581112	0.8120642	0	0	0.3552131	3.3431994	2.3235096	0.321524	0	4.6513693	2.450495	0	4.6483943	11.2973896	0.43342	0.161031	6.9184926	17.2120163	2.1719153	3.7765436	0	0.6515778	3.6405993	0	0.3816623	0	0.5159444	0.272357	8.1490094	0	0.6002661	0	5.1388676	0.810218	11.4958874	1.9632056	4.519811	8.0683703	1.6419355	4.1246244	1.8449566	4.2495019	5.8494919	0	0	0	0	0.0805153	6.0777853	0.717578	0.554453	5.18196757	11.6864876	28.264156	41.1573006	2.60923	2.9194713	4.1716876	3.7482667	14.7727323	4.6454744	0.929926	19.6914	3.9675223	1.9367657	3.2591427	0.51196848	0.7525568	0.131579	0.916667	3.7372774	0.7390583	1.376454	0.2538253	10.4472604	0.8971961	0.161031	0.241546	1.079727	5.8533319	6.0209503	1.4824128	7.5175871	6.2679653	5.2900426	0.4191528	15.6876267	0.0805153	1.383419	0	0.2693939
M00166	0	0	0	0	0	0.772727	0	0	0	0.659091	0	0	0	0	0	0	0	0	0	0	0	0	0	0	0	0	0	0	0	0	0	0	0	0	0	0	1.86111	0	0	0	1.53704	0	0	0	0	0	0	0	0	0	0	0	0	0	0	0	0	0	0	0	0	0	0	0	0	0	0	0	0	0	0	0	0	0	0	0	0	0	0	0.931818	0	0	0	0	0	0	0	0	0	0	0	0	0	0	0	0	0	0	0	0	0	0	0	0	0	0	0	0	0	0	0	0	0	0	0	0	0	0
M00167	5.6643397	0	0.17331	1.3718775	0	10.370318	0.376068	1.066084	0.0805153	3.2630037	6.8316044	0.1931283	0.5765201	0	0.1982711	1.583494	0	22.031897	0.497367	32.2152838	0	0	0.483092	2.7284766	3.526167	2.2817598	0	1.581112	0.8120642	0	0	0.3552131	3.3431994	2.3235096	0.321524	0	2.7902593	2.450495	0	4.6483943	9.7603496	0.43342	0.161031	6.9184926	17.2120163	2.1719153	3.7765436	0	0.6515778	3.6405993	0	0.3816623	0	0.5159444	0.272357	8.1490094	0	0.6002661	0	5.1388676	0.810218	11.4958874	1.9632056	4.519811	8.0683703	1.6419355	4.1246244	1.8449566	4.2495019	5.8494919	0	0	0	0	0.0805153	6.0777853	0.717578	0.554453	5.18196757	10.7546696	28.264156	41.1573006	2.60923	2.9194713	4.1716876	3.7482667	14.7727323	4.6454744	0.929926	19.6914	3.9675223	1.9367657	3.2591427	0.51196848	0.7525568	0.131579	0.916667	3.7372774	0.7390583	1.376454	0.2538253	10.4472604	0.8971961	0.161031	0.241546	1.079727	5.8533319	6.0209503	1.4824128	7.5175871	6.2679653	5.2900426	0.4191528	15.6876267	0.0805153	1.383419	0	0.2693939
M00168	0.729167	0.217391	0	0.512456	0.239234	32.881257	0	3.799904	0.177936	9.998637	3.277345	1.679718	1.559905	0.355872	6.264532	5.390593	0	23.622929	1.323822	20.221057	0.177936	0.27758	0	4.198328	1.413761	1.238496	0	1.376038	0.26809	0	0.821053	0.460261	5.209285	5.298821	0	1.112494	3.708187	4.803763	0	4.78383	30.444755	0.46382	0	12.962209	23.726816	3.5658119	4.678068	0	3.903373	9.623429	0	1.629894	0	0.355872	1.354995	38.168094	0.712039	0.967972	0	5.275357	4.062145	4.478471	2.352101	8.7778573	11.950182	39.488817	2.430602	0.6391169	11.549739	2.84223	0	0	0.729927	0.335706	0.507711	11.7091605	2.703441	0.807492	12.242335	39.57706	22.097049	45.389062	3.176752	20.638312	15.195075	30.379794	19.401115	8.490371	6.134738	27.621595	9.121227	3.2981054	2.9146228	1.744741	0.865955	0.974371	0	4.200896	0.177936	0.509206	0.177936	20.014588	0.355872	0	0	1.4039069	2.959635	9.44855196	2.90131	1.406245	1.275207	3.274712	1.562278	10.435462	0	3.512655	0	0.109134
M00169	6.383372	2.8578262	0.465658	15.0389021	0.6985543	45.773691	0.1165503	8.759653	0.299573	59.846703	11.038556	1.057378	6.038443	0	4.1058431	5.0096181	0.1164144	182.90802	2.620114	149.933013	0.0583431	0	7.068921	16.5518129	11.889069	3.851955	0.0582072	9.9257657	1.577286	0.0582751	1.410555	2.688922	13.3581092	15.7088982	0.4074502	1.1611174	6.049487	11.545582	0.15371	5.4136116	58.822124	4.001955	0.717839	19.032412	156.56875	28.604692	9.1508492	0.0582072	7.0851102	19.8638832	0	1.9329602	0	3.0786511	0.995343	19.3152618	0.0582072	2.753935	0.1165503	52.059104	8.9159271	9.462933	3.867548	18.4006161	33.642373	23.4509282	20.642733	6.384691	37.848938	5.0937981	0	0.116414	1.16545	0.0582072	2.833203	54.1438779	17.1959405	4.206199	31.4359052	42.010299	36.5795752	128.165318	18.62468	51.862195	38.779658	42.276588	282.652088	32.8148693	12.2097644	88.0685333	34.672659	19.591211	7.756615	17.8067932	2.6581592	0.2668381	0.0582072	3.455968	2.6529083	4.524556	0.6292032	18.2316825	1.4743514	1.0186724	0.232829	8.322654	8.1686602	12.967464	4.4537284	5.9145998	29.396815	18.215575	1.715271	16.659752	0.427451	14.246308	0.116414	6.859152
M00170	8.046846	1.690198	0.204918	7.46213	0.307377	116.688056	0	19.61642	1.192086	25.366261	25.0371965	0.812535	7.460884	0	4.125689	6.171813	0	21.937561	0.366311	123.451106	0.715847	0.680106	2.85383	5.07289	20.2701	7.908328	0	46.95597	2.064818	0	1.0154058	1.786884	20.521631	6.638692	0	2.06816	10.259353	14.370516	0.396175	12.718401	31.99874	15.041146	1.757214	24.625978	21.095121	21.79919	18.925498	0.0819672	11.47733	53.673094	0	5.052362	0	11.981	1.82969	167.477192	0.102459	3.490877	1.039825	17.3164	7.636579	21.414982	7.80242	27.72078	45.6284285	4.09699	81.170003	5.437511	9.837822	25.995227	0.135135	0	14.486937	0.852348	1.484829	5.791467	4.347705	8.396627	17.66298	133.370468	164.368317	59.14129	91.64457	55.99893	41.323286	92.748217	29.69775	11.493089	25.67042	159.392648	48.633702	45.26605	31.173837	86.068199	6.416658	1.233352	1.000557	10.801398	1.2216523	3.43115	2.463858	88.695333	2.379213	4.204479	1.037801	11.464169	6.68854	29.764778	4.547464	5.734921	14.97609	26.602108	5.651021	148.640491	1.031501	19.043652	0	4.518962
M00171	6.383372	2.8578262	0.465658	15.0389021	0.6985543	45.773691	0.1165503	8.759653	0.299573	59.846703	11.038556	1.057378	6.038443	0	4.1058431	5.0096181	0.1164144	182.90802	2.620114	149.933013	0.0583431	0	7.068921	13.6351429	11.889069	3.851955	0.0582072	9.9257657	1.577286	0.0582751	1.410555	2.688922	13.3581092	15.7088982	0.4074502	1.1611174	6.049487	11.545582	0.15371	5.4136116	58.24805	3.364274	0.717839	19.032412	155.56875	28.604692	9.1508492	0.0582072	7.0851102	18.6231432	0	1.9329602	0	3.0786511	0.995343	19.3152618	0.0582072	2.753935	0.1165503	52.059104	8.9159271	9.462933	3.867548	18.4006161	33.642373	23.4509282	20.642733	6.384691	35.941528	5.0937981	0	0.116414	1.16545	0.0582072	2.833203	54.1438779	17.1959405	4.206199	31.4359052	42.010299	36.5795752	120.933838	18.62468	51.862195	38.779658	41.683995	278.865048	32.8148693	12.2097644	88.0685333	34.672659	19.591211	7.575456	17.8067932	2.6581592	0.2668381	0.0582072	3.455968	2.6529083	4.524556	0.6292032	18.2316825	1.4743514	1.0186724	0.232829	8.322654	6.6131002	12.967464	4.4537284	5.9145998	29.396815	18.215575	1.715271	16.659752	0.427451	14.246308	0.116414	6.859152
M00172	6.383372	2.8578262	0.465658	15.0389021	0.6985543	45.773691	0.1165503	8.759653	0.299573	59.846703	11.038556	1.057378	6.038443	0	4.1058431	5.0096181	0.1164144	182.90802	2.620114	149.933013	0.0583431	0	7.068921	16.5518129	11.889069	3.851955	0.0582072	9.9257657	1.577286	0.0582751	1.410555	2.688922	13.3581092	15.7088982	0.4074502	1.1611174	6.049487	11.545582	0.15371	5.4136116	58.822124	4.001955	0.717839	19.032412	156.56875	28.604692	9.1508492	0.0582072	7.0851102	19.8638832	0	1.9329602	0	3.0786511	0.995343	19.3152618	0.0582072	2.753935	0.1165503	52.059104	8.9159271	9.462933	3.867548	18.4006161	33.642373	23.4509282	20.642733	6.384691	37.848938	5.0937981	0	0.116414	1.16545	0.0582072	2.833203	54.1438779	17.1959405	4.206199	31.4359052	42.010299	36.5795752	128.165318	18.62468	51.862195	38.779658	42.276588	282.652088	32.8148693	12.2097644	88.0685333	34.672659	19.591211	7.756615	17.8067932	2.6581592	0.2668381	0.0582072	3.455968	2.6529083	4.524556	0.6292032	18.2316825	1.4743514	1.0186724	0.232829	8.322654	8.1686602	12.967464	4.4537284	5.9145998	29.396815	18.215575	1.715271	16.659752	0.427451	14.246308	0.116414	6.859152
M00173	43.2432319	8.3602451	1.510581	39.4077868	6.2533243	356.1767433	1.2590403	90.9539627	1.713591	186.1152019	67.31416481	12.9849155	26.8782351	0.531003	27.5422693	31.060768	0.2314065	517.5943858	10.8390299	642.9449269	1.9446935	0.5402767	19.2367532	93.0665228	55.6770492	18.2889118	0.1586092	48.3505022	8.4633468	0.2221291	14.1793846	7.3383589	64.2230266	50.903177	3.3136739	6.0430721	30.3462042	59.8269755	0.2433157	39.2894725	270.707741	13.0268577	2.558817	67.3864269	461.6762359	88.400189	49.95994896	0.0582072	22.5485114	79.33636502	0	12.6142437	0.4818083	15.5659739	6.7004768	210.2441559	1.3088961	14.3823068	1.8030123	201.7602062	56.011269	34.4456039	22.2134601	76.1552132	144.2995914	121.8535696	66.0612134	51.9320883	173.8159433	33.8160463	0	0.2039797	12.9100437	1.575388	7.9153338	155.8505926	51.3462071	26.5368345	157.5340691	234.0657082	289.2058369	616.2146951	89.220575	223.8703495	177.0216993	213.8648945	627.7513086	201.9853622	49.7174298	404.6445365	159.9076818	50.305743	35.3531704	29.3873665	15.8859313	2.7850313	0.8205082	20.0307967	5.4204154	11.7680735	2.9028144	144.1945744	14.5580042	9.1726939	0.4320978	50.9167859	47.8800461	75.68785876	32.5679749	19.3427524	114.6327924	55.6077533	10.7241455	111.041215	0.9425784	50.9113056	0.307653	15.0344169
M00178	177.3676871	22.9924741	4.0123	141.3754648	7.6253365	1685.638459	3.776901	196.929612	3.4834878	622.17482	354.95084	49.498158	123.64446	2.419031	102.4055877	73.4113271	4.806985	1371.7951375	72.100804	2692.859469	26.1605297	2.700566	53.2759021	219.823215	261.9804884	82.8585451	0.766542	349.938739	116.454854	5.001567	31.017711	32.6326952	284.159466	164.6083934	12.83802	29.641944	178.217181	217.87171	4.4302048	135.3760284	1149.675475	167.468393	5.7581902	310.8211358	988.738673	328.988388	221.865342	2.9068508	82.588997	346.3676071	0	48.770012	3.1315632	125.541546	41.7700051	1914.614408	3.7349111	41.8593812	12.5579881	308.2334919	239.960013	293.9638728	63.2595274	368.8027191	713.911927	264.072779	505.1062341	105.4299703	393.574037	183.014581	5.56993	0.887574	267.110981	7.630918	39.9243816	310.0704763	156.67579	95.7956886	448.2462249	1013.695119	1798.247057	1311.6695727	336.349078	780.617673	436.107869	655.180465	833.7508598	458.17475	426.329879	1622.1359474	762.2820554	308.239294	343.431518	241.7728117	51.607572	82.5685988	4.8192301	109.77146	21.9452974	186.654664	16.5422281	436.8091616	36.7882788	37.1409801	23.5028211	66.4663623	115.07762	352.18541	73.630344	94.7129266	184.500989	115.5940921	33.326345	751.0411318	6.993101	414.949929	2.620749	47.588306
M00179	83.697123	15.183101	0.90923	104.4483	6.238315	744.257937	2.144271	115.373317	1.066197	407.805123	197.623888	29.368068	66.799247	0.928135	50.784155	38.719237	0.910357	738.1051585	34.910723	1829.58372	5.906275	1.638716	35.845498	120.435894	133.409322	52.1256111	0.282974	171.103873	87.613779	2.719424	10.724061	24.7504012	151.53931	91.096026	9.599832	12.013975	107.014806	108.954162	2.594669	79.348775	707.730872	92.458467	3.775396	160.0208918	628.705449	103.93112	127.379755	0.396825	30.65981	183.0875931	0	22.719455	0.868077	36.447203	17.687052	802.086802	3.459682	25.6291081	9.083348	209.6145418	70.455548	193.165875	38.649932	200.131256	473.426786	70.300463	248.1750891	64.405171	280.054275	114.644268	3.805752	0	97.706538	3.552486	14.4221526	169.9889993	62.492748	73.653837	269.785738	602.435242	1043.872624	798.2402867	231.674715	377.306843	243.599168	372.153772	470.6784834	291.482929	232.005985	978.2379684	444.4125694	168.415348	215.804366	139.9621616	23.925352	59.794487	1.979227	39.983955	15.613027	14.28952	8.580486	229.4931366	18.6700458	18.859038	11.481258	42.3481909	41.242333	136.208968	33.920087	54.392578	96.704272	63.173212	16.100461	372.3627948	2.171618	169.140732	0.996166	19.570955
M00183	24.7174532	5.477599	1.1638298	76.3561981	1.405549	218.150541	0.0355366	32.3094462	1.611926	138.189054	49.3281471	7.9384928	25.8035375	0.5349251	17.312872	9.9840894	0.1129772	373.7950072	5.7507679	748.673872	0.9264395	0.1421464	3.0628358	42.4563267	37.4215828	20.8601665	0.0570935	64.7697937	6.8244505	0.2696088	2.998223	4.0235336	64.9085009	41.5075072	2.30459	4.0340669	31.32169207	39.0393852	0.4167366	23.7213596	149.047627	20.297507	3.1799447	41.3228084	283.6927371	50.7221362	53.3419351	0	11.7775457	68.9136922	0	4.454624	0.2584646	14.4817566	5.88996	241.444281	0.6009823	5.4672942	0.8254543	83.7062094	12.3511491	36.62235	9.1324324	32.0715872	158.860066	33.1326745	60.0513129	29.4181295	68.9586305	35.6215167	0.4264392	0	1.711909	5.3404752	1.6528966	101.624571	15.1295408	9.7986886	83.3099687	181.424093	506.4599203	490.6990393	82.7999797	102.551408	66.7431111	130.425947	182.5086525	123.1737651	29.0906905	250.3305073	65.2825759	36.6425028	41.6039269	16.2519629	10.527952	0.8403809	0.3508259	7.536786	22.6859056	6.536008	1.4487269	104.0343322	1.6420958	3.5086848	1.2246188	17.6577465	17.0674912	26.4291826	16.7120374	7.3126196	29.1927238	23.0570518	4.3529728	86.6442521	0.7527892	15.3579468	1.2017623	1.8094233
M00188	0	0	0	0	0	0	0	0	0	0	0	0	0	0	0	0	0	0	0	0	0	0	0	0	0	0	0	0	0	0	0	0	0	0	0	0	0.485437	0	0	0	0	0	0	0	0	0	0	0	0	0	0	0	0	0	0	0.485437	0	0	0	0	0	0	0	0	0	0	0	0	0	0	0	0	0	0	0	0	0	0	0.485437	0	0	0	0	0	0	0	0	0	0	0	0	0	0	0	0	0	0	0	0	0	0	0	0	0	0	0	0	0.485437	0	0	0	0	0	0	0	0	0	0
M00210	2.39304	2.443853	0	3.287073	0	43.602874	0	0.180505	0.469889	10.912696	24.755869	0.768789	6.17609	0	0.896948	2.721846	0	30.39785714	1.4141288	69.5143433	0.66735	0	0.242718	3.678972	14.760708	3.899681	0	18.8527618	2.238546	0	0	1.480909	7.90577	3.1843102	0	0.92054	6.9678913	4.9661108	0.227273	0.990982	23.9252939	4.385806	0.722022	6.654748	27.19274	22.570638	6.988074	0	1.1942306	4.465403	0	0.417387	0	5.2292339	0.180505	48.744167	0	0.988731	0.180505	11.726968	3.573302	4.574135	2.73683174	11.405056	12.5554971	17.806674	16.997545	1.45540227	5.0240849	5.507037	0	0	1.594464	0	0.1436265	8.279463	0.932248	5.261388	13.3317484	16.1909476	50.314708	48.587555	11.891628	19.969561	19.983215	18.58603	38.4576785	13.6311039	4.5427457	59.853625	8.3917057	6.264341	14.614944	4.918294	3.177812	0.0505415	0	3.482402	1.042427	0.722819	0.657589	24.353622	1.372086	0.876828	0	3.847493	9.626031	20.5583526	4.6179962	2.8137907	9.924652	7.0204667	2.57321	13.59949512	0	3.644897	0	1.401695
M00222	0.423351	1.78495	0	6.71818	0	9.900093	0	1.96078	0	1.977676	8.208413	1.15152	0.460829	0	0	0.230415	0	0.423351	0	0.184314	0.192308	0	0	0.0645161	2.551419	0.381699	0	5.017938	0.392157	0	0	0.227273	1.76873	0.194771	0	0	5.76993	1.957302	0	0.614439	2.886413	0	0	0.192308	0	0.477896	0.706581	0	0	1.139506	0	0	0	0.588235	0	0.388386	0	0.196078	0	6.076658	0	0	0	1.37634	0.0551282	0	0.819759	0.886394	4.399829	1.806979	0	0	0	0	0.195084	0.68496	0.423351	0.196078	7.48206	12.02362	9.426284	16.59205	0.681818	1.37255	1.03975	0.196078	49.674132	0	0.588235	16.19033	1.908668	8.21601	6.007377	1.05098	0.196078	0	0	0.784314	0	0.576923	0	5.684909	0	0.101961	0.192308	0	11.271686	4.898979	0.960256	0.196078	0	2.553088	0.196078	0.96078	0	0.773001	0	0.351206
M00240	0.6893197	0.274725	0	4.028471	0	8.517102	0	1.353611	0	2.98736	1.973121	0	0	0	0.249554	0	0	13.685211	0.166667	25.363428	0.26738	0	0	0.274725	1.0392791	0.888111	0	2.90927	0	0	0	0.40983	1.1742427	0.845213	0	0.534759	0.311635	1.489111	0	0.761762	10.511353	1.052612	0	0.365026	15.172517	4.038797	0.9351667	0	0.3672017	1.636563	0	0	0	1.847104	0.375661	8.2521362	0	0.805014	0	6.4100381	1.477153	1.0546396	0.1707594	0.268817	5.716193	4.627282	1.938846	1.012778	1.601469	1.070956	0	0	0	0	0	4.150686	0	1.69959	4.299935	6.964529	4.829118	19.682244	2.684917	6.821611	2.282973	4.971528	11.7902948	2.69608	0.819031	11.40446	7.0703029	3.015632	0.9422	0.26738	0	0	0	0	1.117633	1.033868	0	2.327961	0	0	0.399287	1.35417	1.235406	1.700427	0.0866463	0	3.16779	0.532057	0.277249	2.910774	0	0	1	0.284091
M00254	0.937989	0.401525	0	0.976652	0	8.6823723	0	0.514318	0	5.154608	12.955835	0.59983	1.5381873	0	0.328994	0.996016	0	10.3196749	0.217527	15.898754	0	0	0.248756	0.4534909	14.934584	3.2450762	0.248756	10.869071	0.543755	0.145349	0	1.604757	2.5825881	0.26455	0	0.497512	2.1134016	3.069575	0.794494	0.891617	7.0230161	3.888091	0	2.060862	14.635599	6.469038	2.438255	0	0.248756	3.5780468	0	0.115016	0	4.090355	0	5.3244131	0	0	0.248756	2.009141	0.664317	2.046742	0.248756	3.837896	4.651343	1.523678	11.364277	2.774019	4.241989	0.9538692	0	0	1.09063	0.205357	0.145349	3.565109	1.294861	0.223214	6.6814759	13.2805182	20.55643498	27.098551	3.98772867	4.9448984	8.834855	8.67925	7.39221022	5.202462	1.0931527	11.6347306	10.870241	9.743506	9.5075557	5.3301374	0.207364	0.248756	0	1.645763	0	1.274951	2.324483	12.510435	0.7346652	1.191039	0	0.719533	3.839817	4.956072	0.722125	6.956508	0.939748	6.238689	1.134328	14.2125075	0.199005	6.834753	0	1.4102784
M00255	0.381222	0	0	0	0	4.451831	0	0.409836	0	1.4162677	2.595045	0.121359	0.238095	0	0	0.182149	0	2.589555	0	6.50469	0.136452	0	0.391651	0.553668	4.471995	0	0	3.140787	0.273224	0	0	0.15528	1.60681	0.2557635	0	0.320472	2.4932578	0.262467	0	0.139276	4.8916535	0.229738	0	0.136612	2.785504	2.7818923	0.00273224	0	0.778007	1.850426	0	0	0	1.282865	0	6.187957	0	0	0	1.0522995	0.273224	0	0.136612	0.260417	2.673541	1.3196574	2.0841024	0.51339	1.497183	1.1792997	0	0	0	0	0	1.798587	0.3399993	0.387925	1.335112	3.168209	7.1391509	3.2769773	0.690145	1.618123	1.843896	2.510698	2.532021	0.310502	1.366884	6.8220102	1.341679	1.799554	2.262566	1.0070842	0	0	0	0.3718567	0	0.283589	0	4.09742	0.136612	0.342466	0.2240591	0.2274387	0.282092	2.15174	0.7804158	0.0668403	0	0.0537341	0.269484	1.460158	0	1.574426	0	0
M00256	2.861737	1.053082	0	1.9765434	0.455099	48.414548	0	1.458677	0	8.1623898	21.473349	0.22831	1.083712	0	1.603534	1.8183	0	30.037076	1.8939777	43.343733	0.205761	0	0	3.978598	12.300084	2.67219	0	18.797332	2.134584	0.171994	0	1.251256	6.0379953	2.060593	0.800839	0	5.9424325	2.998321	0.205761	1.752588	17.907126	3.162745	1.04938	1.726911	21.031501	12.2745084	5.8855034	0	2.843258	11.01027	0	2.253201	0	7.154256	0	58.223442	0	0.702062	0.867168	6.905735	6.996148	1.93134	2.6957337	9.69611	11.076143	7.275776	13.083331	4.215869	8.387398	7.0154716	0	0	0	0	0.964554	6.440345	2.295043	2.114773	9.716286	23.27174	50.202748	29.897977	8.8067927	14.90894	18.7378202	12.06341	19.138317	28.200885	3.659673	51.459117	11.270291	7.930239	10.951142	2.575892	2.367087	0.490017	0	3.962285	0.5848165	0.921082	0	39.607156	1.237565	1.935109	0.351759	6.9933	9.3460078	21.660648	7.447043	3.197854	10.290601	15.149752	1.7249479	15.346388	0.448911	6.9128195	0.280899	2.702278
M00260	6.9535746	1.5606747	0.0420168	12.811099	0.7176087	39.3953297	0	1.7519887	0.2196368	12.3941726	14.8980202	0.5087288	2.5324482	0.5165881	3.0926209	1.0646358	0	38.8811999	0.3966268	51.1091561	0.561818	0	0.9341516	7.6358067	33.2789933	2.107716	0	14.5992069	0.7856408	0.149925	0	1.7475554	5.5715103	6.1033418	0	0.214141	3.10597528	10.5971453	0.0888099	4.0611963	31.7299086	3.39755	0.6253526	5.9116247	35.8940081	13.9098209	5.2798391	0	2.5708769	8.9120819	0	2.455755	0.3417233	2.0197	0	37.2388003	0	2.6430414	0.2048828	10.9667204	3.5623739	4.8271929	1.0320585	8.3466275	18.6096267	9.104637	11.2428066	4.7018456	11.9599913	6.2831	0	0	0.8214057	0	0.5239786	17.5242249	4.6513611	3.54779411	22.9495916	25.56051046	45.40054828	73.7208832	15.6286476	18.6326989	11.4679354	13.6638368	40.0710077	23.1939709	7.5278891	52.076172	17.0263926	8.2134157	18.5849522	3.772849	1.6236226	0.088968	0	3.267996	0.7656396	3.0136352	1.6200466	26.2903591	1.6596513	0.450333	0.801587	3.927603	13.8903096	20.5489496	3.6868071	3.1789112	14.2570528	4.5047747	2.1586555	12.5793222	0.0420168	7.6466102	0	1.2785987
M00307	0	0.376132	0	0.163311	0	0.495684	0	0	0	0.617284	0	0	0	0	0	0	0	1.421396	0.125313	0	0	0	0	0.123457	1.234568	0	0	0	0	0	0	0.123457	0.246914	0.784972	0	0	0.246091	0	0	0.123457	2.488277	0.125313	0	0.246914	3.785792	0.337449	0.123457	0	0	0.246914	0	0	0	0	0	0.123457	0	0	0	0.493827	0.246091	0.122634	0	0.123457	0.493828	1.151441	0.67017	0.246914	0.463643	0.123457	0	0	0	0	0	2.336222	0.167785	0	0.4312759	0.590829	0.742597	3.9011358	0.232099	0.662552	0.123457	0.2098768	1.85021	0.246914	0	0	0.397531	0.246914	0.229277	0	0.123457	0	0	0	0	0	0	1.919553	0	0	0	0	0.786832	0.493004	0	0	0.987654	1.125313	0.246914	0.370371	0	0	0	0.381679
M00311	14.0320921	1.6578442	0	7.248682	4.079526	96.5607033	1.14249	13.230589	0.331783	30.8591789	15.46060131	3.225819	6.963721	0	8.2944674	4.0458024	0	102.7985283	1.778625	144.8997165	1.020386	0	1.403842	12.3414582	26.180806	5.4102518	0	18.3961303	2.316455	0.0480769	4.7924796	3.107689	14.8451051	10.7779314	1.13995	2.4979785	6.8483501	15.3342908	0	7.5747904	52.078778	5.0630582	0	9.4178503	60.7965507	21.5273043	14.04684046	0	3.7986019	11.62155882	0	1.410689	0.3999752	7.4100506	1.9678947	48.5852191	0.228632	3.1327167	0.6619802	33.1302124	12.7657015	2.5848572	3.845108	25.6448494	25.4702049	21.5292807	16.2523572	14.3300403	42.0460394	9.2631281	0	0	0.641026	0.172987	0.266908	46.6718328	22.4030942	7.395029	35.4350153	50.1175119	86.3802137	218.1428432	13.97863	52.282157	36.2016772	27.5176865	97.2241449	59.902845	6.8756322	108.2994841	27.85573	10.3972751	11.2844759	2.7491901	9.0025745	0.174216	0	4.035738	0.540867	3.590809	0.601191	42.3635227	7.681555	1.739105	0	10.649583	15.9626089	19.7749007	9.9940005	4.0865069	6.373794	8.3419861	1.5721683	25.0351073	0	4.8785922	0.191239	2.6869253
M00320	2.7595125	1.9524529	0	3.9908158	0	31.8532479	0	5.135834	0	9.308543	22.0689104	1.136034	1.392571	0	0.4224484	0.536569	0.0846024	22.3218344	1.7855928	43.5470969	0.0847458	0	0.142132	2.3380876	16.8310814	2.1780523	0	21.0374063	1.394878	0	0.676819	1.944661	9.603689	1.353074	0.0846024	0.150028	6.502258	2.4602522	0	0.9560845	15.2818808	5.608715	0	5.511753	9.5064774	11.6360674	3.8010404	0	2.1334318	4.7124976	0	0.9733708	0	6.7222496	0.0846024	37.065106	0	0.6751552	0.6193088	5.209925	2.1333244	2.3895774	0.9958304	6.755769	12.5521088	2.1065904	23.456734	1.9196062	12.1207321	3.6818812	0	0	1.695498	0	0.3898798	5.5434572	2.2566947	1.429012	8.143012	16.9458882	48.248218	23.7659648	11.6442604	15.1197802	8.4545488	9.731946	19.7394138	4.5440674	5.3062329	47.7820734	11.9388642	14.2660534	17.1758195	4.0157594	2.7618444	0	0	3.3207447	0.5599358	0.338409	0.3885028	15.2995925	0.8230428	1.4426104	0.285956	1.54466196	7.8838172	18.0922462	5.9060258	1.1862664	5.1097668	3.3634418	3.0645854	11.7107619	0	8.8060584	0.2610246	1.0943554
M00335	39.3661907	6.6226604	1.659863	76.6085035	1.937687	211.3804375	0.542402	54.8803195	0.638719	155.1587346	132.0328179	13.7620733	23.2135045	0.52141	26.3948908	16.1598313	0	337.404834	8.1537936	675.6239379	2.1596117	0.251889	8.1640316	50.6565222	71.8824119	14.364433	0.2048315	86.6630986	18.45157	2.2365549	10.878322	9.9606516	56.2022607	29.8870223	4.48887	6.264324	48.1377676	44.5322946	1.289656	24.13277782	183.19798	21.6283806	2.428084	45.9410359	340.3420926	86.4725563	41.9239983	0.267381	13.9267447	86.868731	0	9.1109361	0	21.758219	6.7987902	169.6826253	1.0547241	8.4200197	1.7040907	110.3234617	46.6877124	29.8169875	14.2293948	94.0183876	143.0910628	67.4435213	108.8750852	39.2862367	99.478103	27.8957303	0.1541133	0.10101	15.471481	2.2083975	4.9298939	74.1374931	21.3535949	21.8041842	106.2571225	182.1389919	309.7322831	372.5744056	129.4550008	156.1569236	79.8911086	162.0198483	243.07549151	146.7613238	66.0069326	273.5740606	125.3482111	82.0275668	82.0552201	38.5510534	8.0980592	0.4699508	1.1062747	22.0239104	3.6313662	7.0684871	2.8154955	89.2530528	13.2557475	9.8800403	1.191106	24.2954677	22.3822753	57.6244544	17.0065921	14.4034804	54.1332995	38.4497305	5.7952018	88.5174938	0.4934791	39.0940373	1.4086233	8.8407624
M00344	3.66961	0	0	0	0	0	0	0	0	0	1.675	0	0	0	0	0	0	0.275	0	0	0	0	0	1.99005	0	0	0	0	0.791667	0	0	0	0	0	0	0	2.55	0	0	3.15	0	0	0	4.30833	0	0	0	0	0	0	0	0	0	0	0	0	0	0	0	0	0	8.32338	0	0	0	0	0	0.391667	1.275	0	0	0	0	0	0	0	0	0	0	0	0	11.745025	0	0	0	0	4.43333	0	0	0	0	0	1.59167	0	0	0	0.916667	0.248756	0.497512	1.215423	0	0	0	0	0	0	0	0.248756	0	6.38143	0.497512	0.497512	0	8.24167	0	0	0	0
M00345	4.706285	0	0	8.042644	0.362319	30.468729	0	12.034185	0.181159	9.906382	7.193016	0.506892	2.686103	0	2.059674	2.698664	0.362319	46.7542733	0.525185	40.9870892	0	0	1.364661	10.671722	2.951591	0.9565206	0	3.0745177	1.578448	0	0.543478	0.827569	5.217678	3.272534	0	1.449276	3.167421	3.49898	0	6.445001	21.456074	0.6186281	1.26812	13.057117	36.444136	5.793614	1.8027859	0	1.05037	9.538941	0	1.575555	0	0.7705314	1.773115	13.889316	0.240385	2.5229442	0.181159	24.596324	5.220517	10.4882503	2.126727	4.303087	11.74968	8.222974	3.962223	7.265111	18.57646084	4.952505	0	0	0.502415	0	1.35071	15.170343	1.998324	0.965029	13.380115	7.9977333	18.521887	55.818984	2.734296	15.660858	19.739744	10.234241	67.66011	17.423932	3.2434137	50.674822	10.978848	0.926874	3.921249	1.5362052	0.881111	0	0.916667	0.5108329	0.86900431	1.215423	0	8.28997	5.416619	0	0.361111	4.45548	1.746883	3.5037197	0.706343	6.940813	6.337557	1.94648	0.46525	12.484425	0	2.459854	0	0.425392
M00346	6.468006	1.987459	0	9.96681	2.777694	51.058179	0	15.260805	0.177936	18.2931834	11.174735	1.81146	2.9305	0.355872	10.830229	9.310117	0.383142	95.3649728	2.408097	51.8356154	1.661608	0.27758	0	25.378638	6.732563	4.099	0	2.734495	0.8446218	0	4.078677	2.103753	10.1376401	13.500111	1.30915	1.902065	4.588312	10.2366	0	8.552655	61.4412573	0.988603	0	17.8350084	97.827142	28.8406279	9.941842	0	4.560318	22.689525	0	2.140062	0	5.042414	2.580679	44.74493	0.841573	3.21779	0.129534	30.025073	13.420521	8.572746	5.006928	15.5040873	20.113394	49.046279	11.144027	5.199916	21.035535	3.818358	0	0	4.605189	0.335706	0.836415	47.2782825	12.933701	9.02543	32.371002	69.627471	37.768843	103.288633	8.720189	36.4101211	20.099199	41.490375	104.9678694	46.141388	11.4755342	42.260173	35.68572	7.5621465	7.9668108	2.7110903	2.66767	1.152264	0.587771	5.758152	0.647565	2.055998	1.016987	28.710111	1.274977	1.333165	0.265252	16.1126879	17.420669	19.31829786	4.458909	1.863068	13.343464	7.88699	2.984512	19.901494	0.2334218	7.4968941	0.129534	2.481508
M00357	1.9199979	1.0181162	0	6.539075	0.689655	26.081022	0	5.134455	0.142045	27.8610795	7.64497953	0.963068	4.223622	0	3.3608995	3.0650054	0	22.756999	0.6382568	91.7731314	0.142045	0	2.11945	6.9035312	6.3193027	0.72472	0	6.7600811	1.588261	0	0.284091	0.538302	3.0978587	2.899605	0	0.164401	3.992719	2.8031284	0	2.3168267	25.3392056	2.7013494	0	4.1711012	30.0438023	6.4999892	4.6966714	0	2.726244	3.7908719	0	2.250031	0	2.1506902	0.8512011	22.85677272	0.142045	1.5693424	0	10.1652533	2.966806	6.134903	1.5216381	8.5705225	22.8715164	12.4689301	12.6823176	3.907117	16.5672944	4.0776077	0	0.284091	1.420416	0.284091	0.710227	11.643954	1.643923	1.730567	15.8874721	23.2948159	29.078246	30.4883914	28.7141664	26.0083708	26.4445442	26.1647919	66.8415795	12.5697343	7.2607335	53.576474	13.7338622	4.3740672	6.3292149	3.731049	1.0483529	0.312649	0.142857	1.436059	0.284091	0.834237	0	24.386691	0	0.47422	0	4.3846365	3.47829	9.6142844	3.3290604	2.3068324	7.520199	9.3559362	1.1808569	10.3068563	0.243902	4.928025	0	1.8289991
M00359	54.1167161	11.4193634	0	68.4336829	3.122095	514.3113485	0	59.3596701	2.6232225	181.8336433	122.8669233	17.961006	33.3635453	1.1615424	30.2717858	20.4483687	0.8887524	458.9727145	16.3408464	689.0399556	5.8350527	0.189036	16.0119088	85.967852	97.03147971	30.133786226	0.377163	106.43938985	22.52351492	1.6410173	8.7496981	8.2763121	73.6230894	45.9213316	2.944527	7.1863631	49.6272913	65.00102544	3.99534266	42.9951359	264.4388007	56.3034548	15.6050481	79.343209	372.495532	135.0244123	65.8746274	0	27.46115437	109.6832433	0	17.9708779	1.497207	27.3992327	8.746651	465.34240707	0.2982006	12.3392481	5.8854392	157.7522897	51.6559007	53.808357	21.5132208	93.0524857	190.1817657	101.73672098	158.8170226	39.87964687	158.4861563	61.3865277	0	0	32.2916431	4.5059415	8.0087974	125.2106703	62.84184036	28.5270651	148.8773547	293.6081089	529.3306878	539.6681136	187.050787	233.0897482	183.60870039	219.88606221	425.0513622	208.8476452	81.01191653	470.1784193	180.4222152	74.3031154	78.7935134	48.3981708	19.0304157	101.2498528	2.072018	38.806169	8.9765928	14.2971228	4.6765241	208.544788	12.6678256	9.4174484	5.6119977	50.898078	64.5779411	118.52960835	37.4722037	24.2280986	101.9205655	56.799104	15.7561857	179.4894678	2.0298568	104.6446735	0.8627833	14.666248426
M00360	54.1167161	11.4193634	0	68.4336829	3.122095	514.3113485	0	59.3596701	2.6232225	181.8336433	122.8669233	17.961006	33.3635453	1.1615424	30.2717858	20.4483687	0.8887524	458.9727145	16.3408464	689.0399556	5.8350527	0.189036	16.0119088	85.967852	97.03147971	30.133786226	0.377163	106.43938985	22.52351492	1.6410173	8.7496981	8.2763121	73.6230894	45.9213316	2.944527	7.1863631	49.6272913	65.00102544	3.99534266	42.9951359	264.4388007	56.3034548	15.6050481	79.343209	372.495532	135.0244123	65.8746274	0	27.46115437	109.6832433	0	17.9708779	1.497207	27.3992327	8.746651	465.34240707	0.2982006	12.3392481	5.8854392	157.7522897	51.6559007	53.808357	21.5132208	93.0524857	190.1817657	101.73672098	158.8170226	39.87964687	158.4861563	61.3865277	0	0	32.2916431	4.5059415	8.0087974	125.2106703	62.84184036	28.5270651	148.8773547	293.6081089	529.3306878	539.6681136	187.050787	233.0897482	183.60870039	219.88606221	425.0513622	208.8476452	81.01191653	470.1784193	180.4222152	74.3031154	78.7935134	48.3981708	19.0304157	101.2498528	2.072018	38.806169	8.9765928	14.2971228	4.6765241	208.544788	12.6678256	9.4174484	5.6119977	50.898078	64.5779411	118.52960835	37.4722037	24.2280986	101.9205655	56.799104	15.7561857	179.4894678	2.0298568	104.6446735	0.8627833	14.666248426
M00361	6.123024	2.4985544	0	1.6914626	0	42.8836362	0	2.142376	0.159236	20.8512	42.0909552	0.986938	2.6524212	0	2.273772	0.641892	0	34.9589	1.2031399	92.2760138	0.461932	0	0.405405	4.7534747	38.586558	1.8417244	0	26.13968176	1.7007065	0.327869	1.01351	1.063141	9.164871	1.1812458	0	0.337838	19.873349	6.887077	0.2494556	3.362105	27.8039517	8.562987	0.336712	3.693526	40.3275395	20.9212224	8.1244082	0	4.240359	4.3482544	0	4.470048	0	9.0359337	0.507571	30.0021302	0.135135	2.461624	0.6876408	6.0481846	3.89476	3.4416452	2.7200785	12.147222	27.9160069	10.043961	28.7474738	3.740514	4.5590984	5.7973258	0	0	3	0.3583285	0.969868	17.1804863	2.7498198	2.830834	14.2097216	35.5283617	63.4000861	54.1948091	8.7467961	16.9609345	12.6635669	21.2230631	37.498986	11.4022111	9.4026154	71.1022111	19.0890146	29.0708693	35.953936	4.0543506	4.378865	0.6096741	0.326797	6.3440545	0.297619	1.927233	0.8472512	56.785219	0.81675	2.0629393	0.269144	2.737543	15.247897	29.8848791	4.552057	5.160872	19.796404	17.194629	3.4203803	30.399017	0	9.3994142	0	1.844416
M00362	6.4411414	3.0513574	0	2.5273596	0.0533333	57.7691442	0.153846	3.065453	0.159236	25.712797	47.8110062	1.29463	2.8062672	0	3.227244	2.347123	0	49.900791	1.5108319	116.0470829	0.461932	0	0.559251	4.9435887	44.885035	2.7087384	0	29.09936466	1.8545525	0.327869	1.01351	2.577297	14.527149	2.667913	0	1.172745	24.5694609	8.76453	0.5040789	4.181879	39.0006677	10.536753	0.336712	4.862363	63.5472985	29.1090204	10.5279712	0	4.744938	6.1103034	0	4.77774	0	9.2790107	0.887058	35.8766732	0.135135	3.023671	1.9258538	12.3419516	6.52564	4.8274372	3.2681015	16.310236	37.9675049	15.180402	35.8958309	5.363446	11.1977284	7.2285078	0	0	4.89861	0.3583285	1.1339704	25.2942163	5.4355381	6.1293723	21.2203289	41.9112947	77.2901841	90.3337571	11.5150061	24.3297965	16.64817767	29.5323511	57.534302	14.0695774	11.0345114	92.2078331	24.3126956	33.3532321	40.402626	4.9272398	6.745491	0.6096741	0.643698	8.4696235	0.451465	3.096289	0.8472512	68.5728722	1.278288	2.5001975	0.269144	5.29431	22.675853	36.2015771	5.782204	5.8295893	29.082122	18.993	4.4021443	33.0051744	0	12.3072212	0	1.952108
M00364	1.532116	0	0	0.181818	0	3.097144	0	0.163636	0	2.916084	0.181818	0	0.670303	0	0.181818	0	0	3.381409	0.181818	12.918791	0	0	0	0.363636	0.519219	0.181818	0	0.281212	0	0	0	0	0.363636	1.900909	0.727273	0	0.334545	0.544242	0	1.090909	5.5014544	0	0	0.52606	3.213334	0.488485	0.0909091	0	0	0.483636	0	0	0	0	0	3.271353	0	0	0	1.4497	0	0.181818	0.181818	1.641646	2.199996	2.20727	0.644848	0.4751511	1.063434	0.4254539	0	0	0	0	0	3.708787	0	0	1.090908	3.118788	4.8569712	6.429091	0	1.599999	1.98667	0.76107	4.2218164	2.181821	0.347879	7.97212	1.392727	0.218182	0.952113	0.545454	0	0	0	0	0.357576	0	0	2.6097	0.181818	0	0	0.37697	0.609697	0.469091	0.4254542	0.363636	0.522424	0.3463672	0.181818	3.045069	0.124848	0.613169	0	0.181818
M00366	1.532116	0	0	0.181818	0	3.097144	0	0.163636	0	2.916084	0.181818	0	0.670303	0	0.181818	0	0	3.381409	0.181818	12.918791	0	0	0	0.363636	0.519219	0.181818	0	0.281212	0	0	0	0	0.363636	1.900909	0.727273	0	0.334545	0.544242	0	1.090909	5.5014544	0	0	0.52606	3.213334	0.488485	0.0909091	0	0	0.483636	0	0	0	0	0	3.271353	0	0	0	1.4497	0	0.181818	0.181818	1.641646	2.199996	2.20727	0.644848	0.4751511	1.063434	0.4254539	0	0	0	0	0	3.708787	0	0	1.090908	3.118788	4.8569712	6.429091	0	1.599999	1.98667	0.76107	4.2218164	2.181821	0.347879	7.97212	1.392727	0.218182	0.952113	0.545454	0	0	0	0	0.357576	0	0	2.6097	0.181818	0	0	0.37697	0.609697	0.469091	0.4254542	0.363636	0.522424	0.3463672	0.181818	3.045069	0.124848	0.613169	0	0.181818
M00368	9.010631	0.658019	0	3.820021	1.1811	41.028917	0	4.759965	0	21.717122	9.934624	0.0909886	3.301665	0	1.5131445	0.945204	0	36.3116824	2.097597	54.706442	1.089903	0	0.656168	3.96678	4.655405	0.9021055	0.131234	9.3595585	1.846889	0	0	0.163605	5.6382987	2.911727	0.131234	0.262467	6.087486	6.269261	0.469197	3.602214	33.29734	1.5840955	0	2.789678	21.385765	9.441692	2.635306	0	2.396742	8.8115834	0	1.3210843	0	1.751128	1.131234	78.517262	0.131234	0.3326434	0	7.690242	9.265403	5.6119796	1.049509	7.971281	8.776446	10.958008	6.1961613	4.331617	10.182412	4.067808	0	0	3.940695	0.304233	0.787402	8.206268	1.234516	2.242472	8.868947	16.079561	32.2223739	38.511402	19.3876215	17.066532	24.628612	18.892848	28.5870564	24.660831	2.444753	44.680084	8.8693967	4.1636258	5.122593	5.159329	0.655294	0	0	3.6208	0.198718	0.384615	0	28.957132	0.8526651	0.744532	0	3.864892	3.624594	10.3472781	4.9048188	1.956744	8.136262	4.7460511	2.410823	9.431183	0	4.3938457	0	0.9082673
M00374	19.7982471	3.5532907	1.044923	16.0883707	1.10692	158.801616	0	61.7973337	0.632939	83.104829	32.6114155	8.1019578	10.7637401	0.531003	13.0741421	20.943333	0.0437828	198.2246698	6.0166749	321.6329104	0.5075417	0.5402767	9.3096692	59.8757837	14.3091972	7.7981793	0.100402	14.8532245	4.0577348	0.1157771	5.429288	1.5417479	32.1115433	21.278027	1.5821117	2.1998142	14.3906991	29.6573067	0	23.4347305	150.939984	2.9653508	1.840978	30.9506836	229.5928205	33.4095847	25.1521796	0	9.5019086	44.030439	0	9.0944326	0.0818331	4.4535312	3.0078751	105.207764	1.0220569	7.9070944	1.0244818	109.6573968	29.5651827	15.3318747	13.4245261	23.6975657	76.1630525	59.087669	22.9621011	29.571824	92.2069539	14.0058681	0	0.0875657	5.2501287	1.3441938	3.8156608	48.3563409	9.7425567	13.7098145	82.1113556	134.6758293	146.821962	247.7467539	47.578769	105.7004805	85.8658201	127.406986	235.6743047	103.5675729	26.4232382	168.0345075	84.2685528	19.3925877	14.7632508	7.2390435	3.7812709	2.1006045	0.762301	10.9837867	2.2266401	3.6527085	1.6724202	71.7568392	4.7723828	6.0527715	0.1992688	28.6485339	24.049111	39.01393606	16.709528	8.649212	75.6906744	27.8033692	6.7294185	59.0720727	0.5151274	30.8251547	0	4.9408042
M00376	3.0539509	0.091954	0	5.8065711	0	29.122296	0	5.7928981	0.246305	12.372467	13.4135121	0.1636662	1.7583391	0	0.8532661	6.9041812	0	16.8146268	1.2598662	36.7824014	0.162562	0	2.3156512	1.774451	2.9023152	2.2208126	0.100402	2.9667691	0.400657	0.0285171	0.09319	0.18	7.0918283	3.491321	0	0	3.9920351	6.9206963	0	3.5184179	37.51894	0.9339364	0	4.5316	41.8476175	2.6958211	7.1587186	0	1.9740154	16.045494	0	0	0.0818331	1.355081	0.40824	15.0891501	0	0.145773	0.0818331	10.6207508	1.939564	1.0216011	0.8871241	4.1168964	11.424861	5.868944	6.8490821	2.2747473	8.8584409	4.4076111	0	0	2.042623	0	0.163666	10.726922	2.8442707	0	12.2004626	24.7316373	64.77625	49.2167814	3.940558	24.2740961	8.5820462	35.204995	29.1387717	6.6892722	4.3117402	34.6662669	8.9883324	3.9081863	4.2616243	2.0744248	0.5898535	0.719598	0.246305	2.087564	0.612533	0.691772	0.2454991	13.6999155	0.492611	1.395668	0	2.504952	3.934369	9.6004081	2.523096	1.819653	10.40514	8.2234552	0.917297	30.0202477	0.0818331	3.8804643	0	1.2585071
M00377	1.5468201	0.2754922	0	1.089893	0	20.9660336	0	1.392223	0.176056	8.5575172	4.3995746	0.176056	0.265258	0	0.9074052	0.9240391	0	18.0959934	0.4280078	18.3873949	0.5061988	0	0	2.3387032	4.4406454	1.8400262	0	5.1989624	0.176056	0.0883392	0.197628	0.3661872	2.745097	2.4973377	0	0	1.6522459	4.062681	0	0.4521712	9.2401842	1.4959719	0	3.5711688	13.3794322	4.6909482	2.0333753	0	1.5282354	4.3734356	0	0	0	0.7640708	0	20.2829946	0	0.3743064	0	4.1974332	1.268049	1.9798302	1.906668	2.05598	3.2873194	3.846333	21.0426225	1.5561318	6.2648086	0.9486747	0	0	4.1274526	0	2.682405	4.8724144	1.4589278	1.3146643	4.242653	9.0266348	17.8254104	23.2358004	5.2179217	8.1059677	7.1207894	4.1127716	15.9076964	9.5496202	5.8596447	22.8567892	9.6496232	6.4975873	4.1166138	1.7477055	0.3497217	0.2748702	0	1.0274094	0.727663	0	0.0988142	13.8412343	0.832493	0.126482	0.590376	1.6889212	3.4744215	6.2624127	3.565118	0.7330329	3.2628342	0.6401382	0.7700512	10.221539	0	8.7661584	0.197628	1.2019724
M00394	12.624883	2.1556652	0.14245	18.4926952	0.839145	136.253755	0	29.821488	0.2830011	57.0274077	27.7941261	4.9029812	10.802232	0.14245	10.6653445	13.801602	0.0883191	142.772187	3.1832612	102.176032	2.9852532	0.762808	4.611594	28.697792	19.727621	5.023406	0	22.191766	14.868724	0.125	4.82897	2.3413201	18.400314	13.668325	3.002784	4.75621	6.8737501	17.428126	0.2735636	17.606661	105.302729	5.2529958	7.169149	16.216068	96.073469	39.482423	17.145305	0	5.0265993	35.847201	0.14245	5.535921	0	10.246179	3.390525	115.349423	0.2344722	5.7138981	0.7094842	39.133994	18.639909	19.096988	4.547074	37.892437	66.591784	38.4484729	27.568231	8.5726546	40.412597	16.5148733	0	0.229345	5.911677	0.6481482	4.419531	60.498776	13.852402	9.2825385	34.058403	66.696345	122.88042484	129.931685	18.673635	58.830898	20.1066676	43.398058	100.238271	66.5972781	15.218978	144.4098878	42.062851	13.432134	12.724645	7.3327173	3.570806	1.0057962	0.259067	7.382191	4.2946267	2.637097	1.357321	40.4400087	2.217168	1.5330012	0.641025	16.959144	14.8674712	26.98862	11.249287	3.3321832	19.259713	7.969817	4.2633211	43.25457	0.3299681	11.439187	0.39734	3.3393401
M00429	0.0992064	0.0996016	0	0.119904	0	0.354167	0	0	0	0.1992032	0.6623511	0	0	0	0	0	0	0.7051458	0.1795376	1.4725689	0	0	0	0	1.8768716	0	0	0.4746852	0	0	0	0.254005	0	0.130548	0	0	0.3984062	1.2247516	0	0	1.0590976	0.0996016	0	0	1.427391	0.109409	0.00793651	0	0	0.3820876	0	0	0	0.38871	0	0.0690571	0	0	0	0	0.0996016	0	0	0.166113	1.434232	0	1.7031519	0	0.123457	0.4351716	0	0	0	0	0	0	0	0	0.123457	0.1666667	0.426866	0.6705376	0	0.0996016	0.0996016	0.1992032	0.123457	0	0	0.913679	0.72153	1.487225	0.6802286	0.0996016	0.199203	0	0	0	0	0	0	0.59761	0	0	0	0	0.77495	0.19709	0	0	0.667542	0	0.2364246	0.5414986	0	0.145009	0	0.14438
M00434	33.403156	7.559158	0.382333	35.233855	0	152.557782	0	11.245988	1.286409	68.059545	211.796229	7.039977	11.46904	0.714552	4.209279	7.071192	0.380831	119.272113	5.56554	420.095504	2.062436	0	0.993099	4.570759	211.283136	9.324994	0	273.895067	6.801216	0.207039	1.028775	15.948865	28.763016	4.595097	1.994258	2.146626	96.1881864	27.477739	1.782568	8.917876	152.225918	32.222174	0.937857	17.03516	179.438392	114.224992	20.30323	0.0973085	8.7542035	20.222844	0	5.927333	0	32.809991	1.734219	191.37612	0.207039	3.97155	2.2968656	49.2996915	34.8378262	21.2002023	10.536868	23.284379	59.441133	10.157015	343.014371	12.358746	25.4394066	27.1395479	0	0	3.553169	0.42026	3.377327	8.093622	7.617565	17.3093114	61.710454	81.2133236	106.0428701	84.957794	86.54172	143.835169	74.7096342	69.302134	122.406455	121.272519	9.9109281	361.8085066	112.830572	247.753151	302.002859	9.547078	18.0864089	2.859357	1.229631	21.948828	2.79403	10.493229	4.146811	287.573261	3.357847	13.494778	1.474118	8.1145742	28.928933	114.393713	17.487157	15.148329	126.684752	30.9730865	6.812438	92.703171	1.213878	78.474076	0	9.9387297
M00525	8.150817	2.000684	0.297619	3.9117764	0	80.8844559	0	8.2215603	0.446429	33.4485563	13.447958	2.069945	1.940949	0.14881	1.474109	3.0092196	0	44.038344	0.901154	81.370425	0.662949	0.673966	1.549087	9.7513689	19.7771801	3.7183748	0	16.3940252	0.9276558	0	0.257069	2.450217	14.6006453	2.51662	1.59028	0.9405017	3.8793723	8.8149876	0	3.105402	37.347947	2.5032387	0	10.5291321	52.010867	24.0232474	6.5424442	0	4.0395827	12.4214606	0	1.001117	0.134921	5.5619186	0.707234	55.986849	0	0.570443	0.58193	17.9052862	3.5291042	6.180832	2.516692	9.512007	27.7773033	10.350042	42.105949	4.9211056	22.6646626	11.4123099	0	0	5.01474	0	0.473934	14.2681293	10.1992262	5.4556565	20.635171	37.4006102	78.8232484	66.26167	20.5830252	37.8609907	27.5976656	30.26303538	51.218555	20.899194	13.2062866	89.154702	20.580195	11.2290516	9.3992711	8.3997241	4.34098884	0.255288	0.534414	5.83578	1.198631	1.7006563	0.593979	54.4990244	1.5845241	1.374259	0.780806	7.348381	16.87168	28.9119057	6.8332955	9.886421	24.5275818	15.5773774	2.1593477	33.6408506	0.25707	29.685814	0	4.878771
M00526	8.671514	2.1319176	0.297619	5.0885694	0	88.5170303	0	8.3784233	0.446429	35.1359244	16.6963087	2.2354947	1.940949	0.14881	1.474109	3.2948426	0	52.6614764	1.2235739	87.3350086	0.7285658	0.673966	1.549087	15.8343107	22.0994926	4.3615588	0	19.1614545	0.9560897	0	0.8450416	2.4729642	15.7248449	4.5800536	1.969945	0.9405017	6.9284332	10.0472299	0.0656168	4.78558	41.654344	5.2517613	0	10.8572161	65.078112	29.825123	7.0114058	0	4.4957923	14.2594408	0	1.001117	0.134921	6.1215742	0.707234	61.8548728	0	1.6786694	0.713164	19.5594241	4.3598827	6.381678	2.516692	10.086628	28.6430079	11.921342	44.6589009	5.2512426	24.9361982	12.6914856	0	0	5.145974	0	0.473934	16.8232882	10.7834258	6.0375813	23.7884755	42.0079582	87.0899334	74.7013902	24.4650252	41.8351492	29.3605689	35.05133638	60.2022648	23.15209	14.1596203	95.131212	23.7826838	13.5237992	14.1733521	10.9487656	4.56498684	0.3209048	0.534414	7.634805	1.7309974	1.9985573	0.593979	59.2901539	1.8505532	2.6225185	0.780806	8.9313896	19.5242446	30.2947093	7.0800615	10.2538926	27.5797058	15.8324794	2.7748994	37.464623	0.25707	32.8520309	0	5.8394818
M00527	8.671514	2.1319176	0.297619	5.0885694	0	88.5170303	0	8.3784233	0.446429	35.1359244	16.6963087	2.2354947	1.940949	0.14881	1.474109	3.2948426	0	51.7703204	1.2235739	85.3350086	0.7285658	0.673966	1.549087	11.6853707	22.0994926	4.3615588	0	18.5424065	0.9560897	0	0.8450416	2.4729642	15.7248449	3.0339536	1.969945	0.9405017	6.9284332	9.2717199	0.0656168	3.21111	41.654344	5.2517613	0	10.8572161	56.205772	29.825123	7.0114058	0	4.4957923	14.2594408	0	1.001117	0.134921	6.1215742	0.707234	61.8548728	0	0.8985274	0.713164	19.5594241	4.3598827	6.381678	2.516692	10.086628	28.6430079	11.921342	44.6589009	5.2512426	24.9361982	12.6914856	0	0	5.145974	0	0.473934	16.8232882	10.7834258	6.0375813	23.7884755	39.9305222	87.0899334	73.9141562	24.4650252	40.9344402	29.3605689	35.05133638	60.2022648	22.258473	14.1596203	95.131212	23.7826838	13.5237992	14.1733521	10.9487656	4.56498684	0.3209048	0.534414	7.634805	1.7309974	1.9985573	0.593979	59.2901539	1.8505532	2.6225185	0.780806	8.2150776	19.5242446	30.2947093	7.0800615	10.2538926	26.6860888	15.8324794	2.7748994	37.464623	0.25707	32.8520309	0	5.8394818
M00530	0.334076	0	0	0	0	10.316584	0	0.2	0	0.18337	0.820835	0	0	0	0.589976	1.241538	0	2.490625	0.128007	1.084455	0	0	0.111359	0.111359	0.769959	0.161812	0	0.356863	0	0	0	0.128007	1.262973	0.151057	0	0	0.360784	0.72523	0	0.362615	7.890408	0	0	0.856642	11.06158478	0.909618	0.294118	0	0.222717	1.59921	0	0.334076	0	0.7520641	0.233352	1.798364	0	0.111359	0	1.050732	0.6596467	0.146628	0.111359	1.358419	1.173885	7.11463	3.272258	0.7835674	1.275276	2.222717	0	0	0	0	0.376812	7.741142	0.959811	0	2.926443	4.935526	9.371751	5.39634	0.222717	3.780545	2.613648	7.273818	2.015304	0.7918484	1.498143	3.9504947	5.269771	1.546138	0.302115	0	0.2643218	0.295858	0	0.110616	0	0.564103	0.111359	4.881557	0.111359	1.1444853	0	0.0601375	0.6351373	3.89774	0.652775	0	0.497353	1.7849831	0.334076	9.3375723	0.151057	2.454763	0	0.777778
M00532	1.6410266	0.776666	0	11.387263	2.53846	16.9883731	0	0.854701	0.189394	9.2366532	17.816236	0.131742	0.412909	0	1.335987	1.3236076	0.383142	16.9868978	0.954741	31.7131164	0.548188	0	0	3.103649	5.162089	2.197599	0	1.418317	0.0601238	0	0.530504	0.265252	3.3134641	3.592799	0	0.530504	0.939985	3.3539	0	2.176511	15.2845853	0.524783	0	4.5446474	25.909469	5.000554	3.994611	0	0.752835	3.842846	0	0.510168	0	1.2458108	0.123784	7.858448	0	0.306808	0	10.711568	1.592396	1.325132	1.958211	5.949028	7.486393	9.617322	3.3097599	3.1010601	6.35807	1.0720876	0	0	3.745728	0	0.328704	13.226611	5.283834	1.758802	7.576457	26.644438	18.053492	29.3912725	6.992833	9.3252451	5.140486	9.739585	23.5348734	14.543847	3.7288392	17.870249	10.502618	4.3468471	7.948955	1.0305273	1.8404902	0	0.397364	2.234989	0.340095	1.207414	0.45045	10.280678	0.530504	1.333165	0.265252	2.209875	5.95064	10.2303989	1.746993	0.5540452	6.22228	4.20197	0.257294	11.715074	0.2334218	5.6431311	0	0.843185
M00549	1.262575	0.432017	0.56391	1.356124	0	22.467705	0	1.5255534	0	7.339077	3.2664234	0.37594	1.074562	0	0.7424812	1.3174241	0	15.060164	1.469925	59.205504	0.18797	0	0.18797	4.087574	3.5377857	0.980414	0.093985	6.530597	1.977444	0.416667	0	0.252506	4.561928	1.855895	0	0.31391	3.288677	1.3157889	0	1.3947923	15.5762978	0.825232	0	2.693548	11.009078	2.582158	3.0162297	0	1.097822	3.7110596	0	0.18797	0	0.92489	0.54895	20.140211	0.093985	0.9605271	0.093985	4.674062	3.459188	1.1898501	0.469925	2.123435	8.038554	11.32582	3.432655	1.965599	8.746966	1.6200735	0	0	0	2.319701	0.3753134	10.316689	5.31743306	1.899103	13.9084	15.213933	30.998039	26.407961	7.825813	9.8139189	12.673337	15.706172	10.626349	7.087795	3.4226102	30.9653901	6.711096	3.866282	2.4889133	2.6110291	1.425334	0.1873434	0.18797	1.281485	0.467419	0.75188	0.281955	8.922295	0.18797	0.093985	0	4.641054	1.989687	6.064805	1.0319554	1.490314	1.2500008	3.2405925	1.183089	8.29637	0	1.785715	0	0.41628
M00554	3.800739	0.582591	0	0	0.7487639	7.889407	0	0.551977	0.138122	3.044298	1.66292	0.138122	2.238673	0	2.173134	0.498264	0	23.671685	0.276243	19.251718	0.414365	0	0.201613	3.308893	4.160347	1.664554	0	0.936057	0.515917	0	0	0.789974	5.10884	4.371848	0.352113	0	3.824747	1.764785	0	2.6031017	15.399761	0.528546	0	6.0078237	31.7351614	1.945845	3.4306884	0	1.430676	12.305431	0	0.352113	0	1.843229	0.117371	6.075314	0.138122	1.4756	0	9.585645	1.88625	2.142129	1.632103	5.347214	10.398746	23.8639473	4.619759	0.401538	9.7210538	1.087578	0	0	0	0	0.240952	19.8989448	2.024098	0.4754517	3.890809	11.388787	25.349593	52.5932333	0.992381	7.1412192	6.995581	12.895965	41.7815892	6.5528605	2.383315	19.9044637	9.2147875	2.522389	3.917355	0.838451	1.183942	0.523313	0	2.0669065	0.986355	0.276243	0.147379	8.904029	0.653808	0.325733	0.162866	2.674117	4.853864	4.8905455	0.7466271	1.7958	9.411771	2.27862	1.08876	6.738614	0.147379	14.254051	0.296736	1.572308
M00565	7.9321969	4.2679271	0	13.235887	0.844992	78.256965	0	4.413144	0.00909091	39.7411932	46.227533	6.0549854	9.0102797	0	1.97821814	3.9831581	0	51.758742	3.7355304	204.2953472	1.3105697	0	0.296166	11.68315357	55.8274434	4.1969884	0.471264	56.1648804	4.619336	0.124688	0	4.9872617	12.106702	5.242237	0	1.372983	20.9840715	8.2609818	1.5186188	2.8632705	61.3131484	15.2160361	1.001986	13.091516	39.538875	71.5315862	14.9485347	0	8.5592196	21.3728582	0.0606061	4.8569313	0.2285764	13.2621539	2.6804621	91.6567299	0.1729739	1.9241965	0.1987314	20.657625	15.6431873	7.1860253	6.3655264	17.5945093	33.6165147	12.9659444	69.9830369	6.4552182	26.4697939	12.2493983	0	0	5.109738	0	1.339426	15.3880078	3.490967	9.9483748	37.2055595	44.7629346	74.897303	82.6046135	50.9742139	36.6800041	36.404104	27.0313783	96.8242218	34.7125994	14.1811088	98.5104062	24.7201659	27.4715332	24.9170736	14.9116029	5.5439735	1.0301535	0.0777605	10.7868529	1.6631696	1.626161	3.0208385	59.3107796	4.4846593	1.405652	1.095815	5.5845418	18.5418415	34.6813567	6.7655392	4.8221115	29.458594	16.583993	2.6918373	31.2335564	0.3338215	23.2377328	0.352113	2.9819519
M00570	1.320021	0.976932	0	0.17301	0	9.483456	0	1.03806	0.241061	5.256789	17.8546843	0.17301	0.478662	0	1.842621	0.5916954	0	8.957852	0.936842	42.145162	0	0	0	1.2099203	11.0980406	2.375263	0	11.933335	0.088812	0	0	0.17301	2.429419	1.354469	0	0	4.327562	2.772035	0	0.8550245	7.520306	3.124758	0	2.137806	6.635356	6.812877	3.189138	0	0.17301	2.5067834	0	0	0	3.0605212	0.17301	11.839613	0	0.437139	0	2.092622	0.389294	0.863899	0.457101	2.579009	5.41186	6.892126	13.594833	1.654137	2.334006	1.757786	0	0	1.62205	0	0.0668973	6.631052	0.447885	2.2787947	4.96537	11.237082	21.502736	22.799943	8.8367939	9.162223	4.30334	8.037104	9.042637	3.5216941	2.7869423	34.559952	4.847409	8.29268	14.668264	3.050745	1.5248	0.17301	0.17301	0.6931943	0.540574	0.697326	0.17301	17.278048	0.699326	0.311419	0.155709	1.869029	6.097673	12.4920053	1.191373	1.325259	0.993036	5.092914	0.17301	9.466355	0.110727	1.211072	0	0.332961
M00572	11.566589	4.7798792	0.423729	17.409093	0.574755	88.53033	0	20.81972	0.211864	43.026866	54.809212	4.322042	11.0936636	0	7.569401	3.997376	0	144.251993	6.860402	181.209982	0.7134373	0	3.960355	24.720111	48.5547661	4.2043073	0.211864	71.4468336	3.093262	0	0.607553	11.3831337	19.370081	5.709746	0	1.629944	26.473938	13.9850032	0.794579	2.8620949	71.251039	8.313124	0	8.573116	68.325491	84.808676	12.951065	0	7.4831848	13.8727348	0	10.34523	0	14.263212	3.6190082	78.283405	0.635592	7.530564	1.045197	42.652019	22.07897	11.195758	10.976003	25.057297	57.735747	17.90587	58.040547	14.617534	23.3062453	8.15949	0	0	0.864472	4.706074	4.457156	19.5851986	3.47052	25.293119	71.300229	44.822858	62.875043	96.115496	65.2928307	58.92927	49.023628	39.76583	186.402528	67.960005	25.4878292	118.40317	78.858841	37.818638	22.1640002	16.521924	9.1061068	0.624293	0.211864	12.296753	0.6781745	1.172473	0.9394503	90.524993	4.60971	2.672125	0.503807	23.081182	16.798289	60.706893	5.925811	6.416168	45.816559	22.2386718	6.87236	21.7723	0.423728	8.013276	0.570621	2.199146
M00573	0	0	0	0	0	8.53488	0	0	0	0	0.254902	0	0	0	0	0	0	0.745098	0	0	0	0	0	0	0	0	0	0	0	0	0	0	0	0	0	0	0	0	0	0	0	0	0	0	0	0	0	0	0	0	0	0	0	0	0	0	0	0	0	2.16667	0	0	0	0	0	0	0	0	0	0	0	0	0	0	0	0.862745	0.470588	0	0	1.89216	0	0	0	0	0	0	0	0	0	0	0	0	0	0	0	0	0	0	0	0	0	0	0	0	0	0	0	0	0	0	0	0	0	0	0	0	0	0
M00577	0	0	0	0	0	8.53488	0	0	0	0	0.254902	0	0	0	0	0	0	0.745098	0	0	0	0	0	0	0	0	0	0	0	0	0	0	0	0	0	0	0	0	0	0	0	0	0	0	0	0	0	0	0	0	0	0	0	0	0	0	0	0	0	2.16667	0	0	0	0	0	0	0	0	0	0	0	0	0	0	0	0.862745	0.470588	0	0	1.89216	0	0	0	0	0	0	0	0	0	0	0	0	0	0	0	0	0	0	0	0	0	0	0	0	0	0	0	0	0	0	0	0	0	0	0	0	0	0
M00579	1.7231479	0.574863	0	0.836174	0.689655	23.400665	0	4.937605	0.142045	20.389969	5.49715363	0.963068	4.029447	0	3.3608995	2.967918	0	17.528445	0.6382568	69.933485	0.142045	0	1.925275	6.1123312	4.8231642	0.581427	0	5.715409	1.296999	0	0.284091	0.357143	2.9509327	2.899605	0	0	3.737703	2.706041	0	2.3168267	20.7590802	2.464262	0	3.225935	24.5083657	5.872578	4.6966714	0	2.726244	2.8298022	0	2.250031	0	2.052265	0.754761	21.10066032	0.142045	1.472255	0	6.780007	2.767976	6.134903	1.425198	6.8352485	19.736604	10.9431741	12.486805	3.4073826	12.149883	3.0661942	0	0.284091	1.420416	0.284091	0.710227	9.935061	1.643923	1.730567	14.748327	21.322294	27.373961	26.998355	14.376477	20.2733882	16.7804465	21.360322	59.382769	11.2197319	6.7423573	39.012738	10.333762	3.5561004	5.0301168	3.16232	1.0483529	0.312649	0.142857	1.436059	0.284091	0.242424	0	20.07181	0	0.47422	0	4.3846365	3.47829	9.517197	3.085222	1.863131	7.520199	8.4747058	1.0837695	9.7243319	0.243902	4.928025	0	1.8289991
M00609	9.010631	0.658019	0	4.976541	1.1811	43.933168	0	7.345405	0	23.456253	10.789575	0.0909886	3.301665	0	2.2937605	0.945204	0	41.7492954	2.097597	60.039744	2.233106	0	0.656168	4.97258	4.655405	1.8284625	0.131234	10.8661295	2.154135	0	0	0.163605	6.3628217	3.74946	0.131234	0.262467	6.51937	6.776507	0.469197	4.13226	36.705495	2.0159795	0	3.528808	25.234697	11.017965	3.0671904	0	2.396742	9.2317514	0	1.3210843	0	2.185911	1.131234	81.2633412	0.131234	0.3326434	0	8.042955	9.265403	5.6119796	2.93271	10.046643	12.334456	17.447868	6.1961613	4.331617	11.022897	4.502591	0	0	3.940695	0.304233	0.787402	8.449746	2.802436	2.242472	12.408844	19.9606699	39.7205139	47.4083271	20.6919715	17.947744	25.916902	20.782783	33.3672824	25.214506	3.261646	50.335182	10.5214867	5.6100548	6.385802	5.325996	1.052395	0	0	5.037259	0.198718	0.384615	0	30.261482	0.8526651	0.744532	0	3.864892	3.624594	11.6802591	4.9048188	1.956744	11.852202	4.7460511	2.410823	9.828284	0	4.8402747	0	1.3373863
map00020	3.7586877	0.508675	0	1.544288	0.607558	87.92199	0	10.966291	0.627232	22.303128	11.480937	2.2794787	4.672236	0.355872	8.3323487	6.4526075	0.0712093	57.2860967	1.747438	46.700344	0.5363587	0.27758	1.454321	11.412466	4.711738	2.4670217	0	6.5514197	0.779961	0	3.368115	0.460261	9.117554	8.4371414	0.184162	1.296656	6.765855	8.093559	0.0896057	7.65017	39.885684	2.0979947	0	20.94769	39.4449307	8.4244199	6.2881477	0	6.0662637	14.684653	0	1.8060559	0	0.979613	2.084359	75.304005	0.712039	1.5565327	0	12.18885	8.8266027	11.54441	3.428379	17.1900393	20.974143	57.2745087	8.6346241	2.2846499	15.171161	8.295482	0	0	6.583366	0.335706	1.507273	18.3877015	4.7080567	2.033284	20.794128	46.839128	41.521135	74.780322	12.215248	34.663829	31.369619	47.636021	35.388926	14.190446	10.343533	67.8636066	22.231967	4.2227746	4.6446105	3.3370807	1.3098817	1.2177437	0	5.7562	0.177936	0.509206	0.177936	31.857118	0.985587	0.362145	0	4.6999219	4.214861	13.38010996	4.312028	2.0986787	4.446716	4.521535	2.2695657	20.709745	0	4.4739057	0	0.6566694
map00030	2.6656527	0.432017	0.73722	2.7280015	0	32.838023	0.376068	2.4101494	0.0805153	10.5113366	8.3322837	0.5690683	1.560338	0	0.8500082	2.9009181	0	27.946521	1.967292	91.4207878	0.18797	0	0.671062	4.6445126	7.0639527	3.2621738	0.093985	8.111709	1.9978412	0.416667	0	0.6077191	7.8258775	3.8230826	0.321524	0.31391	3.5289363	3.5847959	0	2.8931866	24.7982324	1.258652	0.161031	5.3037106	26.2229093	4.5895243	6.6112853	0	1.7493998	7.3516589	0	0.3990333	0	1.4408344	0.821307	28.1984763	0.093985	1.3793052	0.093985	9.6314416	3.997779	4.1808695	2.3423865	6.461758	15.2454603	12.9677555	5.5572794	3.2374006	11.0015649	7.4695654	0	0	0	2.319701	0.4558287	16.1228473	5.96362566	2.3628119	17.94961357	25.8778585	59.262195	55.1838176	10.435043	12.4617632	16.8450246	19.2729507	20.3892233	10.8796704	4.3525362	50.6567901	10.4069913	5.7123036	4.156386	3.12299758	2.1778908	0.3189224	0.18797	4.6792623	0.7089653	0.912911	0.5357803	19.2788113	0.994422	0.255016	0.241546	5.720781	6.6633489	11.5883603	2.5143682	2.535727	4.0258941	8.0331231	1.6022418	15.7423267	0.0805153	3.169134	0	0.6856739
map00230	6.5037647	2.7982329	0.56391	6.2906855	0.743379	75.3562664	0	8.5842911	0.2363076	31.4568243	40.5888504	0.76622584	5.1884417	0	3.5056412	4.9390011	0	53.2734447	3.7947041	139.0253038	1.0056635	0	3.4615126	13.7055423	36.3396231	3.837535	0.298903	40.8776829	3.605192	0.576667	1.29333	4.0103067	12.2056649	5.8912784	0	0.890451	18.384465	9.6379419	0.3327548	5.4695606	59.9156899	6.102259	0.549377	9.7649441	41.6250483	39.9766362	8.9862725	0	4.9058668	8.281984	0	2.5163946	0.273952	13.4399872	0.7863289	71.0188068	0.630029	1.567022	3.0671979	14.1255743	11.263586	5.8380386	0.9814609	13.7078267	31.7343634	19.1391263	28.898389	6.3017409	22.1853547	11.7121522	0	0	0.643568	2.319701	1.8821152	25.6979255	11.29509796	8.1344317	33.0837047	34.2904641	83.5838273	88.2544866	45.4399912	34.2922845	42.674294825	36.4035326	51.6120626	27.6941562	13.2111853	112.355266	29.2792868	19.5146269	35.5365902	11.7670541	6.1249417	0.1873434	0.3905629	6.6984051	1.4259721	3.5125383	0.9752488	63.8277942	2.9162248	1.2239577	0.326797	12.3534351	13.8438461	34.2102523	5.4183809	4.1317648	13.9455291	17.0565284	3.6330394	35.0820589	0.1799409	9.4419521	0	2.9107922
map00240	3.0735759	0.2274599	0	2.3949551	0	26.217621	0	4.924175	0.3314486	6.3253361	8.2818539	0.8133233	1.812523	0	0.882562	0.613598	0	19.0277396	0.624242	35.6319496	0	0.364954	1.4038486	2.7344751	5.6995161	2.2754516	0	5.6423496	0.392157	0	2.1639036	0.7712349	3.7574044	2.2299094	0	0.99534	2.9629679	4.640289	0.187617	2.4788792	20.129268	2.3996912	0.1875	8.1213493	21.3998682	4.6042942	5.1545025	0	0.701671	4.9380767	0	0.0938086	0.153292	2.1911034	0	25.4863012	0	1.106869	0.216385	3.545204	1.351786	0.5609761	0.240385	3.371289	9.4190738	3.0720079	16.9574279	3.2486178	4.008027	3.759705	0	0	1.18189	0	1.4878029	11.6065211	4.8295742	2.0132835	4.5578592	15.963785	22.792865	34.2799472	6.787514	12.6435612	11.170562325	9.55340719	13.7703552	11.870195	5.9845857	32.8260043	17.0953521	9.2215358	7.5871401	9.3633882	1.1905678	0	0	1.538994	0.241546	1.2199513	0.5392628	5.805345	1.0219568	1.1383114	0	1.9268149	3.0199099	5.4877142	0.8926822	2.0429	1.6318619	1.5408123	0.2624675	24.5642019	0.107372	8.4807322	0	1.332697
map00250	5.9047538	0.722522	0.142045	3.421905	0	36.5176844	0	0.8362931	0.142045	13.6144901	19.6756202	1.288681	2.5323312	0.0910747	3.0657498	2.0692578	0	28.2078742	1.9698051	56.8601825	0.6033831	0	0.380376	2.279366	14.3706502	0.4746049	0.0520231	9.5489567	1.0108132	0.640805	0	1.190877	5.9797761	3.857563	0.271287	0.862069	8.3588941	4.318321	0.2005608	4.2070276	22.3825787	4.8379771	0.284091	3.3486282	35.9643868	14.6800576	3.7997536	0	2.1358684	7.3452157	0	7.500009	0	3.9267243	0.488498	25.2923117	0	1.0317696	1.229027	8.6079133	4.081958	2.1116806	2.268487	9.0916097	13.6127773	9.4471862	25.8148262	1.240407	7.5250771	4.254666	0	0	1.9054561	0	0.480769	9.3814342	2.4667138	3.396849	5.9422339	22.1008864	38.192632	37.839513	11.5168128	11.8622719	9.6678594	13.7181722	26.03342011	8.4555114	4.7062052	44.2448742	11.7754095	14.9992555	12.94856697	2.4426708	2.1685519	0.1340482	0	4.6853051	0.425309	1.82139	0.206612	20.596247	0.543478	0.966197	0	3.3166381	5.094858	17.807719	2.805317	3.1807164	3.038316	6.5646594	1.5037134	14.5490402	0.142045	11.0066762	0	1.9636571
map00260	8.354819	2.024794	0	6.1580464	0.699301	95.6584314	0	10.0363283	0.230422	35.8800684	36.5951353	2.9805432	3.980761	0	3.313748	5.4396376	0	41.3826874	1.7331399	128.8778161	1.7240148	0.673966	1.471758	11.7211847	24.8293154	4.124301	0	29.0861935	4.0425267	0.223714	0.8450416	1.2929038	16.2057763	3.5373516	0.489314	1.4486757	12.6372053	8.7824603	0.9646578	6.8857582	47.163926	11.3291063	0	14.661826	50.372194	30.122307	12.5270509	0	7.8941247	16.6178003	0	2.196674	0.459299	7.1169618	1.036181	102.8658558	0.239234	2.716401	0.636822	17.4665621	5.7943995	8.4725905	3.8563737	15.6093697	34.2155336	23.7303084	25.89311602	5.2826356	32.0069541	10.1613633	0	0	2.147083	0	0.6774879	23.3896245	15.0822938	7.5272433	24.9260511	56.5016432	99.5857661	79.3049984	53.0214738	43.9781459	50.9546043	45.614994	50.5276578	21.755024	13.2998173	107.331998	26.4904861	15.7859065	23.337597	12.766662	5.48613864	0.5159228	0.495494	6.3313114	1.8394864	2.7172537	0.779479	67.6928469	1.6793881	2.0657608	1.00452	8.7791036	16.3472676	36.2199263	8.2265999	5.7046282	23.6477834	14.2670369	3.1972827	37.6958352	0.3272454	23.3841507	0	4.9947718
map00270	11.806884	3.2272676	0	8.5515194	0.239234	156.4893346	0	24.1048013	3.147679	58.5460087	35.67508271	5.3909976	8.917134	0.355872	11.039428	10.1693275	0	148.2284942	4.4260035	244.8605275	2.2593178	0.951546	2.575192	21.5243073	25.3264185	9.048302	0.0520231	35.1353255	3.6576711	0	3.3950246	2.6958822	30.83389	11.5579686	0.379665	2.5006957	17.2088333	24.3367743	0.8407578	11.5622498	100.553592	11.3669673	1.08623	32.425196	98.3840304	31.7312983	20.1535233	0	10.5632406	28.1543602	0	15.684204	0.26738	6.0924191	4.317319	116.847975	0.712039	7.5278213	0.8623875	27.1488771	11.2563267	10.7215873	9.668794	25.768225	51.8807009	59.4578486	43.4525009	11.2586085	42.7848141	27.5633497	0	0	8.467037	0.335706	1.077887	33.5037772	17.4673936	17.7802223	118.5271535	117.5561475	146.8094514	223.8592863	69.258335	97.9643576	78.7978688	101.1275874	188.32138221	61.688809	33.7867132	753.8570944	68.7032494	42.3205937	33.71766427	11.8180533	6.45982474	9.9331338	0.530953	18.955801	2.5456994	7.0140031	1.4717825	126.9521443	4.2170672	4.1595126	0.780806	16.9656406	37.4460086	70.92114506	15.5157739	9.9046476	43.9933088	30.077017	6.1954838	88.5080525	0.690702	42.4317119	0	10.2570228
map00330	1.723939	0.829707	0	0	0	19.758424	0	0.568182	0.142045	5.680749	10.52244	0.559432	1.148598	0	0.26075	2.945736	0	12.552964	1.491872	27.2901716	0.717607	0	0.956745	1.220835	6.0549517	0.411879	0.0520231	3.557816	0.204082	0	0	0.265252	2.769763	1.180895	0	0.589971	5.360758	3.21037	0.132626	1.8282138	9.314349	2.30925	0.284091	3.306375	9.541071	3.163804	2.9811243	0	0.699858	3.5610194	0	0	0.0946746	1.808276	0.132626	18.336417	0	0.436047	0.496655	3.044748	1.947846	1.080758	0	4.448765	6.6587073	0.987293	16.113502	2.200747	4.7239036	1.886702	0	0	5.54622	0	0.287119	4.66288	1.224241	1.473794	4.509046	10.2559144	21.9429291	11.980893	5.148261	7.0282431	4.9975231	7.1343066	10.28309841	2.843286	2.8588156	22.447109	6.0914057	10.8013428	7.00368857	1.6930407	1.1702969	0	0	2.749036	0.428484	0.81692	0	9.6526662	0	0.639374	0	1.291771	1.79508	9.1021316	1.810685	1.850877	2.115983	2.998689	1.197423	7.072749	0.346127	6.84122	0	1.3219153
map00340	0.7674161	0	0	0.745174	0.333333	3.4202633	0	0.9660901	0	3.2334669	7.408254	0.0965251	0.925588	0	0.333334	0	0	3.5419062	0.240385	7.2770411	0.240385	0	0	1.263617	7.0454432	0.7977761	0	3.8324743	0.243333	0	0	0.426409	2.657195	1.2280358	0	0	5.2860432	1.168672	0	1.0889411	2.8518995	0.8522891	0	0	8.6521293	3.6019321	0.9817053	0	2.0485061	0.350549	0	0.126031	0	1.3692751	0	4.1219651	0	0.3775361	0.129987	1.7572751	0.5320811	0.396315	0.0990991	1.2930421	4.2056218	5.74143	5.9377571	0.9778	1.0687481	1.020869	0	0	0	0	0	4.0100163	2.4360231	1.02427	4.4612621	6.4634879	7.9030351	10.3583432	1.138198	2.6169873	2.1449681	1.5278241	10.6120555	3.7653547	0.5379268	8.2369928	3.7719971	1.8244903	7.4706067	0.4839286	0.6520811	0.0701416	0.2631921	0.6220641	0	0	0	4.375953	0.166667	0	0	0.587756	1.7765441	3.8962581	0.773531	0.4180512	6.9977431	1.1519418	0.336442	3.5525029	0	1.979796	0	1.0050631
map00350	1.9208191	0.482485	0	0.166667	0.333333	13.709986	0	0.568182	0.142045	6.542432	17.19278	0.397878	1.591561	0	0.475379	0.812599	0	8.6607211	1.465351	19.355479	0.598808	0	0.380376	1.042792	11.421396	0.840312	0.0520231	6.161943	0.243333	0	0	0.691661	4.086697	1.4896198	0	0	8.799978	2.98983	0.132626	1.8544188	6.640782	2.10781	0.284091	1.774622	8.832286	6.081272	1.999123	0	0.642046	2.0587828	0	0.126031	0	2.878305	0.132626	16.764302	0	0.305979	0.496655	2.875683	1.435408	1.31298	0	2.61284	4.7258759	2.371958	19.381995	1.458066	2.821111	1.602928	0	0	1.838432	0	0	3.192783	0.476598	1.726168	3.086315	8.4464854	17.9386191	11.121796	3.340119	4.922398	2.5179551	4.45085	8.44849941	3.759371	1.442524	14.508903	5.2924977	11.8545858	12.85650067	0.9550613	1.2977399	0	0.166667	2.662231	0.132626	0.81692	0	8.3072203	0.166667	0.639374	0	1.458438	2.296295	8.9406026	1.589094	1.5716151	1.750209	2.412857	1.125702	6.6665013	0.142045	6.0708009	0	1.026272
map00360	1.9208191	0.482485	0	0.166667	0.333333	13.709986	0	0.568182	0.142045	6.542432	17.19278	0.397878	1.591561	0	0.475379	0.812599	0	8.6607211	1.465351	19.355479	0.598808	0	0.380376	1.042792	11.421396	0.840312	0.0520231	6.161943	0.243333	0	0	0.691661	4.086697	1.4896198	0	0	8.799978	2.98983	0.132626	1.8544188	6.640782	2.10781	0.284091	1.774622	8.832286	6.081272	1.999123	0	0.642046	2.0587828	0	0.126031	0	2.878305	0.132626	16.764302	0	0.305979	0.496655	2.875683	1.435408	1.31298	0	2.61284	4.7258759	2.371958	19.381995	1.458066	2.821111	1.602928	0	0	1.838432	0	0	3.192783	0.476598	1.726168	3.086315	8.4464854	17.9386191	11.121796	3.340119	4.922398	2.5179551	4.45085	8.44849941	3.759371	1.442524	14.508903	5.2924977	11.8545858	12.85650067	0.9550613	1.2977399	0	0.166667	2.662231	0.132626	0.81692	0	8.3072203	0.166667	0.639374	0	1.458438	2.296295	8.9406026	1.589094	1.5716151	1.750209	2.412857	1.125702	6.6665013	0.142045	6.0708009	0	1.026272
map00460	0.168919	0	0	0.9307811	0	1.6970603	0	0.0691563	0	5.457975	1.5358296	0	0	0	0	0.439728	0	2.9781003	0.3524554	5.203258	0	0	0	0	0.3524771	0	0	0.331081	0.875037	0	0	0	0	0.3228211	0	0	1.3555013	0	0	0	2.0649104	1.479263	0	0.168919	1.787553	1.408919	0	0	0	0.168919	0	0.673401	0.0650069	0.168919	0	0.3231987	0	0.168919	0	0.983108	0	0	0.168919	0.644129	0.759009	0	1.2552672	0.164983	0.624136	0.337838	0	0	0	0	0	0	0	0.506757	0.3922824	1.244595	1.347962	3.940934	4.318286	1.810811	2.110358	3.077377	2.6849674	1.101352	0.3665767	7.48641	1.9488262	0.2087963	1.9101863	0.536069	0	0	0	0.4607518	0.18287	1.0736263	0	1.527964	0	0.465136	0	0.4248693	1.282659	2.461052	0.16835	0.0917474	0.210586	0.9406659	0.2705084	1.8801451	0	3.366568	0	0.3066626
map00480	7.1913714	2.334329	0	6.80123	0.437198	50.294632	0	4.675866	0.4603	15.568549	13.943086	0.805419	2.8616294	0	1.1558036	2.417664	0	21.3133581	11.0968044	55.293369	0	0	0.969488	16.217552	6.749508	1.420572	0	11.308707	1.266752	0.609756	5.206732	0.3743607	10.159489	2.940837	0	2.092865	5.1819139	3.87325	0.120773	1.9593681	17.9257166	2.7174359	0	4.1961807	24.7315213	17.703793	6.3503097	0	4.7661574	11.1409089	0	1.226523	0	2.1095996	0.506658	49.5239494	0.301205	0.808945	0.245755	15.0879377	3.109622	4.507994	1.3462285	7.156344	11.7630027	6.3989	7.843482	4.2296629	10.8803374	5.262357	0	0	6.812451	0.456056	0.3193028	7.183896	3.0547855	3.8333991	28.482111	24.758844	31.6413639	37.968266	12.270778	17.8089994	19.977246	28.3494411	49.395778	10.2010629	8.4805518	46.470379	14.423515	5.1433521	9.099105	3.1339731	2.4793968	0.115207	0.230414	4.9197953	0.979768	0.575507	0.47617	30.6900049	5.628762	2.328045	0	8.445415	13.800903	56.418162	1.648038	10.4387037	14.61497	16.8993365	1.111963	21.90824	0.114439	2.817498	0	1.3458424
map00500	8.4334059	2.16576871	0.56391	7.6720275	0.3306851	91.5915683	0.231481	5.406577	0.2597373	50.6367433	25.821976	3.7254312	7.870368	0	3.8711951	4.8573453	0.308642	49.3837208	5.1011097	144.5862351	0.680697	0.231481	3.1098275	13.3199934	23.4044893	3.1618709	0.093985	23.5895205	3.1042495	0.567497	0	3.5706403	17.5771584	8.5807716	0.15083	1.475179	19.8659808	7.3974303	0.2431731	7.7108319	59.8903737	4.6972956	2.1563063	15.4034019	49.6828619	38.7462316	11.1584566	0	7.14559211	20.7489888	0	1.509996	0.3568459	11.5279041	3.1526974	61.9680705	0.4303322	3.7455832	1.128594	30.701027	12.6243348	8.1678687	4.7047845	16.9105823	54.8510421	16.153468	25.5339468	7.7676099	21.6604618	10.286589	0	0	4.311353	2.319701	1.807876	19.3658512	9.93975806	5.6613734	41.1046134	78.1264405	86.3254355	72.2700933	22.3224182	44.2157434	30.3502119	67.40132274	77.9995469	18.9825677	13.7361089	93.1733581	58.869593	19.5028647	22.3673866	20.1262295	5.3308045	0.4150961	0.419452	7.4001882	1.513549	3.3214688	1.0755748	39.0736327	1.6022478	2.5416645	6.913821	9.3880854	12.3365249	32.3004808	3.7481682	22.9428589	13.9648764	15.5450964	4.3957334	22.30588493	0.0587302	37.269493	0.0527211	4.63038031
map00510	1.366835	0.251256	0	0	0	10.047954	0	0.847571	0.152429	2.986596	1.417085	0	0.251256	0	0.872696	0.737018	0	8.562818	0	13.035172	0	0	0	1.18593	4.016746	0	0	1.647316	0	0	0	0.644891	3.144055	1.224455	0	0	1.221106	1.782245	0	0.819096	5.544082	1.945417	0	1.857624	8.105523	3.076034	0.4572861	0	0.251256	2.547741	0	0	0	1.4589599	0	6.439039	0	0.179229	0	2.152426	0.839196	0	0.502512	0.96985	3.246229	1.698496	2.685731	1.005025	2.065543	1.300491	0	0	0	2.25796	1.00503	7.666015	0.899497	0.753769	3.452364	5.53601	15.321615	19.222633	0.251256	3.778898	2.371862	4.378557	8.835841	3.023447	0.902847	9.71022	5.278055	1.906198	1.566164	0.693467	0.753769	0.40201	0	0.5711887	0	1.953099	0	4.778513	0.5812391	0.323283	0	0.417085	3.224451	5.29167	0.345059	0.242881	0.820771	0.42211	0.3249578	2.2703727	0	1.005025	0	0.502512
map00520	16.5844677	1.044802	0	4.1031982	0.7487639	65.9759427	0	2.915483	0.486554	29.522154	21.2754728	3.08599	5.4986721	0	6.1359401	5.909385	0.124444	126.60065776	1.4487199	106.9821146	0.825959	0	2.0020354	17.9307341	15.2672044	8.1607729	0	10.2757109	4.640059	0.205339	1.606899	2.5762745	17.0737496	15.9983191	0.352113	0.308008	17.1561172	15.5335192	1.042795	6.9128661	90.8832295	8.0293421	0	19.6069089	131.8754114	11.8749177	17.0785897	0	2.1460431	32.410848	0	0.76279	0.3529991	6.6102645	0.318792	29.8448406	0.240791	3.6987137	1.1991	25.1575587	8.7543139	6.0397744	3.6915856	24.500733	34.5324816	50.0548577	53.1216603	5.8165029	28.6963376	11.1347678	0	0	3.359029	0	0.614396	46.2157375	7.6030342	2.2754028	22.9875821	58.9413869	83.2975687	151.66124335	8.796716	37.9573692	23.9986122	25.0865693	102.5941124	30.552923	12.7308153	95.2671037	69.4092176	67.9390425	24.0899451	85.2795912	6.4652914	12.782707	0.265957	4.6668041	11.141746	4.3498891	1.485192	31.5434171	1.6997626	2.6827348	0.844865	6.6358076	18.6704115	26.147471	4.3029894	6.8606948	29.2101939	15.72794084	2.8406276	43.4247675	0.2937257	24.8167098	0.4982625	5.85990132
map00540	0.10989	0.15528	0.178571	0.21164	0.189394	3.0077621	0	0	0	0.90848	2.112626	0	0	0	0	0.157173	0	2.3741659	0.459259	2.5935531	0	0	1.419171	0.1966956	1.0665709	0	0	1.2080868	0	0	0	0	0.5959793	0.109158	0	0	1.5558519	1.5675967	0	0.1846835	2.6877099	0.4553936	0	0.0862069	1.6505254	0.6066642	1.01852	0	0.284522	3.5063019	0	0	0	0.2260804	0.172414	4.4027616	0	0.138122	0	0.598607	0	0.172414	0	1.2475689	0.7500073	0.346946	1.9007264	0	0.5738404	0.2916118	0	0	0	0	0	0.3460449	0.583341	0	1.2121821	1.420541	1.9440727	1.6623217	0.885319	1.1466241	0.4420912	0.4199275	0.823741	1.2808714	1.0802465	0.5640109	0.284091	1.187826	1.465259	1.1865549	0.258046	0.2184819	0	0.4220115	0.160681	0	0	0.9501326	0	0.172414	0	0.6123576	0.5613449	3.1273877	0.3491036	0.825228	0.801904	0.0494253	0.172414	2.2119997	0.0862069	0.6730499	0.120244	0.309106
map00563	8.2739582	0.205338	0	2.2386782	0	23.5575999	0	1.390037	0	14.790817	2.9918808	1.607632	2.9452089	0	2.4250461	5.236905	0	66.12482396	0.7751439	78.4708796	0.411594	0	0.9143144	9.3637781	3.6455203	1.9418439	0	5.6581778	1.431429	0.205339	0.62102	0.7354226	5.1922786	5.70818	0	0.308008	3.0123692	7.9937457	0	1.934694	52.8160948	1.6377904	0	9.4255108	72.5731294	2.5827455	5.5086257	0	0.5873601	6.5831973	0	0.410677	0.3529991	1.3102765	0.067731	9.0175007	0.102669	1.8072947	0	6.5277827	3.6432079	2.5137999	0.6030396	14.719462	22.1856689	16.6573712	7.159403	3.5503589	8.4112703	6.1802859	0	0	0.396825	0	0.194787	13.1506147	3.3762692	0.3470223	12.4509732	27.248295	35.2636992	56.74768265	2.219223	21.522851	13.0279902	6.5470998	27.8311202	12.757166	2.6288037	54.483508	12.2897945	6.8992465	3.2074563	0.3261856	1.3307184	0	0	0.9591076	0.310138	0.8769021	0.124498	13.6421108	0	1.1041038	0	1.7553666	4.1203905	12.9542673	1.4341023	3.5457218	5.4324199	6.3743432	0.7961456	20.602779	0.0725689	5.9743578	0	2.678883
map00564	2.5977736	0.3872447	0	1.826198	0	28.7672254	0	6.645058	0	12.4468508	18.8985949	0.609756	2.921975	0	1.555316	1.108207	0	39.369381	0.242317	33.772751	0.35461	0	1.062648	6.450415	7.3957368	1.9542297	0	9.6825338	1.391253	0.529762	0.70922	0.914166	6.413072	5.89811	3.76667	2.175145	2.5655184	7.191141	0	2.162976	21.0915066	3.58242313	0	6.0007757	24.868272	10.89113	3.3350906	0	2.431332	7.797394	0	0.344828	0.35461	3.202532	0.0661939	30.1104544	0	0.553474	0.0463836	12.015956	2.848052	2.0110065	0.521472	3.280483	9.1142583	3.1238541	18.636052	2.881119	7.6718578	3.213215	0	0	0.943262	0	0.35461	8.7331105	2.08624303	3.8217817	7.7388277	18.4023032	27.6738279	32.869577	6.762002	11.8196944	8.3477134	13.463945	20.639849	19.4710444	9.6773	29.797535	13.771735	8.9912574	8.002247	4.5957072	1.789483	0.176123	0	2.478723	0.29523	0.175439	0.14539	11.2284989	0.545894	0.0886525	0	3.1784152	5.333952	5.394177	1.90606	2.084597	7.301898	1.143391	1.091017	11.77647	0	6.8480286	0	1.34442
map00600	5.7513022	1.9531189	0	7.6926425	0.4281591	31.9573815	0	6.9175142	0.0386399	27.45426102	9.4513066	1.2073056	2.2245763	0	1.93528414	2.037099	0.0655898	77.9471083	1.3910059	50.4836258	0.3676795	0.22008	1.1107262	3.93982173	7.4390242	2.12631753	0	3.892404	0.4966325	0.120482	1.3668244	0.7482655	8.5555389	7.2889975	0.315457	0.121655	4.3578899	7.9812181	0.3456644	3.8936165	66.4096132	2.3615481	0	18.6553068	55.2062947	7.0019878	7.2158407	0.0386399	1.7161611	11.2764796	0	1.7355782	0	1.5592098	1.2928631	25.945083261	0	0.8859524	0.1489236	16.520638	4.7165287	4.5499322	2.0689313	6.8382641	30.8264866	22.1931325	14.9509095	4.854682	14.2789514	6.7078988	0.372439	0	7.528273	0.1411434	2.0118749	26.9847981	3.8481302	1.1788335	22.7147172	29.4551811	40.3760102	91.5733171	6.9523361	34.5810513	11.94477782	22.4832578	74.801159	13.4087103	13.1320163	38.02548526	20.8518648	16.3037108	12.9525596	3.0405044	3.3329404	0.2129115	0.0936339	4.1438711	0.7120034	1.8507944	0.6611974	21.8215076	1.1253934	1.2570889	0.1928426	1.84271927	9.6646941	12.8018007	1.5272728	3.8375555	18.5745931	9.9870171	1.4229451	19.09859982	0.1839708	26.1326263	0.120482	3.743539
map00603	8.2739582	0.205338	0	2.2386782	0	23.5575999	0	1.390037	0	14.790817	2.9918808	1.607632	2.9452089	0	2.4250461	5.236905	0	66.12482396	0.7751439	78.4708796	0.411594	0	0.9143144	9.3637781	3.6455203	1.9418439	0	5.6581778	1.431429	0.205339	0.62102	0.7354226	5.1922786	5.70818	0	0.308008	3.0123692	7.9937457	0	1.934694	52.8160948	1.6377904	0	9.4255108	72.5731294	2.5827455	5.5086257	0	0.5873601	6.5831973	0	0.410677	0.3529991	1.3102765	0.067731	9.0175007	0.102669	1.8072947	0	6.5277827	3.6432079	2.5137999	0.6030396	14.719462	22.1856689	16.6573712	7.159403	3.5503589	8.4112703	6.1802859	0	0	0.396825	0	0.194787	13.1506147	3.3762692	0.3470223	12.4509732	27.248295	35.2636992	56.74768265	2.219223	21.522851	13.0279902	6.5470998	27.8311202	12.757166	2.6288037	54.483508	12.2897945	6.8992465	3.2074563	0.3261856	1.3307184	0	0	0.9591076	0.310138	0.8769021	0.124498	13.6421108	0	1.1041038	0	1.7553666	4.1203905	12.9542673	1.4341023	3.5457218	5.4324199	6.3743432	0.7961456	20.602779	0.0725689	5.9743578	0	2.678883
map00604	8.2739582	0.205338	0	2.2386782	0	23.5575999	0	1.390037	0	14.790817	2.9918808	1.607632	2.9452089	0	2.4250461	5.236905	0	66.12482396	0.7751439	78.4708796	0.411594	0	0.9143144	9.3637781	3.6455203	1.9418439	0	5.6581778	1.431429	0.205339	0.62102	0.7354226	5.1922786	5.70818	0	0.308008	3.0123692	7.9937457	0	1.934694	52.8160948	1.6377904	0	9.4255108	72.5731294	2.5827455	5.5086257	0	0.5873601	6.5831973	0	0.410677	0.3529991	1.3102765	0.067731	9.0175007	0.102669	1.8072947	0	6.5277827	3.6432079	2.5137999	0.6030396	14.719462	22.1856689	16.6573712	7.159403	3.5503589	8.4112703	6.1802859	0	0	0.396825	0	0.194787	13.1506147	3.3762692	0.3470223	12.4509732	27.248295	35.2636992	56.74768265	2.219223	21.522851	13.0279902	6.5470998	27.8311202	12.757166	2.6288037	54.483508	12.2897945	6.8992465	3.2074563	0.3261856	1.3307184	0	0	0.9591076	0.310138	0.8769021	0.124498	13.6421108	0	1.1041038	0	1.7553666	4.1203905	12.9542673	1.4341023	3.5457218	5.4324199	6.3743432	0.7961456	20.602779	0.0725689	5.9743578	0	2.678883
map00620	11.8652076	5.1735042	0.465658	17.4193641	1.9957673	157.273024	0.1165503	24.663549	1.06885	101.928689	29.19521763	4.2999247	14.740126	0.355872	15.7990913	14.4301436	0.1876237	258.5953507	5.0058088	266.060669	0.7367468	0.27758	10.448517	31.1599401	27.3681742	6.90992751	0.0582072	22.1925944	3.654246	0.0582751	6.134191	3.506326	26.2774989	27.1801686	0.5916122	2.4577734	16.553045	25.367126	0.2433157	15.6404514	120.3798342	7.9265307	0.717839	43.206037	220.3291134	43.7933569	20.1992725	0.0582072	15.8776179	36.3542654	0	6.9890471	0	6.8656311	3.834463	115.81023512	0.9122912	5.7827227	0.1165503	75.302961	21.2281934	27.142246	8.721125	41.7552689	74.958562	91.668611	41.8605907	12.0767235	65.976123	16.4554743	0	0.400505	9.169232	0.6780042	5.050703	82.4666404	24.6008187	7.97005	66.9783602	110.322911	102.4053002	237.639482	45.216405	111.7389082	86.9297235	110.680338	384.837129	62.0267467	30.4894157	194.4222439	67.405055	29.622399	17.2501833	26.4687339	5.0163938	1.7972308	0.2010642	10.648227	3.1149353	5.276186	0.8071392	70.5127895	2.6385094	1.8550374	0.232829	17.4072124	16.1114432	35.85713096	12.0295494	9.8764095	45.71747	31.5689588	5.0686062	47.0938289	0.671353	23.6482387	0.116414	10.0114875
map00630	1.297368	0.329248	0	2.779709	0.239234	36.405159	0	3.799904	0.298709	13.558509	5.245912	1.679718	2.677725	0.355872	6.600103	5.961744	0	27.215535	1.323822	24.723605	0.177936	0.27758	0	4.508385	2.9348629	1.350353	0	3.4966552	0.926242	0.223714	0.821053	0.4804922	6.861049	5.768033	0	1.112494	4.276388	5.472667	0.120773	4.78383	35.051024	0.808307	0	14.060177	30.52733	3.9983749	6.020373	0	4.126341	11.4424037	0	1.793293	0	0.467729	1.354995	39.699999	0.712039	1.206997	0.120773	5.655321	4.318511	5.1347955	3.285309	10.7447503	15.869517	39.99963	4.73871912	1.5487019	12.30336	3.9126106	0	0	0.729927	0.335706	0.5830279	15.9189223	3.168904	0.807492	13.693067	47.820158	31.536544	54.440165	3.865725	23.5549657	18.12812	31.997104	22.783561	9.712442	8.209899	35.455745	11.810281	5.1200356	6.7505908	2.0796801	2.442265	0.974371	0	4.839785	0.177936	0.5569316	0.372783	30.250913	0.355872	0	0.223714	1.5246799	5.398016	17.22818996	3.81798	2.2899372	1.387064	4.0552369	1.785992	16.142866	0	4.317412	0	0.225465
map00640	1.7231479	0.574863	0	0.836174	0.689655	23.577343	0	4.937605	0.142045	19.778858	5.49715363	0.963068	4.029447	0	3.3608995	2.967918	0	17.528445	0.6382568	69.427312	0.142045	0	1.925275	6.1123312	10.6292722	0.581427	0	5.715409	1.296999	0	0.284091	0.357143	3.5256457	2.899605	0	0	3.737703	2.706041	0	2.3980988	20.5862402	2.464262	0	3.225935	24.9142427	5.872578	4.7602756	0	2.726244	3.0464692	0	2.250031	0	2.052265	0.754761	20.59448732	0.142045	1.472255	0	6.780007	2.767976	6.134903	1.425198	5.9860425	19.736604	10.9431741	12.486805	3.4073826	12.440814	3.0661942	0	0.284091	1.420416	0.284091	0.710227	9.935061	1.643923	1.730567	14.748327	21.322294	24.30459	31.791992	14.376477	20.7390742	16.7804465	21.360322	58.495055	11.2197319	7.3170703	38.490104	10.333762	3.5561004	5.0301168	5.32486	1.0483529	0.312649	0.142857	1.436059	0.284091	0.242424	0	20.423989	0	0.47422	0	4.3846365	2.968002	9.509557	3.085222	1.863131	7.520199	8.4747058	1.0837695	9.7243319	0.243902	4.928025	0	1.8289991
map00670	4.4876993	1.34999	0	3.419588	0	58.9065503	0	1.5051901	0.315832	14.8447071	20.560701	1.0465741	1.854705	0	1.351109	0.8544959	0	23.5678871	0.5193803	48.5023731	0.83978	0	0	2.907503	21.7984289	1.7142074	0	31.4101883	0.680233	0	1.09415	1.968502	8.731993	3.2662066	0.772287	0.893262	10.9285959	5.5194794	0	2.9639726	31.3302715	3.4675763	0	7.5430253	31.7548323	33.5779197	6.51040885	0	4.8201351	5.214566	0	0.436047	0.144928	7.1557251	0.421512	60.8600512	0.145349	0.8509671	1.424136	10.9774271	3.7837698	3.4716446	1.1927211	10.7890194	14.3791402	9.75711	26.68981434	4.2988109	11.9565126	8.8993188	0	0	5.124395	0.140504	1.485389	15.1219323	5.9019577	4.06012	17.2913101	32.5019829	55.6163226	49.87049257	12.3042329	17.0004633	17.8516226	16.4881211	37.2196869	18.2946717	12.0270987	67.613535	18.5202544	16.0823505	18.506638	5.6658952	2.5275063	0.2154906	0.0965251	5.3852771	0.145349	1.002545	0.145349	31.4601397	3.10709	1.037369	1.04698	2.565194	11.4197081	18.3771046	6.20079	5.5572761	21.2646801	5.8809818	2.654256	21.2240969	0	9.4775095	1.054057	2.3073343
map00680	6.2385586	1.3870014	0.17331	2.7205075	1.62819	99.388188	0.376068	13.766594	0.5101453	43.1970326	36.71317253	4.6226298	7.693549	0.355872	12.0131725	11.431215	0	61.555663	3.1178218	193.2426578	1.46424	0.27758	2.627665	14.9754758	21.0062812	4.9554738	0	24.063674	4.3113912	0	1.105144	1.8883505	16.0592283	12.0737456	0.431173	2.208985	14.1062633	12.237972	0.778268	13.2748902	73.3957468	10.244162	0.161031	26.9690496	71.592709	22.9951292	19.257246	0	11.9847859	20.6187239	0	5.8671943	0.459299	7.010348	2.71106	126.99966462	1.093318	4.6131167	0.249314	22.5044276	9.4059908	17.9752594	6.5026632	24.2880655	49.6208203	67.273492	23.6777174	7.4811911	41.3846749	14.8877811	0	0.284091	2.574072	0.619797	1.9006243	35.4199388	10.8765996	6.4023829	38.53465717	93.7837935	109.7032747	121.4905268	60.7076958	56.8553025	60.9990421	71.8500277	93.2521023	30.0332123	17.9030243	127.74622	30.0282846	14.2864294	18.1351153	12.97848178	4.1084286	1.747546	0.252747	8.9946667	1.7544803	2.0251	0.7607083	64.6995563	1.530818	0.9386133	0.241546	9.0816784	12.1696699	30.12023526	9.8816048	5.6527874	13.1510979	19.5035674	4.2743083	37.8130094	0.3945927	11.8527108	0	2.536474
map00710	1.4030777	0	0.17331	1.3718775	0	10.370318	0.376068	0.884596	0.0805153	3.1722596	5.0658603	0.1931283	0.485776	0	0.107527	1.583494	0	12.886357	0.497367	32.2152838	0	0	0.483092	0.5569386	3.526167	2.2817598	0	1.581112	0.0203972	0	0	0.3552131	3.2639495	1.9671876	0.321524	0	0.2402593	2.269007	0	1.4983943	9.2219346	0.43342	0.161031	2.6101626	15.2138313	2.0073663	3.5950556	0	0.6515778	3.6405993	0	0.2110633	0	0.5159444	0.272357	8.0582653	0	0.4187781	0	4.9573796	0.538591	2.9910194	1.8724615	4.338323	7.2069063	1.6419355	2.1246244	1.2718016	2.2545989	5.8494919	0	0	0	0	0.0805153	5.8061583	0.6461926	0.4637089	4.04121357	10.6639255	28.264156	28.7758566	2.60923	2.6478443	4.1716876	3.5667787	9.7628743	3.7918754	0.929926	19.6914	3.6958953	1.8460216	1.6674727	0.51196848	0.7525568	0.131579	0	3.3977773	0.2415463	0.161031	0.2538253	10.3565163	0.806452	0.161031	0.241546	1.079727	4.6736619	5.5235553	1.4824128	1.045413	2.7758933	4.7925306	0.4191528	7.4459567	0.0805153	1.383419	0	0.2693939
map00730	1.1427624	0.3497488	0	7.90249	0	10.01084	0	2.3230788	0.42735	4.1250246	3.0009916	0.2054248	0.812599	0	0.0891266	1.29745	0	22.0922156	0.079661	13.376435	0.2984208	0	0.2440683	2.5753738	3.0701258	0	0	1.424159	0.2542378	0	0.798722	0.4121207	3.4509806	2.8878293	0	0.169492	1.456265	1.458637	0	0.338984	9.2176556	0.5660508	0	0.72602	16.2328295	5.7494916	1.8773374	0	0.7949814	3.1170044	0	0.254237	0.61286	1.7295288	0.2542378	6.9982508	0	0.0847458	0	4.542477	0.9420774	0.3769606	0.6815562	2.4424118	3.2050706	3.288821	2.1554836	0.604593	3.849144	1.368838	0	0	0	0	0.136612	4.7462117	1.3757726	0.91504	6.4242696	7.9678852	9.3309052	15.9055908	2.368994	4.3991043	2.9625316	2.5059242	7.5380648	6.6893826	2.0812496	12.8445628	4.5082919	2.4937359	1.332733	0.9716238	0	0	0	0.4034408	0.0847458	0	0	3.4451286	0	0	0.316102	0.3588856	1.168944	2.380718	0.5394995	0.3040201	2.144323	0.6314994	0.4249745	2.3890238	0	1.6962098	0	0.1378531
map00740	0	0.134354	0	0	0	1.0796551	0	0	0	0	0	0	0	0	0	0	0	0.255102	0	0	0	0	0	0	0	0	0	0	0	0	0	0	0	0	0	0	0	0	0	0	0	0	0	0	0	0	0	0	0	0	0	0	0	0	0	0.398782	0	0	0	0	0	0	0	0	0	0	1.402632	0	0	0	0	0	0	0	0	0	0.219388	0	0	0.513131	0.456621	0.156463	0	0.584049	0	0	0	0.25641	0.940789	0.73541	0.865899	0.056701	0	0.253807	0	0	0	0	0	0	0.42517	0	0	0	0	0	0	0.253807	0	0	0.22831	0	0	0	0	1.36834	0	1.020408
map00760	1.336309	0	0	0.2804491	0	7.7004895	0	0	0	1.91743	1.768766	0	0.269287	0	0.643328	0.218341	0	6.202286	0.218341	6.682681	0	0	1.31004	1.2259784	1.5006171	0.120567	0	3.042896	0	0	0	0.462963	0.631732	0	0	0.436681	1.8618	0.218341	0	0.0262009	3.42181	0.48077	0.1875	1.60325	3.42939	1.4925167	1.0489684	0	0.218341	1.241981	0	0	0	0.436681	0	5.294526	0	0.149038	0	0.637555	0.609759	0.218341	0.240385	1.628856	2.48786	0.783574	3.3733517	0.939495	0.798262	0.895407	0	0	0.341346	0	0.218341	1.8020354	2.608486	0.435226	0.218341	1.800956	4.593499	5.671853	1.284437	2.734952	2.287086	1.1571912	1.110836	4.754755	0.993149	8.263054	4.542535	0.766701	0.48077	1.7195021	0.123726	0	0	1.688854	0.241546	0	0	1.524129	0.453151	0.458726	0	0.364111	0.524017	1.367246	1.075068	0.102694	0.137589	0.813008	0	6.254281	0.107372	1.659046	0	0.493589
map00780	0	0.233645	0	0.218069	0	2.4395962	0	0	0	0.46729	0.7928352	0.154206	0.194704	0	0	0	0	1.566842	0.11838	0.1105919	0	0	0	0.761408	0	0.527763	0	0.420561	0	0	0	0.0794393	0.161994	0.233645	0	0.291277	0.404985	0.221184	0	0.453271	0.81464175	0.4501563	0	0	1.732087	0.520249	0.9968852	0	0	0.819232	0	0	0	0.0233645	0	3.403151	0	0	0	1.545172	0	0.249221	0.166667	0	0.3322529	0	1.532711	1.175674	3.607412	0.137072	0	0	0	0	0	1.88785	0	0.2616824	0.576324	1.573262	3.723753	1.510904	3.755455	3.1012436	1.74143	1.084113	4.264795	1.042056	0.7943928	5.026479	0.45942	0.216511	1.225582	1.458307	0	0	0	0.700935	0	0.403427	0	1.1118754	0	1.579435	0.700935	0	0	0.847352	0	0	0.233645	0.233645	0	10.0467295	0.233645	4.644635	0	0.249581
map00900	3.088437	0.743806	0	2.318252	0	17.4348519	0	3.23757	0	7.460747	6.535287	0.712322	1.278607	0	1.029553	2.405006	0	28.082572	0.655896	20.525708	0.0983936	0.497512	0.47138	3.745043	3.3455463	1.076613	0	5.785518	0.686567	0	3.36111	0	5.24679	2.29989	0	0	0.898838	2.4103979	0.162521	1.451238	11.374579	2.035179	0.5	2.554103	19.923868	3.611333	2.2985091	0	0	8.6476264	0	0	0	0.818442	0	14.505767	0	1.253951	0.866086	8.309456	1.0610306	1.771571	0.746268	2.3434106	6.3072924	5.759649	1.137377	0.6934691	11.365095	3.1448764	0	0	0.75	0	0	4.492217	4.634207	0.997202	7.239197	8.991775	22.916289	46.743907	16.167586	13.854394	11.980048	4.354105	21.76041416	14.194431	2.89045878	32.446134	6.208429	1.15402	4.934267	0.9547426	2.0516321	0	0	3.646826	1.955814	1.164179	0.232558	11.4505595	0.386803	0.597214	0	0.592425	4.331943	5.11435	1.033401	0.481314	9.912954	3.739927	1.160077	10.912179	0.481314	9.609408	0	0.9861391
map00910	16.3704558	2.422633	1.202595	1.653029	0	44.8637111	0	8.6242685	0.199601	11.4516211	26.2684439	1.288091	5.1770432	0.0910747	1.5715966	1.8966972	0.499002	87.7133379	1.2221066	122.0690475	1.1182171	0.199601	0	7.6009668	43.5720861	3.6199209	0	20.5664004	1.149867	0.498337	0.399202	8.175891	15.5937441	10.3909405	1.468227	1.816485	7.3188841	9.610512	0.9235572	4.2357468	44.3455603	5.5380941	0.52362	6.0555192	125.3922268	19.895013	9.7647766	0	3.0230254	8.0437779	0	1.0588284	0.0991351	4.742134	2.14065	8.40493	0.299401	2.767274	0.8386594	22.2644663	17.7901344	6.2381776	2.828844	14.0072267	26.246083	5.5935892	19.9061052	7.499391	37.9727071	17.4944584	0.199601	0	2.0563541	0.986028	1.7440178	20.3829192	6.8236744	5.162095	26.6490517	44.003486	43.925202	182.9645487	8.357938	35.7958868	31.343287	34.6560451	112.5053341	39.3418948	5.7180509	48.3324312	29.3532732	24.8952837	9.007006	1.2970911	7.187752	0.812691	0.247505	7.5194483	1.307418	3.477375	0.9150038	43.49786	2.3163314	1.3752504	0	11.7498365	17.639982	31.3082344	9.5565279	8.6804304	35.756085	14.0515222	2.332833	33.4777335	0.3992018	11.1377942	0.0998004	5.4261741
map00920	4.0912	0.784823	0	0.910828	0	43.855976	0	9.129325	2.898156	13.617996	5.949094	2.0563419	3.474456	0	2.0878569	1.3325659	0	43.2231999	0.564071	83.3419996	0	0	0.942356	4.6184404	4.85174	2.148676	0	13.7169512	1.9651494	0	1.59524	1.448659	6.9017251	2.264362	0	0.70922	3.697947	6.650576	0.18797	2.24425	16.489927	4.463138	0	11.757144	20.937597	4.2190103	5.847131	0	2.96634	4.4073715	0	13.477011	0	0.8779152	1.855084	18.32128	0	5.337301	0.0989975	3.401918	2.567855	2.0110763	1.21986	3.76552	10.4057019	4.9710816	8.634774	6.436787	6.826374	12.234064	0	0	4.677576	0	0.570176	5.122603	2.555833	7.540336	73.958768	30.766143	43.034563	26.082196	18.100907	28.1115078	6.768952	17.826641	23.106765	17.746186	16.419967	591.5600883	12.9119309	8.490706	7.674338	1.537834	0.982491	0.186717	0	3.858319	1.299499	3.536132	0.532629	44.9433971	1.589873	1.03258	0	1.3361938	4.905821	10.7898142	4.946831	3.6282415	8.832814	5.343179	0.659857	36.8289884	0.18797	12.9315372	0	3.689507
map00940	0	0	0	0.1539021	0	0	0	0.0691563	0	0	0.0740113	0	0	0	0	0.10189	0	0.0691563	0.3524554	0	0	0	0	0	0	0	0	0	0	0	0	0	0	0.1539021	0	0	0.2271343	0	0	0	0	0	0	0	0	0	0	0	0	0	0	0	0.0650069	0	0	0	0	0	0	0	0	0	0	0	0	0	0.0677732	0	0.207469	0	0	0	0	0	0	0	0	0	0	0	0	0	0	0	0	0.207469	0.0847458	0	0.171969	0	0.0691563	0.0691563	0.0691563	0	0	0	0	0	0	0.0691563	0	0	0	0.138313	0	0.0691563	0	0	0	0.0917474	0	0.1631697	0	0	0	0	0	0.1383126
map00950	1.723939	0.482485	0	0	0	12.483311	0	0.568182	0.142045	4.277292	9.91576	0.397878	1.148598	0	0.142045	0.812599	0	8.142343	1.224966	16.887702	0.358423	0	0.380376	0.782375	5.75155	0.132626	0.0520231	2.619044	0	0	0	0.265252	1.989502	0.93114	0	0	3.900035	2.30314	0.132626	1.2378068	6.00819	1.610017	0.284091	1.774622	7.441627	3.163804	1.667997	0	0.142045	1.8948488	0	0	0	1.605555	0.132626	14.064159	0	0.142045	0.496655	2.875683	1.435408	1.080758	0	2.139617	3.0609673	0.692308	14.403491	0.971257	2.696521	1.145122	0	0	1.838432	0	0	2.427117	0.309931	1.293938	1.740543	6.5582064	14.042244	7.28194	2.394971	4.072278	2.3523921	3.635423	6.87570441	1.806264	1.275857	12.026683	3.9931647	10.5097578	6.22887997	0.6641827	0.7421839	0	0	2.401814	0.132626	0.81692	0	5.602297	0	0.639374	0	1.291771	1.625012	6.1997996	1.412416	1.480504	0.76387	1.722256	0.78926	4.976125	0.142045	5.552518	0	0.846548
map02010	0.6589317	0.3536763	0	0.3125	0	5.5557463	0	0.0298246	0	2.1004779	1.5328853	0	0.3508776	0	0.2149453	0.0818713	0	6.5593316	0.0877193	6.1556313	0	0	0	1.419557	3.549472	0.1634833	0	1.9216356	0	0	0	0	0.972978	0.2415653	0	0	1.4200729	1.8424093	0	0.2631583	5.898681	0.6310569	0	0.0877193	5.2053273	1.4681936	0.254453	0	0.8100286	1.3163263	0	0	0	0.6644033	0	5.6715676	0	0.0877193	0	0.526316	0.4385963	0.0479532	0.132164	0.8216365	3.0146503	1.905448	0.6140353	0.175439	1.283497	0.9237844	0	0	0	0	0	0.4488016	0.4002193	0.2375	2.1986509	3.7695293	10.3532365	4.3259916	0.9829023	3.2261916	1.2596486	2.2664783	4.9918136	3.4906293	1.9393003	4.651465	0.9036689	1.5703183	0.9825239	0.4385969	0.0877193	0.485437	0	0.0877193	0	0.2931275	0	4.4663283	0	0	0	0	1.56257	2.786811	0.6510801	0.8886999	1.044189	0.145759	0	0.602339	0	0.5616803	0	0.182848
map02020	5.4315928	4.6946226	0	12.6506	0.0533333	59.7382825	0.153846	9.952622	0.0312185	27.796836	31.8930746	4.564128	4.145888	0	2.6973818	3.708087	0.33557	72.7105589	1.9660169	95.6975295	0.571213	0	1.72364	4.3785727	22.1064577	3.5668185	0	20.969325	1.4998267	0	0.691835	2.73647	17.470486	7.9415082	0	1.43813	15.17776974	9.907869	0.3799363	5.3398608	94.7546809	6.7473403	1.25623	12.1171161	61.7712476	25.105998	11.0096029	0	3.3599363	13.1474116	0	0.3243587	0	6.116548	3.767777	39.9645231	0.270389	1.475296	2.947633	20.6776375	13.770106	6.922029	3.3713327	17.7589249	26.5851664	21.331898	61.6927844	4.9174979	26.5052118	13.1937902	0	0	3.2577915	0.238663	1.5929434	25.02409282	9.4518694	7.2136023	28.702759	51.33816291	78.7688797	116.6917061	17.3029925	37.088287	15.05603077	28.17071894	110.2443616	24.5151133	17.63213	78.476238	33.5955532	31.0331353	21.5892319	7.9100242	4.876818	0.258811	0.467958	7.9823444	0.804235	4.1029	0.480136	36.4809252	2.978064	1.5848422	0.31685	13.325529	26.825839	25.8711172	6.7817404	5.4341761	17.9494	10.8977708	2.910823	36.428749	0.449002	29.399482	0.167785	3.638124
map03013	0.390625	0.196078	0	0.196078	0	4.430234	0	0	0	1.580822	0.961232	0	0	0	0	0	0	8.113988	0.190114	5.856064	0	0	0	0	0.746514	0.582997	0	0.62346	0.471667	0	0	0	0	0.585938	0	0.0891632	0	0	0	0.205739	2.911192	2.735586	0	0.649351	5.891132	0.475081	0.357414	0	0	0.183777	0	0	0	0.2750316	0	6.410448	0	0.190114	0	2.6362039	0.0915033	0.795944	0	2.0851598	1.5891392	0.318356	2.305578	0.752852	0.593561	0.605959	0	0	0	0	0.617284	1.330729	0.251256	0.406504	0.313183	1.694918	4.819995	3.8472576	0.19084	1.549878	1.15663	0.355742	1.452848	0.636192	0.827413	4.034199	1.3172373	0.82373558	1.512419	0.507634	0	7.40131	0	0	0	1.161134	0	3.538649	0.196078	0.16732	0.392157	0.645581	0.0735108	2.02576	1.214143	1.930076	1.162099	1.601903	0	3.911405	0.175163	4.878968	0	0.571247
map03018	9.3982375	3.5139142	0.3322255	8.511662	1.5839006	98.2179535	0	4.0349882	0.4539474	35.5810374	42.8308625	2.6823189	7.4107091	0.107759	2.2549897	3.38641808	0	81.7557253	4.3122422	141.9185559	1.3446974	0.812665	1.209316	8.868651	40.300333	6.89403005	0.107759	28.9255502	6.3667063	0	0.4251908	4.6090388	19.1529016	6.0623299	0	0.10395	17.677904	11.4936013	0.4412159	6.2525306	70.65113596	8.9947059	0.651985	20.1283223	89.3627754	17.9668499	12.5411814	0.1797141	4.3385796	9.6614205	0	1.0081152	0.0788889	8.2290118	0.871431	115.6484947	0.107759	1.8345033	1.0319158	23.4741181	7.1360815	5.1984557	4.5475557	21.46371674	36.312626	9.5768536	63.4114143	7.7375673	24.1297413	15.2128999	0.0815661	0.37069	6.9532725	0.332226	2.1224165	17.7212787	6.1011742	2.7977895	27.3374015	51.445532	141.1925699	122.6281769	15.9503673	31.1212418	21.2041236	22.6833764	63.3223516	13.0188082	18.0079259	121.86437412	27.6377655	19.6570691	35.9622101	7.68182116	8.7130954	1.0635061	0.3999223	7.4719967	4.6199621	4.4405761	3.4573898	89.329009	2.435525	3.3934664	0.0830565	6.3188769	27.1434139	53.9603942	8.9250723	10.2407208	42.2071557	17.87131575	4.7642931	75.7816352	0.4161133	52.1383066	0.9192635	7.9186199
map03030	8.8424002	3.2085852	0.0420168	15.1453702	0.7176087	67.0994193	0	3.3474042	0.2196368	24.9360416	55.8336329	0.8777413	5.4818652	0.5165881	3.7534134	1.8619848	0	70.6273488	0.5326268	94.5666131	0.8717483	0	1.2199022	10.8086395	66.2357033	3.1313902	0	34.550382	1.8205111	0.149925	0	7.8805597	7.7356659	9.6295319	0	2.161749	17.86781068	14.6864596	1.1462152	5.799929	57.781861	10.7375004	0.6253526	10.6294379	72.6981384	40.8627083	8.7125364	0	3.6060809	14.8335365	0	7.329743	0.3991286	9.3770141	0.133333	69.157101	0	3.3847469	1.1644948	19.7504811	13.9335974	6.5854753	1.8935159	14.2993766	30.5626411	15.597312	62.5132255	9.4603686	23.3498687	11.1596141	0	1.03291	4.582959	0	0.6333876	25.0941104	8.0433781	5.80497561	37.41017651	51.11038506	73.45613268	114.6895838	26.1074376	28.23644834	21.9663294	22.9033554	56.7614092	32.2241774	15.155792	101.3224137	29.5955621	26.6128763	33.0697393	7.9282899	5.7358141	0.1742922	0.0990099	10.6117634	3.2951366	3.9097408	1.7294556	41.7740588	2.6807877	1.1608865	2.687947	7.4269758	21.7753156	36.4707904	6.754095	6.0806903	23.78602335	7.0054066	3.5465862	24.6203394	0.1514258	14.0133151	0.445505	4.5358067
map03410	1.0372763	0.3255707	0	0.7401288	0	14.7033373	0	3.8637106	0	8.9341673	5.4227963	0.8055085	2.767099	0	1.1596474	0.990188	0	24.5754292	0.2312381	18.9886974	0.2480632	0	0.8418876	4.348461	4.3162444	0.5751205	0	4.1335503	0.6269293	0	0	0.3226253	1.728079	1.0709501	0	0.220657	4.5874485	3.4735926	0.0574053	3.3853035	14.6755486	1.7049567	0.190476	5.0847282	22.0415684	3.1857444	2.645311	0	1.0409623	3.0547222	0	0.759551	0.2107793	1.1136961	0	14.1388971	0	0.8089763	0.1509837	6.3994706	1.760574	0.6846751	0.5443932	2.9228121	6.1138672	4.1481281	19.7336478	0.705889	13.2235644	2.6527133	0	1.03291	1.8920133	0	0.4332011	5.3238502	2.2203113	1.6556199	6.8521556	8.3079114	18.5269413	21.8848779	10.2291646	7.43084964	6.5455473	8.2955684	16.8142695	8.5061475	5.2672382	19.9448963	9.4532047	4.8394441	5.4524932	3.2770489	0.8427844	0	0.0990099	3.9566741	0.4970751	0.76118	0.3172831	12.962077	0.6295352	0.9709805	1.88636	3.1611374	5.225147	10.3886397	2.517207	1.9125047	5.5990489	2.9866032	0.9401568	10.4427513	0.0711111	7.9207804	0.445505	0.8683769
map03420	3.4361459	0.7759817	0	4.1838183	0.111982	28.75983531	0	4.6327369	0.0791139	13.7782504	7.9421784	0.4788883	2.4570103	0	1.1912062	0.472834	0	39.1231082	0.5598026	29.7362153	0.5774193	0	0.4563426	3.028639	5.08444	0.9702138	0.0797448	5.8426813	2.1153833	0.2491718	0.8982298	0.8146401	4.5383341	2.3738329	0.0980392	0.369391	6.1479623	4.6762749	0.5514569	1.8234223	23.6445379	5.0576888	0	8.7909077	31.9026636	4.6681562	4.0883906	0	1.7540051	11.2097518	0	0.528016	0.4399358	2.7132807	0.7370473	21.4384202	0	0.273131	0.084317	9.7110381	1.4743158	3.6163279	1.2287917	5.5039387	13.4779385	6.7676518	15.6908497	2.3183438	16.7453921	4.7727898	0	1.03291	4.5043338	0	0.6864597	7.7165041	4.0530737	0.9907909	16.3755525	16.8234427	37.5683098	45.50335683	9.3425203	13.32862794	7.5423626	9.0722738	28.6166714	10.9706247	7.9186626	31.8918695	21.27368269	8.7397302	7.805111	4.8404156	1.1121917	4.228678	0.4041852	6.2286953	0.9692039	11.3217063	0.4874493	13.8676735	1.9266878	0.8537918	1.88636	5.545519	7.6018968	11.1716196	2.0851626	2.2661182	8.9918272	5.3520017	1.5420432	19.8686872	0.0561798	20.0659055	0.9878809	4.2199194
map03440	12.1297101	3.8349824	0.6044208	23.0234798	0.7176087	90.7095686	0	8.1311313	0.2196368	37.9166472	62.9155838	1.7700233	7.7728545	0.5165881	4.4019693	2.9759008	0.296761	86.8236674	3.4436169	122.7629839	1.9475005	0	3.1093692	14.4991263	73.6985385	4.7057852	0	40.6890658	4.5119451	0.263215	2.237145	9.4679083	11.0051585	13.0938265	0	2.161749	20.39265538	18.2460239	0.4162506	9.9346778	75.9598178	17.8735949	0.8158286	19.5200295	93.9099087	37.0524126	15.0027352	0	4.6625824	20.8148469	0	3.215306	0.8697436	11.1893953	0.804339	91.2321361	0	3.9728507	0.9665675	23.6862336	17.4975889	8.7198846	2.6526353	18.6917326	45.0370516	19.7897941	91.4523687	12.2951442	39.3280515	15.8143108	0	1.03291	10.011969	0	0.9571797	30.9467086	11.5976454	7.36276521	45.5377221	77.61392906	94.57528718	147.596822	31.5538732	40.60317214	37.0495724	32.3169171	81.8704599	40.0953212	24.4730846	125.108404	41.14214696	39.6331714	47.339519	13.7901956	7.7153899	6.6826749	0.1685509	13.1380302	4.5425747	4.6951638	2.5124927	64.9864581	3.7668902	2.0614685	2.687947	10.9929518	26.5401846	50.077126	9.4707987	9.0677462	26.6338311	13.2163123	4.0120519	38.307077	0.1131279	25.3738507	0.445505	6.6082957
map05120	1.3240731	0.0729635	0	0	0	5.7967255	0	2.66364	0.0594703	1.8989598	2.1048871	0	0.304276	0	0.5999744	0.0747384	0	11.800705	0.9865741	5.9834781	0.4877995	0	0.735294	1.5304519	2.6768495	0.156495	0	0.732211	0	0	1.165769	0.8982582	1.023303	1.2234675	0	0	1.6801313	2.068468	0.0792393	0.717087	11.423884	0.29396993	0	1.9859827	14.2624054	3.273537	0.717484	0	0	1.8506114	0	0	0	1.6193454	0.1830104	5.8137109	0	1.2707486	0	2.4816524	1.612779	1.9836921	0.2526387	2.3008824	3.8300868	0.333029	2.0544606	1.6625549	4.0452815	2.0601501	0	0.0214893	1.99219	0	0	1.6498838	1.0981072	0.77424	5.0659085	3.70803535	7.8007554	24.142057	2.4557315	4.1740751	3.198149	3.9559678	7.6759171	14.4793141	0.3691722	6.55192	5.6993446	0.5787397	1.3862831	0.6965206	1.2686584	0	0	0.2203875	0.0747384	0.0749625	0.280899	8.8189773	0.161812	0	0	0.901657	1.1606553	4.5935767	0.9381771	0.2080101	12.2197776	0.0718391	0	3.9644395	0	0.173759	0	0.5970403
