#SampleID	002VWWX	004AWZY	004VWZY	006VHQK	027VYMX	031VPYH	036AXHM	036VXHM	040VYDY	047VLRL	083AYGC	083VYGC	086VHXM	110VZSZ	149VYYD	153VWG	155VCHJ	173VHJW	174LBQA	180VHMQ	189VXZJ	195VXXY	199VOZQ	206ZFDA	215ATKH	215VTKH	220VDXP	227AZMH	227VZMH	230VLSH	235VDBJ	243AHZH	243VHZH	287DJQA	309VHJD	322VCHL	325ALRY	325VLRY	331ALDY	331VLDY	342VCSL	347APZL	347VPZL	348VYQM	350VLYY	351AZDY	351VZDY	353VGSZ	354VPYM	357VLTS	358AWXC	358VWXC	359VYSH	361ATLX	361VTLX	362VLBJ	363VLH	364VCZ	366VZMY	367VWSY	370VLZW	371VTYJ	372VJHK	373VHXR	376VYKZ	377VHWH	379ALJJ	379VLJJ	384VCZL	388DHLA	388VDHL	390VNFD	392VWLL	393VZLH	395VGSQ	C001CJB	C002HHP	C003XYQ	C006LYH	C007XXZ	C008QLX	C009HHY	C010WL	C013MJH	C014LWG	C017YYM	C018LJP	C020LBJ	C022SMR	C024XHR	C025PCY	C026CBR	C031CQS	C034LJ	LR200116-0001	LR200116-0002_L4_1000002	LR200116-0003_L1_1000787	LR200116-0004_L1_1000734	LR200116-0005_L1_1000735	LR200116-0006_L1_1000736	LR200116-0008_L1_1000738	LR200116-0009_L1_1000739	LR200116-0010	LR200116-0011	LR200116-0012_L4_1000742	LR200116-0013_L1_1000743	LR200116-0014_L4_1000788	LR200116-0015_L4_1000789	LR200116-0016_L4_1000953	LR200116-0017_L4_1000954	LR200116-0018_L1_1000955	LR200116-0019_L1_1000956	LR200116-0020_L1_1000916	LR200116-0021_L1_1000957	LR200116-0023_L1_1001357	LR200116-0024_L1_1001404	LR200212-0001	LR200212-0002
K22468	0	0	0	0	0	0	0	0	0	0	0	0	0	0	0	0	0	0	0	0	0	0	0	0	0	0	0	0	0	0	0	0	0	0	0	0	0	0	0	0	0	0	0	0	0	0	0	0	0	0	0	0	0	0	0	0	0	0	0	0	0	0	0	0	0	0	0	0	0	0	0	0	0	0	0	0	0	0	0	0	0	0	0	0	0	0	0	0	0	0	0	0	0	0	0	0	0	0	0	0	0	0	0	0	0	0	0	0	0	0	0	0	0	0	0	0	0	0
K01698	0	0	0	0	0	0	0	0	0	0	0	0	0	0	0	0	0	0	0	0	0	0	0	0	0	0	0	0	0	0	0	0	0	0	0	0	0	0	0	0	0	0	0	0	0	0	0	0	0	0	0	0	0	0	0	0	0	0	0	0	0	0	0	0	0	0	0	0	0	0	0	0	0	0	0	0	0	0	1	0	0	0	0	0	0.120721	0.27027	0	0	0	0	0	0	0	0	0	0	0	0	0	0	0	0	0	0	0	0	0	0	0	0	0	0	0	0	0	0	0	0
K01154	0	0	0	0	0	0	0	0	0	0	0	0	0	0	0	0	0	0	0	0	0	0	0	0	0	0	0	0	0	0	0	0	0	0	0	0	0	0	0	0	0	0	0	0	0	0	0	0	0	0	0	0	0	0	0	0	0	0	0	0	0	0	0	0	0	0	0	0	0	0	0	0	0	0	0	0	0	0	0	0	0	0	0	0	0	0	0	0	0	0	0	0	0	0	0	0	0	0	0	0	0	0	0	0	0	0	0	0	0	0	0	0	0	0	0	0	0	0
K09861	0	0	0	0	0	0	0	0	0	0	0	0	0	0	0	0	0	0	0	0	0	0	0	0	0	0	0	0	0	0	0	0	0	0	0	0	0	0	0	0	0	0	0	0	0	0	0	0	0	0	0	0	0	0	0	0	0	0	0	0	0	0	0	0	0	0	0	0	0	0	0	0	0	0	0	0	0	0	0	0	0	0	0	0	0	0	0	0	0	0	0	0	0	0	0	0	0	0	0	0	0	0	0	0	0	0	0	0	0	0	0	0	0	0	0	0	0	0
K02501	0	0	0	0	2.017316	0	0	0.330128	0	0	0	0.681818	0	0	0.334921	0	0	0	0	0	0	0	0	0	0	0	0	0	0	0	0	0	0	0	0	0	0	0	0	0	0	0	0	0	0	0	0	0	0	0	0	0	0	0	0	0	0	0	0	0	0	0	0	0	0	0.129808	0	0	0	0	0	0	0	0	0	0	0.240385	0	0	0	0	0.245098	0	0	0.234848	0.245098	0	1.677031	0	0	0	0.391941	0	0	0	0	0	0	0	0	0	0	0	0	0	0	0	0	0	0	0	0	0	0	0	0	0.252525	0
K01252	0	0	0	0	0	0	0	0	0	0	0	0	0	0	0	0	0	0	0	0	0	0	0	0	0	0	0	0	0	0	0	0	0	0	0	0	0	0	0	0	0	0	0	0	0	0	0	0	0	0	0	0	0	0	0	0	0	0	0	0	0	0	0	0	0	0	0	0	0	0	0	0	0	0	0	0	0	0	0	0	0	0	0	0	0	0	0	0	0	0	0	0	0	0	0	0	0	0	0	0	0	0	0	0	0	0	0	0	0	0	0	0	0	0	0	0	0	0
K03695	0	0	0	0	0.121951	0	0	0.2167831	0	0	0	0.1828213	0	0	0.0609756	0	0	0	0	0	0	0	0	0	0	0	0	0	0.263594	0.2189106	0	0	0	0	0.62987	0	0	0	0	0	0	0	0	0	0	0	0.121951	0	0	0	0	0.733212	0.0649351	0	0.37594	0.0649351	0	0	0	0	0	0	0	0.6410412	0	0	0	0	0	0.37594	0	0	0	0	0	0.0609756	0	0	0	0	0	0.243902	0	0	0.697877	4.6531188	0	0.1562137	0.1868861	0.2974931	0	0	0	0	0	0	0	0	0	0	0	0.3165686	0	0	0	0	0.0609756	0	0	0	0.408136	0.0649351	0	0.0638211	0	0	0	0
K10007	0	0	0	0	0	0	0	0	0	0	0	0	0	0	0	0	0	0	0	0	0	0	0	0	0	0	0	0	0	0	0	0	0	0	0	0	0	0	0	0	0	0	0	0	0	0	0	0	0	0	0	0	0	0	0	0	0	0	0	0	0	0	0	0	0	0	0	0	0	0	0	0	0	0	0	0	0	0	0	0	0	0	0	0	0	0	0	0	0	0	0	0	0	0	0	0	0	0	0	0	0	0	0	0	0	0	0	0	0	0	0	0	0	0	0	0	0	0
K02075	0	0	0	0	0	0	0	0	0	0	0	0	0	0	0	0	0	0	0	0	0	0	0	0	0	0	0	0	0	0	0	0	0	0	0	0	0	0	0	0	0	0	0	0	0	0	0	0	0	0	0	0	0	0	0	0	0	0	0	0	0	0	0	0	0	0	0	0	0	0	0	0	0	0	0	0	0	0	0	0	0	0	0	0	0	0	0	0	0	0	0	0	0	0	0	0	0	0	0	0	0	0	0	0	0	0	0	0	0	0	0	0	0	0	0	0	0	0
K00997	0	0	0	0	0	0	0	0	0	0	0	0	0	0	0	0	0	0	0	0	0	0	0	0	0	0	0	0	0	0	0	0	0	0	0	0	0	0	0	0	0	0	0	3	0	0	0	0	0	0	0	0	0	0	0	0	0	0	0	0	0	0	0	0	0	0	0	0	0	0	0	0	0	0	0	0	0	0	0	0	0	0	0	0	0	1	0	0	1	0	0	0	0	0	0	0	0	0	0	0	0	0	0	0	0	0	0	0	0	0	0	0	0	0	0	0	0	0
K02749	0	0	0	0	0.4545654	0	0	1.207859	0	0	0.1573237	1.236096	2.7099517	0	0.170699	0	0	0	0	0	0	0	0	0	0	0	0	0	0	0.100806	0	0	0	0	0	0	0.201613	0	0	0.201613	0	0	0	1.22853	0	0	0	0	0	0.1002	0	2.218839	0.100806	0	0.366995	0	0	0.255754	0	0.223959	0	0.246305	0	3.314352	0	1.202815	0.127877	0	0	0	0	0	0	0	0.301812	0	0	0	0.1002	0.100806	0	0	0.0666667	0.201613	0.517069	3.837951	0	0	0	0	0.1599458	0	0	0.2808969	0	0	0	0	0	0	0	1.081521	0	0	0	0	0	0	0.100806	0	0	0	0	0.618742	0	0	0	0
K16925	0	0	0	0	0	0	0	0	0	0	0	0	0	0	0	0	0	0	0	0	0	0	0	0	0	0	0	0	0	0	0	0	0	0	0	0	0	0	0	0	0	0	0	0	0	0	0	0	0	0	0	0	0	0	0	0	0	0	0	0	0	0	0	0	0	0	0	0	0	0	0	0	0	0	0	0	0	0	0	0	0	0	0	0	0	0	0	0	0	0	0	0	0	0	0	0	0	0	0	0	0	0	0	0	0	0	0	0	0	0	0	0	0	0	0	0	0	0
K18455	0	0	0	0	0	0	0	0	0	0	0	0	0	0	0	0	0	0	0	0	0	0	0	0	0	0	0	0	0	0	0	0	0	0	0	0	0	0	0	0	0	0	0	0	0	0	0	0	0	0	0	0	0	0	0	0	0	0	0	0	0	0	0	0	0	0	0	0	0	0	0	0	0	0	0	0	0	0	0	0	0	0	0	0	0	0	0	0	0	0	0	0	0	0	0	0	0	0	0	0	0	0	0	0	0	0	0	0	0	0	0	0	0	0	0	0	0	0
K13653	0	0	0	0	0	0	0	0	0	0	0	0	0	0	0	0	0	0	0	0	0	0	0	0	0	0	0	0	0	0	0	0	0	0	0	0	0	0	0	0	0	0	0	0	0	0	0	0	0	0	0	0	0	0	0	0	0	0	0	0	0	0	0	0	0	0	0	0	0	0	0	0	0	0	0	0	0	0	0	0	0	0	0	0	0	0	0	0	0	0	0	0	0	0	0	0	0	0	0	0	0	0	0	0	0	0	0	0	0	0	0	0	0	0	0	0	0	0
K13571	0	0	0	0	0	0	0	0	0	0	0	0	0	0	0	0	0	0	0	0	0	0	0	0	0	0	0	0	0	0	0	0	0	0	0	0	0	0	0	0	0	0	0	0	0	0	0	0	0	0	0	0	0	0	0	0	0	0	0	0	0	0	0	0	0	0	0	0	0	0	0	0	0	0	0	0	0	0	0	0	0	0	0	0	0	1	0	0	0	0	0	0	0	0	0	0	0	0	0	0	0	0	0	0	0	0	0	0	0	0	0	0	0	0	0	0	0	0
K03529	0	0	0	0	0	0	0	0	0	0	0	0	0	0	0	0	0	0	0	0	0	0	0	0	0	0	0	0	0	0	0	0	0	0	0	0	0	0	0	0	0	0	0	0	0	0	0	0	0	0	0	0	0	0	0	0	0	0	0	0	0	0	0	0	0	0	0	0	0	0	0	0	0	0	0	0	0	0	0	0	0	0	0	0	0	0	0	0	0	0	0	0	0	0	0	0	0	0	0	0	0	0	0	0	0	0	0	0	0	0	0	0	0	0	0	0	0	0
K02600	0	0	0	0	1.7854095	0	0.247214	1.567534	0	0	0	3.548005	0.5867963	0	0.160256	0	0	0	0	0	0	0	0	0	0	0	0	0.111111	0.162866	0.312232	0	0	1.5730466	0.160256	0	0	0	0	0	0.490196	0	0	0	2.948822	0	0	0	0	0	0	0	1.577717	0.480769	0	0.0961538	0	0	0	0	0	0.755162	0	0	0.602734	0.230392	0.3836467	0	0	0	0	0	0	0	0	1.878602	0.160256	0	0	0.244108	0	0	0.130293	0.401029	0.4229974	0.541752	13.318407	0	0.312232	0	1.451688	0.320512	0	0	0	0	0	0	0	0	0	0	4.62094	0	0	0	0	0	0	0	0	0	0	0	0.160256	0	0	0	0
K01736	0	0	0	0	0	0	0	0	0	0	0	0	0	0	0	0	0	0	0	0	0	0	0	0	0	0	0	0	0	0	0	0	0	0	0	0	0	0	0	0	0	0	0	0	0	0	0	0	0	0	0	0	0	0	0	0	0	0	0	0	0	0	0	0	0	0	0	0	0	0	0	0	0	0	0	0	0	0	0	0	0	0	0	0	0	2.46847	0	0	0	0	0	0	0	0	0	0	0	0	0	0	0	0	0	0	0	0	0	0	0	0	0	0	0	0	0	0	0	0
K00963	0	0	0	0	0	0	0	0	0	0	0	0	0	0	0	0	0	0	0	0	0	0	0	0	0	0	0	0	0	0	0	0	0	0	0	0	0	0	0	0	0	0	0	0	0	0	0	0	0	0	0	0	0	0	0	0	0	0	0	0	0	0	0	0	0	0	0	0	0	0	0	0	0	0	0	0	0	0	0	0	0	0	0	0	0	0	0	0	0	0	0	0	0	0	0	0	0	0	0	0	0	0	0	0	0	0	0	0	0	0	0	0	0	0	0	0	0	0
K07040	0.799075	0	0	0	4.812722	0	0	3.450334	0	0	0	0.993378	1.87638	0	0.335541	0	0.201814	0	0	0	0	0	0	0.331126	0.331126	0.660044	0	0	0.479029	0.331126	0	0	0.662252	0	5.11792	0.913907	0	1.28035	0	0.89404	0	0	0	11.35201	0	0	0	0	0	0.993378	0	5.03329	0.409836	0	0.33995602	0	0	0.331126	0	0	5.970776	0.662252	0	1.73289	0	0.331126	0	0	0	0.112583	0	0	0.875	4.6181	4.200311	0	0	0	0.331126	0	0.335541	0.340136	0	0.370861	3.213236	16.1641408	1.509935	1.587201	0.520971	0.612485	0.331126	0	0	0	0	0	0	0	0	0	0	1.03628	0	0	0	0	0	0	0	0	0	0.207506	0	0.0198676	0	0	0	0
K02028	0	0	0	0	0.457049	0	0	0.196517	0	0	0	0	0	0	0	0	0	0	0	0	0	0	0	0.238095	0	0	0	0	0	0	0	0	0	0	0	0	0	0	0	0	0	0	0	0	0	0	0	0	0	0	0	0	0	0	0	0	0	0	0	0	0	0	0	0	0	0	0	0	0	0	0	0	0	0	0	0	0	0	0	0.0904762	0	0	0	0	0	0.504572	0	0	0	0.245098	0.218954	0	0	0	0	0	0	0	0	0	0	0	0	0	0	0	0	0	0	0	0	0.238095	0	0	0	0	0	0
K03686	0	0	0	0	1.039072	0	0	0.303951	0	0	0	0.636943	0.2792891	0	0	0	0	0	0	0	0.155797	0	0	0.362319	0	0	0	0	0.355872	0	0	0	0	0	0.303951	0.156863	0	0	0	0	0	0	0	0	0	0	0.151976	0	0	0	0	1.738123	0.35461	0	0.455927	0	0	0	0	0	0	0	0	0.645161	0	1.095708	0	0.175758	0	0	0	0	0	0.417427	0.481888	0	0	0	0	0	0	0.3289271	0	0	1.279546	12.048529	0	1.004212	0.730011	0.405209	0.562838	0	0	0	0	0	0	0	0	0	0	0.605876	0	0	0	0	0	0	0	0	0.321256	0.227273	0	0.355872	0	0	0	0
K00297	0	0	0	0	0	0	0	0	0	0	0	0	0	0	0	0	0	0	0	0	0	0	0	0	0	0	0	0	0	0	0	0	0	0	0	0	0	0	0	0	0	0	0	0	0	0	0	0	0	0	0	0	0	0	0	0	0	0	0	0	0	0	0	0	0	0	0	0	0	0	0	0	0	0	0	0	0	0	0	0	0	0	0	0	0	0	0	0	0	0	0	0	0	0	0	0	0	0	0	0	0	0	0	0	0	0	0	0	0	0	0	0	0	0	0	0	0	0
K04567	0	0	0	0	0.7045997	0	0	0	0	0	0	0.104603	0.191771	0	0.312413	0	0	0	0	0	0	0	0	0	0	0	0	0	0	0.16129	0	0	0.2811617	0	0	0	0	0.0187441	0	0	0	0	0	0	0	0	0	0	0	0	0	0.104603	0.316753	0	0.083682	0	0	0	0	0	0.0454133	0	0	0	0	0	0	0	0	0	0	0	0	0	0.73152	0	0.0468604	0	0	0	0	0.104603	0	1.885979	0.4060817	10.197247	0	0.5508954	0	0.5187004	0.104603	0	0	0	0	0	0	0	0	0	0	0	0	0	0	0.0874126	0	0	0	0.104603	0.31311	0	0	0	0	0	0.0468604	0
K03625	0	0	0	0	4.60163	0	0	0	0	0	0	0	0	0	0	0	0	0	0	0	0	0	0	0	0	0	0	0	0	0	0	0	0	0	0	0	0	0	0	0	0	0	0	0	0	0	0	0	0	0	0	0	0	0	0	0	0	0	0	0	0	0	0	0	0	0	0	0	0	0	0	0	0	0	0	0	0	0	0	0	0	0	0	0	0	0	0	0	0	0	0	0	0	0	0	0	0	0	0	0	0	0	0	0	0	0	0	0	0	0	0	0	0	0	0	0	0	0
K02446	0	0	0	0	0	0	0	0	0	0	0	0	0	0	0	0	0	0	0	0	0	0	0	0	0	0	0	0	0	0	0	0	0	0	0	0	0	0	0	0	0	0	0	0	0	0	0	0	0	0	0	0	0	0	0	0	0	0	0	0	0	0	0	0	0	0	0	0	0	0	0	0	0	0	0	0	0	0	0	0	0	0	0	0	0	0	0	0	0	0	0	0	0	0	0	0	0	0	0	0	0	0	0	0	0	0	0	0	0	0	0	0	0	0	0	0	0	0
K02338	0	0	0	0	0	0	0	0	0	0	0	0	0	0	0	0	0	0	0	0	0	0	0	0	0	0	0	0	0	0	0	0	0	0	0	0	0	0	0	0	0	0	0	0	0	0	1	0	0	0	0	0	0	0	0	0	0	0	0	0	0	0	0	0	0	0	0	0	0	0	0	0	0	0	0	0	0	0	0	0	0	0	0	0	0	0	0	0	0	1	0	0	0	0	0	0	0	0	0	0	0	0	0	0	0	0	0	0	0	0	0	0	0	0	0	0	0	0
K01756	0	0	0	0	0	0	0	0	0	0	0	0	0	0	0	0	0	0	0	0	0	0	0	0	0	0	0	0	0	0	0	0	0	0	0	0	0	0	0	0	0	0	0	0	0	0	0	0	0	0	0	0	0	0	0	0	0	0	0	0	0	0	0	0	0	0	0	0	0	0	0	0	0	0	0	0	0	0	0	0	0	0	0	0	0	0	0	0	0	0	0	0	0	0	0	0	0	0	0	0	0	0	0	0	0	0	0	0	0	0	0	0	0	0	0	0	0	0
K09009	0	0	0	0	0	0	0	0	0	0	0	0	0	0	0	0	0	0	0	0	0	0	0	0	0	0	0	0	0	0	0	0	0	0	0	0	0	0	0	0	0	0	0	0	0	0	0	0	0	0	0	0	0	0	0	0	0	0	0	0	0	0	0	0	0	0	0	0	0	0	0	0	0	0	0	0	0	0	0	0	0	0	0	0	0	0	0	0	0	0	0	0	0	0	0	0	0	0	0	0	0	0	0	0	0	0	0	0	0	0	0	0	0	0	0	0	0	0
K03977	0.104822	0	0	0	6.973853	0	0	0.208945	0	0.104822	0	0.620545	0.733753	0	0.209644	0.248777	0	0	0	0	0	0	0	0	0	0.314465	0	0	0.1825827	0	0	0	0.418588	0	0	0.596786	0	0	0	0.0873515	0	0	0	0.104822	0	0	0	0	0	0.0517121	0	2.457893	0	0	0.308176	0	0	0	0	0	0.0509383	0	0	0.104822	0.165631	0.1194971	0	0.419287	0	0	0	0	0	0	0	0	0	0	0	0	0	0.011181	0.195667	1.087072	0.912278	9.597876	0.104822	0.48288	0	0.762979	0.71568	0.104822	0	0	0	0	0	0	0	0	0	1.13673	0	0	0	0.104822	0	0	0	0	0	0.104822	0	0.134048	0	0.104822	0	0
K02968	0	0	0	0	9.25926	0	0	2.06481	0	0	0	0.611111	1.87037	0	0	2.52778	0	0	0	0	0	0	0	0	0.0833333	0	0	0	0.62037	0	0	0	0	0	1.7037	0	0	0	0	0.00925926	0	0	0	4.25926	0	0	0.62037	0	0	0	0	4.47222	0	0	0	0	0	0	0	0	1.12963	0	0	2.2037	0	1.25926	0	0	0	0	0	0.342593	0	0	0	0.527778	0	0	0	0.240741	0	0.444444	0	0.509259	0.62963	4.94444	1.08333	0	0	0	0	0	0	0	0	0	0	0	0	0	0	0	0	0	0	0	0	0	0	0	0	0	0	0	0	0	0	0
K01439	0	0	0	0	0	0	0	0	0	0	0	0	0	0	0	0	0	0	0	0	0	0	0	0	0	0	0	0	0	0	0	0	0	0	0	0	0	0	0	0	0	0	0	0	0	0	0	0	0	0	0	0	0	0	0	0	0	0	0	0	0	0	0	0	0	0	0	0	0	0	0	0	0	0	0	0	0	0	0	0	0	0	0	0	0	0	0	0	0	0	0	0	0	0	0	0	0	0	0	0	0	0	0	0	0	0	0	0	0	0	0	0	0	0	0	0	0	0
K00789	0	0	0	0	0.2642049	0	0	0.142045	0	0	0	0.568181	1.42045	0	0	0	0	0	0	0	0	0	0	0	0	0	0	0	0.142045	0.284091	0	0	0	0	0	0	0	0	0	0	0	0	0	0	0	0	0.142045	0	0	0	0	0.411932	0	0	0	0	0	0	0	0	0	0	0	0.426136	0	0.340136	0	0	0	0	0	0	0	0	0	0	0	1	0.170068	0	0	0.683712	0	0.284091	0.142045	9.071363	0.315378	0.428599	0	0.28409	0	0.170068	0	0	0	0	0	0	0	0	0	0.544508	0	0	0	0	0	0	0	0	0	0.144509	0	0.284091	0	0	0	0
K03439	0	0	0	0	0	0	0	0	0	0	0	0	0	0	0	0	0	0	0	0	0	0	0	0	0	0	0	0	0	0	0	0	0	0	0	0	0	0	0	0	0	0	0	0	0	0	0	0	0	0	0	0	0	0	0	0	0	0	0	0	0	0	0	0	0	0	0	0	0	0	0	0	0	0	0	0	0	0	0	0	0	0	0	0	0	1	0	0	0	0	0	0	0	0	0	0	0	0	0	0	0	0	0	0	0	0	0	0	0	0	0	0	0	0	0	0	0	0
K02030	0.696124	0	0	0	0	0	0	0	0	0	0	0	0	0	0	0	0	0	0	0	0	0	0	0	0	0	0	0	0	0	0	0	0	0	0	0	0	0	0	0	0	0	0	0	0	0	0	0	0	0	0	0	0	0	0	0	0	0	0	0	0	0	0	0	0	0	0	0	0	0	0	0	0	0	0	0.217391	0	0	0	0	0	0	0	0	0	0	0	0	0	0.232558	0	0	0	0	0	0	0	0	0	0	0	0	0	0	0	0	0	0	0	0	0	0	0	0	0	0	0	0
K02074	0	0	0	0	1.740541	0	0	0	0	0	0	0.140541	0	0	0	0	0	0	0	0	0	0	0	0	0	0	0	0	0	0.196396	0	0	0	0	0	0	0	0	0	0	0	0	1.962953	0.6	0	0	0	0	0	0	0	0	0	0	0	0	0	0	0	0	0	0	0	0	0	0	0	0.27027	0	0	0	0	0	0	0	0	0	0	0	0.27027	0	0.2	0	0.798607	0.582011	6.942906	0	0.574118	0	0.703746	0	0.2	0	0	0	0	0	0	0	0	0	0.73545	0	0	0	0	0	0	0	0	0	0	0	0.2	0	0	0	0
K05916	0	0	0	0	0	0	0	0	0	0	0	0	0	0	0	0	0	0	0	0	0	0	0	0	0	0	0	0	0	0	0	0	0	0	0	0	0	0	0	0	0	0	0	0	0	0	0	0	0	0	0	0	0	0	0	0	0	0	0	0	0	0	0	0	0	0	0	0	0	0	0	0	0	0	0	0	0	0	0	0	0	0	0	0	0.290698	1.93702	0	0	0.868687	0	0	0	0	0	0	0	0	0	0	0	0	1.37403	0	0	0	0	0	0	0	0	0	0	0	0	0	0	0	0
K03584	0	0	0	0	0	0	0	0	0	0	0	0	0	0	0	0	0	0	0	0	0	0	0	0	0	0	0	0	0	0	0	0	0	0	0	0	0	0	0	0	0	0	0	0	0	0	0	0	0	0	0	0	0	0	0	0	0	0	0	0	0	0	0	0	0	0	0	0	0	0	0	0	0	0	0	0	0	0	0	0	0	0	0	0	0	0	0	0	0	0	0	0	0	0	0	0	0	0	0	0	0	0	0	0	0	0	0	0	0	0	0	0	0	0	0	0	0	0
K02440	0	0	0	0	0	0	0	0	0	0	0	0	0	0	0	0	0	0	0	0	0	0	0	0	0	0	0	0	0	0	0	0	0	0	0	0	0	0	0	0	0	0	0	0	0	0	0	0	0	0	0	0	0	0	0	0	0	0	0	0	0	0	0	0	0	0	0	0	0	0	0	0	0	0	0	0	0	0	0	0	0	0	0	0	0	0	0	0	0	0	0	0	0	0	0	0	0	0	0	0	0	0	0	0	0	0	0	0	0	0	0	0	0	0	0	0	0	0
K11717	0	0	0	0	0	0	0	0	0	0	0	0	0	0	0	0	0	0	0	0	0	0	0	0	0	0	0	0	0	0	0	0	0	0	0	0	0	0	0	0	0	0	0	0	0	0	0	0	0	0	0	0	0	0	0	0	0	0	0	0	0	0	0	0	0	0	0	0	0	0	0	0	0	0	0	0	0	0	0	0	0	0	0	0	0	0	0	0	0	0	0	0	0	0	0	0	0	0	0	0	0	0	0	0	0	0	0	0	0	0	0	0	0	0	0	0	0	0
K00645	0	0	0	0	0	0	0	0	0	0	0	0	0	0	0	0	0	0	0	0	0	0	0	0	0	0.2	0	0	0	0	0	0	0	0	0	0	0	0	0	0	0	0	0	0	0	0	0	0	0	0	0	0	0	0	0	0	0	0	0	0	0	0	0	0.541333	0	0	0	0	0	0	0	0	0	0	0	0	0	0	0	0	0	0	0	0	0	2.21864	0	0	0	0	0	0	0	0	0	0	0	0	0	0	0	0	0	0	0	0	0	0	0	0	0.6	0	0	0	0	0	0	0
K09015	0	0	0	0	0	0	0	0	0	0	0	0	0	0	0	0	0	0	0	0	0	0	0	0	0	0	0	0	0	0	0	0	0	0	0	0	0	0	0	0	0	0	0	0	0	0	0	0	0	0	0	0	0	0	0	0	0	0	0	0	0	0	0	0	0	0	0	0	0	0	0	0	0	0	0	0	0	0	0	0	0	0	0	0.427536	0	0	0	0	0	0	0	0	0	0	0	0	0	0	0	0	0	0.528986	0	0	0	0	0	0	0	0	0	0	0	0	0	0	0	0
K05845	0	0	0	0	0	0	0	0	0	0	0	0	0	0	0	0	0	0	0	0	0	0	0	0	0	0	0	0	0	0.291545	0	0	0	0	0	0	0	0	0	0	0	0	0	0	0	0	0	0	0	0	0	0	0	0	0	0	0	0	0	0	0	0	0	0	0	0	0	0	0	0	0	0	0	0	0	0	0	0	0	0	0	0	0	0	0	0	0	0	0	0.255319	0	0	0	0	0	0	0	0	0	0	0	0	0	0	0	0	0	0	0	0	0	0	0	0	0	0	0	0
K00616	0	0	0	0	0	0	0	0	0	0	0	0	0	0	0	0	0	0	0	0	0	0	0	0	0	0	0	0	0	0	0	0	0	0	0	0	0	0	0	0	0	0	0	0	0	0	0	0	0	0	0	0	0	0	0	0	0	0	0	0	0	0	0	0	0	0	0	0	0	0	0	0	0	0	0	0	0	0	0	0	0	0	0	0	0	0	0	0.880952	0	0	0	0	0	0	0	0	0	0	0	0	0	0	0	0	0	0	0	0	0	0	0	0	0	0	0	0	0	0
K01657	0	0	0	0	0	0	0	0	0	0	0	0	0	0	0	0	0	0	0	0	0	0	0	0	0	0	0	0	0	0	0	0	0	0	0	0	0	0	0	0	0	0	0	0	0	0	0	0	0	0	0	0	0	0	0	0	0	0	0.0595483	0	0	0	0	0	0	0	0	0	0	0	0	0	0	0	0	0	0	0	0	0	0	0	0	0	0.205338	1.370187	0	0	0.12285	0.308008	0	0.102669	0	0	0	0	0	0	0	0	0	0.614251	0	0	0	0	0	0	0	0	0	0.339076	0	0.205339	0	0.118203	0	0
K01662	0	0	0	0	3.715865	0	0	0.1560062	0	0	0	1.3074311	1.120547	0	0	0	0	0	0	0	0	0	0	0	0	0	0	0	0	0.146646	0	0	0	0	0	0	0	0	0	0.0874126	0.0815661	0	0	0	0	0	0	0	0	0	0	0.4007042	0.1560062	0	0	0	0	0	0	0	0.174825	0	0	0.2527299	0	0.5638362	0	0	0	0	0	0	0	0	0	0.0780031	0	0	0	0	0	0.302132	0	0	0.2469818	2.4618977	0.0634146	0.4389499	0	0.1975798	0	0	0	0	0	0	0	0	0	0	0	0.0874126	0	0	0	0	0	0	0	0	0.3298769	0.156006	0	0.2340091	0	0	0.156006	0
K00946	0	0	0	0	0	0	0	0	0	0	0	0	0	0	0	0	0	0	0	0	0	0	0	0	0	0	0	0	0	0	0	0	0	0	0	0	0	0	0	0	0	0	0	0	0	0	0	0	0	0	0	0	0	0	0	0	0	0	0	0	0	0	0	0	0	0	0	0	0	0	0	0	0	0	0	0	0	0	0	0	0	0	0	0	0.140845	1.20939	0	0	0	0.0948357	0	0	0	0	0	0	0	0	0	0	0	0.56338	0	0	0	0	0	0	0	0	0	0	0	0.140845	0	0	0	0
K00163	0.058072	0	0.116144	0.423729	2.35734	0.058072	0	0.4461836	0	0	0	0.510214	0.3295296	0	0.174216	0.116144	0	0	0	0	0.0352304	0.232288	0	0	0	0	0	0	0.232288	0.116144	0	0	0.117509	0	0.232288	0.218351	0	0	0	0	0	0	0	3.352109	0	0	0.058072	0	0	0	0	1.04878	0.058072	0	0.406504	0	0	0	0	0	0.1157569	0	0	1.680271	0	0.175581	0	0	0	0.058072	0	0	0	0	0.058072	1.1471356	0	0.0549748	0.0499419	0	0.3281764	0.348432	0	0.7523265	0.2644212	11.823675	0.058072	0.465941	0.1748984	0.116144	0.1520245	0.1300813	0	0	0	0	0	0	0	0	0.058072	1.069576	0	0	0	0	0	0	0	0	0	0	0	0.174216	0	0.116144	0	0
K11065	0	0	0	0	0	0	0	0	0	0	0	0	0	0	0	0	0	0	0	0	0	0	0	0	0	0	0	0	0	0	0	0	0	0	0	0	0	0	0	0	0	0	0	0	0	0	0	0	0	0	0	0	0	0	0	0	0	0	0	0	0	0	0	0	0	0	0	0	0	0	0	0	0	0	0	0	0	0	0	0	0	0	0	0	0	0	0	0	0	0	0	0	0	0	0	0	0	0	0	0	0	0	0	0	0	0	0	0	0	0	0	0	0	0	0	0	0	0
K03546	0	0	0	0	0	0	0	0	0	0	0	0	0.0968992	0	0	0	0	0	0	0	0	0	0	0	0	0	0	0	0	0	0	0	0	0	0	0	0	0	0	0	0	0	0	0	0	0	0	0	0	0	0	0	0	0	0	0	0	0	0	0	0.0968992	0	0	0	0	0	0	0	0	0	0	0	0	0	0	0	0	0	0	0	0	0	0	0	0	0.542636	0	0	0.0968992	0	0	0	0	0	0	0	0	0	0	0	0	0.678295	0	0	0	0	0	0	0	0	0	0	0	0	0	0	0	0
K00549	0	0	0	0	0	0	0	0	0	0	0	0	0	0	0	0	0	0	0	0	0	0	0	0	0	0	0	0	0	0	0	0	0	0	0	0	0	0	0	0	0	0	0	0	0	0	0	0	0	0	0	0	0	0	0	0	0	0	0	0	0	0	0	0	0	0	0	0	0	0	0	0	0	0	0	0	0	0	0	0	0	0	0	0	0	0	0	0	0	0	0	0	0	0	0	0	0	0	0	0	0	0	0	0	0	0	0	0	0	0	0	0	0	0	0	0	0	0
K01783	0	0	0	0	0	0	0	0	0	0	0	0	0	0	0	0	0	0	0	0	0	0	0	0	0	0	0	0	0	0	0	0	0	0	0	0	0	0	0	0	0	0	0	0	0	0	0	0	0	0	0	0	0	0	0	0	0	0	0	0	0	0	0	0	0	0	0	0	0	0	0	0	0	0	0	0	0	0	0	0	0	0	0	0	0	0	0	0	0	0	0	0	0	0	0	0	0	0	0	0	0	0.683333	0	0	0	0	0	0	0	0	0	0	0	0	0	0	0	0
K01256	0	0	0	0	0.178359	0	0	0.059453	0	0	0	0.2085096	0	0	0	0	0	0	0	0	0	0	0	0	0	0	0	0	0	0.456021	0	0	0	0	0	0	0	0	0	0	0	0	0	0	0	0	0	0	0	0	0	0	0	0	0	0	0	0	0	0	0	0	0	0	0	0	0	0	0	0	0	0	0	0	0	0	0	0	0.118906	0	0	0	0	0.147493	0	2.3577714	0.059453	0.0640205	0	0.1926734	0.0758725	0	0	0	0	0	0	0	0	0	0	0	0	0	0	0	0	0	0	0	0	0	0	0.059453	0	0.0758725	0	0
K00116	0.111862	0	0	0	0	0	0	0	0	0	0	0	0	0	0	0	0	0	0	0	0	0	0	0	0	0	0	0	0	0.159159	0	0	0	0	0	0	0	0	0	0	0	0	0	0	0	0	0	0	0	0	0	0	0	0	0	0	0	0	0	0	0	0	0	0	0	0	0	0	0	0	0	0	0	0	0	0.112613	0.0728228	0	0	0	0	0	0.951693	0.112613	0.112613	1.393735	0	0	0	0.12285	0.224474	0	0	0	0	0	0	0	0	0	0	0	0	0	0	0	0	0	0	0	0	0	0	0	0	0	0	0
K05794	0	0	0	0	0	0	0	0	0	0	0	0	0	0	0	0	0	0	0	0	0	0	0	0	0	0	0	0	0	0	0	0	0	0	0	0	0	0	0	0	0	0	0	0	0	0	0	0	0	0	0	0	0	0	0	0	0	0	0	0	0	0	0	0	0	0	0	0	0	0	0	0	0	0	0	0	0	0	0	0	0	0	0	0	0	2.60713	0	0	0	0	0	0	0	0	0	0	0	0	0	0	0	0	0	0	0	0	0	0	0	0	0	0	0	0	0	0	0	0
K03702	0.297176	0	0	0	0.8043582	0	0	2.04082	0	0	0	0.2574554	0.5472059	0	0.5502021	0	0	0	0	0	0	0	0	0	0	0	0	0	0.316212	0.104012	0	0	0	0	0	0	0	0	0	0	0	0	0	0.776836	0	0	0	0	0	0	0	0.148588	0.148588	0	0	0	0	0	0	0	0.4841302	0	0	0.2567762	0	0.2284892	0	0	0	0	0	0	0	0	0	0.1655351	0	0	0	0	0	0.222387	0	0.1278222	1.2987282	7.7779712	0	0.3616845	0.279372	0.1936999	0.2897474	0.1485884	0	0	0	0	0	0	0	0	0	0.9178919	0	0	0	0	0	0	0	0	0	0	0	0.0742942	0	0	0	0
K17883	0	0	0	0	0	0	0	0	0	0	0	0	0	0	0	0	0	0	0	0	0	0	0	0	0	0	0	0	0	0	0	0	0	0	0	0	0	0	0	0	0	0	0	0	0	0	0	0	0	0	0	0	0	0	0	0	0	0	0	0	0	0	0	0	0	0	0	0	0	0	0	0	0	0	0	0	0	0	0	0	0	0	0	0	0	0	0	0	0	0	0	0	0	0	0	0	0	0	0	0	0	0	0	0	0	0	0	0	0	0	0	0	0	0	0	0	0	0
K07146	0	0	0	0	0	0	0	0.19685	0	0	0	0.510719	0	0	0	0	0	0	0	0	0	0	0	0	0	0	0	0	0	0.393701	0	0	0.208602	0	0	0	0	0	0	0	0	0	0	0.322581	0	0	0	0	0	0	0	0	0	0	0	0	0	0	0	0	0	0	0	3.764552	0	0	0	0	0	0	0	0	0	0	0	0	0	0	0.112676	0	0	0	0	0	0.364964	1.592372	0	0.541678	0	0	0	0	0	0	0	0	0	0	0	0	0	0	0	0	0	0	0	0	0	0	0	0	0	0	0	0	0	0
K16784	0	0	0	0	0	0	0	0	0	0	0	0	0	0	0	0	0	0	0	0	0	0	0	0	0	0	0	0	0	0	0	0	0	0	0	0	0	0	0	0	0	0	0	0	0	0	0	0	0	0	0	0	0	0	0	0	0	0	0	0	0	0	0	0	0	0	0	0	0	0	0	0	0	0	0	0	0	0	0	0	0	0.14867	0	0	0	0	0	0	0	0	0	0	0	0	0	0	0	0	0	0	0	0	0	0	0	0	0	0	0	0	0	0	0	0	0	0	0	0
K02994	0	0	0	0	0	0	0	0	0	0	0	0	0	0	0	0	0	0	0	0	0	0	0	0	0	0	0	0	0	0	0	0	0	0	0	0	0	0	0	0	0	0	0	0	0	0	0	0	0	0	0	0	0	0	0	0	0	0	0	0	0	0	0	0	0	0	0	0	0	0	0	0	0	0	0	0	0	0	0	0	0	0	0	0	0	0	0	0	0	0	0	0	0	0	0	0	0	0	0	0	0	0	0	0	0	0	0	0	0	0	0	0	0	0	0	0	0	0
K03484	0	0	0	0	0	0	0	0	0	0	0	0	0	0	0	0	0	0	0	0	0	0	0	0	0	0	0	0	0	0	0	0	0	0	0	0	0	0	0	0	0	0	0	0	0	0	0	0	0	0	0	0	0	0	0	0	0	0	0	0	0	0	0	0	0	0	0	0	0	0	0	0	0	0	0	0	0	0	0	0	0	0	0	0	0	0	0	0	0	0	0	0	0	0	0	0	0	0	0	0	0	0	0	0	0	0	0	0	0	0	0	0	0	0	0	0	0	0
K07503	0	0	0	0	0	0	0	0	0	0	0	0	0	0	0	0	0	0	0	0	0	0	0	0	0	0	0	0	0	0	0	0	0	0	0	0	0	0	0	0	0	0	0	0	0	0	0	0	0	0	0	0	0	0	0	0	0	0	0	0	0	0	0	0	0	0	0	0	0	0	0	0	0	0	0	0	0	0	0	0	0	0	0	0	0	3	0	0	0	0	0	0	0	0	0	0	0	0	0	0	0	0	0	0	0	0	0	0	0	0	0	0	0	0	0	0	0	0
K12349	0	0	0	0	0	0	0	0	0	0	0	0	0	0	0	0	0	0	0	0	0	0	0	0	0	0	0	0	0	0	0	0	0	0	0	0	0	0	0	0	0	0	0	0	0	0	0	0	0	0	0	0.147493	0	0	0	0	0	0	0	0	0.0737463	0	0	0	0	0	0	0	0	0	0	0	0	0	0	0	0	0	0	0	0	0	0	0	0.147493	0.845624	0	0	0.0737463	0	0	0	0	0	0	0	0	0	0	0	0	0.589971	0	0	0	0	0	0	0	0	0	0	0	0	0	0	0	0
K00362	0	0	0	0	0	0	0	0	0	0	0	0	0	0	0	0	0	0	0	0	0	0	0	0	0	0	0	0	0	0	0	0	0	0	0	0	0	0	0	0	0	0	0	0	0	0	0	0	0	0	0	0	0	0	0	0	0	0	0	0	0	0	0	0	0	0	0	0	0	0	0	0	0	0	0	0	0	0	0	0	0	0	0	0	0	0	0	0	0	0	0	0	0	0	0	0	0	0	0	0	0	0	0	0	0	0	0	0	0	0	0	0	0	0	0	0	0	0
K06960	0	0	0	0	58.27925	0	0	15.10417	0	0	0	11.908602	12.3854	0	0	0	0	0	0	0	0	0	0	0	0	2.6875	0	0	2.5	0	0	0	0.677083	0	0.791667	2.63542	0	1.53125	0	0.958333	0	0	0	2.638443	0	0	0	0.166667	0	0	0	32.7188	0	0	0.0520833	0	0	0	0	0	0.760417	0	0	12	0	9.30208	0	0.979167	0	0	0	2.04167	0	3	1	0	0	0	0.731183	0	0	1.26042	0	1	3.559143	20.5208	0	0	0	0.635417	0	1	0	0	0	0	0	0	0	0	0	0	0	0	0	0	0	0	0	0	0	0	0	0.11828	0	0	0	0
K00371	0	0	0	0	2.987965	0	0	0.2322404	0	0	0	0.717213	0.924863	0	0.102459	0	0	0	0	0	0	0	0	0	0	0	0	0	0	0	0	0	0	0	0	0.204918	0	0	0	0	0	0	0	1.02459	0	0	0.204918	0	0	0	0	0.474727	0	0	0	0.102459	0	0.102459	0	0	0.333333	0	0	0.548498	0	0.102459	0	0	0	0.102459	0	0	0	0	0	0.307377	0	0	0.102459	0	0.402322	0.409836	0	0.387295	0.170765	7.183317	0.204918	0.102459	0	0.102459	0	0	0	0	0	0	0	0	0	0	0	0.893333	0	0	0	0	0	0	0	0	0	0.102459	0	0.204918	0	0.102459	0	0
K01739	0	0	0	0	0.42735	0	0	0	0	0	0	0.564972	0	0	0	0	0	0	0	0	0	0	0	0	0	0	0	0	0	0.552707	0	0	0.2849	0	0	0	0	0	0	0	0	0	0	0	0	0	0	0	0	0	0	0	0.2849	0	0	0	0	0	0	0	0.14245	0	0	0	0	0	0	0.286959	0	0	0	0	0	0	0	0	0	0	0	0	0	0.238367	0	0	0.283951	1.3054064	0	0.144509	0	1.134417	0.14245	0.282486	0	0	0	0	0	0	0	0	0	0.179487	0	0	0	0	0	0	0	0	0	0	0	0.0265907	0	0	0	0
K12952	0.764228	0	0	0	0	0	0	0	0	0	0	0	0	0	0	0	0	0	0	0	0	0	0	0	0	0	0	0	0	0	0	0	0	0	0	0	0	0	0	0	0	0	0	0	0	0	0	0	0	0	0	0	0	0	0	0	0	0	0	0	0	0	0	0	0	0	0	0	0	0	0	0	0	0	0	0	0	0	0	0	0	0	0	0	0	0	0	0	0	0	0	0	0	0	0	0	0	0	0	0	0	0	0	0	0	0	0	0	0	0	0	0	0	0	0	0	0	0
K00763	0	0	0	0	0.261097	0	0	0	0	0	0	0	0	0	0	0	0	0	0	0	0	0	0	0	0	0	0	0	0	1.151436	0	0	0	0	0	0	0	0	0	0	0	0	0	0	0	0	0	0	0	0	0	0	0.130548	0	0	0.130548	0	0	0	0	0.130548	0	0	0.130548	0	0	0	0	0	0	0	0	0	0	0	0	0	0	0	0	0	0	0	0	0.0922541	0.261096	0	0	0	0	0	0	0	0	0	0	0	0	0	0	0	0.522193	0	0	0	0	0	0	0	0	0	0.185379	0	0.0174064	0	0.129678	0	0
K01704	0	0	0	0	0	0	0	0	0	0	0	0	0	0	0	0	0	0	0	0	0	0	0	0	0	0	0	0	0	0	0	0	0	0	0	0	0	0	0	0	0	0	0	0	0	0	0	0	0	0	0	0	0	0	0	0	0	0	0	0	0	0	0	0	0	0	0	0	0	0	0	0	0	0	0	0	0	0	0	0	0	0	0	0	0	0	0	0	0	0	0	0	0	0	0	0	0	0	0	0	0	0	0	0	0	0	0	0	0	0	0	0	0	0	0	0	0	0
K03210	0	0	0	0	0	0	0	2.86822	0	0	0	0	0	0	0	0	0	0	0	0	0.333333	0	0	0	0	0	0	0	0	0	0	0	0	0	0	0	0	0	0	0	0	0	0	2.263946	0	0	0	0	0	0	0	0	0	0	0	0	0	0	0	0	0	0	0	0	0	0	0	0	0	0	0	0	0	0	0	0	0	0	0	0	0	0	0	0	0.40404	7.86318	0	0	0	0	0	0	0	0	0	0	0	0	0	0	0	3.9659	0	0	0	0	0	0	0	0	0.162534	0	0	0	0	0	0	0
K07270	0	0	0	0	0	0	0	4.163125	0	0	0	0.364723	0.221239	0	0.26178	0	0	0	0	0	0	0	0	0	0	0.223214	0	0	0	0.2867407	0	0	0	0	0	0	0	0	0	0	0	0	0	0	0	0	0.499523	0	0	0	0	0.388136	0	0	0.066092	0	0	0	0	0	0.669643	0	0	1.64071	0	0	0	0	0	0	0	0	0	1.42773	0	0.224215	0	0	0.223214	0	0	0	0.215517	2.537203	0.206845	8.654891	0.284006	0.223214	0	1	1.43716	1.918836	0	0	0	0	0	0	0	0	0	0.889881	0	0	0	0	0	0	0	0	0	0	0	0.0922619	0	0.223214	0	0
K03711	0	0	0	0	0	0	0	0	0	0	0	0	0	0	0	0	0	0	0	0	0	0	0	0	0	0	0	0	0	0	0	0	0	0	0	0	0	0	0	0	0	0	0	0	0	0	0	0	0	0	0	0	0	0	0	0	0	0	0	0	0	0	0	0	0	0	0	0	0	0	0	0	0	0	0	0	0	0	0	0	0	0	0	0	0	0	0	0	0	0	0	0	0	0	0	0	0	0	0	0	0	0	0	0	0	0	0	0	0	0	0	0	0	0	0	0	0	0
K00954	0	0	0	0	0	0	0	0	0	0	0	0	0	0	0	0	0	0	0	0	0	0	0	0	0	0	0	0	0	0	0	0	0	0	0	0	0	0	0	0	0	0	0	0	0	0	0	0	0	0	0	0	0	0	0	0	0	0	0	0	0	0	0	0	0	0	0	0	0	0	0	0	0	0	0	0	0	0	0	0	0	0	0	0	0	0.299694	0	0	0	0	0	0	0	0	0	0	0	0	0	0	0	0	0	0	0	0	0	0	0	0	0	0	0	0	0	0	0	0
K09013	0.0361248	0	0	0	19.146533	0	0	0.853971	0	0	0	2.037768	0	0	0.556864	0	0.119869	0	0	0	0	0	0	0	0	0.246305	0	0	0.246305	0	0	0	2.827369	0	0.492611	0	0	0	0	1.01155	0	0	0	0.492611	0	0	0	0	0	0	0	1.21182	0	0	0	0	0	0	0	0	0	0	0	0.983579	0	1.47783	0	0	0	0.246305	0	0	0	0	0	0.492611	0	0	0	0.246305	0	0.492611	0	2.551722	0.293924	43.8473683	0	1.385879	0	0.975639	0	0.492611	0	0	0	0	0	0	0	0	0	0.782313	0	0	0	0	0	0	0	0	0	0	0	0.246305	0	0	0	0.849206
K03437	0	0	0	0	0	0	0	0	0	0	0	0.324675	0	0	0	0	0	0	0	0	0	0	0	0	0	0	0	0	0	0	0	0	0	0	0	0	0	0	0	0.162338	0	0	0	0	0	0	0	0	0	0	0	0	0	0	0	0	0	0	0	0	0	0	0	0	0	0	0	0	0	0	0	0	0	0	0	0	0	0	0	0	0	0	0	0	0	0	0	0	0	0	0	0	0	0	0	0	0	0	0	0	0	0	0	0	0	0	0	0	0	0	0	0	0	0	0	0	0	0
K21071	0	0	0	0	0	0	0	0.340136	0	0	0	0.340136	0	0	0.286848	0	0	0	0	0	0.170068	0	0	0	0	0	0	0	0	0.680272	0.340136	0	0.340136	0	0	0.219955	0	0	0	0	0	0	0	1.5646216	0	0	0	0	0	0	0	1.593882	0	0	0.170068	0	0	0	0	0	0.61678	0	0	0.388889	0	0.408163	0	0	0	0.238095	0	0	0	0	0	0.163265	0.0215419	0	0.170068	0	0.1916099	0	0	0.2970519	0.510204	3.51814357	0	0.28458	0	0	0	0	0	0	0	0	0	0	0	0	0	2.544213	0	0	0	0	0	0	0	0	0.28456	0	0	0.170068	0	0	0	0
K00560	0	0	0	0	1.229508	0	0	0.360656	0	0	0	0	0	0	0	0	0	0	0	0	0	0	0	0	0	0	0	0	0.204918	0	0	0	0	0	0	0	0	0	0	0.204082	0	0	0	0	0	0	0	0	0	0	0	0	0	0	0	0	0	0	0	0	0	0	0	0.409836	0	0	0	0	0	0	0	0	0	0	0	0	0	0	0	0	0.101093	0	0	0	0	4.65643	0	0	0.204918	0.2868852	0.484563	0	0	0	0	0	0	0	0	0	0	0	0	0	0	0	0	0	0	0	0	0	0	0	0	0.204918	0	0
K03743	0	0	0	0	0	0	0	0	0	0	0	0	0	0	0	0	0	0	0	0	0	0	0	0	0	0	0	0	0	0	0	0	0	0	0	0	0	0	0	0	0	0	0	0	0	0	0	0	0	0	0	0	0	0	0	0	0	0	0	0	0	0	0	0	0	0	0	0	0	0	0	0	0	0	0	0	0	0	0	0	0	0	0	0	0	0	0	0	0	0	0	0	0	0	0	0	0	0	0	0	0	0	0	0	0	0	0	0	0	0	0	0	0	0	0	0	0	0
K03547	0	0	0	0	0	0	0	0	0	0	0	0	0	0	0	0	0	0	0	0	0	0	0	0	0	0	0	0	0	0	0	0	0	0	0	0	0	0	0	0	0	0	0	0	0	0	0	0	0	0	0	0	0	0	0	0	0	0	0	0	0	0	0	0	0	0	0	0	0	0	0	0	0	0	0	0	0	0	0	0	0	0	0	0	0	0.337838	0	0	0	0	0	0	0	0	0	0	0	0	0	0	0	0	0	0	0	0	0	0	0	0	1.31579	0	0	0	0	0	0	0
K01304	0	0	0	0	0	0	0	0	0	0	0	0	0	0	0	0	0	0	0	0	0	0	0	0	0	0	0	0	0	0	0	0	0	0	0	0	0	0	0	0	0	0	0	0	0	0	0	0	0	0	0	0	0	0	0	0	0	0	0	0	0	0	0	0	0	0	0	0	0	0	0	0	0	0	0	0	0	0	0	0	0	0	0	0	0	0	0	0	0	0	0	0	0	0	0	0	0	0	0	0	0	0	0	0	0	0	0	0	0	0	0	0	0	0	0	0	0	0
K01424	0	0	0	0	0	0	0	0	0	0	0	0	0	0	0	0	0	0	0	0	0	0	0	0	0	0	0	0	0	0	0	0	0	0	0	0	0	0	0	0	0	0	0	0	0	0	0	0	0	0	0	0	0	0	0	0	0	0	0	0	0	0	0	0	0	0	0	0	0	0	0	0	0	0	0	0	0	0	0	0	0	0	0	0	0	0	0	0	0	0	0	0	0	0	0	0	0	0	0	0	0	0	0	0	0	0	0	0	0	0	0	0	0	0	0	0	0	0
K03811	0	0	0	0	0	0	0	0	0	0	0	0	0	0	0	0	0	0	0	0	0	0	0	0	0	0	0	0	0	0	0	0	0	0	0	0	0	0	0	0	0.102073	0	0	0	0	0	0	0	0	0	0	0	0	0	0	0	0	0	0	0	0	0	0	0	0	0	0	0	0	0	0	0	0	0	0	0.448166	0	0	0	0	0	0	0	0.239234	0	0	0	0	0	0	0	0	0	0	0	0	0	0	0	0	0	0	0	0	0	0	0	0	0	0	0	0	0	0	0	0	0	0
K11939	0	0	0	0	1.724781	0	0	0.177305	0	0	0	0	0	0	0.19281	0	0	0	0	0	0.164474	0	0	0	0	0	0	0	0	0.163377	0	0	0	0	0	0	0	0	0	0	0	0	0	0	0	0	0	0	0	0	0	0	0	0	0	0	0	0	0	0	0	0	0	0.328947	0	0.70614	0	0	0	0	0	0	0	0	0	0	0	0	0	0	0	0	0	0.35461	0.122807	4.628993	0	0.328948	0	0.177305	0	0	0	0	0	0	0	0	0	0	0	0	0	0	0	0	0	0	0	0	0	0	0	0	0	0	0	0
K02424	0	0	0	0	0	0	0	0	0	0	0	0	0	0	0	0	0	0	0	0	0	0	0	0	0	0	0	0	0	0	0	0	0	0	0	0	0	0	0	0	0	0	0	0	0	0	0	0	0	0	0	0	0	0	0	0	0	0	0	0	0	0	0	0	0	0	0	0	0	0	0	0	0	0	0	0	0	0	0	0	0	0	0	0	0	0	0	0	0	0	0	0	0	0	0	0	0	0	0	0	0	0	0	0	0	0	0	0	0	0	0	0	0	0	0	0	0	0
K00872	0	0	0	0	0	0	0	0	0	0	0	0	0	0	0	0	0	0	0	0	0	0	0	0	0	0	0	0	0	1	0	0	0	0	0	0	0	0	0	0	0	0	0	0	0	0	0	0	0	0	0	0	0	0	0	0	0	0	0	0	0	0	0	0	0	0	0	0	0	0	0	0	0	0	0	0	0	0	0	0	0	0	0	0	0	0.387597	0	0	0	0	0	0	0	0	0	0	0	0	0	0	0	0	0	0	0	0	0	0	0	0	0	0	0	0	0	0	0	0
K00970	0	0	0	0	0	0	0	0	0	0	0	0	0	0	0	0	0	0	0	0	0	0	0	0	0	0	0	0	0	0	0	0	0	0	0	0	0	0	0	0	0	0	0	0.352941	0	0	0.117647	0	0	0	0	0.588235	0	0	0	0	0	0	0	0	0.117647	0	0	0	0	0	0	0	0	0	0	0	0	0	0	0	0	0	0	0	0	0	0	0	0.594252	2.55554	0	0	0	0.195294	0	0	0	0	0	0	0	0	0	0	0	0.23451	0	0	0	0	0	0	0	0	0	0	0	0.117647	0	0	0	0
K00216	0	0	0	0	0	0	0	0	0	0	0	0	0	0	0	0	0	0	0	0	0	0	0	0	0	0	0	0	0	0	0	0	0	0	0	0	0	0	0	0	0	0	0	0	0	0	0	0	0	0	0	0	0	0	0	0	0	0	0	0	0	0	0	0	0	0	0	0	0	0	0	0	0	0	0	0	0	0	0	0	0	0	0	0	0	0	0	0	0	0	0	0	0	0	0	0	0	0	0	0	0	0	0	0	0	0	0	0	0	0	0	0	0	0	0	0	0	0
K00239	0.145601	0	0	0	0.5105326	0	0	1.07527	0	0	0	0.5576208	0	0	0.0929368	0	0	0	0	0	0	0	0	0	0	0	0	0	0	0	0	0	0	0	0	0	0	0	0	0	0	0	0	0.6980978	0	0	0	0	0	0	0	0.984271	0.178439	0	0	0.00371747	0	0	0	0	0.0929368	0	0	0.537634	0	0.086741	0	0	0	0	0	0.988793	0	0	0	0	0.0526642	0	0	0.0315985	0.1858736	0	0	1.8781148	0.2428748	14.758268	0	0.4163565	0.185874	0.14684	0.0929368	0.0929368	0	0	0	0	0	0	0	0	0	0.557621	0	0	0	0	0	0	0.0929368	0	0	0.3509945	0	0.2788108	0	0	0	0
K13527	0	0	0	0	2.085016	0	0	0	0	0	0	0	0	0	0	0	0	0	0	0	0	0	0	0	0	0	0	0	0	0.2962729	0	0	0	0	0	0	0	0	0	0	0	0	0	0	0	0	0	0	0	0	0	0	0.114155	0	0.110316	0	0	0	0	0	0	0	0	0	0	0.0974659	0	0	0	0	0	0	0	0	0	0	0	0	0	0	0	0.0894454	0	0	0	1.4199738	0	0	0	0.0131187	0	0.114155	0	0	0	0	0	0	0	0	0	0	0	0	0	0	0	0	0	0	0	0	0	0.0894454	0	0.0894454	0	0
K03685	0	0	0	0	0	0	0	0	0	0	0	0	0	0	0	0	0	0	0	0	0	0	0	0	0	0	0	0	0	0	0	0	0	0	0	0	0	0	0	0	0	0	0	0	0	0	0	0	0	0	0	0	0	0	0	0	0	0	0	0	0	0	0	0	0	0	0	0	0	0	0	0	0	0	0	0	0	0	0	0	0	0	0	0	0	0	0	0	0	0	0	0	0	0	0	0	0	0	0	0	0	0	0	0	0	0	0	0	0	0	0	0	0	0	0	0	0	0
K02483	0	0	0	0	1.08108	0	0	0	0	0	0	0.171171	0	0	0.126126	0	0	0	0	0	0	0	0	0	0	0	0	0	0	0	0	0	0	0	0	0	0	0	0	4.13095	0	0	0	0	0	0	0.646847	0	0	0	0	0	0.9327871	0	0	0	0	0	0	0	0	0	0	1.188978	0	0.918919	0	0.295858	0	0	0	0	0	0	0	0	0	0	0.27027	0	0	0	0	0.0414414	0.612613	5.331528	0	0.131532	0	0	0	0	0	0	0	0	0	0	0	0	0	0.52973	0	0	0	0	0	0	0	0	0	0.448649	0	0.27027	0	0	0	0
K07742	0	0	0	0	0	0	0	0	0	0	0	4.24561	0	0	0	0.877193	0	0	0	0	0	0	0	0	0	0	0	0	0.263158	0	0	0	0	0	0	0.877193	0	0	0	0	0	0	0	0	0	0	0	0	0	0	0	0	0	0	0.309942	0	0	0	0	0	0	0	0	1.21637	0	0	0	0	0	0	0	0	0	0	0	0	0	0	0	0	0	0.77193	0	0	0	3.2807	0	0	0	0	0	0	0	0	0	0	0	0	0	0	0	0	0	0	0	0	0	0	0	0	0	0	0	0	0	0	0	0
K03216	0	0	0	0	0	0	0	0	0	0	0	0	0	0	0	0	0	0	0	0	0	0	0	0	0	0	0	0	0	0	0	0	0	0	0	0	0	0	0	0	0	0	0	0	0	0	0	0	0	0	0	0	0	0	0	0	0	0	0	0	0	0	0	0	0	0	0	0	0	0	0	0	0	0	0	0	0	0	0	0	0	0	0	0	0.301887	0	0	0	0	0	0	0	0	0	0	0	0	0	0	0	0	0	0	0	0	0	0	0	0	0	0	0	0	0	0	0	0	0
K01703	0	0	0	0	0	0	0	0	0	0	0	0	0	0	0	0	0	0	0	0	0	0	0	0	0	0	0	0	0	0	0	0	0	0	0	0.0440835	0	0	0	0	0	0	0	0	0	0	0	0	0	0	0	0	0.232019	0	0	0	0	0	0	0	0	0	0	0	0	0	0	0	0	0	0	0	0	0	0	0	0	0	0	0	0	0	0	0	0	1.34360777	0	0	0	0.2799429	0	0	0	0	0	0	0	0	0	0	0	0.401709	0	0	0	0	0	0	0	0	0	0.293806	0	0.116009	0	0	0	0
K00788	0	0	0	0	0	0	0	0	0	0	0	0	0	0	0	0	0	0	0	0	0	0	0	0	0	0	0	0	0	0	0	0	0	0	0	0	0	0	0	0	0	0	0	0	0	0	0	0	0	0	0	0	0	0	0	0	0	0	0	0	0	0	0	0	0	0	0	0	0	0	0	0	0	0	0	0	0	0	0	0	0	0	0	0	0	0	0	0	0	0	0	0	0	0	0	0	0	0	0	0	0	0	0	0	0	0	0	0	0	0	0	0	0	0	0	0	0	0
K05847	0	0	0	0	0	0	0	0	0	0	0	0	0	0	0	0	0	0	0	0	0	0	0	0	0	0	0	0	0	0	0	0	0	0	0	0	0	0	0	0	0	0	0	0	0	0	0	0	0	0	0	0	0	0	0	0	0	0	0	0	0	0	0	0	0	0	0	0	0	0.184502	0	0	0	0	0	0	0	0	0	0	0	0	0	0.871345	0.371069	8.587489	0.125461	0	0	1.348806	0.833333	0	0	0	0	0	0	0	0	0	0	3.01186	0	0	0	0	0	0	0	0	0	0	0	0.0282051	0	0	0	0
K02363	0	0	0	0	1.3199528	0	0	0.0979619	0	0	0	0.1379488	0	0	0	0	0	0	0	0	0	0	0	0	0	0	0	0	0	0.5613327	0	0	0	0	0	0	0	0	0	0	0.0986193	0	0	0.132979	0	0	0	0	0	0	0	0.182774	0	0	0	0	0	0	0	0	0.125	0	0	0	0	0	0	0	0	0	0	0	0	0	0.159744	0	0	0	0.0994036	0	0	0.286912	0	0.4523933	0.7602438	3.766355	0	0.691252	0	0.0994036	0.6479784	0.310559	0	0	0	0	0	0	0	0	0	0.5	0	0	0	0	0	0	0	0	0	0	0	0.235849	0	0	0	0
K03980	0	0	0	0	0	0	0	0	0	0	0	0	0	0	0	0	0	0	0	0	0	0	0	0	0	0	0	0	0	0.693069	0	0	0	0	0	0	0	0	0	0	0	0	0	0	0	0	0	0	0	0	0	0	0.1980198	0	0	0	0	0	0	0	0	0	0	0	0	0	0	0	0	0	0	0	0	0	0	0	0	0	0	0	0	0	0.39604	0	0	1.2888831	0	0	0	0	0	0	0	0	0	0	0	0	0	0	0	0.559379	0	0	0	0	0	0	0	0	0	0.0990099	0	0	0	0	0	0
K08681	0	0	0	0	0	0	0	0	0	0	0	0	0	0	0	0	0	0	0	0	0	0	0	0	0	0	0	0	0	0	0	0	0	0	0	0	0	0	0	0	0	0	0	0	0	0	0	0	0	0	0	0	0	0	0	0	0	0	0	0	0	0	0	0	0	0	0	0	0	0	0	0	0	0	0	0	0	0	0	0	0	0	0	0	0	0	0	0	0	0	0	0	0	0	0	0	0	0	0	0	0	0	0	0	0	0	0	0	0	0	0	0	0	0	0	0	0	0
K02808	0	0	0	0	0	0	0	0	0	0	0	0	0.649351	0	0	0	0	0	0	0	0	0	0	0.0286797	0	0	0	0	0	0	0	0	0	0	0	0	0	0	0	0	0	0	0	0	0	0	0	0	0	0	0	0	0	0	0	0	0	0	0	0	0	0	0	0.0811688	0	0	0	0	0	0	0	0	0	0	0	0	0	0	0	0	0	0	0.396135	0	0	0.2429658	0	0.0811688	0	0.185874	0	0	0	0	0	0	0	0	0	0	0	0	0	0	0	0	0	0	0	0	0	0	0	0.0814332	0	0	0	0
K00849	0	0	0	0	0	0	0	0	0	0	0	0	0	0	0	0	0	0	0	0	0	0	0	0	0	0	0	0	0	0	0	0	0	0	0	0	0	0	0	0	0	0	0	0	0	0	0	0	0	0	0	0	0	0	0	0	0	0	0	0	0	0	0	0	0	1.39024	0	0	0	0	0	0	0	0	0	0	0	0	0	0	0	0	0	0	0	0	0	0	0	0	0	0	0	0	0	0	0	0	0	0	0	0	0	0	0	0	0	0	0	0	0	0	0	0	0	0	0	0
K00989	0	0	0	0	0	0	0	0	0	0	0	0	0	0	0	0	0	0	0	0	0	0	0	0	0	0	0	0	0	0	0	0	0	0	0	0	0	0	0	0	0	0	0	0	0	0	0	0	0	0	0	0	0	0	0	0	0	0	0	0	0	0	0	0	0	0	0	0	0	0	0	0	0	0	0	0	0	0	0	0	0	0	0	0.873874	0	0	0	0	0	0	0	0	0	0	0	0	0	0	0	0	0	0	0	0	0	0	0	0	0	0	0	0	0	0	0	0	0	0
K01775	0	0	0	0	0	0	0	0	0	0	0	0	0	0	0	0	0	0	0	0	0	0	0	0	0	0	0	0	0	0	0	0	0	0	0	0	0	0	0	0	0	0	0	0	0	0	0	0	0	0	0	0	0	0	0	0	0	0	0	0	0	0	0	0	0	0	0	0	0	0	0	0	0	0	0	0	0	0	0	0	0	0	0	0	0	0	0	0	0	0	0	0	0	0	0	0	0	0	0	0	0	0	0	0	0	0	0	0	0	0	0	0	0	0	0	0	0	0
K10563	0	0	0	0	0	0	0	0	0	0	0	0	0	0	0	0	0	0	0	0	0	0	0	0	0	0	0	0	0	0	0	0	0	0	0	0	0	0	0	0	0	0	0	0	0	0	0	0	0	0	0	0	0	0	0	0	0	0	0	0	0	0	0	0	0	0	0	0	0	0	0	0	0	0	0	0	0	0	0	0	0	0	0	0	0	0	0	0	0	0	0	0	0	0	0	0	0	0	0	0	0	0	0	0	0	0	0	0	0	0	0	0	0	0	0	0	0	0
K02886	0.404658	0	0	0	9.061042	0	0	3.941683	0	0	0	4.7925	0	0	1.07275	0	0	0	0.122271	0	0.30303	0	0	0.177893	0	0.259067	0	0.218341	0.777202	1.03627	0	0	5.45512	0	0.518135	0.518135	0	0.436681	0	0.703751	0.0713246	0	2.62009	9.696777	0	0	0.302766	0	0	0	0	0.54291	0	0	0	0	0	0	0	0	2.721254	0	0	4.6854	0	2.15284	0	1.52547	0	0.777202	0	0	0	0	0	1.102172	0	0.122271	0.959123	0.733594	1.843069	2.96322	0.873362	4.36521	5.257937	126.67329	1.08006	4.04791	1.118138	4.590746	5.01868	0.985413	0	0	0	0	0	0	0	0	0	2.53303	0	0	0	0	0	0.259067	0	0	0	0.436681	0	0.218341	0	0	0	0
K03789	0	0	0	0	0	0	0	0	0	0	0	0	0	0	0	0	0	0	0	0	0	0	0	0	0	0	0	0	0	0	0	0	0	0	0	0	0	0	0	0	0	0	0	0	0	0	0	0	0	0	0	0	0	0	0	0	0	0	0	0	0	0	0	0	0	0	0	0	0	0	0	0	0	0	0	0	0	0	0	0	0	0	0	0	0	0	0	0	0	0	0	0	0	0	0	0	0	0	0	0	0	0	0	0	0	0	0	0	0	0	0	0	0	0	0	0	0	0
K11928	0	0	0	0	0.415545	0	0	0	0	0	0	0.112108	0	0	0	0	0	0	0	0	0	0	0	0	0	0	0	0	0	0.44843	0	0	0	0	0	0	0	0	0	0	0	0	0	0	0	0	0	0	0	0	0	0	0.112108	0	0.224215	0	0	0	0	0	0	0	0	0	0	0.0994021	0	0	0	0	0	0	0	0	0	0	0	0	0	0	0	0	0	0.5267113	0.103139	0	0	0.0358744	0	0	0.624136	0	0	0	0	0	0	0	0	0	0	0	0	0	0	0	0	0	0.121065	0	0.112108	0	0	0	0	0	0	0
K13950	0	0	0	0	0	0	0	0	0	0	0	0	0	0	0	0	0	0	0	0	0	0	0	0	0	0	0	0	0	0	0	0	0	0	0	0	0	0	0	0	0	0	0	0	0	0	0	0	0	0	0	0	0	0	0	0	0	0	0	0	0	0	0	0	0	0	0	0	0	0	0	0	0	0	0	0	0	0	0	0	0	0	0	0	0.421941	0.2827	0	0	0	0	0	0	0	0	0	0	0	0	0	0	0	0	0	0	0	0	0	0	0	0	0	0	0	0	0	0	0	0
K01633	0	0	0	0	0	0	0	0	0	0	0	0	0	0	0	0	0	0	0	0	0	0	0	0	0	0	0	0	0	0	0	0	0	0	0	0	0	0	0	0	0	0	0	0	0	0	0	0	0	0	0	0	0	0	0	0	0	0	0	0	0	0	0	0	0	0	0	0	0	0	0	0	0	0	0	0	0	0	0	0	0	0	0	0	0	0	0	0	0	0	0	0	0	0	0	0	0	0	0	0	0	0	0	0	0	0	0	0	0	0	0	0	0	0	0	0	0	0
K01687	0	0	0	0	1.9929237	0	0	0	0	0	0	0.258997	0	0	0	0	0	0	0	0	0	0	0	0	0	0	0	0	0	0	0	0	0	0	0	0	0	0	0	0.0884956	0	0	0.129794	0	0	0	0	0	0	0	0	0.540541	0.0884956	0	0	0	0	0	0	0	0.176991	0	0	0	0	0	0	0	0.192308	0	0	0	0	0.0884956	0	0.0884956	0	0	0	0	0	0.353982	0	0.2654866	0.900402	5.0042816	0	0.0884956	0	0.573816	0	0	0	0	0	0	0	0	0	0	0	0.100402	0	0	0	0	0	0	0	0	0	0	0	0.0884956	0	0	0.176991	0
K02945	0.542373	0	0	0	11.960508	0	0	6.952506	0.72633	0	0	8.762033	1.633192	0	1.302446	2.603352	0	0	0	0	0.26738	0.411472	0	0.193798	0	0	0	0	0.374202	0.564972	1.53257	0	4.746359	0	1.037331	0	0	0.387597	0	0	0.481982	0	0.191571	7.023003	0	0	0	0	0.211577	0	0	2.570646	0	0	0.301034	0	0	0	0	0	4.539587	0	0	3.802757	0	0.634764	0	1.330448	0	1.211981	0	0	0	0	0.627301	0.702844	0	0	0.474057	0.531707	0	0	0.986167	2.563869	5.558816	39.332989	0.665628	5.3423382	0.869087	3.859451	1.344778	0.340136	0	0.60241	0	0	0	0	0	0	0	6.639785	0	0	0	0	0	0	0	0	0	0	0	0.411472	0	0.189017	0	0
K00766	0	0	0	0	0	0	0	0	0	0	0	0	0	0	0	0	0	0	0	0	0	0	0	0	0	0	0	0	0	0	0	0	0	0	0	0	0	0	0	0	0	0	0	0	0	0	0	0	0	0	0	0	0	0	0	0	0	0	0	0	0	0	0	0	0	0	0	0	0	0	0	0	0	0	0	0	0	0	0	0	0	0	0	0	0	0	0	0	0	0	0	0	0	0	0	0	0	0	0	0	0	0	0	0	0	0	0	0	0	0	0	0	0	0	0	0	0	0
K02519	0	0	0	0	0	0	0	0	0	0	0	1	0	0	0	0	1	0	0	0	0	0	0	0	0	0	0	0	0	0	0	0	0	0	0	0	0	0	0	0	0	0	0	1	0	0	0	0	0	0	0	0	0	0	0	0	0	0	0	0	0	0	0	0	0	0	0	0	0	0	0	0	0	0	0	0	0	0	0	0	0	0	0	0	0	0.766667	0	0	0	0	0	0	0	0	0	0	0	0	0	0	0	0	0	0	0	0	0	0	0	0	0	1	0	0	0	1	0	0
K00796	0	0	0	0	0	0	0	0	0	0	0	0	0	0	0	0	0	0	0	0	0	0	0	0	0	0	0	0	0	0	0	0	0	0	0	0	0	0	0	0	0	0	0	0	0	0	0	0	0	0	0	0	0	0	0	0	0	0	0	0	0	0	0	0	0	0	0	0	0	0	0	0	0	0	0	0	0	0	0	0	0	0	0	0	0	0	0	0	0	0	0	0	0	0	0	0	0	0	0	0	0	0	0	0	0	0	0	0	0	0	0	0	0	0	0	0	0	0
K01554	0	0	0	0	0	0	0	0	0	0	0	0	0	0	0	0	0	0	0	0	0	0	0	0	0	0	0	0	0	0.575791	0	0	0	0	0	0	0	0	0	0	0	0	0	0	0	0	0	0	0	0	0	0	0	0	0	0	0	0	0	0	0	0	0	0	0	0	0	0	0	0	0	0	0	0	0	0	0	0	0	0	0	0	0	0	0	1.082525	0	0	0	0.285714	0	0	0	0	0	0	0	0	0	0	0	0	0	0	0	0	0	0	0	0	0	0	0	0	0	0.110476	0	0
K05846	0	0	0	0	0	0	0	0	0	0	0	0	0	0	0	0	0	0	0	0	0	0	0	0	0	0	0	0	0	0	0	0	0	0	0	0	0	0	0	0	0	0	0	0	0	0	0	0	0	0	0	0	0	0	0	0	0	0	0	0	0	0	0	0	0	0	0	0	0	0	0	0	0	0	0	0	0	0	0	0	0	0	0	1	0	0	0	0	0	0	0	0	0	0	0	0	0	0	0	0	0	0	0	0	0	0	0	0	0	0	0	0	0	0	0	0	0	0
K13953	0	0	0	0	0	0	0	0	0	0	0	0	0	0	0	0	0	0	0	0	0	0	0	0	0	0	0	0	0	0	0	0	0	0	0	0	0	0	0	0	0	0	0	3	0	0	0	0	0	0	0	0	0	0	0	0	0	0	0	0	0	0	0	0	0	0	0	0	0	0	0	0	0	0	0	0	0	0	0	0	0	0	0	0	0	0	0	0	0	0	0	0	0	0	0	0	0	0	0	0	0	0	0	0	0	0	0	0	0	0	0	0	0	0	0	0	0	0
K01142	0	0	0	0	0	0	0	0	0	0	0	0	0	0	0	0	0	0	0	0	0	0	0	0	0	0	0	0	0	0	0	0	0	0	0	0	0	0	0	0	0	0	0	0	0	0	0	0	0	0	0	0	0	0	0	0	0	0	0	0	0	0	0	0	0	0	0	0	0	0	0	0	0	0	0	0	0	0	0	0	0	0	0	0	0	0	0	0	0	0	0	0	0	0	0	0	0	0	0	0	0	0	0	0	0	0	0	0	0	0	0	0	0	0	0	0	0	0
K09951	0	0	0	0	0	0	0	0	0	0	0	0	0	0	0	0	0	0	0	0	0	0	0	0	0	0	0	0	0	0	0	0	0	0	0	0	0	0	0	0	0	0	0	0	0	0	0	0	0	0	0	0	0	0	0	0	0	0	0	0	0	0	0	0	0	0	0	0	0	0	0	0	0	0	0	0	0	0	0	0	0	0	0	0	0	0	0	0	0	0	0	0	0	0	0	0	0	0	0	0	0	0	0	0	0	0	0	0	0	0	0	0	0	0	0	0	0	0
K03284	0	0	0	0	0	0	0	0	0	0	0	0	0	0	0	0	0	0	0	0	0	0	0	0	0	0	0	0	0	0	0	0	0	0	0	0	0	0	0	0	0	0	0	0	0	0	0	0	0	0	0	0	0	0	0	0	0	0	0	0	0	0	0	0	0	0	0	0	0	0	0	0	0	0	0	0	0	0	0	0	0	0	0	0	0	0	0	0	0	0	0	0	0	0	0	0	0	0	0	0	0	0	0	0	0	0	0	0	0	0	0	0	0	0	0	0	0	0
K02073	0	0	0	0	0	0	0	0	0	0	0	0	0.482759	0	0	0	0	0	0	0	0	0	0	0	0	0	0	0	0	0	0	0	0	0	0	0	0	0	0	0	0	0	0	0	0	0	0	0	0	0	0	0	0	0	0	0	0	0	0	0	0	0	0	0	0	0	0	0	0	0	0	0	0	0	0	0	0	0	0	0	0	0	0	0	0	0	0	0	0	0	0	0	0	0	0	0	0	0	0	0	0	0	0	0	0	0	0	0	0	0	0	0	0	0	0	0	0	0
K03639	0	0	0	0	0	0	0	0	0	0	0	0	0	0	0	0	0	0	0	0	0	0	0	0	0	0	0	0	0	0	0	0	0	0	0	0	0	0	0	0	0	0	0	0	0	0	0	0	0	0	0	0	0	0	0	0	0	0	0	0	0	0	0	0	0	0	0	0	0	0	0	0	0	0	0	0	0	0	0	0	0	0	0	0	0	0	0	0	0	0	0	0	0	0	0	0	0	0	0	0	0	0	0	0	0	0	0	0	0	0	0	0	0	0	0	0	0	0
K13288	0	0	0	0	0	0	0	0	0	0	0	0	0	0	0	0	0	0	0	0	0	0	0	0	0	0	0	0	0	0	0	0	0	0	0	0	0	0	0	0	0	0	0	0	0	0	0	0	0	0	0	0	0	0	0	0	0	0	0	0	0	0	0	0	0	0	0	0	0	0	0	0	0	0	0	0	0	0	0	0	0	0	0	0	0	0	0	0	0	0	0	0	0	0	0	0	0	0	0	0	0	0	0	0	0	0	0	0	0	0	0	0	0	0	0	0	0	0
K00919	0	0	0	0	0	0	0	0	0	0	0	0	0	0	0	0	0	0	0	0	0	0	0	0	0	0	0	0	0	0	0	0	0	0	0	0	0	0	0	0	0	0	0	0	0	0	0	0	0	0	0	0	0	0	0	0	0	0	0	0	0	0	0	0	0	0	0	0	0	0	0	0	0	0	0	0	0	0	0	0	0	0	0	0	0	2.458334	0	0	0	0	0	0	0	0	0	0	0	0	0	0	0	0	0	0	0	0	0	0	0	0	0	0	0	0	0	0	0	0
K04488	0	0	0	0	0	0	0	0.878505	0	0	0	0	0	0	0	0	0	0	0	0	0	0	0	0	0	0.934579	0	0	0	0	0	0	0	0	0	0	0	0	0	0	0	0	0	0	0	0	0	0	0	0	0	0	0	0	0	0	0	0	0	0	0	0	0	0	0	0.934579	0	0	0	0	0	0	0	0	0	0	0	0	0	0	0	0	0	0.46729	0	3.554657	0	0.208723	0	0	0	0	0	0	0	0	0	0	0	0	0	2.36364	0	0	0	0	0	0	0	0	0	0	0	0	0	0	0	0
K03628	0	0	0	0	4.888708	0	0	0.968172	0	0	0	2.63843	0.594595	0	0	0	0	0	0	0	0	0	0	0	0	0	0	0	0.277008	0.294118	0	0	0.390625	0	0	0	0	0	0	0	0	0	0	0	0	0	0	0	0	0	0	0	0	0	0	0	0	0	0	0	0.405405	0	0	0.39788	0	0.277008	0	0	0	0	0	0	0	0	0.615385	0.147059	0	0	0	0	0.195312	0	0.2009008	0	1.127905	5.371315	0.211765	0.147059	0.576311	0.135135	0	0	0	0	0	0	0	0	0	0	0	0.664865	0	0	0	0	0	0	0	0.138504	2.23404	0	0	0.27027	0	0	0	0
K04561	0.132275	0	0	0	3.529544	0	0	0.3075826	0	0	0	0.9339761	0	0	0.0996473	0.198413	0	0	0	0.0661376	0	0	0	0	0	0.0661376	0	0	0	0.720131	0	0	0.0515873	0	0	0	0	0	0	0.0824515	0	0	0	0.401606	0	0	0	0	0	0	0	0.198413	0	0	0	0	0	0	0	0	0	0.0656966	0	0	0	0	0	0	0	0	1.13316	0	0	0	0	0.3348896	0	0	0.1097884	0	0.0661376	0.4197527	0.3367	0.113895	0.37184	8.832769	0	0.345679	0	0.3979015	0.2461702	0.3755339	0	0	0	0	0	0	0	0	0	1.063123	0	0	0	0	0	0	0	0	0	0	0	0.68977713	0	0	0	0
K00973	0	0	0	0	0	0	0	0.429185	0	0	0	0	0	0	0.907895	0.2103	0	0	0	0	0	0	0	0	0	0	0	0	0	0	0	0	0	0	0	0	0	0	0	0	0	0	0	0	0	0	0	0	0	0	0	0	0	0	0	0	0	0	0	0	0	0	0	0	0	0.866667	0	0	0	0	0	0	0	0	0	0.214592	0	0	0	0	0	0	0	0.214592	0	1.261615	0	0.180258	0	0	0	0	0	0	0	0	0	0	0	0	0	0	0	0	0	0	0	0	0	0	0	0	0	0	0	0	0	0
K02031	0	0	0	0	4.279614	0	0	0	0	0	0	1.502415	2.344148	0	0.1229424	0	0	0	0	0	0	0	0	0	0	0.231481	0	0.149254	0	0.184162	0	0	0	0	0	0	0	0	0	0	0	0	0	0	0	0	0.1416172	0	0	0	0	1.367382	0	0	0.092081	0	0	0	0	0	0	0	0	1.01643	0	0.462963	0	0	0	0.0385802	0	0	0.0771605	0	0.122249	0	0.0771605	0	0.2024735	0	0	0.0771605	0	1.387881	1.3018759	8.0611005	0.1692415	0.374074	0	0.241546	0	0	0	0	0	0	0	0	0	0.617284	0	1.02315	0	0	0	0	0	0	0	0	0	0.3076132	0	0.154321	0	0.107066	0	0
K01624	0	0	0	0	0	0	0	0	0	0	0	0	0	0	0	0	0	0	0	0	0	0	0	0	0	0	0	0	0	0	0	0	0	0	0	0	0	0	0	0	0	0	0	0	0	0	0	0	0	0	0	0	0	0	0	0	0	0	0	0	0	0	0	0	0	0	0	0	0	0	0	0	0	0	0	0	0	0	0	0	0	0	0	0	0	0	0	0	0	0	0	0	0	0	0	0	0	0	0	0	0	0	0	0	0	0	0	0	0	0	0	0	0	0	0	0	0	0
K12510	0	0	0	0	0	0	0	0	0	0	0	0	0	0	0	0	0	0	0	0	0	0	0	0	0	0	0	0	0	0	0	0	0	0	0	0	0	0	0	0	0	0	0	0	0	0	0	0	0	0	0	0	0	0	0	0	0	0	0	0	0	0	0	0	0	0	0	0	0	0	0	0	0	0	0	0	0	0	0	0	0	0	0	0	0	0	0	0	0	0	0	0	0	0	0	0	0	0	0	0	0	0	0	0	0	0	0	0	0	0	0	0	0	0	0	0	0	0
K00806	0	0	0	0	0	0	0	0	0	0	0	0	0	0	0	0	0	0	0	0	0	0	0	0	0	0	0	0	0	0	0	0	0	0	0	0	0	0	0	0	0	0	0	0	0	0	0	0	0	0	0	0	0.268817	0	0	0	0	0	0	0	0	0	0	0	0.0404984	0	0	0	0	0	0	0	0	0	0	0	0	0	0	0	0	0	0	0	0	2.5699773	0	0	0	0	0.268817	0	0	0	0	0	0	0	0	0	0	0.216216	0	0	0	0	0	0	0	0	0.233645	0	0	0	0	0	0	0
K01902	0	0	0	0	0	0	0	0	0	0	0	0	0	0	0	0	0	0	0	0	0	0	0	0	0	0	0	0	0	0	0	0	0	0	0	0	0	0	0	0	0	0	0	0	0	0	0	0	0	0	0	0	0	0	0	0	0	0	0	0	0	0	0	0	0	0	0	0	0	0	0	0	0	0	0	0	0	0	0	0	0	0	0	0	0	0	0	0	0	0	0	0	0	0	0	0	0	0	0	0	0	0	0	0	0	0	0	0	0	0	0	0	0	0	0	0	0	0
K01868	0	0	0	0	0.19883	0	0	0	0	0	0	0	0.265924	0	0	0	0	0	0	0	0	0	0	0	0	0	0	0	0.079087	0	0	0	0.366199	0	0	0	0	0	0	0.0355626	0	0	0	0.309252	0	0	0	0.0796178	0	0	0	0	0	0	0	0.0823146	0	0	0	0	0.47619	0	0	0.366705	0	0	0	0	0	0	0	0	0	0	0.122249	0	0	0	0	0.122249	0.207469	0.0796178	0	0.0610403	0.3493496	5.617583	0	0.1783443	0	0	0.159236	0	0	0	0	0	0	0	0	0	0	0	0	0	0	0.208333	0	0	0	0	0.122249	0	0	0	0	0	0	0
K02003	0	0	0	0	1.18116	0	0	0	0	0	0	0	0	0	0	0	0	0	0	0	0	0	0	0	0	0	0	0	0	0	0	0	0	0	0	0	0	0	0	0	0	0	0	0	0	0	0	0	0	0	0	0	0	0	0	0	0	0	0	0	0	0	0	0	0	0.973064	0	0	0	0	0	0	0	0	0	0	0	0	0	0	0	0	0	0	0	0.181159	0	0	0	0	0	0	0	0	0	0	0	0	0	0	0	0	0	0	0	0	0	0	0	0	0	0	0	0	0	0	0	0
K03657	0	0	0	0	0.9190969	0	0	0.42735	0	0	0	0.3310093	0	0	0.0840336	0	0	0	0	0	0.0558036	0	0	0	0	0	0	0	0	0.7413106	0	0	0.407537	0	0	0	0	0	0	0	0	0	0	1.791742	0.00858175	0	0	0	0	0	0	0.4748132	0.0829187	0	2.54348	0	0	0	0	0	0	0	0	0.3255272	0	1.6521164	0	0	0	0.0848896	0	0.2084972	0	0	0.0281924	0.0326797	0.416667	0	0.3165916	0.121899	0.0531915	0.2803359	0.111607	0.5492016	0.3022158	10.9726294	0	0.4212377	0.9559805	0.51242	0.2624066	0.2265959	0	0	0	0	0	0.323625	0.323625	0	0.215054	1.255905	0	1	0	0	0	0	0	0	0.2194821	0.2228711	0	0.431963	0	0.596738	0	0
K03553	0	0	0	0	7.839618	0	0	1.396699	0.147799	0	0	5.374461	6.639611	0	0.618449	1.215718	0	0	0	0.157233	0.267503	0	0	0.314465	0	2.75472	0	0	1.890563	0	0	0	0	0.404858	0	0	0	0	0	0	0.19685	0	2.798754	9.499861	0	0	0.125506	0	0	0	0	3.426732	0.157233	0	0.157233	0	0	0	0	0	1.83281	0	0	6.54024	0	2.790483	0	0	0	0.215962	0	0.943396	0	0.0932914	1.874265	0.156184	0	0	1.633643	0.103774	1.119705	0.408805	0	2.580364	2.126868	39.891314	1	1.281479	1.025738	1.933228	1.214466	0.1698116	0	0	0	0	0	0	0	0	0	3.67921	0	0	0	0	0	0	0	0.157233	0	0.157233	0	0.2002092	0	0	0	0
K00153	0	0	0	0	0	0	0	0	0	0	0	0	0	0	0	0	0	0	0	0	0	0	0	0	0	0	0	0	0	0.676221	0	0	0	0	0	0	0	0	0	0	0	0	0	0	0	0	0	0	0	0	0	0	0.477707	0	0	0	0	0	0	0	0	0	0	0	0	0	0	0	0	0	0	0	0	0	0	0	0	0	0	0	0	0.477707	0	0.159236	0	2.267745	0	0.45	0	0	0.0912951	0.477707	0	0	0	0	0	0	0	0	0	0	0	0	0	0	0	0	0	0	0.477707	0.159236	0	0	0	0	0	0
K02888	0	0	0	0	0	0	0	0	0	0	0	0	3.28205	0	0	0	0	0	0	0	1	0	0	0	0	0	0	0	0	0	0	0	0	0	0	0	0	0	0	0	0	0	0	0	0	0	0	0	0	0	0	0	0	0	0	0	0	0	0	0	0	0	0	0	0	0	0	0	0	0	0	0	0	0	0	0	0	0	0	0	0	0	0	0	0	0	0	0	0	0	0	0	0	0	0	0	0	0	0	0	0	0	0	0	0	0	0	0	0	0	0	0	0	0	0	0	0	0
K00528	0	0	0	0	1.366663	0	0	0	0	0	0	0.452488	0	0	0	0	0	0	0	0	0	0	0	0	0	0	0	0	0	1.52489	0	0	0.27248	0	0	0	0	0.113122	0	0	0	0	0	0.339367	0	0	0	0	0	0	0	1.10105	0.113122	0	2	0	0	0	0	0	0	0	0	0.559578	0	0	0	0	0	0.113122	0	0	0	0	0.113122	0.113122	0	0	0	0	0	0.232739	0	0.345861	0.871428	2.44738	1.176244	0.217195	0.113122	0.113122	0	0	0	0	0	0	0	0	0	0	0	0.121655	0	0	0	0	0	0	0	0.113122	0	0.410256	0	0.682562	0	0	0	0
K03046	0.5105716	0	0	0.1375397	10.860443	0	0.079936	5.298601	0	0.1208608	0	7.372793	3.71067	0	0.8304226	1.748106	0	0.079936	0	0	0.0672948	0.236472	0	0.119904	0.0406174	0.3664077	0	0	2.1891804	0	0.159606	0	1.3888225	0	1.018953	0.230415	0	0.6052248	0	0.74596	0.2404574	0	1.984624	4.7784797	0	0	0.4556248	0	0	0	0	3.6865813	0	0	1.216919	0	0	0	0	0.485437	2.6998985	0.0477555	0	3.0988018	0.039968	2.1488611	0	0.295078	0	0.0576037	0	0	0.319744	1.924635	0.6149807	0.5873394	0	0	0.3036683	0.039968	0.7381475	0.661112	0	5.334032	3.678102	121.407167	1.0155879	3.3278814	1.5451423	3.5675842	2.5648375	0.2560737	0.039968	0	0	0	0	0	0	0	0	6.329695	0	0	0	0.26455	0	0	0	0	0	0.0816327	0	0.4096274	0	0	0	0
K03602	0	0	0	0	0	0	0	0	0	0	0	0	0	0	0	0	0	0	0	0	0	0	0	0	0	0	0	0	0	0	0	0	0	0	0	0	0	0	0	0	0	0	0	0	0	0	0	0	0	0	0	0	0	0	0	0	0	0	0	0	0	0	0	0	0	0	0	0	0	0	0	0	0	0	0	0	0	0	0	0	0	0	0	0	0	0	0	0	0	0	0	0	0	0	0	0	0	0	0	0	0	1	0	0	0	0	0	0	0	0	0	0	0	0	0	0	0	0
K01265	0	0	0	0	0	0	0	0	0	0	0	0	0	0	0	0	0	0	0	0	0	0	0	0.200299	0	0	0	0	0	0	0	0	0	0	0	0	0	0	0	0	0	0	0	0	0	0	0	0	0	0	0	0	0	0	0	0	0	0	0	0	0	0	0	0	0	0	0	0	0	0	0	0	0	0	0	0	0	0	0.135171	0	0	0	0	0	0	1.03409	0	0	0.195312	0	0	0	0	0	0	0	0	0	0	0	0	0	0	0	0	0	0	0	0	0	0	0.672646	0	0	0	0	0	0
K23258	0	0	0	0	0	0	0	0	0	0	0	0	0	0	0	0	0	0	0	0	0	0	0	0	0	0	0	0	0	0	0	0	0	0	0	0	0	0	0	0	0	0	0	0	0	0	0	0	0	0	0	0	0	0	0	0	0	0	0	0	0	0	0	0	0	0	0	0	0	0	0	0	0	0	0	0	0	0	0	0	0	0	0	0	0	0	0	0	0	0	0	0	0	0	0	0	0	0	0	0	0	0	0	0	0	0	0	0	0	0	0	0	0	0	0	0	0	0
K03217	0	0	0	0	0	0	0	0	0	0	0	0	0	0	0	0	0	0	0	0	0	0	0	0	0	0	0	0	0	0	0	0	0	0	0	0	0	0	0	0	0	0	0	0	0	0	0	0	0	0	0	0	0	0	0	0	0	0	0	0	0	0	0	0	0	0	0	0	0	0	0	0	0	0	0	0	0	0	0	0	0	0	0	0	0	0	0	0	0	0	0	0	0	0	0	0	0	0	0	0	0	0	0	0	0	0	0	0	0	0	0	0	0	0	0	0	0	0
K15555	0	0	0	0	0	0	0	0	0	0	0	0	0	0	0	0	0	0	0	0	0	0	0	0	0	0	0	0	0	0.687075	0	0	0	0	0	0	0	0	0	0	0	0	0	0	0	0	0	0	0	0	0	0	0	0	0	0	0	0	0	0	0	0	0	0	0	0	0	0	0	0	0	0	0	0	0	0	0	0	0	0	0	0	0	0	0	0	0	0	0	0	0	0	0	0	0	0	0	0	0	0	0	0	0	0	0	0	0	0	0	0	0	0	0	0	0	0	0	0
K00981	0	0	0	0	0	0	0	0	0	0	0	0	0	0	0	0	0	0	0	0	0	0	0	0	0	0	0	0	0	0	0	0	0	0	0	0	0	0	0	0	0	0	0	0	0	0	0	0	0	0	0	0	0	0	0	0	0	0	0	0	0	0	0	0	0	0	0	0	0	0	0	0	0	0	0	0	0	0	0	0	0	0	0	0	0	0	0	0	0	0	0.510417	0	0	0	0	0	0	0	0	0	0	0	0	0	0	0	0	0	0	0	0	0	0	0	0	0	0	0
K06133	0	0	0	0	0	0	0	0	0	0	0	0	0	0	0	0	0	0	0	0	0	0	0	0	0	0	0	0	0	0	0	0	0	0	0	0	0	0	0	0	0	0	0	0	0	0	0.141927	0	0	0	0	0	0	0	0	0	0	0	0	0	0	0	0	0	0	0	0	0	0	0	0	0	0	0	0	0	0	0	0	0	0	0	0	0	0	0	0	0	0	0	0	0	0	0	0	0	0	0	0	0	0	0	0	0	0	0	0	0	0	0	0	0	0	0	0	0	0	0
K00558	0	0	0	0	0	0	0	0.25641	0	0	0	0	0	0	0	0	0	0	0	0	0	0	0	0	0	0	0	0	0	0	0	0	0	0	0	0	0	0	0	0	0.0529915	0	0	0	0	0	0	0	0	0	0	0	0	0	0	0	0	0	0	0	0	0	0	0.115385	0	0	0	0	0	0	0	0	0	0	0	0	0	0	0	0	0	0.128205	0	0	0.128205	3.790594	0	0	0	0.86429	0	0.884354	0	0	0	0	0	0	0	0	0	0	0	0	0	0.128205	0	0	0	0.128205	0	0	0	0	0	0	0	0
K02549	0	0	0	0	0.722023	0	0	0	0	0	0	0.167785	0	0	0	0	0	0	0	0	0	0	0	0	0	0	0	0	0	0	0	0	0	0	0	0	0	0	0	0.467561	0	0	0	0	0	0	0	0	0	0	0	0	0	0	0	0	0	0	0	0	0	0	0	0.167785	0	0.299776	0	0	0	0	0	0	0	0	0	0	0	0	0	0	0	0	0	0	0	0.651163	0	0.167785	0	0	0	0	0	0	0	0	0	0	0	0	0	0	0	0	0	0	0	0	0	0	1.51007	0	0	0	0	0	0	0
K02469	0	0	0	0	6.789437	0	0	0.54197	0	0	0	1.0615128	0.927237	0.120919	0.1235908	0.2418375	0	0	0	0	0.0604595	0.0245869	0	0	0	0.2739629	0	0	0.2955366	0.6461338	0	0	0.126263	0	0	0.120919	0	0	0	0.0604595	0	0	0	0.6849645	0	0	0	0	0	0.0735294	0	1.6530193	0.2618212	0	0.3177263	0	0	0	0	0	1.0744245	0	0	1.5467102	0.0604595	0.1339889	0	0	0	0.0604595	0	0	0	0	1.344906	0.120919	0	0	0.1246444	0	0.0641849	0.0604595	0.477099	1.3806103	1.539835	16.9076813	0.0604595	0.700101	0.186916	0.5464498	0.3297058	0	0	0	0	0	0	0	0	0	0	1.1777218	0	0.093633	0	0	0	0	0	0	0.0530303	0.1262626	0.0544135	0.4630268	0	0.1641005	0	0
K01933	0.270624	0	0	0	0	0	0	0	0	0	0	0.093633	0.176991	0	0	0.153392	0	0	0	0	0	0	0	0	0	0	0	0	0	0.3003	0	0	0	0	0	0.176991	0	0	0	0	0	0	0	0	0	0	0	0	0	0	0	0	0	0	0	0	0	0	0	0	0	0	0	0.176367	0	0	0	0	0	0	0	0	0.792475	0	0	0.176991	0	0	0.15015	0	0	0	0	0.280899	0.708333	3.317286	0	0	0	0.0884956	0.9468286	0	0	0	0	0	0	0	0	0	0	0.093633	0	0	0	0	0	0	0	0	0.0884956	0.093633	0	0.0875955	0	0	0	0
K00817	0	0	0	0	0	0	0	0	0	0	0	0	0	0	0	0	0	0	0	0	0	0	0	0	0	0	0	0	0	0	0	0	0	0	0	0	0	0	0	0	0	0	0	0	0	0	0	0	0	0	0	0	0	0	0	0	0	0	0	0	0	0	0	0	0	0	0	0	0	0	0	0	0	0	0	0	0	0	0	0	0	0	0	0	0	0	0	0	0	0	0	0	0	0	0	0	0	0	0	0	0	0	0	0	0	0	0	0	0	0	0	0	0	0	0	0	0	0
K05786	0	0	0	0	0	0	0	0	0	0	0	0	0	0	0	0	0	0	0	0	0	0	0	0	0	0	0	0	0	0	0	0	0	0	0	0	0	0	0	0	0	0	0	0	0	0	0	0	0	0	0	0	0	0	0	0	0	0	0	0	0	0	0	0	0	0	0	0	0	0	0	0	0	0	0	0	0	0	0	0	0	0	0	0	0	0	0	0	0	0	0	0.243056	0	0	0	0	0	0	0	0	0	0	0	0	0	0	0	0	0	0	0	0	0	0	0	0	0	0
K01596	0	0	0	0	4.1622634	0	0	0.440917	0	0	0	0.114051	0.352734	0	0.7262784	0.26455	0	0	0	0	0	0	0	0.0881834	0	0.954732	0	0	0.0881834	0	0	0	0	0	0	0	0	0	0	0.176367	0	0	0	0.26455	0	0	0	0	0	0	0	0.772487	0.0881834	0	0	0	0	0	0	0	0	0	0	0.352734	0	0.9118172	0	0	0	0	0	0	0	0	0	0.3480307	0	0	0.190476	0	0	0.0881834	0	0.261023	0.205761	9.5622558	0.0881834	0.7042912	0	0.6972372	0.3527334	0.2645504	0	0	0	0	0	0	0	0	0	0	0	0	0	0.0881834	0	0	0.0881834	0	0	0	0	0	0	0	0	0
K00363	0	0	0	0	0	0	0	0	0	0	0	0	0	0	0	0	0	0	0	0	0	0	0	0	0	0	0	0	0	0	0	0	0	0	0	0	0	0	0	0	0	0	0	0	0	0	0	0	0	0	0	0	0	0	0	0	0	0	0	0	0	0	0	0	0	0	0	0	0	0	0	0	0	0	0	0.615819	0	0	0	0	0	0	0	0	0	0	0	0	0	0	0	0	0	0	0	0	0	0	0	0	0	0	0	0	0	0	0	0	0	0	0	0	0	0	0	0	0.847458	0
K00374	0	0	0	0	0	0	0	0	0	0	0	0	0	0	0	0	0	0	0	0	0	0	0	0	0	0	0	0	0	0	0	0	0	0	0	0	0	0	0	0	0	0	0	0	0	0	0	0	0	0	0	0	0	0	0	0	0	0	0	0	0.219298	0	0	0	0	0	0	0	0	0	0	0	0	0	0	0	0	0	0	0	0	0	0	0	0	0	0	0	0	0	0	0	0	0	0	0	0	0	0	0	0	0	0	0	0	0	0	0	0	0	0	0	0	0.0482456	0	0	0	0
K10914	1.40437	0	0	0	0	0	0	0	0	0	0	0	0	0	0	0	0	0	0	0	0	0	0	0	0	0	0	0	0	0	0	0	0	0	0	0	0	0	0	0	0	0	0	0	0	0	0	0	0	0	0	0	0	0	0	0	0	0	0	0	0	0	0	2.45902	0	1.45355	0	0	0	0	0	0	0	0	0	0	0	0	0	0	0	0	1.0929	0	0	1.15847	0	0	0	0	0	0	0	0	0	0	0	0	0	0	0	0	0	0	0	0	0	0	0	0	1.06011	0	0	0	0	0	0	0
K01735	0	0	0	0	0	0	0	0	0	0	0	0	0	0	0	0	0	0	0	0	0.0858896	0	0	0	0	0	0	0	0	0	0	0	0	0	0	0	0	0	0	0	0	0	0	0	0	0	0	0	0	0	0	0	0	0	0	0	0	0	0	0	0	0	0	0	0	0	0	0	0	0	0	0	0	0	0	0	0	0	0	0	0	0	0	1	0	1.211602	0	0	0	0	0	0	0	0	0	0	0	0	0	0	0	0	0.306748	0	0	0	0	0	0	0	1.747264	0	0.460122	0	0	0	0.153374	0
K03701	0	0	0	0	0.219058	0	0	0	0	0	0	0	0	0	0	0	0	0	0	0	0	0	0	0	0	0	0	0	0	0	0	0	0	0	0	0	0	0	0	0.0956554	0	0	0	0	0	0	0	0	0	0	0	0	0	0	0.213049	0	0	0	0	0	0	0	0	0.133625	0	0	0	0	0	0	0	0	0	0	0	0	0	0	0	0	0	0.0547645	0	0.169048	0	3.898979	0	0.322213	0	0.3549215	0	0	0	0	0	0	0	0	0	0	0	0.426097	0	0	0	0.2881	0	0	0	0	0	0.0547645	0	0.109529	0	0.450789	0	0
K01710	0	0	0	0	0	0	0	0.679623	0	0	0	0	0	0	0	0	0	0	0	0	0	0	0	0	0	0	0	0	0	0.994111	0	0	0	0	0	0	0	0	0	0	0	0	0	0	0	0	0	0	0	0	0	0	0	0	0	0	0	0	0	0	0	0	0	0.176678	0.176678	0	0	0	0	0.176056	0	0	0	0	0	0.176678	0	0.176678	0.168433	0	0	0.162544	0	0	0	3.797269	0	0	0	0.35916	0.255869	0	0	0	0	0	0	0	0	0.232038	0	0.664365	0	0	0	0	0	0	0	0	0	0	0	0	0	0	0	0
K01874	0	0	0	0	1.546062	0	0	0	0	0	0	0	0	0	0	0	0	0	0	0	0	0	0	0	0	0	0	0	0	0.657149	0	0	0	0	0	0	0	0	0	0	0	0	0	0	0	0	0	0	0	0	0	0	0	0	0	0	0	0	0	0	0	0	0	0	0	0	0	0	0	0	0	0	0	0	0	0.107527	0.0860215	0	0	0	0	0.257677	0	0.107527	0.53275	3.27957146	0	0.673507	0	0.637609	0	0	0	0	0	0	0	0	0	0	0	0	0	0	0	0	0	0	0	0	0	0.102509	0	0	0	0	0	0
K06177	0	0	0	0	0	0	0	0	0	0	0	0	0	0	0	0	0	0	0	0	0	0	0	0	0	0	0	0	0	0	0	0	0	0	0	0	0	0	0	0	0	0	0	0	0	0	0	0	0	0	0	0	0	0	0	0	0	0	0	0	0	0	0	0	0	0	0	0	0	0	0	0	0	0	0	0	0	0	0	0	0	0	0	0	0	0	0	0	0	0	0	0	0	0	0	0	0	0	0	0	0	0	0	0	0	0	0	0	0	0	0	0	0	0	0	0	0	0
K16234	0	0	0	0	0	0	0	0	0	0	0	0	0	0	0	0	0	0	0	0	0	0	0	0	0	0	0	0	0	0	0	0	0	0	0	0	0	0	0	0	0	0	0	0	0	0	0	0	0	0	0	0	0	0	0	0	0	0	0	0	0	0	0	0	0	0	0	0	0	0	0	0	0	0	0	0	0	0	0	0	0	0	0	0	0	0	0	0	0	0	0	0	0	0	0	0	0	0	0	0	0	0	0	0	0	0	0	0	0	0	0	0	0	0	0	0	0	0
K01738	0	0	0	0	0	0	0	0	0	0	0	0	0	0	0	0	0	0	0	0	0	0	0	0	0	0	0	0	0	0	0	0	0	0	0	0	0	0	0	0	0	0	0	0	0	0	0	0	0	0	0	0	0	0	0	0	0	0	0	0	0	0	0	0	0	0	0	0	0	0	0	0	0	0	0	0	0	0	0	0	0	0	0	0	0	0	0	0	0	0	0	0	0	0	0	0	0	0	0	0	0	0	0	0	0	0	0	0	0	0	0	0	0	0	0	0	0	0
K02909	0.647619	0	0	0	30.98546	0	0	5.592596	0	0	0	8.45476	0	0	0	0	0	0	0	0	0.12963	0	0	0	0	0.314286	0	0	0.809524	0	0	0	11.8519	0	7.18095	0.990476	0	0	0	1.94444	0	0	1.2381	0	0	0	1	0	0	0	0	11.59867	0	0	0.628571	0	0	0	0	0	0	0	0	9.87144	0	2.58333	0	0.609524	0	0	0	0	4.08571	0	4.12963	0.824074	0	1	1	1	1	1	0	1.30476	2.20767	7.421701	3.81138	0.857143	0	0	1.44444	0	0	0.6	0	0	0	0	0	0	0	0	0	0	0	0	0	0	0	0	0	0	0	1.527778	0	0	0	0
K01934	0	0	0	0	0	0	0	0	0	0	0	0	0	0	0	0	0	0	0	0	0	0	0	0	0	0	0	0	0	0	0	0	0	0	0	0	0	0	0	0	0	0	0	0	0	0	0	0	0	0	0	0	0	0	0	0	0	0	0	0	0	0	0	0	0	0	0	0	0	0	0	0	0	0	0	0	0	0	0	0	0	0	0	0	0	0.726496	0	0	0	0	0	0	0	0	0	0	0	0	0	0	0	0	0	0	0	0	0	0	0	0	0	0	0	0	0	0	0	0
K02575	0	0	0	0	0	0	0	0	0	0	0	0	0	0	0	0	0	0	0	0	0	0	0	0	0	0	0	0	0	0	0	0	0	0	0	0	0	0	0	0	0	0	0	0	0	0	0	0	0	0	0	0	0	0	0	0	0	0	0	0	0	0	0	0	0	0	0	0	0	0	0	0	0	0	0	0	0	0	0	0	0	0	0	0	0	0	0	0	0	0	0	0	0	0	0	0	0	0	0	0	0	0	0	0	0	0	0	0	0	0	0	0	0	0	0	0	0	0
K11738	0	0	0	0	0	0	0	0	0	0	0	0	0	0	0	0	0	0	0	0	0	0	0	0	0	0	0	0	0	0	0	0	0	0	0	0	0	0	0	0	0	0	0	0	0	0	0	0	0	0	0	0	0	0	0	0	0	0	0	0	0	0	0	0	0	0	0	0	0	0	0	0	0	0	0	0	0	0	0	0	0	0	0	0	0	0	0	0	0	0	0	0	0	0	0	0	0	0	0	0	0	0	0	0	0	0	0	0	0	0	0	0	0	0	0	0	0	0
K01754	0	0	0	0	0	0	0	0	0	0	0	0	0	0	0	0	0	0	0	0	0	0	0	0	0	0	0	0	0	0	0	0	0	0	0	0	0	0	0	0	0	0	0	0	0	0	0	0	0	0	0	0	0	0	0	0	0	0	0	0	0	0	0	0	0	0	0	0	0	0	0	0	0	0	0	0	0	0	0	0	0	0	0	0	0	1.680851	0	0	0	0	0	0	0	0	0	0	0	0	0	0	0	0	0	0	0	0	0	0	0	0	0	0	0	0	0	0	0	0
K02108	0.308411	0	0	0	2.80374	0	0	1.29283	0	0	0	0.759118	0	0	0.813146	0	0	0	0	0	0	0	0	0	0	0	0	0	0	0	0	0	0.0576324	0	0	0.834891	0	0	0	0	0.35461	0	0	0	0	0	0	0	0	0	0	1.299061	0	0	0	0	0	0	0	0.588972	0	0	0	1.14019	0.0109034	0	0	0	0	0.233645	0	0	0	0.501253	0	0	0.105919	0	0.124611	0	0	0.233645	0	1.059741	0	12.586305	0.4	0	0	0.46729	1.466229	0	0	0	0	0	0	0	0	0	0	0	0	0	0	0	0	0	0	0	0	0	0	0	0	0.4	0	0
K02356	0	0	0	0	0	0	0	0	0	0	0	0	0	0	0	0	0	0	0	0	0	0	0	0	0	0	0	0	0	0	0	0	0	0	0	0	0	0	0	0	0	0	0	0	0	0	0	0	0	0	0	0	0	0	0	0	0	0	0	0	0	0	0	0	0	0	0	0	0	0	0	0	0	0	0	0	0	0	0	0	0	0	0	0	0	0	0	0	0	0	0	0	0	0	0	0	0	0	0	0	0	0	0	0	0	0	0	0	0	0	0	0	0	0	0	0	0	0
K06147	0	0	0	0	0.135538	0	0	0	0.194553	0	0	0	0.131579	0	0	0	0	0	0	0	0	0	0	0	0	0	0	0	0	0.8845	0	0	0	0	0	0	0	0	0	0	0	0	0	0	0	0	0	0	0	0	0	0	0	0	0	0	0	0	0	0	0.119332	0	0	0	0	0	0	0	0	0	0	0	0	0	0	0.3065702	0	0	0.092081	0	0	0	0	0	0.6306093	2.7829863	0	0	0	0	0	0	0	0	0	0	0	0	0	0	0	1.5437157	0	0	0	0	0	0	0	0	0	0.0972763	0	0.1297577	0	0	0	0.0972763
K10009	0	0	0	0	0	0	0	0	0	0	0	0	0	0	0	0	0	0	0	0	0	0	0	0	0	0	0	0	0	0	0	0	0	0	0	0	0	0	0	0	0	0	0	0	0	0	0	0	0	0	0	0	0	0	0	0	0	0	0	0	0	0	0	0	0	0	0	0	0	0	0	0	0	0	0	0	0	0	0	0	0	0	0	0	0	0	0	0	0	0	0	0	0	0	0	0	0	0	0	0	0	0	0	0	0	0	0	0	0	0	0	0	0	0	0	0	0	0
K12503	0	0	0	0	0	0	0	0	0	0	0	0	0	0	0	0	0	0	0	0	0	0	0	0	0	0	0	0	0	0	0	0	0	0	0	0	0	0	0	0	0	0	0	0	0	0	0	0	0	0	0	0	0	0	0	0	0	0	0	0	0	0	0	0	0	0	0	0	0	0	0	0	0	0	0	0	0	0	0	0	0	0	0	0	0	0	0	0	0	0	0	0	0	0	0	0	0	0	0	0	0	0	0	0	0	0	0	0	0	0	0	0	0	0	0	0	0	0
K01892	0.0288779	0	0	0	0.742574	0	0	2.128717	0	0	0	0.75	0.247525	0	0	0	0	0	0	0	0	0	0	0	0	0.247524	0	0	0	0.391089	0	0	0	0	0	0	0	0	0	0	0	0	0.123762	0	0	0	0.123762	0	0	0	0	0.155763	0	0	0	0	0	0	0	0	0	0	0	0.247525	0	0.123762	0	0.106436	0	0.123762	0.123762	0	0	0	0	0	0	0	0.123762	0	0	0.123762	0	0.151815	0.247525	4.19758	0.123762	0.762375	0	0.123762	0.47837	0.2213736	0	0	0	0	0	0	0	0	0	0.247525	0	0	0	0.123762	0	0	0	0	0	0	0	0.108911	0	0	0	0.123762
K15525	0	0	0	0	0	0	0	0	0	0	0	0	0	0	0	0	0	0	0	0	0	0	0	0	0	0	0	0	0	0	0	0	0	0	0	0	0	0	0	0	0	0	0	0	0	0	0	0	0	0	0	0	0	0	0	0	0	0	0	0	0	0	0	0	0	0	0	0	0	0	0	0	0	0	0	0	0	0	0	0	0	0	0	0	0	0	0	0	0	0	0	0	0	0	0	0	0	0	0	0	0	0	0	0	0	0	0	0	0	0	0	0	0	0	0	0	0	0
K03722	0	0	0	0	1.84703	0	0	0.8190327	0	0	0	0.156006	0.432657	0	0.0780031	0	0	0	0	0	0	0	0	0	0	0.0780031	0	0	0.156006	0.312012	0	0	0	0	0.936037	0	0	0	0	0.0780031	0	0	0	0.312989	0	0	0	0	0	0	0	0.156006	0.0780031	0	0	0	0	0	0	0	0.625978	0	0	0.185185	0	0.1560062	0	0.0780031	0	0	0	0	0	0	0	0	0	0	0	0	0	0.156006	0	0.3291221	0.929171	7.914041	0	0.1560062	0	0.365709	0.0780031	0.136765	0	0	0	0	0	0	0	0	0	0.132499	0	0	0	0	0	0	0	0	0.468018	0	0	0.390504	0	0	0	0
K03750	0	0	0	0	0.0845528	0	0	0	0	0	0	0	0	0	0	0	0	0	0	0	0.121951	0	0	0	0	0	0	0	0	0.121951	0	0	0	0	0	0	0	0	0	0	0	0	0	0.888889	0	0	0	0	0	0	0	0	0.392221	0	0	0	0	0	0	0	0	0	0	0	0	0	0	0	0	0	0	0	0	0	0	0	0	0	0	0	0	0	0	0.121951	0.589247	1.445818	0	0.302428	0	0	0	0	0	0	0	0	0	0	0	0	0	1.21951	0	0	0	0	0	0	0	0	0	0	0	0.121951	0	0	0	0
K19710	0	0	0	0	0	0	0	0	0	0	0	0	0	0	0	0	0	0	0	0	0	0	0	0	0	0	0	0	0	0	0	0	0	0	0	0	0	0	0	0	0	0	0	0	0	0	0	0	0	0	0	0	0	0	0	0	0	0	0	0	0	0	0	0	0	0	0	0	0	0	0	0	0	0	0	0	0	0	0	0	0	0	0	0	0	0	0	0	0	0	0	0	0	0	0	0	0	0	0	0	0	0	0	0	0	0	0	0	0	0	0	0	0	0	0	0	0	0
K02434	0	0	0	0	0	0	0	0	0	0	0	0	0	0	0	0	0	0	0	0	0	0	0	0	0	0	0	0	0	0	0	0	0	0	0	0	0	0	0	0	0	0	0	0	0	0	0	0	0	0	0	0	0	0	0	0	0	0	0	0	0	0	0	0	0	0	0	0	0	0	0	0	0	0	0	0	0	0	0	0	0	0	0	0	0	0.142857	0	0	0	0	0	0	0	0	0	0	0	0	0	0	0	0	0	0	0	0	0	0	0	0	0	0	0	0	0	0	0	0
K12132	0.142857	0	0	0	28.648093	0	0	10.628337	0.187266	0	0	6.2504032	1.465922	0	0.3160743	0.8775378	0	0	0	0	0	0	0	0.186916	0.4110308	0.4198006	0	0.0767646	2.7572899	0.5944019	0	0	2.33832	0.039148	3.617948	0.556052	0	0.393762	0.0934579	1.3211583	0.241546	0	1.666835	1.4124941	0	0	0.285714	0	0	0	0	8.356961	0.652129	0	0.8376998	0	0	0	0	0.0978474	0.5922931	0	0	1.817204	0.4298137	2.284724	0	4.928939	0	0	0.747041	1.256415	0.21704	1.10449	0.9706565	0.5246586	0	0	0.1704302	0.1641163	0.3697827	0.2490466	0.35442	2.4671235	1.024889	33.282285	0.7023906	3.2869729	0.2710181	3.6983944	0.19655798	0.0978474	0	0	0.0666667	0	0	0	0	0	0	1.834661	0	0	0	0.146552	0	0	0	0.241546	0	0.285714	0	0.4418337	0	0	0	0
K02337	0	0	0	0	3.927585	0	0	0	0	0	0	0.3039344	0.37037	0	0	0	0	0	0	0	0.226244	0	0	0	0	0	0	0	0	0.4906377	0	0	0	0	0	0	0	0	0	0	0	0	0	0.72963	0	0	0.0442087	0	0	0	0	0	0	0	0	0	0	0	0	0	0	0	0	0.0884173	0	0.132626	0	0	0	0	0	0	0	0.0884174	0	0.0442087	0	0	0	0	0.142857	0	0	0.3694547	0.6822803	8.2202314	0	1.5798704	0.166014	0.1600353	0.0442087	0.0442087	0	0	0	0	0	0	0	0	0	1.101103	0	0	0	0.1176301	0	0	0	0	0.0884173	0.3062187	0	0.0925926	0	0	0	0
K08369	0	0	0	0	0	0	0	0	0	0	0	0	0	0	0	0	0	0	0	0	0	0	0	0	0	0	0	0	0	0	0	0	0	0	0	0	0	0	0	0	0	0	0	0	0	0	0	0	0	0	0	0	0	0	0	0	0	0	0	0	0	0	0	0	0	0	0	0	0	0	0	0	0	0	0	0	0	0	0	0	0	0	0	0	0	0	0	0	0	0	0	0	0	0	0	0	0	0	0	0	0	0	0	0	0	0	0	0	0	0	0	0	0	0	0	0	0	0
K01938	0	0	0	0	0	0	0	0	0	0	0	0	0	0	0	0	0	0	0	0	0	0	0	0	0	0	0	0	0	0	0	0	0	0	0	0	0	0	0	0	0	0	0	0	0	0	0	0	0	0	0	0	0	0	0	0	0	0	0	0	0	0	0	0	0	0	0	0	0	0	0	0	0	0	0	0	0	0	0	0	0	0	0	0	0.202429	0.19973	0	0	0	0	0	0	0	0	0	0	0	0	0	0	0	0	0	0	0	0	0	0	0	0	0	0	0	0	0	0	0	0
K03885	0	0	0	0	1.82667	0	0	2	0	2	0	0	0	0	0.773333	0	0	0	0	0	0	0	0	0	0	0	0	0	0	0	0	0	0	0	0	1.57333	0	0	0	0	0	0	0	0	0	0	0	0	0	0	0	0.693333	0	0	2.6	0	0	0	0	0	0	0	0	0	0	0	0	0	0	0	0	0	0	0	0	0	0	0	0	0	0	0	0	0.715278	0	7.87083	0	0	0	0	0	0	0	0	0	0	0	0	0	0	0	0	0	0	0	0	0	0	0	0	0	0	0	0	0	0	0	0
K03310	0	0	0	0	0	0	0	0	0	0	0	0	0	0	0	0	0	0	0	0	0	0	0	0	0	0	0	0	0	0	0	0	0	0	0	0	0	0	0	0	0	0	0	0	0	0	0	0	0	0	0	0	0	0	0	0	0	0	0	0	0	0	0	0	0	0	0	0	0	0	0	0	0	0	0	0	0	0	0	0	0	0	0	0	0	0	0	0	0	0	0	0	0	0	0	0	0	0	0	0	0	0	0	0	0	0	0	0	0	0	0	0	0	0	0	0	0	0
K00004	0	0	0	0	0	0	0	0	0	0	0	0	1.55642	0	0	0	0	0	0	0	0	0	0	0	0	0	0	0	0	0.160256	0	0	0	0	0	0	0	0	0	0	0	0	0	0	0	0	0	0	0	0	0	0.496795	0	0	0	0	0	0	0	0	0	0	0	0.160256	0	0.389105	0	0	0	0	0	0	0	0	0	0.324895	0	0	0	0	0	0	0	0	0.232906	0.801282	0	0	0	0.568182	0	0	0	0	0	0	0	0	0	0	0	0	0	0	0	0	0	0	0	0	0	0	0	0	0	0	0	0
K01992	0	0	0	0	0.604934	0	0	1.84426	0	0	0	0	0	0	0	0	0	0	0	0	0	0	0	0	0	0	0	0	0.614754	0	0	0	0	0	0.547814	0	0	0	0	0	0	0	0	0.193989	0	0	0	0	0	0	0	0.0204918	0	0	0.196721	0	0	0	0.0982318	0	0.204918	0	0	0.0980392	0.204082	0.576503	0	0	0	0	0	0	0	1.22951	0	0.0952381	0	0	0.121585	0	0	0.3029572	0	0.196464	0.350836	4.899371	0	1.22951	0	0.389344	0	0	0	0	0	0	0	0	0	0	0	0	0	0	0	0	0	0	0	0	0	0	0	0	0	0	0	0
K00867	0	0	0	0	0	0	0	0	0	0	0	0	0	0	0	0	0	0	0	0	0	0	0	0	0	0	0	0	0	0	0	0	0	0	0	0	0	0	0	0	0	0	0	0	0	0	0	0	0	0	0	0	0	0	0	0	0	0	0	0	0	0	0	0	0	0	0	0	0	0	0	0	0	0	0	0	0	0	0	0	0	0	0	0	0	0	0	0	0	0	0	0	0	0	0	0	0	0	0	0	0	0	0	0	0	0	0	0	0	0	0	0	0	0	0	0	0	0
K04756	0	0	0	0	0	0	0	0	0	0	0	0	0	0	0	0	0	0	0	0	0	0	0	0	0	0	0	0	0	0	0	0	0	0	0	0	0	0	0	0	0	0	0	0	0	0	0	0	0	0	0	0	0	0	0	0	0	0	0	0	0	0	0	0	0	0	0	0	0	0	0	0	0	0	0	0	0	0	0	0	0	0	0	0	0	0	0	0	0	0	0	0	0	0	0	0	0	0	0	0	0	0	0	0	0	0	0	0	0	0	0	0	0	0	0	0	0	0
K03177	0	0	0	0	0	0	0	0	0	0	0	0	0	0	0	0	0	0	0	0	0	0	0	0	0	0	0	0	0	0	0	0	0	0	0	0	0	0	0	0	0	0	0	0	0	0	0	0	0	0	0	0	0	0	0	0	0	0	0	0	0	0	0	0	0	0	0	0	0	0	0	0	0	0	0	0	0	0	0	0	0	0	0	0	0	0	0	0	0	0	0	0	0	0	0	0	0	0	0	0	0	0	0	0	0	0	0	0	0	0	0	0	0	0	0	0	0	0
K01358	0	0	0	0	0	0	0	0	0	0	0	0	0	0	0	0	0	0	0	0	0	0	0	0	0	0	0	0	0	0	0	0	0	0	0	0	0	0	0	0	0	0	0	0	0	0	0	0	0	0	0	0	0	0	0	0	0	0	0	0	0	0	0	0	0	0	0	0	0	0	0	0	0	0	0	0	0	0	0	0	0	0	0	0	0	0	0	0.651163	0	0	0	0	0	0	0	0	0	0	0	0	0	0	0	0	0	0	0	0	0	0	0	0	0	0	0	0	0	0
K11263	0.0897666	0	0	0	0.179533	0	0	0	0	0	0	0.2693	0	0	0.189567	0	0	0	0	0	0	0	0	0.374659	0	0	0	0	0.0317175	0.558667	0	0	0	0	0	0	0	0	0	0	0	0	0.181572	0	0	0	0	0	0	0	0	0.944943	0.4410532	0	0	0	0	0	0	0	0.2693	0	0	0.4625972	0	0.2561336	0	0.0281269	0	0	0	0	0	0	0.101626	0	0	0	0	0	0	0.0897666	0	0.3901528	0.179533	7.9754203	0	0.7623038	0.179533	1.3028293	0.2689776	0.123457	0	0	0	0	0	0	0.246914	0	0.0896057	0.2693	0	0	0	0	0	0	0	0	0	0	0	0.0896057	0	0.0897666	0	0
K00164	0	0	0	0	0.459737	0	0	0.547348	0	0	0	0.1847362	0	0	0.0626058	0	0	0	0	0	0	0.173762	0	0.0424809	0	0.0968992	0	0	0.370459	0.1715532	0	0	0	0	0	0	0	0	0	0	0.0483559	0	0	0.42517	0	0	0.0967118	0	0	0	0	0.508051	0.0487114	0	0.13369	0	0	0	0	0	0.031746	0	0	0.2294824	0	0.1038734	0	0.0968992	0	0	0	0	0	0	0.042517	0.3845929	0	0	0.0423012	0	0.0423012	0.0424809	0	0.511926	1.2780989	5.8336574	0.094697	0.2512349	0	0.829344	0.094697	0.193798	0	0	0	0	0	0	0	0	0	0.382653	0	0	0	0	0	0	0	0	0	0.0424809	0	0.1659516	0	0.127443	0	0
K09956	0	0	0	0	0	0	0	0	0	0	0	0	0	0	0	0	0	0	0	0	0	0	0	0	0	0	0	0	0	0	0	0	0	0	0	0	0	0	0	0	0	0	0	0	0	0	0	0	0	0	0	0	0	0	0	0	0	0	0	0	0	0	0	0	0	0	0	0	0	0	0	0	0	0	0	0	0	0	0	0	0	0	0	0	0	0	0	0	0	0	0	0	0	0	0	0	0	0	0	0	0	0	0	0	0	0	0	0	0	0	0	0	0	0	0	0	0	0
K01869	0	0	0	0	0.255754	0	0.106564	0.127877	0	0	0	0.1278772	0	0	0.0639386	0	0	0	0	0	0	0	0	0	0	0	0	0.0639386	0.255754	0.2557546	0	0	0	0	0.127877	0	0	0	0	0	0	0	0	0.0639386	0	0	0	0	0	0	0	0.0639386	0.0639386	0	0	0	0	0	0	0	0.0639386	0	0	0.3763956	0	0.127877	0	0	0	0	0	0	0	0	0.0639386	0	0	0	0	0	0	0.0639386	0	0.1918156	0.1884056	2.1531829	0	0.1278772	0	0.1278772	0.0639386	0	0	0	0	0	0	0	0	0.1278772	0	1.102023	0	0	0	0	0	0	0	0	0	0.0639386	0	0	0	0	0	0
K02777	0	0	0	0	0	0	0	0	0	0	0	0	0	0	0	0	0	0	0	0	0	0	0	0	0	0	0	0	0	0	0	0	0	0	0	0	0	0	0	0	0	0	0	0	0	0	0	0	0	0	0	0	0	0	0	0	0	0	0	0	0	0	0	0	0	0	0	0	0	0	0	0	0	0	0	0	0	0	0	0	0	0	0	0	0	0	0	0	0	0	0	0	0	0	0	0	0	0	0	0	0	0	0	0	0	0	0	0	0	0	0	0	0	0	0	0	0	0
K00111	0	0	0	0	0	0	0	0	0	0	0	0	0	0	0	0	0	0	0	0	0	0	0	0	0	0	0	0	0	0	0	0	0	0	0	0	0	0	0	0	0	0	0	0	0	0	0	0	0	0	0	0	0	0	0	0	0	0	0	0	0	0	0	0	0	0	0	0	0	0	0	0	0	0	0	0	0	0	0	0	0	0.00910973	0	0	0	0.68323	0	0	0	0	0	0	0	0	0	0	0	0	0	0	0	0	0	0	0	0	0	0	0	0	0	0	0	0	0	0	0	0
K08316	0	0	0	0	1.43678	0	0	0	0	0	0	0	0	0	0	0	0	0	0	0	0	0	0	0	0	0	0	0	0	0	0	0	0	0	0	0	0	0	0	0	0	0	0	0	0	0	0	0	0	0	0	0.287356	0	0	0	0	0	0	0	0	0	0	0	0	0	0	0	0	0	0	0	0	0	0	0	0	0	0	0	0	0	0	0	0	0	0	0	0	0	0	0	0	0	0	0	0	0	0	0	0	0	0	0	0	0	0	0	0	0	0	0	0	0	0	0	0	0	0
K01664	0	0	0	0	0	0	0	0	0	0	0	0	0	0	0	0	0	0	0	0	0	0	0	0	0	0	0	0	0	0	0	0	0	0	0	0	0	0	0	0	0	0	0	0	0	0	0	0	0	0	0	0	0	0	0	0	0	0	0	0	0	0	0	0	0	0	0	0	0	0	0	0	0	0	0	0	0	0	0	0	0	0	0	0	0	0	0	0	0	0.95614	0	0	0	0	0	0	0	0	0	0	0	0	0	0	0	0	0	0	0	0	0	0	0	0	0	0	0	0
K03304	0	0	0	0	0	0	0	0	0	0	0	0	0	0	0	0	0	0	0	0	0	0	0	0	0	0	0	0	0	0	0	0	0	0	0	0	0	0	0	0	0.181818	0	0	0	0	0	0	0	0	0	0	0	0	0	0	0	0	0	0	0	0	0	0	0.363636	0	0.174545	0	0	0	0	0	0	0	0	0	0	0	0	0	0	0	0	0	0	0	0.271515	0	0.659596	0	0	0	0.32963	0	0	0	0	0	0	0	0	0	0	0	0	0	0	0	0	0	0	0	0	0	0	0	0	0	0
K02355	0	0	0	0	9.935738	0	0	0.94911	0	0	0	2.2945669	0.421348	0	0	0.5099069	0	0	0.168919	0	0	0.104326	0	0.0763359	0	0.152672	0	0	0.280899	0.141476	0	0	0.761833	0	0.152672	0.0386768	0	0.2101784	0	0.570375	0.0763359	0	0	0.4580149	0	0	0	0	0	0	0	0.9857512	0	0	0.496675	0	0	0.0763359	0	0	0.168919	0	0	1.6253735	0.0763359	0.9388974	0	0	0	0.0763359	0	0	0.152672	0	0.904684	0.4746974	0	0.0763359	0.7257559	0.152672	0.2452549	0.9618318	0	1.4773369	2.2727099	34.26972	0.2931208	1.759288	0.8283478	0.598465	1.0080849	0.2167849	0	0	0	0	0	0	0	0	0	0.8776739	0	0	0	0	0	0	0	0	0	0.0763359	0	0	0	0	0	0
K06180	0	0	0	0	0	0	0	0	0	0	0	0	0	0	0	0	0	0	0	0	0	0	0	0	0	0	0	0	0	0	0	0	0	0	0	0	0	0	0	0	0	0	0	0	0	0	0	0	0	0	0	0	0	0	0	0	0	0	0	0	0	0	0	0	0	0	0	0	0	0	0	0	0	0	0	0	0	0	0	0	0	0	0	0	0	0	0	0	0	0	0	0	0	0	0	0	0	0	0	0	0	0	0	0	0	0	0	0	0	0	0	0	0	0	0	0	0	0
K00036	0	0	0	0	0	0	0	0	0	0	0	0	0	0	0	0	0	0	0	0	0	0	0	0	0	0	0	0	0	0.643777	0	0	0	0	0	0	0	0	0	0	0	0	0	0	0	0	0	0	0	0	0	0	0.214592	0	0	0	0	0	0	0	0	0	0	0	0	0	0	0	0	0	0	0	0	0	0	0	0	0	0	0	0	0.214592	0	0	0.2381972	1.702391	0	0.251256	0.107296	1.212989	0.214592	0	0	0	0	0	0	0	0	0	0	0.743113	0	0	0	0	0	0	0	0	0	0	0	0.107296	0	0	0	0.107296
K07018	0	0	0	0	4.206275	0	0	0.077728	0	0	0	0	0	0	0	0	0	0	0	0	0	0	0	0	0	0	0	0	0	0	0	0	0	0	0	0	0	0	0	0	0	0	0	0	0	0	0	0	0	0	0	0.672645	0	0	0	0	0	0	0	0	0	0	0	0.224215	0	0	0	0	0	0	0	0	0	1.30045	0	0.224215	0	0	0.224215	0	0.0822123	0	0	0.342466	0	0.932735	0	0	0	0	0.224215	0	0	0	0	0	0	0	0	0	0	0	0	0	0	0	0	0	0	0	0	0.182362	0	0	0	0.224215	0	0
K03116	0	0	0	0	5	0	0	0	0	0	1.54839	0	1	0	0	0	0	0	0	0	0	0	0	0	0	0	0	0	1.91667	0	0	0	0	0	1.97917	0	0	0	0	0	0	0	0	0	0	0	0.75	0	0	0	0	9.89583	0	0	0	0.71875	0	0	0	0	0	0	0	1.625	0	0	0	0	0	0	0	0	0.0833333	0	0.5	0	0	0	0	0	0	0.989583	1	1.82292	0	4.61875	0	1	0	0	0	0	0	0	0	0	0	0	0	0	0	0.45	0	0	0	0	0	0	0	0	0	0	0	0.96875	0	0	0	0
K02911	3.30303	0	0	0	12.3485	0	0	12.803	0	1	0	1.83333	8.48485	0	0	0	0	0	0	0	0.393939	2.66667	0	1	0	0.181818	0	0	1	0	0	0	0.893939	0	6	0	0	0	0	1	0	0	0	3.5303	0	0	0	0	0	0	0	0.954545	0	0	0	0	0	0	0	0	4.28788	0.969697	0	2	0	0	0	0.984848	0	1	0	0	0	0	4.42424	1	0	1.18182	0	1	0	0.121212	0	3.42424	2.69697	15.7879	0	0	0	0.878788	0.69697	0	0	0	0	0	0	0	0	0	0	0	0	0	0	0	0	0	0	0	0	0	0	0	0	0	0	0
K00882	0	0	0	0	0	0	0	0	0	0	0	0	0	0	0	0	0	0	0	0	0	0	0	0	0	0	0	0	0	0	0	0	0	0	0	0	0	0	0	0	0	0	0	0	0	0	0	0	0	0	0	0	0	0	0	0	0	0	0	0	0	0	0	0	0	0	0	0	0	0	0	0	0	0	0	0	0	0	0	0	0	0	0	0	0	0	0	0	0	0	0	0	0	0	0	0	0	0	0	0	0	0	0	0	0	0	0	0	0	0	0	0	0	0	0	0	0	0
K02996	0.14023	0	0	0	7.342057	0	0	7.03091	0	0	0	6.7314775	4.92374	0	1.604794	0.0643275	0	0	0	0.344828	0.304094	0	0	0.393103	0	1.03218	0	0	0	0	0	0	0.883517	0	0	0.701149	0	0	0	1.0092	0	0	0	9.841383	0	0	0.970874	0	0	0	0	5.43098	0	0	1.03218	0	0	0	0	0	1.869832	0	0	4.23884	0	1.6	0	0	0	0.731034	0	0	1.03218	4.82759	4.02012	1.36246	0	0	0.344828	0	0.815958	0.687356	1.05263	2.31264	1.873827	55.50052	1.273764	1.701527	0.342105	1.15938	1.1197034	0	0	0	0	0	0	0	0	0	0	2.567411	0	0	0	0	0	0	0	0	0	0	0.344828	0.848074	0	0.438596	0	0
K00661	0	0	0	0	0	0	0	0	0	0	0	0	0	0	0.224172	0	0	0	0	0	0	0	0	0	0	0	0	0	0	2.78363	0	0	0	0	0	0	0	0	0	0	0	0	0	0	0	0	0	0	0	0	0	0	0	0	0	0	0	0	0	0	0	0	0	0	0	0.292398	0	0	0	0	0	0	0	0	0	0	0	0	0	0	0	0	0	0	0.57115	1.044834	0	0	0	0	0	0	0	0	0	0	0	0	0	0	0	0.292398	0	0	0	0.495868	0	0	0	0	0	0	0	0.292398	0	0	0	0
K00368	0.0516529	0	0	0	0.800674	0	0	0.10101	0	0	0	0	0	0	0.135626	0	0	0	0	0	0	0	0	0	0.727891	0	0	0	0.103306	0.206612	0	0	0	0	0.437158	0	0	0	0	0	0	0	0	0	0	0	0.396552	0	0	0	0	0.103306	0.1635698	0	0.161749	0	0	0	0	0	0	0	0	0.0440771	0	0	0	0	0	0	0	0	0	0	0	0	0	0	0	0	0	0	0	0.143266	0.0546448	2.688553	0	0	0	0.0396006	0.7127376	0	0	0	0	0	0	0	0	0	0	0	0	0.0546448	0	0	0	0	0	0	0.20202	0	0	0	0	0.3072	0	0
K00873	0	0	0	0	0.507246	0	0	0	0	0	0	0	0	0	0	0	0	0	0	0	0	0	0	0	0	0	0	0	0	0	0	0	0	0	0	0	0	0	0	0	0	0	0	0	0	0	0	0	0	0	0	0	0	0	0	0	0	0	0	0	0	0	0	0.782609	0	0	0	0	0	0	0	0	0	0	0	0	0	0	0	0	0	0	0	0	0	0	0	0	0	0	0	0	0	0	0	0	0	0	0	0	0	0	0	0	0	0	0	0	0	0	0	0	0	0	0	0	0	0
K02072	0	0	0	0	0	0	0	0	0	0	0	0	0	0	0	0	0	0	0	0	0	0	0	0	0	0	0	0	0	0	0	0	0	0	0	0	0	0	0	0	0	0	0	0	0	0	0	0	0	0	0	0	0	0	0	0	0	0	0	0	0	0	0	0	0	0	0	0	0	0	0	0	0	0	0	0	0	0	0	0	0	0	0	0.583333	0	0	0	0	0	0	0	0	0	0	0	0	0	0	0	0	0	0	0	0	0	0	0	0	0	0	0	0	0	0	0	0	0	0
K01673	0	0	0	0	0	0	0	0	0	0	0	0	0	0	0	0	0	0	0	0	0	0	0	0	0	0	0	0	0	0	0	0	0	0	0	0	0	0	0	0	0	0	0	0	0	0	0	0	0	0	0	0	0	0	0	0	0	0	0	0	0	0	0	0	0	0	0	0	0	0	0	0	0	0	0	0	0	0	0	0	0	0	0	0	0.281532	0.961403	0	0	0	0	0	0	0	0	0	0	0	0	0	0	0	0	0	0	0	0	0	0	0	0	0	0	0	0	0	0	0	0
K03575	0.162338	0	0	0	0.984547	0	0	0	0	0	0	0	0	0	0	0	0	0	0	0	0	0	0	0	0	0	0	0	0	0.331126	0	0	0	0	0	0	0	0	0	0	0	0	0	0	0	0	0	0	0	0	0	0	0.162338	0	0	0	0	0	0	0	0	0	0	0	0	0	0	0	0	0	0	0	0	0	0	0	0	0	0	0	0	0	0	0	0.888889	2.688611	0	0.525737	0	0.503928	0	0	0	0	0	0	0	0	0	0	0	0	0	0	0	0	0	0	0	0	0	0	0	0.289183	0	0.165563	0	0
K02796	0	0	0	0	0	0	0	0.516312	0	0	0	0.425532	0.425532	0	0	0	0	0	0	0	0	0	0	0	0	0	0	0	0	0	0	0	0	0	0	0	0	0	0	0.212766	0	0	0	0	0	0	0	0	0	0	0	1.276596	0.165957	0	0	0	0	0	0	0	0.212766	0	0	0	0	0	0	0.57305	0	0	0	0	0	0	0	0	0	0	0	0	0	0	0	0	0	0.710639	0	0.212766	0	0	0	0	0	0	0	0	0	0	0	0	0	0	0	0	0	0	0	0	0	0	0	0	0	0	0	0	0	0
K02004	0	0	0	0	0.5799805	0	0	0	0	0	0	0	0	0	0.0533333	0	0	0	0	0	0	0	0	0	0	0	0	0	0	0.0138249	0	0	0	0	0	0	0	0	0	0	0	0	0	0.4647524	0	0	0	0	0	0	0	0.7361879	0	0	0	0	0	0	0	0	0	0	0	0.972745	0	0	0	0	0	0	0	0	0	0	0	0.25	0	0	0	0	0	0.115075	0	0.0789889	0.2988674	4.1990976	0	0.117647	0.0575374	0.157233	0.0572197	0	0	0	0	0	0	0	0	0	0	0.0584795	0	0	0	0	0	0	0	0	0	0	0	0	0	0	0	0
K03438	0	0	0	0	0	0	0	0	0	0	0	0	0	0	0	0	0	0	0	0	0	0	0	0	0	0	0	0	0	0	0	0	0	0	0	0	0	0	0	0	0	0	0	0	0	0	0	0	0	0	0	0	0	0	0	0	0	0	0	0	0	0	0	0	0	0	0	0	0	0	0	0	0	0	0	0	0	0	0	0	0	0	0	0	0	0	0	0	0	0	0	0	0	0	0	0	0	0	0	0	0	0	0	0	0	0	0	0	0	0	0	0	0	0	0	0	0	0
K03500	0	0	0	0	0	0	0	0	0	0	0	0	0	0	0	0	0	0	0	0	0	0	0	0	0	0	0	0	0	0	0	0	0	0	0	0	0	0	0	0	0	0	0	0	0	0	0	0	0	0	0	0	0	0	0	0	0	0	0	0	0	0	0	0	0	0	0	0	0	0	0	0	0	0	0	0	0	0	0	0	0	0	0	0	0	0.3106187	0	0	0	0	0.0829187	0	0	0	0	0	0	0	0	0	0	0	0	0	0	0	0	0	0	0	0	0	0	0	0	0	0	0
K06891	0	0	0	0	0	0	0	0	0	0	0	0	0	0	0	0	0	0	0	0	0	0	0	0	0	0	0	0	0	0	0	0	0	0	0	0	0	0	0	0	0	0	0	0	0	0	0	0	0	0	0	0	0	0	0	0	0	0	0	0	0	0	0	0	0	0	0	0	0	0	0	0	0	0	0	0	0	0	0	0	0	0	0	0	0	0	0	0	0	0	0	0	0	0	0	0	0	0	0	0	0	0	0	0	0	0	0	0	0	0	0	0	0	0	0	0	0	0
K01090	0	0	0	0	0	0	0	0	0	0	0	0	0	0	0	0	0	0	0	0	0	0	0	0	0	0	0	0	0	0	0	0	0	0	0	0	0	0	0	0	0	0	0	0	0	0	0	0	0	0	0	0	0	0	0	0	0	0	0	0	0	0	0	0	0	0	0	0	0	0	0	0	0	0	0	0	0	0	0	0	0	0	0	0	0	3.06586	0	0	0	0.201613	0	0	0	0	0	0	0	0	0	0	0	0	0	0	0	0	0	0	0	0	0	0	0	0	0	0	0	0
K00641	0	0	0	0	0	0	0	0	0	0	0	0	0	0	0	0	0	0	0	0	0	0	0	0	0	0	0	0	0	0	0	0	0	0	0	0	0	0	0	0	0	0	0	0	0	0	0	0	0	0	0	0	0	0	0	0	0	0	0	0	0	0	0	0	0	0	0	0	0	0	0	0	0	0	0	0	0	0	0	0	0	0	0	0	0	1.95122	0	0	0	0	0	0	0	0	0	0	0	0	0	0	0	0	0	0	0	0	0	0	0	0	0	0	0	0	0	0	0	0
K18369	0	0	0	0	0	0	0	0.488599	0	0	0	0	0	0	0	0	0	0	0	0	0	0	0	0	0	0	0	0	0	0	0	0	0	0	0	0	0	0	0	0	0	0	0	0	0	0	0	0	0	0	0	0	0.433136	0	0	0	0	0	0	0	0	0	0	0	0	0	0	0	0	0	0	0	0	0	0	0	0	0	0	0	0.162866	0	0	0.162866	0	0.992311	0	0.285714	0	0	0	0	0	0	0	0	0	0	0	0	0	0.404762	0	0.162338	0	0	0	0	0	0	0	0	0	0	0	0	0	0
K00254	0	0	0	0	0	0	0	0	0	0	0	0	0	0	0	0	0	0	0	0	0	0	0	0	0	0	0	0	0	0	0	0	0	0	0	0	0	0	0	0	0	0	0	0	0	0	0	0	0	0	0	0	0	0	0	0	0	0	0	0	0	0	0	0	0	0	0	0	0	0	0	0	0	0	0	0	0	0	0	0	0	0	0	0	0	0	0	0	0	0	0	0	0	0	0	0	0	0	0	0	0	0	0	0	0	0	0	0	0	0	0	0	0	0	0	0	0	0
K02283	0	0	0	0	0	0	0	0	0	0	0	0	0	0	0	0	0	0	0	0	0	0	0	0	0	0	0	0	0	0.1942121	0	0	0	0	0	0	0	0	0	0	0	0	0	0	0	0	0	0	0	0	0	0	0.0566038	0	0	0	0	0	0	0	0	0	0	0	0	0	0	0	0	0	0	0	0	0	0	0	0	0	0	0	0	0	0	0	0	0.886628	0	0	0	0	0.134771	0	0	0	0	0	0	0	0	0	0	0	0	0	0	0	0	0	0	0	0.269542	0	0	0.269542	0	0	0	0
K02018	0	0	0	0	0	0	0	0	0	0	0	0	0	0	0	0	0	0	0	0	0	0	0	0	0	0	0	0	0	0.207469	0	0	0	0	0	0	0	0	0	0	0	0	0	0	0	0	0	0	0	0	0	0	0.0318119	0	0	0	0	0	0	0	0	0	0	0	0	0	0	0	0	0	0	0	0	0	0	0	0	0	0	0	0	0	0	0	0	1.03734	0	0	0	0	0	0	0	0	0	0	0	0	0	0	0	0	0	0	0	0	0	0	0	0	0	0	0	0	0	0	0	0
K03501	0	0	0	0	0	0	0	0	0	0	0	0	0	0	0	0	0	0	0	0	0	0	0	0	0	0	0	0	0	0	0	0	0	0	0	0	0	0	0	0	0	0	0	0	0	0	0	0	0	0	0	0	0	0	0	0	0	0	0	0	0	0	0	0	0	0	0	0	0	0	0	0	0	0	0	0	0	0	0	0	0	0	0	0	0	0	0	0	0	0	0	0	0	0	0	0	0	0	0	0	0	0	0	0	0	0	0	0	0	0	0	0	0	0	0	0	0	0
K06925	0	0	0	0	0	0	0	0	0	0	0	0	0	0	0	0	0	0	0	0	0	0	0	0	0	0	0	0	0	1.76889	0	0	0.197778	0	0	0	0	0	0	0	0	0	0	0	0	0	0	0	0	0	0	0	0.328947	0	0	0	0	0	0	0	0	0	0	0	0	0	0	0	0	0	0	0	0	0	0	0	0	0	0	0	0	0	0	0.746269	0.847458	2.33333	0	0.480263	0.847458	0	0	0.148889	0	0	0	0	0	0	0	0	0	0	0	0	0	0	0	0	0	0	0	0	0	0.331126	0	0	0	0
K09820	0	0	0	0	0	0	0	0	0	0	0	0.96875	0	0	0	0	0	0	0	0	0	0	0	0	0	0	0	0	0	0	0	0	0	0	0	0	0	0	0	0	0	0	0	0	0	0	0	0	0	0	0	0	0	0	0	0	0	0	0	0	0	0	0	0	0	0	0	0	0	0	0	0	0	0	0	0	0	0	0	0	0	0	0	0	0	0	0	0	0	0	0	0	0	0	0	0	0	0	0	0	0	0	0	0	0	0	0	0	0	0	0	0	0	0.204082	0	0	0	0
K00982	0	0	0	0	0	0	0	0	0	0	0	0	0	0	0	0	0	0	0	0	0	0	0	0	0	0	0	0	0	0.55335	0	0	0	0	0	0	0	0	0.047081	0	0	0	0	0.0619048	0	0	0	0	0	0	0	0.0928505	0.0464253	0	0	0	0	0	0	0	0	0	0	0.1815603	0	0	0	0	0	0	0	0	0	0	0	0.0464253	0	0	0	0	0	0	0	0	0.2490703	0.0439422	0	0	0	0.1683403	0	0	0	0	0	0	0	0	0	0	0	0	0	0	0	0.0466853	0	0.0464253	0	0	0.2331663	0.1732618	0	0.0932335	0	0.0619579	0	0
K02858	0	0	0	0	0	0	0	0	0	0	0	0	0	0	0	0	0	0	0	0	0	0	0	0	0	0	0	0	0	0	0	0	0	0	0	0	0	0	0	0	0	0	0	0	0	0	0	0	0	0	0	0	0	0	0	0	0	0	0	0	0	0	0	0	0	0	0	0	0	0	0	0	0	0	0	0	0	0	0	0	0	0	0	0	0	0	0	0	0	0	0	0	0	0	0	0	0	0	0	0	0	0	0	0	0	0	0	0	0	0	0	0	0	0	0	0	0	0
K03629	0	0	0	0	0	0	0	0	0	0	0	0	0	0	0	0	0	0	0	0	0	0	0	0	0	0	0	0	0	0	0	0	0	0	0	0	0	0	0	0	0	0	0	0	0	0	0	0	0	0	0	0	0	0	0	0	0	0	0	0	0	0	0	0	0	0	0	0	0	0	0	0	0	0	0	0	0	0	0	0	0	0	0	0	0	0	0	0	0	0	0	0	0	0	0	0	0	0	0	0	0	0	0	0	0	0	0	0	0	0	0	0	0	0	0	0	0	0
K00627	0	0	0	0	0	0	0	0	0	0	0	0	0	0	0	0	0	0	0	0	0	0	0	0	0	0	0	0	0	0	0	0	0	0	0	0	0	0	0	0	0	0	0	0	0	0	0	0	0	0	0	0	0	0	0	0	0	0	0	0	0	0	0	0	0	0	0	0	0	0	0	0	0	0	0	0	0	0	0	0	0	0	0	0	0	0.825342	0	0	0	0	0	0	0	0	0	0	0	0	0	0	0	0	0	0	0	0	0	0	0	0	0	0.171233	0	0	0	0	0	0
K00240	0.234742	0	0	0	1.40845	0	0	0.234742	0	0	0	0	1.004695	0	0	0	0	0	0	0	0	0	0	0	0	0	0	0	0	0	0	0	0	0	0	0	0	0.312989	0	0.123631	0	0	0	0.469484	0	0	0	0	0	0	0	0	0	0	0	0	0	0	0	0	0.234742	0	0	0	0	0	0	0	0	0	0	0	0	0	0	0	0	0.234742	0.464789	0	0	0.234742	0	0.854461	0.0140845	12.760571	0	0.239437	0	0	0	0	0	0	0	0	0	0	0	0	0	0.704225	0	0	0	0	0	0	0	0	0	0	0	0.773083	0	0	0	0
K21687	0	0	0	0	2.69565	0	0	0	0	0	0	0	0	0	0	0	0	0	0	0	0	0	0	0	0	0	0	0	0	0	1	0	0	0	0	0	0	0	0	0	0	0	3.73913	0.612903	0	0	0	0	0	0	0	2	0	0	0.666667	0	0	0	0	0	0	0	0	0	0	0	0	0	0	0	0	0	3	0	2	1	0	0	0	0	0	0	1	0	0	20.18789	0	0	0	0	0	0	0	0	0	0	0	0	0	0	0	0.849462	0	0	0	0.971014	0	0	0	0	0	0	0	0	0	0.935484	0	0
K12511	0	0	0	0	0	0	0	0	0	0	0	0	0	0	0	0	0	0	0	0	0	0	0	0	0	0	0	0	0	0	0	0	0	0	0	0	0	0	0	0	0	0	0	0	0	0	0	0	0	0	0	0	0	0	0	0	0	0	0	0	0	0	0	0	0	0	0	0	0	0	0	0	0	0	0	0	0	0	0	0	0	0	0	0	0	0	0	0	0	0	0	0	0	0	0	0	0	0	0	0	0	0	0	0	0	0	0	0	0	0	0	0	0	0	0	0	0	0
K03497	0	0	0	0	2.1775448	0	0	0	0	0	0	0	0.789382	0	0.244561	0	0	0	0	0	0	0	0	0	0	0	0	0	0	0	0	0	0	0	0	0.130548	0	0	0	0	0	0	0	0	0	0	0	0	0	0	0	1.5909493	0	0	0	0	0	0	0	0	0.161752	0	0	0.173194	0	0.431679	0	0	0	0	0	0	0	0	0	0	0	0	0.130548	0	0	0.390775	0.697632	0.130548	0.296444	2.426075	0	0	0.130548	0.532647	0	0	0	0	0	0	0	0	0	0	0	0	0	0	0	0	0	0	0	0	0	0	0	0	0	0	0	0
K21480	0	0	0	0	0	0	0	0	0	0	0	0	0	0	0	0	0	0	0	0	0	0	0	0	0	0	0	0	0	0	0	0	0	0	0	0	0	0	0	0	0	0	0	0	0	0	0	0	0	0	0	0	0	0	0	0	0	0	0	0	0	0	0	0	0	0	0	0	0	0	0	0	0	0	0	0	0	0	0	0	0	0	0	0	0	0	0	0	0	0	0	0	0	0	0	0	0	0	0	0	0	0	0	0	0	0	0	0	0	0	0	0	0	0	0	0	0	0
K06976	0	0	0	0	0	0	0	0	1.3619	0	0	0	0.296736	0	0	0	0	0	0	0	0	0	0	0	0	0	0	0	0	0	0	0	0	0	0	0	0	0.265252	0	0	0	0	0	0	0	0	0	0	0	0	0	0	0.12085	0	0	0	0	0	0	0	0	0	0	0	0	0.138122	0	0	0	0	0	0	0	0	0	0	0	0	0	0	0	0	0	0	0.274953	5.095568	0.15405	0.238095	0	1.30476	0	0	0	0	0	0	0	0	0	0	0	2.23917	0	0	0	0	0	0	0	0	0.138122	1	0	0.404437	0	0.138889	0	0
K04043	0.2673798	0	0	0.37594	5.917468	0	0	1.712691	0.661458	0	0	5.1587087	1.009451	0.0618357	0.8703766	0.0891266	0	0	0	0	0.114679	0.764117	0	0.0772171	0	0	0	0	1.4544251	0.229358	0	0	0.890672	0	0.956215	0.493924	0	0	0	0.6784829	0	0	0	1.783222	0	0	0	0	0	0	0	1.3390476	0	0	0	0	0	0	0	0	0.4539509	0	0	4.9079585	0.231771	0.780325	0	0.178253	0.1782532	0	0	0	0.625	0.344683	0.2959	1.2831636	0	0	0	0.0891266	0	0.6838976	0	0.7174252	1.0324186	10.1741726	0.0891266	1.3075296	0.3748406	0.1782532	0.0885324	0	0	0.0891266	0	0	0	0	0	0	0	2.8554456	0	0	0	0.0891266	0	0	0	0	0	0	0	0.3565066	0	0	0	0
K01462	0	0	0	0	1.14249	0	0	0	0	0	0	1.35461	0.70922	0	0	0	0	0	0	0	0	0	0	0	0	0	0	0	0	0	0	0	0	0	0	0	0	0	0	0	0	0	0	0	0	0	0	0	0	0	0	1.06383	0.35461	0	0	0	0	0	0	0	0	0.321513	0	0	0	0.328947	0	0	0	0	0	0	0	0	0	0	0	0	0	0	0	0	0	1.90091	0.70922	11.680624	0	1.262017	0	0	0.33557	0	0	0	0	0	0	0	0	0	0	1	0	0	0	0.33557	0	0	0	0	0	0	0	0	0	0	0	0
K19133	0	0	0	0	0	0	0	0	0	0	0	0	0	0	0	0	0	0	0	0	0	0	0	0	0	0	0	0	0	0	0	0	0	0	0	0	0	0	0	0	0	0	0	0	0	0	0	0	0	0	0	0	0	0	0	0	0	0	0	0	0	0	0	0	0	0	0	0	0	0	0	0	0	0	0	0.151913	0	0	0	0	0	0	0	0	0	0	0	0	0	0	0	0	0	0	0	0	0	0	0	0	0	0	0	0	0	0	0	0	0	0	0	0	0	0	0	0	0	0
K03111	0	0	0	0	0	0	0	0	0	0	0	0	0	0	0	0	0	0	0	0	0	0	0	0	0	0	0	0	0	0	0	0	0	0	0	0	0	0	0	0	0	0	0	0	0	0	0	0	0	0	0	0	0	0	0	0	0	0	0	0	2.713676	0	0	0	0	0	0	0	0	0	0	0	0	0	0	0	0	0	0	0	0	0	0	0	0	2.17094	0	0	0.358974	0	0	0	0	0	0	0	0	0	0	0	0	0	0	0	0	0	0	0	0	0	0	0	0	0	0	0	0	0
K07030	0	0	0	0	0	0	0	0	0	0	0	0	0	0	0	0	0	0	0	0	0	0	0	0	0	0	0	0	0	0	0	0	0	0	0	0	0	0	0	0	0	0	0	0	0	0	0	0	0	0	0	0	0	0	0	0	0	0	0	0	0	0	0	0	0	0	0	0	0	0	0	0	0	0	0	0	0	0	0	0	0	0	0	0	0.829457	0.902778	0	0	0	0	0	0	0	0	0	0	0	0	0	0	0	0	0	0	0	0	0	0	0	0	0	0	0	0	0	0	0	0
K01939	0	0	0	0	0	0	0	0	0	0	0	0	0	0	0	0	0	0	0	0	0	0	0	0	0	0	0	0	0	0	0	0	0	0	1.47126	0	0	0	0	0	0	0	0	3	0	0	0	0	0	0	0	0	0	0	0	0	0	0	0	0	0	0	0	0	0	0	0	0	0	0	0	0	0	0	0	0	0	0	0	0	0	0	0	0	0	1.61111	0	0	0	0	0	0	0	0	0	0	0	0	0	0	0	0	0	0	0	0	0	0	0	0	0	0	0	0	0	0	0	0
K01870	0.0469925	0	0	0	0.796198	0	0	0	0	0	0	0.4743425	0.324248	0	0.213675	0	0	0	0	0	0	0	0	0	0	0	0	0	0	1.0605385	0	0	0	0	0	0	0	0	0	0	0	0	0	0.801408	0	0	0	0	0	0	0	0.0902256	0.1631365	0	0	0.093985	0	0	0	0	0	0	0	0.0184837	0	1.34228	0	0	0	0	0	0	0	0	0	0	0	0	0.13705	0	0	0.0466792	0	0.5712941	0.0469925	5.1599677	0	0.745821	0	0.5419535	0	0	0	0	0	0	0	0	0	0	0	1.238618	0	0	0	0	0	0	0	0	0.230263	0.058072	0	0.174825	0	0	0	0
K06131	0	0	0	0	0	0	0	0.3386	0	0	0	0.112867	0	0	0	0	0.224981	0	0	0	0	0	0	0	0	0	0	0	0	0.451467	0	0	0	0	0	0	0	0	0	0	0	0	0	0	0	0	0	0	0	0	0	0	0	0	0	0	0	0	0	0	0	0	0	0	0	0	0	0	0	0	0	0	0	0	0	0	0	0	0	0	0	0	0	0.225734	0	0.8526254	0	0.754405	0	0	0	0	0	0	0	0	0	0	0	0	0	0	0	0	0	0	0	0	0	0	0	0	0	0	0	0	0	0
K01952	0	0	0	0	0	0	0	0.428356	0	0	0	0	0	0	0	0	0	0	0	0	0	0	0	0	0	0	0	0	0	0	0	0	0	0	0	0	0	0	0	0	0	0	0	3.254817	0	0	0	0	0	0	0	0	0	0	0	0	0	0	0	0	0	0	0	0	0	0	0	0	0.428356	0	0	0	0	0	0	0.0648567	0	0	0.125189	0	0.92517	0	0	1.224736	0.580058	13.708243	0	0.868265	0.497399	0.696832	1.010558	0	0	0	0	0	0	0	0	0	0	1.790893	0	0	0	0	0	0	0	0	0	0.452489	0	0	0	0	0	0
K02982	0	0	0	0	0	0	0	0	0	0	0	0	0	0	0	0	0	0	0	0	1	0	0	0	0	0	0	0	0	0	0	0	0	0	0	0	0	0	0	0	0	0	0	3.09402	0	0	0	0	0	0	0	0.111111	0	0	0	0	0	0	0	0	0.615385	0	0	0	0	0	0	0	0	0	0	0	0	0	0	0	0	0	0	0	0	0	0	0	0.675214	9.21756	0	0	0	0	0	0	0	0	0	0	0	0	0	0	0	3.06838	0	0	0	0	0	0	0	0	0	0	0	0	0	0	0	0
K03979	0	0	0	0	11.14179	0	0	2.075999	0	0	0	1.580494	0.665166	0	0.411523	0	0	0	0	0	0.102881	0	0	0	0	0	0	0	0.621142	0	0	0	1.254122	0	0.823045	0	0	0.102881	0	0	0	0	0.090535	0.892707	0	0	0.102881	0	0	0	0	3.951992	0	0	0.15625	0	0	0	0	0	0.747599	0	0	1.3297244	0.084375	1.833518	0	0	0	0	0	0	0.0274348	0	0.102881	0.0364583	0	0	0.102881	0	1.102881	0.1865573	0	0.435725	1.451449	19.703742	0.308642	1.61887	0.141975	0.703252	0.87222	0	0	0	0	0	0	0	0	0	0	3.31344	0	0	0	0.247166	0	0	0	0	0	0	0	0.205761	0	0	0	0
K00980	0	0	0	0	0	0	0	0.862069	0	0	0	0	0	0	0	0	0	0	0	0	0	0	0	0	0	0	0	0	0	0	0	0	0	0	0	0	0	0	0	0	0	0	0	0	0	0	0	0	0	0	0	0	0	0	0	0	0	0	0	0	0	0	0	0	0	0	0	0	0	0	0	0	0	0	0	0	0	0	0	0	0	0.431034	0	0.490196	0	4.966305	0	0	0	0	0	0	0	0	0	0	0	0	0	0	0	0.738506	0	0	0	0	0	0	0	0	0	0	0	0	0	0	0	0
K03086	0	0	0	0	0.189003	0	0	0	0	0	0	0	0	0	0.0893471	0	0	0	0	0	0	0	0.343643	0	0	0	0	0	0	0	0	0	0	0	0	0	0	0	0	0	0	0	0	0.413517	0	0	0.0842105	0	0	0	0	0	0.309833	0	0	0	0	0	0	0	0	0	0	0	0	0	0	0	0	0	0	0	0	0	0	0.171821	0	0	0	0	0	0.171821	0	0.870768	0.265957	5.318437	0	0.514318	0	0.343643	0.732133	0.171821	0	0	0	0	0	0	0	0	0	0.265957	0	0	0	0	0	0	0	0	0	0	0	0.265957	0	0	0	0
K07166	0	0	0	0	0	0	0	0	0	0	0	0	0	0	0	0	0	0	0	0	0	0	0	0	0	0	0	0	0	0	0	0	0	0	0	0	0	0	0	0	0	0	0	0	0	0	0	0	0	0	0	0	0	0	0	0	0	0	0	0	0	0	0	0	0	0	0	0	0	0	0	0	0	0	0	0	0	0	0	0	0	0	0	0	0	0	0	0	0	0	0	0	0	0	0	0	0	0	0	0	0	0	0	0	0	0	0	0	0	0	0	0	0	0	0	0	0	0
K03786	0	0	0	0	0	0	0	0	0	0	0	0	0	0	0	0	0	0	0	0	0	0	0	0	0	0	0	0	0	0	0	0	0	0	0	0	0	0	0	0	0	0	0	0	0	0	0	0	0	0	0	0	0	0	0	0	0	0	0	0	0	0	0	0	0	0	0	0	0	0	0	0	0	0	0	0	0	0	0	0	0	0	0	0	0	0.409836	0	0	0	0	0	0	0	0	0	0	0	0	0	0	0	0	0	0	0	0	0	0	0	0	1.22951	0	0	0	0	0	0	0
K18930	0	0	0	0	0	0	0	0	0	0	0	0	0.223714	0	0	0	0	0	0	0	0	0	0	0	0	0	0	0	0	0.920292	0	0	0	0	0	0	0	0	0	0	0	0	0	0.522436	0	0	0	0	0	0	0	0	0	0	0	0	0	0	0	0	0	0	0	0	0	0	0	0	0	0	0	0	0	0	0	0	0	0	0	0	0	0	0	0	0.2	1.3693305	0	0.0543478	0.42963	0.6365838	0	0	0	0	0	0	0	0	0	0	0	0	0	0	0	0	0	0	0	0	0.0543478	0.0305268	0	0	0	0	0	0
K06217	0	0	0	0	0	0	0	0	0	0	0	0	0	0	0	0	0	0	0	0	0	0	0	0	0	0	0	0	0	0	0	0	0	0	0	0	0	0	0	0	0	0	0	0	0	0	0	0	0	0	0	0	0	0	0	0	0	0	0	0	0	0	0	0	0	0	0	0	0	0	0	0	0	0	0	0	0	0	0	0	0	0	0	0	0	0	0	0	0	0	0	0	0	0	0	0	0	0	0	0	0	0	0	0	0	0	0	0	0	0	0	0	0	0	0	0	0	0
K03665	0	0	0	0	0	0	0	0	0	0	0	0	0	0	0	0	0	0	0	0	0	0	0	0	0	0	0	0	0	0	0	0	0	0	0	0	0	0	0	0	0	0	0	0	0	0	0	0	0	0	0	0	0	0	0	0	0	0	0	0	0	0	0	0	0	0	0	0	0	0	0	0	0	0	0	0	0	0	0	0	0	0	0	0.903226	0	0	0	0	0	0	0	0	0	0	0	0	0	0	0	0	0	0	0	0	0	0	0	0	0	0	0	0	0	0	0	0	0	0
K02493	0	0	0	0	0	0	0	0	0	0	0	0	0	0	0	0	0	0	0	0	0	0	0	0	0	0	0	0	0	0	0	0	0	0	0	0	0	0	0	0	0	0	0	0	0	0	0	0	0	0	0	0	0	0	0	0	0	0	0	0	0	0	0	0	0	0	0	0	0	0	0	0	0	0	0	0	0	0	0	0	0	0	0	0	0	0	0	0	0	0	0	0	0	0	0	0	0	0	0	0	0	0	0	0	0	0	0	0	0	0	0	0	0	0	0	0	0	0
K01689	0.397878	0	1.060124	0	5.2236974	0	0	10.287363	0	0	0	4.030058	6.6507197	0	0.800177	0	0	0	0	0	0.18797	0.265252	0	0.34748	0	0.66313	0	0	4.543787	0.265252	0	0	1.570292	0.132626	2.19717	2.882581	0	0	0	1.053345	0	0	0.795756	7.640094	0	0	0	0	0	0	0	12.077972	0	0	1.384616	0	0	0	0	0.37594	2.35213	0.113174	0	7.78077	0	1.557029	0	0.162429	0	0	1.472152	0.495137	5.5205366	0	2.405477	0.742706	0	0	0.265252	0	0	0.770999	0.132626	0.132626	1.95415	6.713843	0.265252	0.132626	0	0.615767	0.397878	0.132626	0	0	0	0	0	0	0	0	0	2.74436	0	0	0	0	0	0	0	0	0	0	0	0.265252	0	0	0	0
K08300	0	0	0	0	14.632495	0	0	0.856885	0.1496024	0	0	2.1366728	1.3320991	0	0.1378126	0.4507539	0	0	0	0	0	0	0	0	0	0.385463	0	0	0.499604	0.1349383	0.277716	0	0	0	0.526478	0	0	0	0	0	0	0	0	0	0	0	0	0	0	0	0.111235	3.925403	0	0	0	0	0	0	0	0	0.147493	0	0	0.291695	0	1.2437692	0	0.0530813	0.0983847	0	0	0	0.331573	0.444939	0	0.1004045	0	0	0.0407861	0	0.093985	0.0682128	0	0.221367	1.1254202	10.4288434	0.0550661	0.159744	0.147493	0.8761567	0.1983409	0	0	0	0	0	0	0	0.0112441	0	0	0.848982	0	0	0	0	0	0	0	0	0	0.12824	0	0.272366	0	0.0600273	0	0
K02967	0.453704	0	0	0	9.58563	0	0	4.2274	0	0	0	6.894701	3.06944	0	0.474065	1.226506	0	0	0	0.231481	0	0	0	0.0941358	0	1.7284	0	0	0.941427	0	0	0	4.237305	0	1.38735	0.310078	0	0	0	0.462963	0	0	0.995025	8.0280814	0	0	0.640133	0.0154321	0	0	0	6.71382	0	0	0.3259165	0.231481	0	0.231481	0	0	4.206872	0	0	3.250356	0.682865	1.626198	0	1.423438	0	0.462963	0.384259	0	0	0	1.525474	0.0555556	0	0	0.775888	0	0.310185	1.155733	0.497512	1.18993	2.341429	49.32674	0.692901	3.003043	0.900527	3.180965	3.93051	0.231481	0	0	0	0	0	0	0	0	0	2.44998	0	0	0	0	0	0	0	0	0	0	0	0.972512	0	0	0	0
K03496	0	0	0	0	0	0	0	0	0	0	0	0	0	0	0	0	0	0	0	0	0	0	0	0	0	0	0	0	0	0	0	0	0	0	0	0	0	0	0	0	0	0	0	0	0	0	0	0	0	0	0	0	0	0	0	0	0	0	0	0	0	0	0	0	0	0	0	0	0	0	0	0	0	0	0	0	0	0	0	0	0	0	0	0	0	0	0	0	0	0	0	0	0	0	0	0	0	0	0	0	0	0	0	0	0	0	0	0	0	0	0	0	0	0	0	0	0	0
K00962	0.0724638	0	0	0	1.824715	0.316957	0	0.1648852	0	0	0	1.1873	0.12285	0	0	0	0	0	0	0.0792393	0.0721501	0	0	0	0	0	0	0	0.485169	1.303407	0	0	0.2125331	0	0	0	0	0.217391	0	0.144928	0	0	0	0.6627647	0	0	0.144928	0	0	0	0	0.581571	0	0	0.0792393	0.0924214	0	0	0	0	0.2170781	0	0	0.469181	0	0.12285	0	0.1517031	0	0.0724638	0	0	0.1443	0.430543	0.2819354	0	0	0	0.144928	0	0.0924214	0	0.184843	0.748793	1.252356	11.157078	0.1517031	0.4880238	0.0455946	0.441245	0.599668	0	0	0	0	0	0	0	0	0	0.0724638	1.910461	0	0	0	0	0	0	0	0	0.2457	0	0	0.2170781	0	0.2178738	0	0
K00014	0	0	0	0	0	0	0	0	0	0	0	0	0.446936	0	0	0	0	0	0	0	0.224215	0	0	0	0	0.176678	0	0	0	0	0	0	0	0	0	0	0	0	0	0	0	0	0	0	0	0	0	0	0	0	0	0	0	0	0	0	0	0	0	0	0.224215	0	0	0	0	0	0	0	0	0	0	0	0	0	0	0	0	0	0	0	0	0	0	0	0.35461	2.7078	0	0	0	0	0	0	0	0	0	0	0	0	0	0	0	0	0	0	0	0	0	0	0	0	0	0	0	0	0	0	0	0
K00162	0	0	0	0	0	0	0	0	0	0	0	0	0	0	0	0	0	0	0	0	0	0	0	0	0	0	0	0	0	0	0	0	0	0	0	0	0	0	0	0	0	0	0	0	0	0	0	0	0	0	0	0	0	0	0	0	0	0	0	0	0	0	0	0	0	0	0	0	0	0	0	0	0	0	0	0	0	0	0	0	0	0	0	0	0	0	0	0	0	0	0	0	0	0	0	0	0	0	0	0	0	0	0	0	0	0	0	0	0	0	0	0	0	0	0	0	0	0
K07386	0	0	0	0	0	0	0	0	0	0	0	0	0	0	0	0	0	0	0	0	0	0	0	0	0	0	0	0	0	0	0	0	0	0	0	0	0	0	0	0	0	0	0	0	0	0	0	0	0	0	0	0	0	0	0	0	0	0	0	0	0	0	0	0	0	0	0	0	0	0	0	0	0	0	0	0	0	0	0	0	0	0	0	0	0	0	0	0	0	0	0	0	0	0	0	0	0	0	0	0	0	0	0	0	0	0	0	0	0	0	0	0	0	0	0	0	0	0
K03466	0	0	0	0	0	0	0	0	0	0	0	0.1061571	0	0	0	0	0	0	0	0	0	0	0	0	0	0	0	0	0.1671326	0.1415428	0	0	0	0	0	0	0	0	0	0	0	0	0	0	0	0	0.0353857	0	0	0	0	0	0	0	0.0705355	0	0	0	0	0	0.0428082	0	0	0.0268931	0	0	0	0	0	0	0	0	0	0	0	0	0	0	0.0961254	0	0	0.0353857	0	1.6947477	0.4911952	16.061219	0	0.1415427	0	0.0428082	0	0	0	0	0	0	0	0	0	0	0	0.0853311	0	0	0	0	0	0	0	0	0	0	0	0	0	0	0	0
K03589	0	0	0	0	3.712065	0	0	0	0	0	0	1.366058	0.899142	0	0	0	0	0	0	0	0	0	0	0.102041	0	0	0	0	0.5575145	0	0	0	0.206186	0	0	0	0	0	0	0	0	0	0	0.0899032	0	0	0	0	0	0	0	1.396261	0.189394	0	0.0859107	0	0	0	0	0	0	0	0	0.306122	0	0.103093	0	0	0	0	0	0.479592	0	0	0.333333	0	0	0	0	0	0	0.103093	0	0.0984252	0.4978628	4.355513	0	0.014966	0	0.371092	0	0	0	0	0	0	0	0	0	0	0	0.515906	0	0	0	0	0	0	0	0	0	0	0	0.404319	0	0	0	0
K01243	0	0	0	0	0	0	0	0	0	0	0	0	0	0	0	0	0	0	0	0	0	0	0	0	0	0	0	0	0	0	0	0	0	0	0	0	0	0	0	0	0	0	0	0	0	0	0	0	0	0	0	0	0	0	0	0	0	0	0	0	0	0	0	0	0	0	0	0	0	0	0	0	0	0	0	0	0	0	0	0	0	0	0	0	0	0	0	0	0	0	0	0	0	0	0	0	0	0	0	0	0	0	0	0	0	0	0	0	0	0	0	0	0	0	0	0	0	0
K06191	0	0	0	0	5.61702	0	0	0	0	0	0	0.851064	0	0	0.787234	0	0	0	0	0	0	0	0	0	0	0	0	0	0.914894	0	0	0	0	0	0	0.666667	0	0	0	0	0	0	0	0	0	0	0	0	0	0	0	0.269504	0	0	0	0	0	0	0	0	0	0	0	0	0	0	0	0	0	0	0	0	0	0	0	0.638298	0.914894	0	0	0	0	0.886525	0	0	0	0	0	0	0	0	0	0	0	0	0	0	0	0	0	0	0	0	0	0	0	0	0	0	0.695035	0	0	0	0	0	0	0	0	0
K01262	0	0	0	0	0	0	0	0	0	0	0	0	0	0	0	0	0	0	0	0	0	0	0	0	0	0	0	0	0	0	0	0	0	0	0	0	0	0	0	0	0	0	0	0	0	0	0	0	0	0	0	0	0	0	0	0	0	0	0	0	0	0	0	0	0	0	0	0	0	0	0	0	0	0	0	0	0	0	0	0	0	0	0	0	0	0	0	0	0	0	0	0	0	0	0	0	0	0	0	0	0	0	0	0	0	0	0	0	0	0	0	0	0	0	0	0	0	0
K07448	0	0	0	0	0	0	0	0	0	0	0	0	0	0	0	0	0	0	0	0	0	0	0	0	0	0	0	0	0	0	0	0	0	0	0	0	0	0	0	0	0	0	0	0	0	0	0	0	0	0	0	0	0	0	0	0	0	0	0	0	0	0	0	0	0	0	0	0	0	0	0	0	0	0	0	0	0	0	0	0	0	0	0	0	0	0	0	0	0	0	0	0	0	0	0	0	0	0	0	0	0	0	0	0	0	0	0	0	0	0	0	0	0	0	0	0	0	0
K03593	0	0	0	0	0	0	0	0	0	0	0	0	0	0	0	0	0	0	0	0	0	0	0	0	0	0	0	0	0	3	0	0	0	0	0	0	0	0	0	0	0	0	0	0	0	0	1	0	0	0	0	0	0	0	0	0	0	0	0	0	0	0	0	0	0	0	0	0	0	0	0	0	0	0	0	0	0	0	0	0	0	0	0	0	0	2.4058	0	0	0	0	0	0	0	0	0	0	0	0	0	0	0	0	0	0	0	0	0	0	0	0	0	0	0	0	0	0	0	0
K00969	0	0	0	0	0	0	0	0	0	0	0	0	0	0	0	0	0	0	0	0	0	0	0	0	0	0	0	0	0	0	0	0	0	0	0	0	0	0	0	0	0	0	0	0	0	0	0	0	0	0	0	0	0	0	0	0	0	0	0	0	0	0	0	0	0	0	0	0	0	0	0	0	0	0	0	0	0	0	0	0	0	0	0	0	0	0	0	0	0	0	0	0	0	0	0	0	0	0	0	0	0	0	0	0	0	0	0	0	0	0	0	0	0	0	0	0	0	0
K17686	0	0	0	0	0	0	0	0	0	0	0	0	0	0	0	0	0	0	0	0	0	0	0	0	0	0	0	0	0	0	0	0	0	0	0	0	0	0	0	0	0	0	0	2.88462	0	0	0	0	0	0	0	0	0	0	0	0	0	0	0	0	0	0	0	0	0	0	0	0	0	0	0	0	0	0	0	0	0	0	0	0	0	0	0	0	0	0	0	0	0	0	0	0	0	0	0	0	0	0	0	0	0	0	0	0	0	0	0	0	0	0	0.462315	0	0	0	0	0	0	0
K01223	0	0	0	0	0	0	0	0	0	0	0	0	0	0	0	0	0	0	0	0	0	0	0	0	0	0	0	0	0	0.268344	0	0	0	0	0	0	0	0	0	0	0	0	0	0	0	0	0	0	0	0	0	0	0.425576	0	0	0	0	0	0	0	0	0	0	0.0483092	0	0	0	0	0	0	0	0	0	0	0	0	0	0	0.157233	0	0	0	0	0	0.112613	0.376884	0	0.752589	0	0	0	0.125628	0	0	0	0	0	0	0	0	0	0	0	0	0	0.0630631	0	0	0	0	0	0	0	0.111111	0	0	0	0
K00067	0.0358974	0	0	0	0	0	0	0	0	0	0	0.117647	0.528627	0	0	0	0	0	0	0	0	0	0	0	0	0	0	0	0.444444	0	0	0	0	0	0	0	0	0	0	0	0	0	0	0.092549	0	0	0	0	0	0	0	1.265098	0	0	0	0.0290196	0	0.326797	0	0	0	0.119658	0	0.242025	0	0	0	0	0	0	0	0	0.588235	0	0.235294	0.25641	0	0	0	0.117647	0.25641	0.117647	0.117647	0.1984313	0.687968	4.20121	0	0.583207	0	0.508299	0.223529	0	0	0	0	0	0	0.117647	0	0	0	1.133126	0	0	0	0	0	0	0	0.326797	0	0	0	0.248756	0	0	0	0
K00995	0	0	0	0	0	0	0	0	0	0	0	0	0	0	0	0	0	0	0	0	0	0	0	0	0	0	0	0	0	0	0	0	0	0	0	0	0	0	0	0	0	0	0	0	0	0	0	0	0	0	0	0	0	0	0	0	0	0	0	0	0	0	0	0	0	0	0	0	0	0	0	0	0	0	0	0	0	0	0	0	0	0	0	0	0	0	0	0	0	0	0	0	0	0	0	0	0	0	0	0	0	0	0	0	0	0	0	0	0	0	0	0	0	0	0	0	0	0
K02314	0.248756	0	0	0	0.233831	0	0	0.124378	0	0	0	0.786899	0	0	0	0	0	0	0	0	0	0	0	0	0	0	0	0	0	0	0	0	0	0	0	0.248756	0	0	0	0	0	0	0	0.805141	0	0	0	0	0	0	0	0.959369	0.248756	0	0	0	0	0	0	0	0.124378	0	0	0	0	0.123549	0	0	0	0	0	0	0	0	0	0	0	0	0	0	0.124378	0.0970149	0.124378	0.4892536	0.124378	3.020963	0	0.233151	0	0	0	0	0	0	0	0	0	0	0	0	0	0.124378	0	0	0	0	0	0	0	0	0	0	0	0	0	0	0	0
K01056	0	0	0	0	0	0	0	0	0	0	0	0	0	0	0	0	0	0	0	0	0	0	0	0	0	0	0	0	0.178082	0	0	0	0	0	0	0	0	0	0	0	0	0	0	1.3653	0	0	0	0	0	0	0	0	0	0	0	0	0	0	0	0	0	0	0	0	0	0	0	0	0	0	0	0	0	0	0	0	0	0	0	0	0	0	0	0	0	1.079242	0	0.342466	0	0	0	0	0	0	0	0	0	0	0	0	0	0	0	0	0	0	0	0	0	0	0	0	0	0	0	0	0	0
K02313	0.0938086	0	0	0	0.187617	0	0	2.41071	0	0	0	2.643762	0	0	0	0	0	0	0	0	0	0	0	0	0	0	0	0	0	0.187617	0	0	0	0	0	0	0	0	0	0	0	0	0	0	0	0	0	0	0	0	0	0.892857	0	0	0	0	0	0	0	0	0	0	0	0	0	0.8675156	0	0	0	0	0	0	0	0	0.115281	0	0	0	0	0.0544747	0	0	0	0.334291	0.0982318	3.7202019	0.1858482	0.0902592	0	0.8097915	0	0.333333	0	0	0	0	0	0	0	0	0	0.757974	0	0	0	0	0	0	0	0	0	0.0965251	0	0	0	0.0938086	0	0
K03117	0	0	0	0	0	0	0	0	0	0	0	0	0	0	0	0	0	0	0	0	0	0	0	0	0	0	0	0	0	0	0	0	0	0	0	0	0	0	0	0	0	0	0	0	0	0	0	0	0	0	0	0	0	0	0	0	0	0	0	0	0	0	0	0	0	0	0	0	0	0	0	0	0	0	0	0	0	0	0	0	0	0	0	0	0	0	0	0	0	0	0	0	0	0	0	0	0	0	0	0	0	0	0	0	0	0	0	0	0	0	0	0	0	0	0	0	0	0
K02887	1	0	0	0	36.7604	0	0	8.75	0	0	0	0	0.604167	0	0	0	0.177083	0	0	0	1	0	0	0	0	0	0	0	0	0	0	0	1.83333	0	1.5625	0	0	0	0	0	0	0	3.47917	0	0	0	0	0	0	0	0	1.88542	0	0	0	0	0	0	0	0	4.30208	0	0	4.78125	0	0	0	2.42708	0	0	0	0	0.46875	0	0	0	0	0	0	0	0	0.166667	0.145833	0	0.145833	2.40625	0	0.125	0	0	0.166667	0	0	0	0	0	0	0	0	0	0	0	0	0	0	0	0	0	0	0	0	0	0	0	0	0	0	0
K07224	0	0	0	0	0	0	0	1.275837	0	0	0	0	0	0	0	0	0	0	0	0	0	0	0	0	0	0	0	0	0	0	0	0	0	0	0	0	0	0	0	0	0	0	0	0.401887	0	0	0	0	0	0	0	0	0	0	0.310924	0	0	0	0	0	0	0	0	0.420168	0	0	0	0	0	0	0	0	0	0	0	0	0	0	0	0	0	0	0	0	0.140056	0.700673	0	0.140056	0	0	0	0	0	0	0	0	0	0	0	0	0	0	0	0	0	0	0	0	0	0	0	0	0	0	0	0	0	0
K11737	0	0	0	0	0	0	0	0	0	0	0	0	0	0	0	0	0	0	0	0	0	0	0	0	0	0	0	0	0	0	0	0	0	0	0	0	0	0	0	0	0	0	0	0	0	0	0	0	0	0	0	0	0	0	0	0	0	0	0	0	0	0	0	0	0	0	0	0	0	0	0	0	0	0	0	0	0	0	0	0	0	0	0	0	0	0	0	0	0	0	0	0	0	0	0	0	0	0	0	0	0	0	0	0	0	0	0	0	0	0	0	0	0	0	0	0	0	0
K02109	0	0	0	0	0	0	0	0	0	0	0	0	0	0	0	0	0	0	0	0	0	0	0	0	0	0	0	0	0	0	0	0	0	0	0	0	0	0	0	0	0	0	0	0	0	0	0	0	0	0	0	0	0	0	0	0	0	0	0	0	0	0	0	0	0	0	0	0	0	0	0	0	0	0	0	0	0	0	0	0	0	0	0	0	0	0.225	0	0	0	0	0	0	0	0	0	0	0	0	0	0	0	0	0	0	0	0	0	0	0	0	0	0	0	0	0	0	0	0
K01956	0	0	0	0	0	0	0	0	0	0	0	0	0	0	0	0	0	0	0	0	0	0	0	0	0	0	0	0	0	0	0	0	0	0	0	0	0	0	0	0	0	0	0	0	0	0	0	0	0	0	0	0	0	0	0	0	0	0	0	0	0	0	0	0	0	0	0	0	0	0	0	0	0	0	0	0	0	0	0	0	0	0	0	0	0	0	0	0	0	0	0	0	0	0	0	0	0	0	0	0	0	0	0	0	0	0	0	0	0	0	0	0	0	0	0	0	0	0
K02113	0	0	0	0	27.6818	0	0	0	0	0	0	6.80303	1	0	2	0	0	0	0	0	0	0	0	0	0	0	0	0	0	0	0	0	0	0	0	0	0	0	0	0	0	0	0	0	0	0	0	0	0	0	0	0	0	0	0	0	0	0	0	0	0	0	0	0	0	1.22727	0	6	0	0	0	0	0	6.95455	0.757576	1	0	0	0	0	0	0	0	0	0	2.87879	0	0	0	0	0	0	0	0	0	0	0	0	0	0	0	0	0	0	0	0	0	0	0	0	0	0	0	1	0	0	0	0
K00942	0	0	0	0	0	0	0	0	0	0	0	0	2	0	0	0	0	0	0	0	3	0	0	0	0	0	0	0	0	0	0	0	0	0	0	0	0	0	0	0	0	0	0	0	0	0	0	1.24242	0	0	0	0	0	0	0	0	0	0	0	0	17.9394	0	0	0	0	0	0	0	0	0	0	0	7.66667	0	4.9697	0	0	0	0	0	0	0	1	0	0	5.9697	0	0	0	0	0	0	0	0	0	0	0	0	0	0	0	0	0	0	0	0	0	0	0	0	0	0	0	0	0	0	0	0
K07460	0	0	0	0	0	0	0	0	0	0	0	0	0	0	0	0	0	0	0	0	0	0	0	0	0	0	0	0	0	0	0	0	0	0	0	0	0	0	0	0	0	0	0	0	0	0	0	0	0	0	0	0	0	0	0	0	0	0	0	0	0	0	0	0	0	0	0	0	0	0	0	0	0	0	0	0	0	0	0	0	0	0	0	0	0	0	0	0	0	0	0	0	0	0	0	0	0	0	0	0	0	0	0	0	0	0	0	0	0	0	0	0	0	0	0	0	0	0
K07284	0	0	0	0	0.943333	0	0	0	0	0	0	0	0	0	0	0	0	0	0	0	0	0	0	0	0	0	0	0	0	0.821667	0	0	0	0	0	0	0	0	0	0	0	0	0	0	0	0	0	0	0	0	0	0	0.25	0	0	0	0	0	0	0	0	0	0	0	0	0	0	0	0	0	0	0	0	0	0	0	0	0	0	0	0	0	0	0	0.75	3.606453	0	0	0.5	0	0	0	0	0	0	0	0	0	0	0	0	0.25	0	0	0	0	0	0	0	0	0	0.25	0	0	0	0	0	0
K06902	0	0	0	0	0	0	0	0	0	0	0	0.10878	0	0	0	0	0	0	0	0	0.117647	0	0	0	0	0	0	0	0	0.4662	0	0	0	0	0	0	0	0	0	0	0	0	0	0.350467	0	0	0.0497281	0	0	0	0	0	0	0	0	0	0	0	0	0	0	0	0	1.183027	0	0.129759	0	0	0	0	0	0	0	0	0	0	0	0	0	0	0	0.11655	0	0.11655	0.116822	1.637843	0	0.299145	0	0.242135	0	0	0	0	0	0	0	0	0	0	0	0.178349	0	0	0	0	0	0	0	0	0	0.472416	0	0	0	0	0	0
K02484	0	0	0	0	3.520333	0	0	2.707842	0	0	0	0.205926	0.888889	0	0.3735	0.333333	0	0	0	0	0	0	0	1.28125	0	0.222222	0	0	0.311852	0	0	0	0	0	0	0	0	0	0	0	0	0	0	0.666666	0.103704	0	0	0	0	0	0	0.949165	0	0	0	0	0	0	0	0	0.222222	0	0	0.222222	0	0.194553	0	0	0	0	0	0	0	0	0	0	0	0	0	0	0.111111	0.111111	0	1.302083	0.484445	8.786301	0	0.6932	0.111111	0.359867	0.448949	0.333333	0	0	0	0	0	0	0.333333	0	0	0.684444	0	0	0	0.111111	0	0	0	0	0.333333	0	0	0	0	0.222222	0	0
K02071	1.2973	0	0	0	0	0	0	0	0	0	0	0	0	0	0	0	0	0	0	0	0	0	0	0	0	0	0	0	0	0	0	0	0	0	0	0	0	0	0	0	0	0	0	0	0	0	0	0	0	0	0	0	0	0	0	0	0	0	0	0	0	0	0	0	0	0	0	0	0	0	0	0	0	0	0	0	0	0	0	0	0	0	0	0	0	0.175676	0	0	0	0	0	0	0	0	0	0	0	0	0	0	0	0	0	0	0	0	0	0	0	0	0	0	0	0	0	0	0	0
K14645	0	0	0	0	0	0	0	0	0	0	0	0	0	0	0	0	0	0	0	0	0	0	0	0	0	0	0	0	0	0	0	0	0	0	0	0	0	0	0	0	0	0	0	0	0	0	0	0	0	0	0	0	0	0	0	0	0	0	0	0	0	0	0	0	0	0	0	0	0	0	0	0	0	0	0	0	0	0	0	0	0	0	0	0	0	0	0	0	0	0	0	0	0	0	0	0	0	0	0	0	0	0	0	0	0	0	0	0	0	0	0	0	0	0	0	0	0	0
K03655	0	0	0	0	0.204499	0	0	0	0	0	0	0	0	0	0	0	0	0	0	0	0	0	0	0	0	0	0	0	0	0	0	0	0	0	0	0	0	0	0	0	0	0	0	0	0	0	0.102249	0	0	0	0	0	0	0	0	0	0	0	0	0	0	0	0	0	0	0	0	0	0	0	0.31741	0	0	0	0	0	0	0	0	0	0	0.102249	0	0.121359	0.102617	0	0	0	0	0	0	0	0	0	0	0	0	0	0	0	0	0.909091	0	0	0	0	0	0	0	0	0	0	0	0	0	0	0	0
K03976	0	0	0	0	0	0	0	0	0	0	0	0	0	0	0	0	0	0	0	0	0	0	0	0	0	0	0	0	0	0	0	0	0	0	0	0	0	0	0	0	0	0	0	0	0	0	0	0	0	0	0	0	0	0	0	0	0	0	0	0	0	0	0	0	0	0	0	0	0	0	0	0	0	0	0	0	0	0	0	0	0	0	0	0	0	0.692982	0	0	0	0	0	0	0	0	0	0	0	0	0	0	0	0	0	0	0	0	0	0	0	0	0	0	0	0	0	0	0	0
K07058	0	0	0	0	0	0	0	0	0	0	0	0	0	0	0	0	0	0	0	0	0	0	0	0	0	0	0	0	0	0.46558	0	0	0	0	0	0	0	0	0	0	0	0	0	0	0	0	0	0	0	0	0	0	0	0	0	0	0	0	0	0	0	0	0	0	0	0	0	0	0	0	0	0	0	0	0	0.136986	0	0	0	0	0	0.0812087	0	0	0.110375	1.182729	0	0	0	1.265699	0.106383	0	0	0	0	0	0	0	0	0	0	0	0	0	0	0	0	0	0	0	0	0	0	0	0	0	0	0
K13038	0	0	0	0	0	0	0	0	0	0	0	0	0	0	0	0	0	0	0	0	0	0	0	0	0	0	0	0	0	0	0	0	0	0	0	0	0	1.84946	0	0	0	0	0	0	0	0	0	0	0	0	0	0	0	0	0	0	0	0	0	0	0	0	0	0	0	0	0	0	0	0	0	0	0	0	0	0	0	0	0	0	0	0	0	0	0	0.695652	0	0	0	0	0	0	0	0	0	0	0	0	0	0	0	0	0	0	0	0	0	0	0	0	0	0	0	0	0	0	0	0
K03303	0	0	0	0	0	0	0	0	0	0	0	0	2	0	0	0	0	0	0	0	0	0	0	0	0	0	0	0	0	0	0	0	0	0	0	0	0	0	0	0	0	0	0	0	0	0	0	0	0	0	0	2	0	0	0	0	0	0	0	0	0	0	0	0	0	0	0	0	0	0	0	0	0	0	0	0	0	0	0	1	0	0	0	0	0	1	0	0	0	0	0	0	0	0	0	0	0	0	0	0	0	0	0	0	0	0	0	0	0	0	0	0	0	0	0	0	0	0
K03526	0	0	0	0	0	0	0	0	0	0	0	0	0	0	0	0	0	0	0	0	0	0	0	0	0	0	0	0	0	0	0	0	0	0	0	0	0	0	0	0	0	0	0	0	0	0	0	0	0	0	0	0	0	0	0	0	0	0	0	0	0	0	0	0	0	0	0	0	0	0	0	0	0	0	0	0	0	0	0	0	0	0	0	0	0	0	0	0	0	0	0	0	0	0	0	0	0	0	0	0	0	0	0	0	0	0	0	0	0	0	0	0	0	0	0	0	0	0
K07177	0	0	0	0	0	0	0	0	0	0	0	0	0	0	0	0	0	0	0	0	0	0	0	0	0	0	0	0	0	0	0	0	0	0	0	0	0	0	0	0	0	0	0	0	0	0	0	0	0	0	0	0	0	0	0	0	0	0	0	0	0	0	0	0	0	0	0	0	0	0	0	0	0	0	0	0	0	0	0	0	0	0	0	0	0	0	0	0	0	0	0	0	0	0	0	0	0	0	0	0	0	0	0	0	0	0	0	0	0	0	0	0	0	0	0	0	0	0
K03550	0	0	0	0	0	0	0	0	0	0	0	0	0	0	0	0	0	0	0	0	0	0	0	0	0	0	0	0	0	0	0	0	0	0	0	0	0	0	0	0	0	0	0	0	0	0	0	0	0	0	0	0	0	0	0	0	0	0	0	0	0	0	0	0	0	0	0	0	0	0	0	0	0	0	0	0	0	0	0	0	0	0	0	0	0	0	0	0	0	0	0	0	0	0	0	0	0	0	0	0	0	0	0	0	0	0	0	0	0	0	0	0	0	0	0	0	0	0
K02528	0	0	0	0	0	0	0	0	0	0	0	0	0	0	0	0	0	0	0	0	0	0	0	0	0	0	0	0	0	0	0	0	0	0	0	0	0	0	0	0	0	0	0	0	0	0	0	0	0	0	0	0	0	0	0	0	0	0	0	0	0	0	0	0.785714	0	0	0	0	0	0	0	0	0	0	0	0	0	0	0	0	0	0	0	0	0	2.17647	0	0	0	0	0	0	0	0	0	0	0	0	0	0	0	0	0	0	0	0	0	0	0	0	0	0	0	0	0	0	0	0
K01880	0	0	0	0	0.905691	0	0	0.167224	0	0	0	0.365853	0	0	0.121951	0	0	0	0	0	0	0	0	0	0	0	0	0	0.524366	0.243902	0.365041	0	0	0	0	0	0	0	0	0	0.121951	0	0	0.251821	0	0	0	0	0	0	0	0.301811	0	0	0	0	0	0.121951	0	0.120346	0	0	0	0.243902	0	0.365854	0	0	0	0	0	0	0	0	0	0	0	0	0	0	0	0	0	0.2008128	0.474376	5.156923	0	0.365853	0	0	0.201207	0.121951	0	0	0	0	0	0	0	0	0	0.683317	0	0	0	0	0	0	0	0	0	0	0	0.121951	0	0	0	0
K01679	0	0	0	0	3.515844	0	0	0.234742	0	0	0	0.132626	0	0	0.2633786	0	0	0	0	0	0	0	0	0	0	0	0	0	0	0.234742	0	0	0	0	0	0	0	0.130673	0	0	0	0	0	0	0	0	0	0	0	0	0	0.762128	0.117371	0	0	0	0	0	0	0.823557	0	0	0	0.80673	0.119332	0.119332	0	0	0	0.119332	0	0	0	0	0	0.3896202	0	0.104851	0	0.117371	0	0	0	0.251256	0	2.1188208	0.1713616	0	0	0	0	0	0	0	0	0	0	0	0	0	0	0.119332	0	0	0	0	0	0	0	0	0	0	0	0	0	0	0	0
K11754	0	0	0	0	0	0	0	0	0	0	0	0	0	0	0	0	0	0	0	0	0	0	0	0	0	0	0	0	0	0	0	0	0	0	0	0	0	0	0	0	0	0	0	0	0	0	0	0	0	0	0	0	0	0	0	0	0	0	0	0	0.323625	0	0	0	0	0	0	0	0	0	0	0	0	0	0	0	0	0	0	0	0	0	0	0	0	0	0	0	0	0	0	0	0	0	0	0	0	0	0	0	0	0.64617	0	0	0	0	0	0	0	0	0	0	0	0.161812	0	0	0	0
K00658	0	0	0	0	0	0	0	0	0	0	0	0	0	0	0	0	0	0	0	0	0	0	0	0	0	0	0	0	0	0	0	0	0	0	0	0	0	0	0	0	0	0	0	0	0	0	0	0	0	0	0	0	0	0	0	0	0	0	0	0	0	0	0	0	0	0	0	0	0	0	0	0	0	0	0	0	0	0	0.0344828	0	0	0	0	0	0	0	0	0.844828	0	0	0	0	0	0	0	0	0	0	0	0	0	0	0	0	0	0	0	0	0	0	0	0	0	0	0	0	0	0
K02358	0	0	0	0	5.257049	0	0	0.323727	0	0	0	0.340355	0	0	0.144092	0.2805	0	0	0	0	0	0	0	0	0	0	0	0	0.0883766	0	0	0	0	0	0.884956	0	0	0	0	0.720461	0	0	0	0	0	0	0	0	0	0	0	0.2649817	0	0	0	0.22892392	0	0	0	0	0	0	0	1.024015	0	0.144092	0	0.0960615	0	0.221239	0	0	0.403458	0	0	0.0912584	0	0.909091	0.886821	0	0.144092	0.598463	0.909091	1.528933	1.306937	10.793815	0.440705	1.254737	0	0.58657	0.897512	0.288184	0	0	0	0	0	0	0	0	0	0	0	0	0	0	0	0	0	0	0	0	0	0	0	0	0	0
K01918	0	0	0	0	0	0	0	0	0	0	0	0	0	0	0	0	0	0	0	0	0	0	0	0	0	0	0	0	0	0	0	0	0	0	0.45614	0	0	0	0	0	0	0	0	0.18797	0	0	0	0	0	0	0	0	0	0	0	0	0	0	0	0	0.18797	0	0	0	0	0.0739348	0	0	0	0	0	0	0	0	0	0	0	0	0	0	0	0	0	0	0.18797	0.997494	0	0	0	0.0551378	0	0	0	0	0	0	0	0	0	0	0	0.93985	0	0	0	0	0	0	0	0	0	0	0	0	0	0.0576441	0	0
K03040	0	0	0	0	3.687158	0	0	0.355872	0	0	0	1.949451	0.129371	0	0.313826	0	0	0	0	0	0	0	0	1.614277	0	0	0	0	0	0	0	0	0	0	1.1498	0	0	0	0	0.174825	0.394737	0	0	1.71976	0	0	0.435959	0	0	0	0.482517	0.2638938	0	0	0	0	0	0	0	0	0.521945	0	0	2.32223	0	0	0	0	0	0	0	0	0	10.59127	0	0.823255	0	0	1	0	0	0.427739	0.762752	0.702412	1.826839	14.18796	0	1.512759	0.177936	1.394467	0.174825	0.380365	0	0	0	0	0	0	0	0	0	1.94187	0	0	0	0	0	0	0	0	0	0	0	0	0	0	0	0
K01356	0	0	0	0	0	0	0	0	0	0	0	0	0	0	0	0	0	0	0	0	0	0	0	0	0	0	0	0	0	0	0	0	0	0	0	0	0	0	0	0	0	0	0	0	0	0	0	0	0	0	0	0	0	0	0	0	0	0	0	0	0	0	0	0	0	0	0	0	0	0	0	0	0	0	0	0	0	0	0	0	0	0	0	0	0	0	0	0	0	0	0	0	0	0	0	0	0	0	0	0	0	0	0	0	0	0	0	0	0	0	0	0	0	0	0	0	0	0
K04042	0	0	0	0	0.87016	0	0	0	0	0	0	0.114943	0.0114943	0	0.114176	0	0	0	0	0	0	0	0	0	0	0	0	0	0	0	0	0	0.229885	0	0	0	0	0	0	0	0.229885	0	0	0.0467433	0	0	0	0	0	0	0	0	0	0	0	0	0	0	0	0	0.344061	0	0	0	0	0	0	0.663602	0	0	0	0	0	0	0	0	0	0	0	0.114943	0.114943	0	0	0	0.505718	5.359988	0	0.406897	0	0.11724185	0	0.114943	0	0	0	0	0	0	0	0	0	0.27433	0	0	0	0	0	0	0	0	0	0	0	0.411495	0	0	0	0
K03637	0	0	0	0	0	0	0	0	0	0	0	0	0	0	0	0	0	0	0	0	0	0	0	0	0	0	0	0	0	0	0	0	0	0	0	0	0	0	0	0	0	0	0	0	0	0	0	0	0	0	0	0	0	0	0	0	0	0	0	0	0	0	0	0	0	0	0	0	0	0	0	0	0	0	0	0	0	0	0	0	0	0	0	0	0	0	0	0	0	0	0	0	0	0	0	0	0	0	0	0	0	0	0	0	0	0	0	0	0	0	0	0	0	0	0	0	0	0
K15553	0	0	0	0	0	0	0	0	0	0	0	0	0	0	0	0	0	0	0	0	0	0	0	0	0	0	0	0	0	0	0	0	0	0	0	0	0	0	0	0	0	0	0	0	0	0	0	0	0	0	0	0	0	0	0	0	0	0	0	0	0	0	0	0	0	0	0	0	0	0	0	0	0	0	0	0	0	0	0	0	0	0	0	0	0	0	0	0	0	0	0	0	0	0	0	0	0	0	0	0	0	0	0	0	0	0	0	0	0	0	0	0	0	0	0	0	0	0
K00370	0.1427732	0	0	0	0.964926	0	0	0	0	0	0	0.6125109	0.1408925	0	0.0210084	0.156087	0	0	0	0.0420168	0.0496032	0.0992064	0	0	0	0	0	0	0.0909057	0	0	0	0	0	0	0.0840336	0	0	0	0	0	0	0	0.2225218	0	0	0.0420168	0	0	0	0	0	0	0	0.104058	0.133333	0	0	0	0	0.0992064	0	0	0.0907441	0	0.2200961	0	0	0	0	0	0	0.0420168	0	0	0.3481716	0.124444	0	0.0840336	0	0.3610153	0.12605	0	0.168067	0.5548741	3.9472474	0.1327609	0.3574111	0.0496032	0.0992064	0.0420168	0.1549058	0	0	0	0	0	0	0	0	0	0.694444	0	0	0	0	0	0	0	0	0	0	0	0.252101	0	0	0.0840336	0
K02860	0	0	0	0	0	0	0	0	0	0	0	0	0	0	0	0	0	0	0	0	0	0	0	0	0	0	0	0	0	0	0	0	0	0	0	0	0	0	0	0	0	0	0	0	0	0	0	0	0	0	0	0	0	0	0	0	0	0	0	0	0.546906	0	0	0	0	0	0	0	0	0	0	0	0	0	0	0	0	0	0	0	0	0	0	0	0.530938	0	0	0	0	0	0	0	0	0	0	0	0	0	0	0	0	0.257485	0	0	0	0	0	0	0	0	0	0	0	0	0	0	0	0
K03545	0	0	0	0	2	0	0	0	0	0	0	1	1.72043	0	0	0	0	0	0	0	0	0	0	0	0	0	0	0	0.709677	0	0	0	0	0	0	0	0	0	0	0	0	0	0	0	0	0	0	0	0	0	0	0	0	0	0	0	0	0	0	0	0	0	0	0.709677	0	0	0	0	0	0	0	0	0	0	0	0	0	0	0	0	0	0	0	0.666667	0	5.16667	0	0	0	0	0	0	0	0	0	0	0	0	0	0	0	0	0	0	0	0	0	0	0	0	0	0	0	0	0	0	0	0
K02303	0	0	0	0	0	0	0	0	0	0	0	0	0	0	0	0	0	0	0	0	0	0	0	0	0	0	0	0	0	0	0	0	0	0	0	0	0	0	0	0	0	0	0	0	0	0	0	0	0	0	0	0	0	0	0	0	0	0	0	0	0	0	0	0	0	0	0	0	0	0	0	0	0	0	0	0	0	0	0	0	0	0	0	0	0	0	0	0	0	0	0	0	0	0	0	0	0	0	0	0	0	0	0	0	0	0	0	0	0	0	0	0	0	0	0	0	0	0
K03588	0	0	0	0	0	0	0	0	0	0	0	0	0	0	0	0	0	0	0	0	0	0	0	0	0	0	0	0	0	0	0	0	0	0	0	0	0	0	0	0	0	0	0	0	0	0	0	0	0	0	0	0	0	0	0	0	0	0	0	0	0	0	0	0	0	0	0	0	0	0	0	0	0	0	0	0	0	0.90991	0	0	0	0	0	0	0	0.981982	0	0.954955	0	0	1	0	0	0	0	0	0	0	0	0	0	0	0	0	0	0	0	0	0	0	0	0	0	0	0	0	0	0
K04517	0	0	0	0	0	0	0	0	0	0	0	0	0	0	0	0	0	0	0	0	0	0	0	0	0	0	0	0	0	0	0	0	0	0	0	0	0	0	0	0	0	0	0	0	0	0	0	0	0	0	0	0	0	0	0	0	0	0	0	0	0	0	0	0	0	0	0	0	0	0	0	0	0	0	0	0	0	0	0	0	0	0	0	0	0	0	0	0	0	0	0	0	0	0	0	0	0	0	0	0	0	0	0	0	0	0	0	0	0	0	0	0	0	0	0	0	0	0
K00241	0	0	0	0	0	0	0	0	0	0	0	0	0	0	0	0	0	0	0	0	0	0	0	0	0	0	0	0	0	0	0	0	0	0	0	0	0	0	0	0	0	0	0	0	0	0	0	0	0	0	0	0	0	0	0	0	0	0	0	0	0	0	0	0	0	0	0	0	0	0	0	0	0	0	0	0	0	0	0	0	0	0	0	0	0	0	0	0	0	0	0	0	0	0	0	0	0	0	0	0	0	0	0	0	0	0	0	0	0	0	0	0	0	0	0	0	0	0
K03551	0	0	0	0	0	0	0	0	0	0	0	0	0	0	0	0	0	0	0	0	0	0	0	0	0	0	0	0	0	0	0	0	0	0	0	0	0	0	0	0	0	0	0	0	0	0	0	0	0	0	0	0	0	0	0	0	0	0	0	0	0	0	0	0	0	0	0	0	0	0	0	0	0	0	0	0	0	0	0	0	0	0	0	0	0	0	0	0	0	0	0	0	0	0	0	0	0	0	0	0	0	0	0	0	0	0	0	0	0	0	0	0	0	0	0	0	0	0
K05522	0	0	0	0	0	0	0	0	0	0	0	0	0	0	0	0	0	0	0	0	0	0	0	0	0	0	0	0	0	0	0	0	0	0	0	0	0	0	0	0	0	0	0	0	0	0	0	0	0	0	0	0	0	0	0	0	0	0	0	0	0	0	0	0	0	0	0	0	0	0	0	0	0	0	0	0	0	0	0	0	0	0	0	0	0	0	0	0.129252	0.127303	0	0.204082	0	0.103501	0	0	0	0	0	0	0	0	0.440529	0	0	0	0	0	0	0	0	0	0	0	0	0	0	0	0
K02364	0	0	0	0	0.7397777	0	0	0	0	0	0	0.1617521	0	0	0	0	0	0	0	0	0	0	0	0.0711238	0	0	0	0	0	0.6161434	0	0	0	0	0	0	0	0	0	0	0	0	0	0	0	0	0	0	0	0	0	0.0455738	0	0	0	0	0	0	0	0	0	0	0	0.071582	0	0	0	0	0	0	0	0	0	0	0.165198	0	0	0	0	0	0	0.106449	0	0.106449	0.2398402	1.270603	0.0704225	0.2297846	0	0.7176274	0.0336435	0	0	0.0355619	0	0	0	0	0	0	0	0.0355619	0	0	0	0	0	0	0.0711238	0	0.0959198	0.1879458	0	0.146843	0	0.1426318	0	0
K02906	0	0	0	0	0	0	0	0.47619	0	0	0	0	0	0	0	0	0	0	0	0	0	0	0	0	0	0	0	0	0	0	0	0	0	0	0	0	0	0	0	0	0	0	0	0.5	0	0	0	0	0	0	0	0	0	0	0	0	0	0	0	0	0.563492	0	0	0	0	0.515873	0	0	0	0	0	0	0	0	0	0	0	0	0	0	0	0	0	0	1.60317	9.72222	0	0	0.293651	0	0	0	0	0	0	0	0	0	0	0	0	1	0	0	0	0	0	0	0	0	0	0	0	0	0	0	0	0
K03687	0	0	0	0	0	0	0	0	0	0	0	0	0	0	0	0	0	0	0	0	0	0	0	0	0	0	0	0	0	0	0	0	0	0	0	0	0	0	0	0	0	0	0	0	0	0	0	0	0	0	0	0	0	0	0	0	0	0	0	0	0	0	0	0	0	0	0	0	0	0	0	0	0	0	0	0	0	0	0	0	0	0	0	0	0	0	0	0	0	0	0	0	0	0	0	0	0	0	0	0	0	0	0	0	0	0	0	0	0	0	0	0	0	0	0	0	0	0
K03154	0	0	0	0	0	0	0	0	0	0	0	0	0	0	0	0	0	0	0	0	0	0	0	0	0	0	0	0	0	0	0	0	0	0	0	0	0	0	0	0	0	0	0	0	0	0	0	0	0	0	0	0	0	0	0	0	0	0	0	0	0	0	0	0	0	0	0	0	0	0	0	0	0	0	0	0	0	0	0	0	0	0	0	0	0	0	0	0	0	0	0	0	0	0	0	0	0	0	0	0	0	0	0	0	0	0	0	0	0	0	0	0	0	0	0	0	0	0
K01733	0	0	0	0	0	0	0	0	0	0	0	0	0	0	0	0	0	0	0	0	0	0	0	0	0	0	0	0	0	0	0	0	0	0	0	0	0	0	0	0	0	0	0	0	0	0	0	0	0	0	0	0	0	0	0	0	0	0	0	0	0	0	0	0	0	0	0	0	0	0	0	0	0	0	0	0	0	0	0	0	0	0	0	0	0	0.659574	0	0	0	0	0	0	0	0	0	0	0	0	0	0	0	0	0	0	0	0	0	0	0	0	0	0	0	0	0	0	0	0
K02342	0	0	0	0	0	0	0	0	0	0	0	0	0	0	0	0	0	0	0	0	0	0	0	0	0	0	0	0	0	0	0	0	0	0	0	0	0	0	0	0	0	0	0	0	0	0	0	0	0	0	0	0	0	0	0	0	0	0	0	0	0	0	0	0	0	0	0	0	0	0	0	0	0	0	0	0	0	0	0	0	0	0	0	0	0	0	0	0.153846	0	0	0	0	0	0	0	0	0	0	0	0	0	0	0	0	0	0	0	0	0	0	0	0	0	0	0	0	0	0
K00425	0.21097	0	0	0	1.57895	0	0	0.1293957	0	0	0.42545717	0	0.0436006	0	0	0	0	0	0	0	0.649351	0	0	0	0	0	0	0	0	0	0	0	1.26582	0	0	0	0	0	0	0	0.105485	0	0	0	0	0	0	0	0	0	0	0.04782	0	0	0	0	0	0	0	0	0.324675	0	0	1.642498	0	0.692686	0	0	0	0	0	0	0	0	0.21097	0.3108293	0	0	0	0	0	0.21097	0.0752461	0.4846765	0.43016	8.4597118	0	1.000444	0	0.105485	0.316456	0.572775	0	0.21097	0	0	0	0	0	0	0	1.50433	1.05263	0	0	0	0	0	0	0	0	0	0	0.778481	0	0.105485	0	0
K01714	0	0	0	0	1.810433	0	0	0	0	0	0	1.422392	1.311707	0	0	0	0	0	0	0	0	0	0	0	0	0	0	0	0	0.19084	0	0	0.847328	0	0	0	0	0	0	0	0	0	0	0	0	0	0	0	0	0	0	0.381679	0	0	0	0	0	0	0	0	0.19084	0	0	0	0	0.19084	0	0	0	0	0	0	0	0	0.669211	0	0	0	0	0	0	0	0	0	0.19084	1.587192	0.122137	0.0388889	0	0.19084	0.0966921	0	0	0	0	0	0	0	0	0	0	0.0648855	0	0	0	0	0	0	0	0	0	0	0	0	0	0	0	0
K01875	0	0	0	0	0.258398	0	0	0.173988	0	0	0	0	0	0	0	0	0	0	0	0	0	0	0	0	0	0	0	0	0	0	0	0	0	0	0	0.398936	0	0	0	0	0	0	0	0.217391	0	0	0	0	0	0	0	0.531915	0.395156	0	0	0	0	0	0	0	0	0	0	0.381206	0	0	0	0	0	0	0	0	0	0	0	0.129199	0	0	0.129534	0	0	0	0	0.129199	0.413043	2.355113	0	0.786533	0	0.304878	0	0	0	0	0	0	0	0	0.387597	0	0	0	0	0	0	0	0	0	0	0	0	0.132979	0	0	0	0	0	0
K03587	0.0122378	0	0	0	0.302448	0	0	0.174825	0.0874126	0	0	0.0874126	0	0	0	0	0	0	0	0	0	0	0	0	0	0	0	0	0	0.1748252	0	0	0	0	0	0	0	0	0	0.11655	0	0	0	1.0874126	0	0	0.160839	0	0	0	0	0.0874126	0	0	0.0874126	0	0	0	0	0	0.1748252	0	0	0.4638696	0	1.032341	0	0	0	0.0710956	0	0	0	0	0	0	0	0	0	0	0	0	0	0.5990676	0.3885391	8.9749302	0.0874126	0.579837	0	0.4443676	0.7052666	0.174825	0	0	0	0	0	0	0	0	0	0.208333	0	0	0	0.0874126	0	0	0	0	0	0.289017	0	0	0	0	0	0
K00721	0	0	0	0	0	0	0	0	0	0	0	0	0	0	0	0	0	0	0	0	0	0	0	0	0	0	0	0	0	0	0	0	0	0	0	0	0	0	0	0	0	0	0	0	0	0	0	0	0	0	0	0	0	0	0	0	0	0	0	0	0	0	0	0	0	0	0	0	0	0	0	0	0	0	0	0	0	0	0	0	0	0	0	0	0	0	0	0	0	0	0	0	0	0	0	0	0	0	0	0	0	0	0	0	0	0	0	0	0	0	0	0	0	0	0	0	0	0
K03654	0	0	0	0	0	0	0	0	0	0	0	0	0	0	0	0	0	0	0	0	0	0	0	0	0	0	0	0	0	0	0	0	0	0	0	0	0	0	0	0	0	0	0	0	0	0	0	0	0	0	0	0	0	0	0	0	0	0	0	0	0	0	0	0	0	0	0	0	0	0	0	0	0	0	0	0	0	0	0	0	0	0	0	0	0	1.875	0	0	0	0	0	0	0	0	0	0	0	0	0	0	0	0	0	0	0	0	0	0	0	0	0	0	0	0	0	0	0	0
K05364	0	0	0	0	0	0	0	0	0	0	0	0	0	0	0	0	0	0	0	0	0	0	0	0	0	0	0	0	0	0	0	0	0	0	0	0	0	0	0	0	0	0	0	0	0	0	0	0	0	0	0	0	0	0	0	0	0	0	0	0	0	0	0	0	0	0	0	0	0	0	0	0	0	0	0	0	0	0	0	0	0	0	0	0	0	0	0	0	0	0	0	0	0	0	0	0	0	0	0	0	0	0	0	0	0	0	0	0	0	0	0	0	0	0	0	0	0	0
K02445	0	0	0	0	0	0	0	0	0	1.44231	0	0	0	0	0	0	0	0	0	0	0	0	0	0	0	0	0	0	0	0	0	0	0	0	0	0	0	0	0	0	0	0	0	0	0	0	0	0	0	0	0	0	0	0	0	0	0	0	0	0	0	0	0	0	0	0	0	0	0	0	0	0	0	0	0	0	0	0	0	0	0	0	0	0	0	0	0	0	0	0	0	0	0	0	0	0	0	0	0	0	0	0	0	0	0	0	0	0	0	0	0	0	0	0	0	0	0	0
K02835	0.304394	0	0	0	3.474486	0	0	0.237942	0	0	0	1.7144972	1.203644	0	0	0	0	0	0	0	0	0	0	0.160772	0	0	0	0	0.2379424	0.553055	0	0	0	0	0.634512	0.0606061	0	0.321543	0	0	0	0	0	0.321543	0	0	0	0	0	0	0	0.826017	0	0	0.160772	0	0	0	0	0	4.808943	0	0	0.931054	0	0.160772	0	0	0	0	0	0	0	4.02358	1.094549	0.160772	0	0	0	0	0.160772	0	0	0.160772	1.081286	14.4776402	0.239234	1.1254	0	0.625888	1.365984	0	0	0	0	0	0	0	0	0	0	1.503675	0	0	0	0	0	0	0	0	0	0.160772	0	0	0	0	0	0
K03316	0	0	0	0	0	0	0	0	0	0	0	0	0	0	0	0	0	0	0	0	0	0	0	0	0	0	0	0	0	0	0	0	0	0	0	0	0	0	0	0	0	0	0	0	0	0	0	0	0	0	0	0	0	0	0	0	0	0	0	0	0	0	0	0	0	0	0	0	0	0	0	0	0	0	0	0	0	0	0	0	0	0	0	0	0	0	0	0	0	0	0	0	0	0	0	0	0	0	0	0	0	0	0	0	0	0	0	0	0	0	0	0	0	0	0	0	0	0
K01575	0	0	0	0	0	0	0	0	0	0	0	0	0	0	0	0	0	0	0	0	0	0	0	0.279026	0	0	0	0	0.25	0	0	0	0	0	0	0	0	0	0	0	0	0	0	0.206667	0	0	0	0	0	0	0	0	0	0	0	0	0	0	0	0	0.5	0	0	0	0	0	0	0	0	0	0	0	0	0	0	0	0	0	1	0	0	0	0	0.25	0.261364	0.806584	0	0	0	0	0	0	0	0	0	0	0	0	0	0	0	0	0	0	0	0	0	0	0	0	0	0	0	0	0	0	0	0
K01749	0	0	0	0	0	0	0	0	0	0	0	0	0	0	0	0	0	0	0	0	0	0	0	0	0	0	0	0	0	0.979798	0	0	0	0	0	0	0	0	0	0	0	0	0	0	0	0	0	0	0	0	0	0	0	0	0	0	0	0	0	0	0	0	0	0	0	0	0	0	0	0	0	0	0	0	0	0	0	0	0	0	0	0	0	0	0	0	0	0	0	0	0	0	0	0	0	0	0	0	0	0	0	0	0	0	0	0	0	0	0	0	0	0	0	0	0	0	0	0
K05596	0	0	0	0	0	0	0	0	0	0	0	0	0	0	0	0	0	0	0	0	0	0	0	0	0	0	0	0	0	0	0	0	0	0	0	0	0	0	0	0	0	0	0	0	0	0	0	0	0	0	0	0	0	0	0	0	0	0	0	0	0	0	0	0	0	0	0	0	0	0	0	0	0	0	0	0	0	0	0	0	0	0	0	0	0	1.11382	0	0	0	0	0	0	0	0	0	0	0	0	0	0	0	0	0	0	0	0	0	0	0	0	0	0	0	0	0	0	0	0
K06994	0	0	0	0	0	0	0	0	0	0	0	0	0	0	0	0	0	0	0	0	0	0	0	0	0	0	0	0	0	0	0	0	0	0	0	0	0	0	0	0	0	0	0	0	0	0	0	0	0	0	0	0	0	0	0	0	0	0	0	0	0	0	0	0	0	0	0	0	0	0	0	0	0	0	0	0	0	0	0	0	0	0	0	0	0	0	0	0	0	0	0	0	0	0	0	0	0	0	0	0	0	0	0	0	0	0	0	0	0	0	0	0	0	0	0	0	0	0
K03928	0	0	0	0	0.41841	0	0	0	0	0	0	0	0	0	0	0	0	0	0	0	0	0	0	0	0	0	0	0	0	0	0	0	0	0	0	0	0	0	0	0	0	0	0	0	0	0	0	0	0	0	0	0.226244	0	0	0	0	0	0	0	0	0	0	0	0	0	0	0	0	0	0	0	0	0	0	0	0	0	0	0	0	0	0	0	0	0.0934449	0	0	0.069735	0.209205	0.13947	0	0	0	0	0	0	0	0	0	0	0	0.37037	0	0	0	0	0	0	0	0	0	0	0	0	0	0	0	0
K06958	0	0	0	0	0	0	0	0	0	0	0	0	0	0	0	0	0	0	0	0	0	0	0	0	0	0	0	0	0	0	0	0	0	0	0	0	0	0	0	0	0	0	0	0	0	0	0	0	0	0	0	0	0	0	0	0	0	0	0	0	0	0	0	0	0	0	0	0	0	0	0	0	0	0	0	0	0	0	0	0	0	0	0	0	0	1	0	0	0	0	0	0	0	0	0	0	0	0	0	0	0	0	0	0	0	0	0	0	0	0	0	0	0	0	0	0	0	0
K07243	0	0	0	0	0	0	0	0	0	0	0	0	0	0	0	0	0	0	0	0	0	0	0	0	0	0	0	0	0	0	0	0	0	0	0	0	0	0	0	0	0	0	0	0	0	0	0	0	0	0	0	0	0	0	0	0	0	0	0	0	0	0	0	0	0	0	0	0	0	0	0	0	0	0	0	0	0	0	0	0	0	0	0	0	0	0	0	0	0	0	0	0	0	0	0	0	0	0	0	0	0	0	0	0	0	0	0	0	0	0	0	0	0	0	0	0	0	0
K00826	0	0	0	0	0.292194	0	0	0	0	0	0	0	0	0	0	0	0	0	0	0	0	0	0	0	0	0	0	0	0	1.313787	0	0	0	0	0	0	0	0	0	0	0	0	0	0	0	0	0	0	0	0	0	0	0	0	0	0	0	0	0	0	0.373134	0	0	0.438095	0	0	0	0	0	0	0	0	0	0	0	0	0	0	0.158228	0	0	0.52488	0	0	0	3.2980624	0	0.158228	0	0.373134	0	0.146624	0	0	0	0	0	0	0	0	0	0.86214	0	0	0	0	0	0	0	0	0	0	0	0	0	0	0	0
K11175	0	0	0	0	0	0	0	0	0	0	0	0	0	0	0	0	0	0	0	0	0	0	0	0	0	0	0	0	0	0	0	0	0	0	0	0	0	0	0	0	0	0	0	0	0	0	0	0	0	0	0	0	0	0	0	0	0	0	0	0	0	0	0	0	0	0	0	0	0	0	0	0	0	0	0	0	0	0	0	0	0	0	0	0	0	0	0	0	0	0	0	0	0	0	0	0	0	0	0	0	0	0	0	0	0	0	0	0	0	0	0	0	0	0	0	0	0	0
K02986	0	0	0	0	1.13872	0	0	0	0	0	0	4.83437	2	0	0	0	0	0	0	0	0	0	0	0	0	0	0	0	0	0	0	0	0.310559	0	0	0	0	0	0	0	0	0	0	0	0	0	0	0	0	0	0	0	0	0	0	0	0	0	0	0	0	0	0	0	0	0.310559	0	0	0	0.254658	0	0	0	0	0	0.138716	0	0	0	0	0	0	0	0	0	6.262317	0	0.15528	0	1	0.3706	0	0	0	0	0	0	0	0	0	0	2	0	0	0	0	0	0	0	0	0	0	0	0	0	0	0	0
K03110	0	0	0	0	0	0	0	0	0	0	0	0	0	0	0	0	0	0	0	0	0.181159	0	0	0	0	0	0	0	0	0	0	0	0	0	0	0	0	0	0	0	0	0	0	0	0	0	0	0	0	0	0	0	0	0	0	0	0	0	0	0	0.27657	0	0	0	0	0	0	0	0	0	0	0	0	0	0	0	0	0	0	0	0	0	0	0	0.254831	1.034002	0	0	0	0	0	0	0	0	0	0	0	0	0	0	0	1.08092	0	0	0	0	0	0	0	0	0	0	0	0	0	0	0	0
K02112	0	0	0	0	0	0	0	0	0	0	0	0	0	0	0	0	0	0	0	0	0	0	0	0	0	0	0	0	0	0	0	0	0	0	0	0	0	0	0	0	0	0	0	0	0	0	0	0	0	0	0	0	0	0	0	0	0	0	0	0	0	0	0	0	0	0	0	0	0	0	0	0	0	0	0	0	0	0	0	0	0	0	0	0	0	0	0	0	0	0	0	0	0	0	0	0	0	0	0	0	0	0	0	0	0	0	0	0	0	0	0	0	0	0	0	0	0	0
K06346	0.255952	0	0	0	1.438848	0	0	0	0	0	0	0.107914	1.534361	0	0	0	0	0	0	0	0	0	0	0	0	0	0	0	0.177458	0.201439	0	0	0	0	0	0	0	0	0	0	0	0	0	0.562044	0	0	0	0	0	0	0	0	0	0	0	0	0	0	0	0	0	0	0	0.546762	0	0.383693	0	0	0	0	0	0	0	0	0	0	0	0	0.359712	0	0	0.359712	0	0.664269	0.306954	7.165635	0	0.886243	0	0.359712	0	0	0	0	0	0	0	0	0	0	0	0	0	0	0	0	0	0	0	0	0	0	0	0.464335	0	0	0	0
K01104	0	0	0	0	0	0	0	0	0	0	0	0	0	0	0	0	0	0	0	0	0	0	0	0	0	0	0	0	0	0.540541	0	0	0	0	0	0	0	0	0	0	0	0	0	0	0	0	0	0	0	0	0	0	0	0	0	0	0	0	0	0	0	0	0	0	0	0	0	0	0	0	0	0	0	0	0	0	0	0	0	0	0	0	0	0	0	1.917431	0	0	0	0	0	0	0	0	0	0	0	0	0	0	0	0	0	0	0	0	0	0	0	0	0	0	0	0.27027	0	0	0.421622	0
K09458	0	0	0	0	0	0	0	0	0	0	0	0	0	0	0	0	0	0	0	0	0	0	0	0	0	0	0	0	0	0	0	0	0	0	0	0	0	0	0	0	0	0	0	0	0	0	0	0	0	0	0	0	0	0	0	0	0	0	0	0	0	0	0	0	0	0	0	0	0	0	0	0	0	0	0	0	0	0	0	0	0	0	0	0	0	0	0	0	0	0	0	0	0	0	0	0	0	0	0	0	0	0	0	0	0	0	0	0	0	0	0	0	0	0	0	0	0	0
K02551	0	0	0	0	0	0	0	0	0	0	0	0	0	0	0	0	0	0	0	0	0	0	0	0	0	0	0	0	0	0	0	0	0	0	0	0	0	0	0	0	0	0	0	0	0	0	0	0	0	0	0	0	0	0	0	0	0	0	0	0	0	0	0	0	0	0	0	0	0	0	0	0	0	0	0	0	0	0	0	0	0	0	0	0	0	0	0	0	0	0	0	0	0	0	0	0	0	0	0	0	0	0	0	0	0	0	0	0	0	0	0	0	0	0	0	0	0	0
K01895	0	0	0	0	0	0	0	0	0	0	0	0	0.151976	0	0	0	0	0	0	0	0	0	0	0	0	0	0	0	0.050641	0.151976	0	0	0.151976	0	0	0	0	0	0	0	0	0	0	0	0	0	0	0	0	0	0	0.0759878	0.821737	0	0	0	0	0	0	0	0	0	0	0	0	0	0	0	0	0	0.248227	0	0	0	0	0.0759878	0	0	0.1930838	0	0	0.0759878	0	0.500517	0.1199761	3.3587992	0	0.3011958	0	0.6020489	0.2279634	0.0759878	0	0	0	0	0	0	0	0	0	0.146628	0	0	0	0.088968	0	0	0	0	0	0.117096	0	0.3682878	0	0	0	0
K01990	0	0	0	0	0	0	0	0	0	0	0	0	0	0	0	0	0	0	0	0	0	0	0.186567	0	0	0	0	0	0	1.032338	0	0	0	0	0	0.373134	0	0	0	0	0	0	0	0	0	0	0	0	0	0	0	0	0.160448	0	0	0	0	0	0	0	0	0	0	0	0	0	0	0	0	0	0	0	0	0	0	0	0	0	0	0	0	0	0	0	0	0.373134	0	0	0	0	0.140547	0	0	0	0	0	0	0	0	0	0	0	0	0	0	0.72093	0	0	0	0	0	0.373134	0	0.11194	0	0	0	0
K00525	0	0	0	0	0.124077	0	0	0.322009	0	0	0	0.2215652	0	0	0.1678971	0	0	0	0	0	0	0	0	0.0630231	0	0	0	0	0.369276	0.0541605	0	0.0738552	0	0	0	0.14771	0	0	0	0	0.0738552	0	0	2.48378	0	0	0	0	0	0	0	0.295421	0	0	0.0738552	0	0	0	0	0	0	0	0	0.2181188	0.0738552	0.101428	0	0	0	0.14771	0	0	0.404727	0	0	0.0738552	0	0.0738552	0.147218	0	0	0.0738552	0.00246184	0.527326	0.573866	6.477078	0	0.217391	0	0.2755874	0.193501	0.1240768	0	0	0	0	0	0	0	0	0	0.72871	0	0	0	0	0	0	0	0.0738552	0	0	0	0	0	0	0	0
K03727	0	0	0	0	0.0517598	0	0	0	0	0	0	0	0	0	0	0	0	0	0.133333	0	0	0	0	0	0	0	0	0	0	0.294092	0	0	0	0	0	0	0	0	0	0	0	0	0	0	0	0	0	0	0	0	0	0.0961538	0.2929007	0	0.218341	0	0	0	0	0	0	0	0	0	0	0	0	0	0	0	0	0	0	0	0.00102881	0	0	0	0	0	0.211031	0.0516529	0	0.0516529	0.4114718	3.785493	0	0.5195441	0	0.1034127	0	0	0	0	0	0	0	0	0	0	0	0	0.102881	0	0	0	0	0	0	0	0	0.039039	0.0516529	0.103413	0	0.102881	0	0
K03624	0	0	0	0	0	0	0	0	0	0	0	0	0	0	0	0	0	0	0	0	0	0	0	0	0	0	0	0	0	0	0	0	0	0	0	0	0	0	0	0	0	0	0	0	0	0	0	0	0	0	0	0	0	0	0	0	0	0	0	0	0	0	0	0	0	0	0	0	0	0	0	0	0	0	0	0	0	0	0	0	0	0	0	0	0	0	0	0	0	0	0	0	0	0	0	0	0	0	0	0	0	0	0	0	0	0	0	0	0	0	0	0	0	0	0	0	0	0
K09157	0	0	0	0	0	0	0	0	0	0	0	0	0	0	0	0	0	0	0	0	0	0	0	0	0	0	0	0	0	0	0	0	0	0	0	0	0	0	0	0	0	0	0	0	0	0	0	0	0	0	0	0	0	0	0	0	0	0	0	0	0	0	0	0	0	0	0	0	0	0	0	0	0	0	0	0	0	0	0	0	0	0	0	0	0	0	0	0	0	0	0	0	0	0	0	0	0	0	0	0	0	0	0	0	0	0	0	0	0	0	0	0	0	0	0	0	0	0
K11752	0	0	0	0	1.8018	0	0	0	0	0	0	0	0	0	0	0	0	0	0	0	0	0	0	0	0	0	0	0	0	0	0	0	0	0	0	0	0	0	0	0	0	0	0	0	0	0	0	0	0	0	0	0	0.310433	0	0	0	0	0	0	0	0	0	0	0	0	0	0	0	0	0	0	0	0	0	0	0	0	0	0	0	0	0	0	0	0.945026	3.029095	0	0	0.2	0	0	0	0	0	0	0	0	0	0	0	0	0	0	0	0	0	0	0	0	0	0	0	0	0.2	0	0	0	0
K01589	0	0	0	0	0	0	0	0	0	0	0	0	0	0	0	0	0	0	0	0	0	0	0	0	0	0	0	0	0	0	0	0	0	0	0	0	0	0	0	0	0	0	0	0	0	0	0	0	0	0	0	0	0	0	0	0	0	0	0	0	0	0	0	0	0	0	0	0	0	0	0	0	0	0	0	0	0	0	0	0	0	0	0	0	0	0	0	0	0	0	0	0	0	0	0	0	0	0	0	0	0	0	0	0	0	0	0	0	0	0	0	0	0	0	0	0	0	0
K07259	0	0	0	0	0	0	0	0	0	0	0	0	0	0	0	0	0	0	0	0	0	0	0	0	0	0	0	0	0	0	0	0	0	0	0	0	0	0	0	0	0	0	0	0	0	0	0	0	0	0	0	0	0	0	0	0	0	0	0	0	0	0	0	0	0	0	0	0	0	0	0	0	0	0	0	0	0	0	0	0	0	0	0	1.09402	0	0	0	0	0	0	0	0	0	0	0	0	0	0	0	0	0	0	0	0	0	0	0	0	0	0	0	0	0	0	0	0	0	0
K14761	0	0	0	0	0	0	0	0	0	0	0	1	0	0	0	0	0	0	0	0	0	0	0	0	0	0	0	0	0	0	0	0	0	0	0	0	0	0	0	0	0	0	0	0	0	0	0	0	0	0	0	0	1	0	0	0	0	0	0	0	0	0	0	0	0	0	0	0	0	0	0	0	0	0	0	0	0	0	0	0	0	0	0	0	0	0	0	0	0	0	0	0	0	0	0	0	0	0	0	0	0	0	0	0	0	0	0	0	0	0	0	0	0	0	0	0	0	0
K06901	0	0	0	0	0	0	0	0	0	0	0	0.365432	0	0	0	0	0	0	0	0	0	0	0	0	0	0	0	0	0	0.223714	0.451504	0	0	0	0	0	0	0	0	0	0	0	0	0	0	0	0	0	0	0	0	0	0	0	0	0	0	0	0	0	0	0	0	0	0	0	0	0	0	0	0	0	0	0	0	0	0	0	0	0	0	0	0	0	0	0.850757	0	0.151976	0	0	0	0	0.111857	0	0	0	0	0	0	0.341686	0	0	0	0	0	0	0	0	0.113895	0	0	0.111857	0	0	0	0	0	0
K03088	0	0	0	0	0	0	0	0	0	0	0	0	0	0	0	0	0	0	0	0	0	0	0	0	0	0	0	0	0	0	0	0	0	0	0	0	0	0	0	0	0	0	0	0	0	0	0	0	0	0	0	0	0	0	0	0	0	0	0	0	0	0	0	0	0	0	0	0	0	0	0	0	0	0	0	0	0	0	0	0	0	0	0	0	0	0	0	0	0	0	0	0	0	0	0	0	0	0	0	0	0	0	0	0	0	0	0	0	0	0	0	0	0	0	0	0	0	0
K02879	0	0	0	0	0	0	0	0	0	0	0	0	0	0	0	0	0	0	0	0	0.798611	0	0	0	0	0	0	0	0	0	0	0	0	0	0	0	0	0	0	0	0	0	0	0	0	0	0	0	0	0	0	0	0	0	0	0	0	0	0	0	0	0	0	0	0	0	0	0	0	0	0	0	0	0	0	0	0	0	0	0	0	0	0	0	0	0.972222	0	0	0	0	0	0	0	0	0	0	0	0	0	0	0	1.51389	0	0	0	0	0	0	0	0	0	0	0	0	0	0	0	0
K01966	0	0	0	0	0	0	0	0	0	0	0	0	0	0	0	0	0	0	0	0	0	0	0	0	0	0	0	0	0	0	0	0	0	0	0	0	0	0	0	0	0	0	0	0	0	0	0	0	0	0	0	0	0	0	0	0	0	0	0	0	0	0	0	0	0	0	0	0	0	0	0	0	0	0	0	0	0	0	0	0	0	0	0	0	0.51584	1.27204	0	0	0	0.103306	0	0	0	0	0	0	0	0	0	0	0	0.413223	0	0	0	0	0	0	0	0	0	0	0	0	0	0	0	0
K16650	0	0	0	0	0	0	0	0.4811149	0	0	0	0.209205	0.407332	0	0	0	0	0	0	0	0	0	0	0	0	0	0	0	0	0	0	0	0	0	0.85411	0	0	0.0810373	0	0	0	0	0	0	0	0	0	0	0	0	0	1.523342	0.0810373	0	0	0	0	0	0	0	0	0	0	0.199203	0	0	0	0	0	0	0	0	0	0	0	0	0	0	0.0759289	0	0	0	0	0.506427	0.101833	6.9263033	0.136128	0	0	0.469484	0	0.0810373	0	0	0	0	0	0	0	0	0	0	0	0	0	0.128535	0	0	0	0	0	0	0	0	0	0	0	0
K07670	0	0	0	0	2.28995	0	0	0	0	0	0	1.080897	0	0	0.355556	1.244566	0	0	0	0	0	0	0	0	0	0	0	0	0.543478	0	0	0	0	0	0	0	0	0	0	0	0	0	0	0	0	0	0	0	0	0	0	0.815217	0	0	0	0	0	0	0	0	0.79529	0	0	3.3764774	0	0	0	0.549517	0	0	0	0	0	0	0	0.0905797	0	0	0	0	0	0.432971	0	0.21558	0.2554343	5.600729	0.271739	0	0.271739	0	0	0	0	0	0	0	0	0	0	0	0	1.08696	0	0	0	0	0	0	0	0	0	0	0	0	0	0	0	0
K02034	0	0	0	0	0	0	0	0	0	0	0	0	0	0	0	0	0	0	0	0	0	0	0	0	0	0	0	0	0	0	0	0	0	0	0	0	0	0	0	0	0	0	0	0	0	0	0	0	0	0	0	0	0	0	0	0	0	0	0	0	0	0	0	0	0	0	0	0	0	0	0	0	0	0	0	0	0	0	0	0	0	0	0	0	0	0	0	0	0	0	0	0	0	0	0	0	0	0	0	0	0	0	0	0	0	0	0	0	0	0	0	0	0	0	0	0	0	0
K06207	0	0	0	0	0.680272	0	0	0	0	0	0	0.297619	0	0	0	0	0	0	0	0	0	0	0	0	0	0	0	0	0	0.4635807	0	0	0	0	0	0	0	0	0	0	0	0	0	0	0	0	0	0	0	0	0	0	0	0	0	0	0	0	0	0	0	0	0	0	0	0	0	0	0	0	0	0	0	0	0	0.085034	0	0.170068	0	0	0	0.255102	1.08458	0.255102	0.241497	1.7930836	0	0.345361	0	0.116279	0	0	0	0	0	0	0	0	0	0	0	1.10448	0	0	0	0	0	0	0	0.085034	0.085034	0.0844671	0	0	0	0	0	0
K06153	0	0	0	0	0.924242	0	0	0	0	0	0	0	1	0	0	0	0	0	0	0	0	0	0	0	0	0	0	0	0	0	0	0	0	0	0	0	0	0	0	0	0	0	0	0	0	0	0	0	0	0	0	0	0	0	0	0	0	0	0	0	0	0	0	0	0	0	0	0	0	0	0	0	0	0	1.22667	0	0	0	0	0	0	0	0	0	0	0	0	0	0	0	0	0	0	0	0	0	0	0	0	0	0	0	0	0	0	0	0	0	0	0	0	0	0	0	0	0	0	0
K22902	0	0	0	0	0.565804	0	0	0.158576	0	0	0	0	0	0	0	0	0	0	0	0	0	0	0	0	0	0	0	0	0	0.984509	0	0	0	0	0	0.160256	0	0	0	0	0	0	0	0	0	0	0	0	0	0	0	0	0.1602564	0	0	0	0	0	0	0	0.161812	0	0	0	0	0	0	0	0	0	0	0	0	0	0	0	0	0	0.114679	0	0	0	0	0.0809061	0.161812	1.7122872	0	0	0	0	0.374419	0	0.150183	0	0	0	0	0	0	0.161812	0	0	0	0	0	0	0	0	0	0	0	0	0	0.161812	0	0.142094	0	0
K02890	0	0	0	0	0	0	0	0	0	0	0	0	0	0	0	0	0	0	0	0	0	0	0	0	0	0	0	0	0	0	0	0	0	0	0	0	0	0	0	0	0	0	0	0	0	0	0	0	0	0	0	0	0	0	0	0	0	0	0	0	0	0	0	0	0	0	0	0	0	0	0	0	0	0	0	0	0	0	0	0	0	0	0	0	0	0	0	0	0	0	0	0	0	0	0	0	0	0	0	0	0	0	0	0	0	0	0	0	0	0	0	0	0	0	0	0	0	0
K01923	0	0	0	0	0.0803419	0	0	0	0	0	0	0	0	0	0	0	0	0	0	0	0	0	0	0	0	0	0	0	0.19305	0	0	0	0	0	0	0	0	0	0	0	0	0	0	0	0	0	0	0	0	0	0	0	0	0	0	0	0	0	0	0	0	0	0	1.135802	0	0.657895	0	0	0	0	0	0	0	0	0	0	0	0	0	0	0	0	0	0.763359	0.589061	1.00481	0	0	0	0.367209	0	0	0	0	0	0	0	0	0	0	0	0	0	0	0	0	0	0	0	0	0	0	0	0	0	0	0	0
K06949	0	0	0	0	1.073619	0	0	0	0	0	0	0.306748	0.277096	0	0	0	0	0	0	0	0	0	0	0	0	0	0	0	0.229039	0.262781	0	0	0	0	0	0	0	0	0	0	0	0	0	0	0	0	0	0	0	0	0	0	0	0	0	0	0	0	0	0	0	0	0	0	0	0	0	0	0.153374	0	0	0	0	0	0	0	0	0	0.153374	0	0	0	0	0.297546	0.306748	2.78323	0	0.153374	0	0.251534	0	0	0	0	0	0	0	0	0	0	0	0.350716	0	0	0	0	0	0	0	0	0.441718	0	0	0	0	0	0	0
K00215	0	0	0	0	0	0	0	0	0	0	0	0	0	0	0	0	0	0	0	0	0	0	0	0	0	0	0	0	0	0	0	0	0	0	0	0	0	0	0	0	0	0	0	0	0	0	0	0	0	0	0	0	0	0	0	0	0	0	0	0	0	0	0	0	0	0	0	0	0	0	0	0	0	0	0	0	0	0	0	0	0	0	0	0	0	0	0	0	0	0	0	0	0	0	0	0	0	0	0	0	0	0	0	0	0	0	0	0	0	0	0	0	0	0	0	0	0	0
K01193	0	0	0	0	0.368534	0	0	0.246914	0	0	0	0.215517	0.215517	0	0	0	0	0	0	0	0	0	0	0	0	0.425287	0	0.0136494	0.5606808	0	0	0	0	0	0.646552	0	0	0	0	0	0	0	0	0.107759	0	0	0	0	0	0	0	0.106322	0	0	0	0	0	0	0	0	0.323276	0	0	6.846762	0	0.215517	0	0.155891	0	0	0	0	0	0.980392	0	0	0	0	0	0	0	0	0	0	0.253592	7.718936	0	0	0.215517	0.431034	0	0.107759	0	0	0	0	0	0	0	0	0	1.17241	0	0	0	0.565533	0	0	0	0	0.101293	0	0	0.215517	0	0	0	0
K03426	0	0	0	0	0	0	0	0	0	0	0	0	0	0	0	0	0	0	0	0	0	0	0	0	0	0	0	0	0	0	0	0	0	0	0	0	0	0	0	0	0	0	0	0	0	0	0	0	0	0	0	0	0	0	0	0	0	0	0	0	0	0	0	0	0	0	0	0	0	0	0	0	0	0	0	0	0	0	0	0	0	0	0	0	0	0	0	0	0	0	0	0	0	0	0	0	0	0	0	0	0	0	0	0	0	0	0	0	0	0	0.480769	0	0	0	0	0	0	0
K05896	0	0	0	0	0	0	0	0	0	0.353357	0	1	0	0	0	0	0	0	0	0	0	0	0	0	0	0	0	0	0	0.352179	0	0	5	0	0	0	0	0	0	0	0	0	0	0	0	0	0.174825	0	0	0	0	0	0	0	0	0	0	0	0	0	0.2228511	0	0	0	0.174825	0	0	0	0	0	0	0	0	0	0	0.0174825	0	0	0.178571	0	0	0.564103	0	0	0.0918728	3.0630931	0	0.351503	0.174825	0.528182	0.481883	0.199203	0	0	0	0	0	0	0	0	0	0	0	0	0	0	0	0	0	0	0	0	0	0	0	0	0	0
K00609	0	0	0	0	0	0	0	0	0	0	0	0	0	0	0	0	0	0	0	0	0	0	0	0	0	0	0	0	0	0	0	0	0	0	0	0	0	0	0	0	0	0	0	0	0	0	0	0	0	0	0	0	0	0	0	0	0	0	0	0	0	0	0	0	0	0	0	0	0	0	0	0	0	0	0	0	0	0	0	0	0	0	0	0	0	0	0	0	0	0	0	0	0	0	0	0	0	0	0	0	0	0	0	0	0	0	0	0	0	0	0	0	0	0	0	0	0	0
K06942	0	0	0	0	0	0	0	0	0	0	0	0	0	0	0	0	0	0	0	0	0	0	0	0	0	0	0	0	0	0	0	0	0	0	0	0	0	0	0	0	0	0	0	0	0	0	0	0	0	0	0	0	0	0	0	0	0	0	0	0	0	0	0	0	0	0	0	0	0	0	0	0	0	0	0	0	0	0	0	0	0	0	0	0	0	0	0	0	0	0	0	0	0	0	0	0	0	0	0	0	0	0	0	0	0	0	0	0	0	0	0	0	0	0	0	0	0	0
K03724	0	0	0	0	0.164926	0	0	0	0	0	0	0.0190198	0	0	0	0.0550358	0	0	0	0	0	0.19564	0	0	0	0	0	0	0	0.1281887	0	0	0.0819001	0	0	0	0	0	0	0	0	0	0	0	0	0	0.0322581	0	0	0	0	0	0.0597457	0	0	0	0	0	0	0	0	0	0	0	0	0.0550358	0	0	0	0	0	0	0	0	0	0.0274876	0	0	0	0	0	0.0274876	0	0.1088457	0.110865	0.8389844	0	0	0	0.0847458	0	0	0	0	0	0	0	0	0	0	0	0.04095	0	0	0	0.0272926	0	0	0	0	0.2065297	0.1316738	0	0.220607	0	0	0	0
K15520	0	0	0	0	0	0	0	0	0	0	0	0	0	0	0	0	0	0	0	0	0	0	0	0	0	0	0	0	0	0	0	0	0	0	0	0	0	0	0	0	0	0	0	0	0	0	0	0	0	0	0	0	0	0	0	0	0	0	0	0	0	0	0	0	0	0	0	0	0	0	0	0	0	0	0	0	0	0	0	0	0	0	0	0	0	0	0	0	0	0	0	0	0	0	0	0	0	0	0	0	0	0	0	0	0	0	0	0	0	0	0	0	0	0	0	0	0	0
K15554	0	0	0	0	0	0	0	0	0	0	0	0	0	0	0	0	0	0	0	0	0	0	0	0	0	0	0	0	0	0	0	0	0	0	0	0	0	0	0	0	0	0	0	0	0	0	0	0	0	0	0	0	0	0	0	0	0	0	0	0	0	0	0	0	0	0	0	0	0	0	0	0	0	0	0	0	0	0	0	0	0	0	0	0	0	0	0	0	0	0	0	0	0	0	0	0	0	0	0	0	0	0	0	0	0	0	0	0	0	0	0	0	0	0	0	0	0	0
K06877	0	0	0	0	0	0	0	0	0	0	0	0	0	0	0	0	0	0	0	0	0	0	0	0	0	0	0	0	0	0	0	0	0	0	0	0	0	0	0	0	0	0	0	0	0	0	0	0	0	0	0	0	0	0	0	0	0	0	0	0	0	0	0	0	0	0	0	0	0	0	0	0	0	0	0	0	0	0	0	0	0	0	0	0	0	0	0	0	0	0	0	0	0	0	0	0	0	0	0	0	0	0	0	0	0	0	0	0	0	0	0	0	0	0	0	0	0	0
K08884	0	0	0	0	2.13471	0	0	0.095057	0	0	0	0.3523856	0.565409	0	0.2830186	0	0	0	0	0	0	0	0	0.093985	0	0	0	0	0	0	0	0	0	0	0	0	0	0	0.093985	0	0	0	0	0	0	0	0	0	0	0	0	0	0	0	0	0	0	0	0	0	0	0	0	0.095057	0	0.28239	0	0	0	0	0	0	0	0	0.093985	0	0	0	0	0	0.0931099	0	0.284537	0	0	0.3762946	0.2667536	0.380227	0	0	0	0	0	0	0	0	0	0	0	0	0	0	0	0	0	0	0	0	0	0	0.18797	0.093985	0	0.1527	0	0	0	0
K03072	0	0	0	0	0.127111	0	0	0.29118	0	0	0	0.420689	0	0	0	0	0	0	0	0	0	0	0	0	0	0	0	0	0	0	0	0	0	0	0	0	0	0	0	0	0	0	0	0	0	0	0	0	0	0	0	0.4830543	0	0	0	0	0	0	0	0	0	0	0	0.231111	0	0.0972763	0	0	0	0	0	0	0	0	0.133333	0	0	0	0	0	0	0	0	0.590909	0.287356	3.851816	0.133333	0	0	0	0.0933852	0.0972763	0	0	0	0	0	0	0	0	0	0	0	0	0	0	0	0	0	0	0	0	0	0	0	0	0	0.0355556
K00075	0	0	0	0	0.626959	0	0	0.15674	0	0	0	0	0	0	0	0	0	0	0	0	0	0	0	0	0	0	0	0	0	0	0	0	0	0	0	0	0	0	0	0	0	0.15674	0	0	0	0	0	0	0	0	0	0	0.306748	0	0	0	0	0.15674	0	0	0	0	0	0.15674	0	0.783699	0	0	0	0.180077	0	0	0	0	0	0	0	0	0.191571	0	0	0.31348	0.15674	0	0	3.1311995	0	0.15674	0	0.9383492	0	0.15674	0	0	0	0	0	0	0	0	0	0.15674	0	0	0	0	0	0	0	0	0	0	0	0.15674	0	0	0	0
K00053	0	0	0	0	0	0	0	0	0	0	0	0	0	0	0	0	0	0	0	0	0	0	0	0	0	0	0	0	0	0	0	0	0	0	0	0	0	0	0	0	0	0	0	0	0	0	0	0	0	0	0	0	0	0	0	0	0	0	0	0	0	0	0	0	0	0	0	0	0	0	0	0	0	0	0	0	0	0	0	0	0	0	0	0	0	0	0	0	0	0	0	0	0	0	0	0	0	0	0	0	0	0	0	0	0	0	0	0	0	0	0	0	0	0	0	0	0	0
K03043	0.268096	0	0	0	12.2951485	0	0	0.5638965	0	0	0	2.8677665	1.2460952	0.102459	0.4992016	0	0	0	0.0446828	0	0.100806	0	0	0.0886969	0	0.9619756	0	0.102459	0.178731	0	0	0	0.4584135	0	0	0.6505405	0	1.259779	0	0.1340484	0.2462958	0	2.30769	3.6334663	0	0	0.3689025	0	0	0	0	1.050653	0.0446828	0	0.5559387	0	0	0.0446828	0.0446828	0	0.8351158	0	0	1.254558	0.102459	0.8500423	0	0.3809047	0	0.0893655	0	0.0893655	0.614039	1.274143	0	0.5749202	0.0443849	0.134048	1.0613031	0	0.0886969	0.7620992	0.2456155	4.0970071	4.8743718	152.086847	0.5394015	3.7807272	0.7326308	5.3054801	6.4934024	0.7030354	0	0	0	0	0	0.0446828	0	0	0	13.224606	0	0	0	0	0	0	0	0.356436	0	0.123762	0	0.3224032	0	0	0	0.0440141
K21147	0	0	0	0	0	0	0	0	0	0	0	0	0	0	0	0	0	0	0	0	0	0	0	0	0	0	0	0	0	0	0	0	0	0	0	0	0	0	0	0	0	0	0	0	0	0	0	0	0	0	0	0	0	0	0	0	0	0	0	0	0	0	0	0	0	0	0	0	0	0	0	0	0	0	0	0	0	0	0	0	0	0	0	0.833333	0	0.287356	0	0	0	0	0	0	0	0	0	0	0	0	0	0	0	0	0	0	0	0	0	0	0	0	0	0	0	0	0	0	0	0
K01644	0	0	0	0	0	0	0	0	0	0	0	0	0	0	0	0	0	0	0	0	0	0	0	0	0	0	0	0	0	0	0	0	0	0	0	0	0	0	0	0	0	0	0	0	0	0	0	0	0	0	0	0	0	0	0	0	0	0	0	0	0	0	0	0	0	0	0	0	0	0	0	0	0	0	0	0	0	0	0	0	0	0	0	0	0	0	0	0	0	0	0	0	0	0	0	0	0	0	0	0	0	0	0	0	0	0	0	0	0	0	0	0	0	0	0	0	0	0
K02601	0.753769	0	0	0	32.375185	0	0	21.386158	0	0	0	9.64674	2.979416	0	1.410385	0.353434	0	0	0	0	0	0	0	0	0	0	0	0.180905	0.147404	0	0.502512	0	2.61111	0	2.512559	0	0	0	0	2.512565	0	0	0	5.581763	0	0	0.502513	0	0	0	4.27901	8.537531	0	0	1.617497	0	0	0	0	0	2.069135	0	0	3.63149	0	3.035172	0	0.273256	0	0.184255	1.58794	1.89447	0	0.341709	1.162511	0.502512	0	0	0	0.162479	0.0753769	0	0.806812	3.783482	4.558758	41.528556	0.502512	1.730318	0.621626	2.640816	1.71318	0.401545	0	0	0	0	0	0	0	0	0	5.4385211	0	0	0	0	0	0	0	0	0	0	0	0	0	0.40201	0	0
K07173	0	0	0	0	0	0	0	0	0	0	0	0	0	0	0	0	0	0	0	0	0	0	0	0	0	0	0	0	0	0	0	0	0	0	0	0	0	0	0	0	0	0	0	0	0	0	0	0	0	0	0	0	0	0	0	0	0	0	0	0	0	0	0	0	0	0	0	0	0	0	0	0	0	0	0	0	0	0	0	0	0	0	0	0	0	2.85714	0	0	0	0	0	0	0	0	0	0	0	0	0	0	0	0	0	0	0	0	0	0	0	0	0	0	0	0	0	0	0	0
K01599	0	0	0	0	0	0	0	0	0	0	0	0	0	0	0	0	0	0	0	0	0	0	0	0	0	0	0	0	0	0	0	0	0	0	0	0	0	0	0	0	0	0	0	0	0	0	0	0	0	0	0	0	0.121359	0	0	0	0	0	0	0	0	0	0	0	0	0	0	0	0	0	0	0	0	0	0	0	0	0	0	0	0	0	0	0	0	0.121359	0	0	0	0	0	0	0	0	0	0	0	0	0	0	0	0	0	0	0	0	0	0	0	0	0	0	0	0	0	0	0	0
K03308	0	0	0	0	0	0	0	0	0	0	0	0	0	0	0	0	0	0	0	0	0	0	0	0	0	0	0	0	0	0	0	0	0	0	0	0	0	0	0	0	0	0	0	0	0	0	0	0	0	0	0	0	0	0	0	0	0	0	0	0	0	0	0	0	0	0	0	0	0	0	0	0	0	0	0	0	0	0	0	0	0	0	0	0	0	0	0	0	0	0	0	0	0	0	0	0	0	0	0	0	0	0	0	0	0	0	0	0	0	0	0	0	0	0	0	0	0	0
K03076	0	0	0	0	0	0	0	0	0	0	0	0	0	0	0	0	0	0	0	0	0	0	0	0	0	0	0	0	0	0	0	0	0	0	0	0	0	0	0	0	0	0	0	0	0	0	0	0	0	0	0	0	0	0	0	0	0	0	0	0	0	0	0	0	0	0	0	0	0	0	0	0	0	0	0	0	0	0	0	0	0	0	0	0	0	0	0	0	0	0	0	0	0	0	0	0	0	0	0	0	0	0	0	0	0	0	0	0	0	0	0	0	0	0	0	0	0	0
K01246	0	0	0	0	0	0	0	0	0	0	0	0	0	0	0	0	0	0	0	0	0	0	0	0	0	0	0	0	0	0	0	0	0	0	0	0	0	0	0	0	0	0	0	0	0	0	0	0	0	0	0	0	0	0	0	0	0	0	0	0	0	0	0	0	0	0	0	0	0	0	0	0	0	0	0	0	0	0	0	0	0	0	0	0	0	0	0	0	0	0	0	0	0	0	0	0	0	0	0	0	0	0	0	0	0	0	0	0	0	0	0	0	0	0	0	0	0	0
K10008	0	0	0	0	0	0	0	0	0	0	0	0	0	0	0	0	0	0	0	0	0	0	0	0	0	0	0	0	0	0	0	0	0	0	0	0	0	0	0	0	0	0	0	0	0	0	0	0	0	0	0	0	0	0	0	0	0	0	0	0	0	0	0	0	0	0	0	0	0	0	0	0	0	0	0	0	0	0	0	0	0	0	0	0	0	0	0	0	0	0.126829	0	0	0	0	0	0	0	0	0	0	0	0	0	0	0	0	0	0	0	0	0	0	0	0	0	0	0	0
K01768	0	0	0	0	0	0	0	0	0	0	0	0	0	0	0	0	0	0	0	0	0	0	0	0	0	0	0	0	0	0.327345	0	0	0	0	0	0	0	0	0	0	0	0	0	0	0	0	0	0	0	0	0	0	0	0	0	0	0	0	0	0	0	0	0	0.148703	0	0	0	0	0	0	0	0	0	0	0	0.149701	0	0	0	0	0	0.2205593	0	1.33333	0.123752	3.120761	0	0.149701	0	0.149701	0	0	0	0	0	0	0	0	0	0	0	0.149701	0	0	0	0	0	0	0	0	0	0	0	0	0	0	0	0
K07693	0	0	0	0	0	0	0	0	0	0	0	0	0	0	0	0	0	0	0	0	0	0	0	0	0	0	0	0	0	0	0	0	0	0	0	0	0	0	0	0	0	0	0	0	0	0	0	0	0	0	0	0	0	0	0	0	0	0	0	0	0	0	0	0	0	0	0	0	0	0	0	0	0	0	0	0	0	0	0	0	0	0	0	0	0	0	0	0	0	0	0	0	0	0	0	0	0	0	0	0	0	0	0	0	0	0	0	0	0	0	0	0	0	0	0	0	0	0
K07223	0	0	0	0	0	0	0	0	0	0	0	0	0	0	0	0	0	0	0	0	0	0	0	0	0	0	0	0	0	0	0	0	0	0	0	0	0	0	0	0	0	0	0	0	0	0	0	0	0	0	0	0	0	0	0	0	0	0	0	0	0	0	0	0	0	0	0	0	0	0	0	0	0	0	0	0	0	0	0	0	0	0	0	0	0	0	0	0	0	0	0	0	0	0	0	0	0	0	0	0	0	0	0	0	0	0	0	0	0	0	0	0	0	0	0	0	0	0
K02933	0.596899	0	0	0	19.0543	0	0	2.31525	0	0	0	7.89664	2.38501	0	0.857881	0	0	0	0	0.387597	0.260982	0.745833	0	0.914729	0	0.387597	0	0	0.387597	0.387597	0	0	2.58915	0.416021	1.79845	2.03101	0	0	0	1.36434	0.387597	0	0	2.025161	0	0	0	0	0	0	0	0.94832	0.204134	0	1.46253	0	0	0	0	0	1.770447	0	0	3.09819	0	2.42119	0	2.23256	0	0.387597	0	0	0	0.263566	1.6124	1.05943	0.333333	0	0.560724	0	1.12403	1.34367	1.08333	3.13178	4.24319	92.1551	1.50904	2.58915	0.629878	2.54115	3.29199	0.775194	0	0	0	0	0	0	0	0	0	3.28647	0	0	0	0.387597	0	0	0	0	0	0	0	1.012597	0	0	0	0
K07067	0	0	0	0	0	0	0	0	0	0	0	0	0	0	0	0	0	0	0	0	0	0	0	0	0	0	0	0	0	0	0	0	0	0	0	0	0	0	0	0	0	0	0	0	0	0	0	0	0	0	0	0	0	0	0	0	0	0	0	0	0	0	0	0	0	0	0	0	0	0	0	0	0	0	0	0	0	0	0	0	0	0	0	0	0	0	0	0	0	0	0	0	0	0	0	0	0	0	0	0	0	0	0	0	0	0	0	0	0	0	0	0	0	0	0	0	0	0
K04564	0	0	0	0	0	0	0	0	0	0	0	0	0	0	0	0	0	0	0	0	0	0	0	0	0	0	0	0	0	0	0	0	0	0	0	0	0	0	0	0	0	0	0	0	0	0	0	0	0	0	0	0	0	0	0	0	0	0	0	0	0	0	0	0	0	0	0	0	0	0	0	0	0	0	0	0	0	0	0	0	0	0	0	0	0	0	0	0	0	0	0	0	0	0	0	0	0	0	0	0	0	0	0	0	0	0	0	0	0	0	0	0	0	0	0	0	0	0
K04762	0	0	0	0	0	0	0	0	0	0	0	0	0	0	0	0	0	0	0	0	0	0	0	0	0	0	0	0	0	0	0	0	0	0	0	0	0	0	0	0	0	0	0	0	0	0	0	0	0	0	0	0	0	0	0	0	0	0	0	0	0	0	0	0	0	0	0	0	0	0	0	0	0	0	0	0	0	0	0	0	0	0	0	0	0	0	0	0	0	0	0	0	0	0	0	0	0	0	0	0	0	0	0	0	0	0	0	0	0	0	0	0	0	0	0	0	0	0
K01772	0	0	0	0	0	0	0	0	0	0	0	0	0	0	0	0	0	0	0	0	0	0	0	0	0	0	0	0	0	0	0	0	0	0	0	0	0	0	0	0	0	0	0	0	0	0	0	0	0	0	0	0	0	0	0	0	0	0	0	0	0	0	0	0	0	0	0	0	0	0	0	0	0	0	0	0	0	0	0	0	0	0	0	0	0	2.61667	0	0	0	0	0	0	0	0	0	0	0	0	0	0	0	0	0	0	0	0	0	0	0	0	0	0	0	0	0	0	0	0
K01928	0	0	0	0	1.391416	0	0	1.409169	0	0	0	0	0.0618557	0	0	0	0	0	0	0	0	0	0	0	0	0	0	0	0	0.645931	0	0	0	0	0	0	0	0	0	0	0.0344612	0	0	0	0	0	0	0	0	0	0	0.281955	0	0	0	0	0	0	0	0	0	0	0	0.102757	0.18797	0.157182	0	0	0	0	0	0	0	0.569549	0	0	0	0	0	0	0	0	0	0.491095	0.341756	7.063915	0	0.281955	0	0.18797	0.3444269	0.0388471	0	0	0	0	0	0	0	0	0	0	0	0	0	0	0	0	0	0	0	0.00848176	0	0.18797	0	0	0	0
K02016	0	0	0	0	0	0	0	0	0	0	0	0	0	0	0	0	0	0	0	0	0	0	0	0	0	0	0	0	0	0.12987	0	0	0	0	0	0	0	0	0	0	0	0	0	0	0	0	0	0	0	0	0	0.324675	0	0	0	0	0	0	0	0	0	0	0	0	0	0.601732	0	0	0	0	0	0	0	0	0	0	0	0	0.324676	0	0	0	0	0.162338	0	2.330087	0	0.7034636	0	0	0	0	0	0	0	0	0	0	0	0	0	0	0	0	0	0	0	0	0	0	0.577922	0	0	0	0	0.162338	0	0
K03733	0	0	0	0	0	0	0	0	0	0	0	0	0	0	0	0	0	0	0	0	0	0	0	0	0	0	0	0	0	0.721212	0	0	0	0	0	0	0	0	0	0	0	0	0	0	0	0	0	0	0	0	0	0.154321	0	0	0	0	0	0	0	0	0	0	0	0	0	0	0	0	0	0	0	0	0	0	0	0	0	0	0	0	0	0	0.647222	0	0	0.322925	0	0	0	0.162866	0	0	0	0	0	0	0	0	0	0	0	0	0	0	0	0	0	0	0	0	0.784314	0	0	0	0	0	0	0
K02316	0	0	0	0	1.112057	0	0	0	0	0	0	0	0	0	0	0	0	0	0	0	0	0	0	0	0	0	0	0	0	0	0	0	0	0	0	0	0	0	0	0	0	0	0	0	0	0	0.112867	0	0	0	0	0	0.153846	0	0.153846	0	0	0	0	0	0	0	0	0.2207378	0	0	0	0	0	0	0	0	0	0	0	0	0	0	0	0	0	0	0	0.0769231	0	5.847852	0	0.210526	0.0769231	0.1858551	0.0769231	0	0	0	0	0	0	0	0	0	0	0	0	0	0	0.105263	0	0	0	0	0.325128	0	0	0	0	0.0225225	0	0
K01436	0	0	0	0	0	0	0	0	0	0	0	0	0	0	0	0	0	0	0	0	0	0	0	0	0	0	0	0	0	0	0	0	0	0	0	0	0	0	0	0	0	0	0	0	0	0	0	0	0	0	0	0	0	0	0	0	0	0	0	0	0	0	0	0	0	0	0	0	0	0	0	0	0	0	0	0	0	0	0	0	0	0	0	0	0	0	0	0	0	0	0	0	0	0	0	0	0	0	0	0	0	0	0	0	0	0	0	0	0	0	0	0	0	0	0	0	0	0
K10805	0	0	0	0	0	0	0	0	0	0	0	0	0	0	0	0	0	0	0	0	0	0	0	0	0	0	0	0	0	0	0	0	0	0	0	0	0	0	0	0	0	0	0	0	0	0	0	0	0	0	0	0	0	0	0	0	0	0	0	0	0	0	0	0	0	0	0	0	0	0	0	0	0	0	0	0.197628	0	0	0	0	0	0	0	0	1.057393	1.924238	0	0	0	0	0.175439	0	0	0	0	0	0	0	0	0	0	0	0	0	0	0	0	0	0	0	0	0	0	0	0	0	0	0
K11733	0	0	0	0	0	0	0	0	0	0	0	0	0.223214	0	0	0	0	0	0	0	0	0	0	0	0	0	0	0	0	0	0	0	0	0	0	0	0	0	0	0	0	0	0	0.334821	0	0	0	0	0	0	0	0	0	0	0	0	0	0	0	0	0	0	0	0	0	0	0	0	0	0	0	0	0	0	0	0	0	0	0.111607	0	0	0	0	0.223214	0	0	0	0	0	0	0.0840774	0	0	0	0	0	0	0	0	0	0	0	0	0	0	0	0	0	0	0	0	0.111607	0	0	0	0	0	0
K03595	0	0	0	0	0	0	0	0	0	0	0	0.297619	0	0	0	0	0	0	0	0	0	0	0	0	0	0	0	0	0	0	0	0	0	0	0	0	0	0	0	0.14881	0	0	0	0	0	0	0	0	0	0	0	0.14881	0	0	0	0	0	0	0	0	0.150602	0	0	0.744048	0	0	0	0.14881	0	0	0	0	0	0	0	0.14881	0	0	0	0	0	0	0	0.149043	0.322314	6.501557	0	0	0	0	0	0	0	0	0	0	0	0	0	0	0	0.86747	0	0.123016	0	0	0	0	0	0	0	0.112103	0	0	0	0	0	0
K22317	0	0	0	0	0	0	0	0	0	0	0	0	0	0	0	0	0	0	0	0	0	0	0	0	0	0	0	0	0	0	0	0	0	0	0	0	0	0	0	0	0	0	0	0	0	0	0	0	0	0	0	0	0	0	0	0	0	0	0	0	0	0	0	0	0	0	0	0	0	0	0	0	0	0	0	0	0	0	0	0	0	0	0	0	0	0	0	0	0	0	0	0	0	0	0	0	0	0	0	0	0	0	0	0	0	0	0	0	0	0	0	0	0	0	0	0	0	0
K02836	0	0	0	0	0	0	0	0	0	0	0	0	0	0	0	0	0	0	0	0	0	0	0	0	0	0	0	0	0	0	0	0	0	0	0	0	0	0	0	0	0	0	0	0	0	0	0	0	0	0	0	0	0	0	0	0	0	0	0	0	0	0	0	0	0	0.632911	0	0	0	0	0	0	0	0	0	0	0	0	0	0	0	0	0	0	0	0	0	0	0	0	0	0	0	0	0	0	0	0	0	0	0	0	0	0	0	0	0	0	0	0	0	0	0	0	0	0	0	0
K00242	0	0	0	0	0	0	0	0	0	0	0	0	0	0	0	0	0	0	0	0	0	0	0	0	0	0	0	0	0	0	0	0	0	0	0	0	0	0	0	0	0	0	0	0	0	0	0	0	0	0	0	0	0	0	0	0	0	0	0	0	0	0	0	0	0	0	0	0	0	0	0	0	0	0	0	0	0	0	0	0	0	0	0	0	0	0	0	0	0	0	0	0	0	0	0	0	0	0	0	0	0	0	0	0	0	0	0	0	0	0	0	0	0	0	0	0	0	0
K02341	0	0	0	0	0	0	0	0	0	0	0	0	0	0	0	0	0	0	0	0	0	0	0	0	0	0	0	0	0	0	0	0	0	0	0	0	0	0	0	0	0	0	0	0	0	0	0	0	0	0	0	0	0	0	0	0	0	0	0	0	0	0	0	0	0	0	0	0	0	0	0	0	0	0	0	0	0	0	0	0	0	0	0	0	0	0	0	0	0	0	0	0	0	0	0	0	0	0	0	0	0	0	0	0	0	0	0	0	0	0	0	0	0	0	0	0	0	0
K03799	0	0	0	0	0	0	0	0.528455	0	0	0	0	0	0	0	0	0	0	0	0	0	0	0	0	0	0	0	0	0	0	0	0	0	0	0	0	0	0	0	0	0	0	0	0	0	0	0	0	0	0	0	0	0	0	0	0	0	0	0	0	0	0	0	0	0	0	0	0	0	0	0	0	0	0	0	0	0	0	0	0	0	0	0	0	1.723577	4.61789	0	0	0	0	0	0	0	0	0	0	0	0	0	0	0	0	0	0	0	0	0	0	0	0	0	0	0	0	0	0	0	0
K03530	0	0	0	0	14.0145	0	0	9.56522	0	0	0	0.557971	8.98341	0	0.826087	0	0	0	0.642276	0	0	0	1.34146	0	0	0	0	0.101449	0	0	0	0	0	0	0	0	0	0	0	1.62319	0	0	3.56522	9.17037	0	0	0	0	0	0	0	8.522217	0	0	2.51449	0	0	0	0	0	1.42963	0	0	0	0	2.58696	0	0	0	0	0	0	0	3.45652	0.992593	2.107986	0	2.41463	0.6	0.097561	0.780488	0.65942	0.896296	1.73188	8.76795	21.148851	0.496296	0.466828	1	0	1.903159	0	0	0	0	0	0	0	0	0	0	1.28889	0	0	0	0	0	1	0	0.804348	0	0	0	0.511111	0	0	0	0
K02078	0	0	0	0	6.3871	1	0.731183	8.77419	0	0	0	0.301075	2.45161	0	0	1.02151	0	0	0	0	0	0	0	0.935484	0	0	0	0	0.301075	0	0	0	2	0	0	0	0	0	0	0	0	0	0	0	0	0	0	0	0	0	0	0	0	0	0.677419	0	0	0	0	0	0	0	0	3.26882	0	0.827957	0	0	0	0	0	0	0	0	0	1.72043	0	0	0	0	1	1.03226	0	0.677419	2.94624	3.32258	0.849462	0	0	0	0	0	0	0	0	0	0	0	0	0	0	4.06452	0	0	0	0	0	0	0	0	0	0	0	0	0	0	0	0
K03183	0	0	0	0	0	0	0	0	0	0	0	0	0	0	0	0	0	0	0	0	0	0	0	0	0	0	0	0	0	0	0	0	0	0	0	0	0	0	0	0	0	0	0	0	0	0	0	0	0	0	0	0	0	0	0	0	0	0	0	0	0	0	0	0	0	0	0	0	0	0	0	0	0	0	0	0	0	0	0	0	0	0	0	0	0	0	0	0	0	0	0	0	0	0	0	0	0	0	0	0	0	0	0	0	0	0	0	0	0	0	0	0	0	0	0	0	0	0
K00655	0	0	0	0	0	0	0	0	0	0	0	0	0	0	0.00753296	0	0	0	0	0	0	0	0	0	0	0	0	0	0	0.473333	0	0	0	0	0	0	0	0	0	0	0	0	0	2.389829	0	0	0	0	0	0	0	0	0.25	0	0	0	0	0	0	0	0	0	0	1.25	0	0	0	0	0	0	0	0	0	0	0	0	0	0	0	0.25	0	0.532486	0	0	0	5.460774	0	0.294118	0.246305	0.532486	0	0	0	0	0	0	0	0	0	0	0	0.47619	0	0	0	0	0	0	0.5	0	0.915254	0	0	0	0	0	0	0
K06959	0	0	0	0	0	0	0	0	0	0	0	0	0	0	0	0	0	0	0	0	0	0	0	0	0	0	0	0	0	0	0	0	0	0	0	0	0	0	0	0	0	0	0	0	0	0	0.904762	0	0	0	0	0	0	0	0	0	0	0	0	0	0	0	0	0	0	0	0	0	0	0	0	0	0	0	0	0	0	0	0	0	0	0	0	0	0	1	0	0	0	0	0	0	0	0	0	0	0	0	0	0	0	0	0	0	0	0	0	0	0	0	0	0	0	0	0	0	0	0
K03709	0	0	0	0	0	0	0	2.26087	0	0	0	0	0	0	0	0	0	0	0	0	0	0	0	0	0	0	0	0	0	0	0	0	0	0	0	0	0	0	0	0	0	0	0	0.773196	0	0	0	0	0	0	0	0.75619	0	0	0	0	0	0	0	0	0	0	0	0	0	0	0	0	0	0	0	0	0	0	0	0	0	0	0	0	0	0	0	0	0	0.851429	0.0292096	0.256014	0	0.256014	0.256014	0	0	0	0	0	0	0	0	0	0	0	0	0	0	0	0	0	0	0	0	0	0	0	0	0	0	0
K20814	0	0	0	0	0	0	0	0	0	0	0	0	0	0	0	0	0	0	0	0	0	0	0	0	0	0	0	0	0	0	0	0	0	0	0	0	0	0	0	0	0	0	0	0	0	0	0	0	0	0	0	0	0	0	0	0	0	0	0	0	0	0	0	0	0	0	0	0	0	0	0	0	0	0	0	0	0	0	0	0	0	0	0	0	0.134771	1.641091	0	0	0	0	0	0	0	0	0	0	0	0	0	0	0	0	0	0	0	0	0	0	0	0	0	0	0	0	0	0	0	0
K09019	0	0	0	0	0	0	0	1.76027	0	0	0	0	0	0	0	0	0	0	0	0	0	0	0	0.342466	0	0.219178	0	0	0	0	0	0	0	0	0	0	0	0	0	0	0	0	0	0	0	0	0	0.0913242	0	0	0	0.374429	0	0	0	0	0	0	0	0	0	0	0	1.0867582	0	0	0	0	0	0	0	0	0	0	0	0.342466	0	0	0.342466	0	0	0	0	0.40411	0	1.2219835	0	0.449772	0	0.684932	0	0	0	0	0	0	0	0	0	0	0	0	0	0	0	0	0	0	0	0	0	0	0	0	0	0	0	0
K00864	0	0	0	0	0	0	0	0	0	0	0	0	0	0	0	0	0	0	0	0	0	0	0	0	0	0	0	0	0	0	0	0	0	0	0	0	0	0	0	0	0	0	0	0	0	0	0	0	0	0	0	0	0	0	0	0	0	0	0	0	0	0	0	0	0	0.233025	0	0	0	0	0	0	0	0	0	0	0	0	0	0	0	0	0	0	0	0.91358	0	0	0	0	0	0	0	0	0	0	0	0	0	0	0	0	0	0	0	0	0	0	0	0	0	0	0	0	0	0	0	0
K02956	0	0	1.39167	2	95.4417	0	0	34.65	0	0	0	10.325	27.3417	0	6.83333	5.025	0	0	0.6	0	1.20833	4.75	0	3.41667	0.858333	1	0	0	8.93333	0	2.20833	0	18.7417	0	8.35	2.53333	0	0	0	7.48333	0	0.325	6.91667	1.66667	0	0	1.18333	0	0	0	0	142.042	0	0	3.25	1.125	0	0	0	0	1.86667	2.59167	0	29.8833	0.566667	9.75	0	3.91667	0	0	1.95833	1.56667	5.875	4.26667	8.11667	0.958333	0	0	1.45	0	0.558333	2.54167	0	2.35	2.6	10.9167	1.24167	0.125	0	0	0.575	1	0	0	0	0	0	0	0	0	0	0	0	0	0	0	0	0	0	0	0	0	0	0	0	0	0	1.15833
K01921	0	0	0	0	0.348432	0	0	0.173375	0	0	0	0	0	0	0	0	0	0	0	0	0.0670795	0	0	0	0	0	0	0	0	1.068113	0	0	0	0	0	0	0	0	0	0	0	0	0	0.464397	0	0	0	0	0	0	0	0	0	0	0	0.12079	0	0	0	0	0	0	0	0.0412797	0.390625	0.756027	0	0	0	0	0	0	0	0	0	0	0	0	0	0	0	0.154799	0	0.963964	0	0.80531	0	0.296182	0	0.2414863	0.0887513	0	0	0	0	0	0	0	0	0	0	0	0	0	0	0	0	0	0	0.892857	0	0	0	0	0	0	0	0
K13640	0.46729	0	0	0	3.292837	0	0	0	0	0	0	0	0.934579	0	0.854342	0	0	0	0	0	0	0	0	0	0	0.165266	0	0	0	0	0	0	0	0	1.86916	0.286604	0	0	0	0	0	0	0	0	0	0	0.813084	0	0	0	0	2.80374	0.887458	0	0	0	0	0	0	0	0	0	0	1.781538	0	0	0	0	0	0	0	0	0	0	0.193146	0	0	0	0	0	0	0	0	0.128852	0	5.621145	0	0.595016	0	0.429907	0	0	0	0	0	0	0	0	0	0	0	3.804936	0	0	0	0	0	0	0	0	0.54902	0	0	0.46729	0	0	0	0
K06999	0	0	0	0	0.296849	0	0	0	0	0	0	0	0.626984	0	0	0	0	0	0	0	0	0	0	0	0	0	0	0	0	0.248756	0	0	0.497512	0	0	0	0	0	0	0	0	0	0	0	0	0	0	0	0	0	0	0	0	0	0	0	0	0	0	0	0.248756	0	0	0	0	0.244318	0	0	0	0	0	0	0	0	0	0	0	0	0	0	0	0	0	0.613757	0.497512	2.2705875	0	0	0	0	0.307888	0	0	0	0	0	0	0	0	0	0	0.248756	0	0	0	0	0	0	0	0	0	0	0	0.230514	0	0	0	0
K06187	0	0	0	0	0.0919881	0	0	0	0	0	0	1.689109	0.335312	0	0.1879328	0	0	0	0	0	0	0	0	0	0	0	0	0	0	0.301205	0	0	0	0	0	0	0	0	0	0	0	0	0	0	0	0	0	0	0	0	0	0	0.149701	0	0	0	0	0	0	0	0	0	0	1.349366	0	0.298069	0	0	0	0	0	0	0	0	0	0.137488	0	0	0	0.148368	0.150602	0.150602	0	0.298069	0.991611	5.1717663	0	0.5576803	0	0.151515	0	0	0	0	0	0	0	0	0	0	0	0	0	0	0	0	0	0	0	0	0.148368	0	0.148368	0.308642	0	0	0	0
K02871	0.261905	0	0	0	4.38095	0	0	2.95238	0	0	0	1	11.9524	0	0	1	0	0	0	0	0	2	0	0	0	6	0	0	0	0	0	0	0	0	6	0	0	0	0	0	0	0	0	3.19048	0	0	0	0	0	0	0	0	0	0	1	0	0	0	0	0	0.880952	0	0	0	0	0	0	0.119048	0	0	0	0	0	0	2	1	0	0	0	0	1.59524	1	1	1.16667	1	36.2857	3	0.785714	1	0	1	0	0	0	0	0	0	0	0	0	0	0	0	0	0	0	0	0	0	0	0	0	0	0	0	0	0	0
K02238	0	0	0	0	0	0	0	0	0	0	0	0	0	0	0	0	0	0	0	0	0	0	0	0	0	0	0	0	0	0	0	0	0	0	0	0	0	0	0	0	0	0	0	0	0	0	0	0	0	0	0	0	0	0	0	0	0	0	0	0	0	0	0	0	0	0	0	0	0	0	0	0	0	0	0	0	0	0	0	0	0	0	0	0	0	0	0	0	0	0	0	0	0	0	0	0	0	0	0	0	0	0	0	0	0	0	0	0	0	0	0	0	0	0	0	0	0	0
K01588	0	0	0	0	0	0	0	0	0	0	0	0	0	0	0	0	0	0	0	0	0	0	0	0	0	0	0	0	0	0	0	0	0	0	0	0	0	0	0	0	0	0	0	0	0	0	0	0	0	0	0	0	0	0	0	0	0	0	0	0	0	0	0	0	0	0	0	0	0	0	0	0	0	0	0	0	0	0	0	0	0	0	0	0	0	0	0	0	0	0	0	0	0	0	0	0	0	0	0	0	0	0	0	0	0	0	0	0	0	0	0	0	0	0	0	0	0	0
K07009	0	0	0	0	0.242718	0	0	0.666667	0	0	0	0.2069884	0.889968	0	0	0	0	0	0	0	0	0	0	0	0	0	0	0	0	0	0	0	0	0	0	0	0	0	0	0	0	0	0	0.202265	0	0	0	0	0	0	0	0	0	0	0	0	0	0	0	0	0.166667	0	0	0	0	0.242718	0	0	0	0	0	0	0	0	0	0	0	0	0	0	0	0	0	0.485437	0	1.710356	0	0.423333	0	0	0	0	0	0	0	0	0	0	0	0	0	0	0	0	0	0	0	0	0	0	0	0	0	0	0	0	0	0
K01916	0	0	0	0	0	0	0	0	0	0	0	0	0	0	0	0	0	0	0	0	0	0	0	0	0	0	0	0	0	0	0	0	0	0	0	0	0	0	0	0	0	0	0	0	0	0	0	0	0	0	0	0	0	0	0	0	0	0	0	0	0	0	0	0	0	0	0	0	0	0	0	0	0	0	0	0	0	0	0	0	0	0	0	0	0.862745	0	0	0	0	0	0	0	0	0	0	0	0	0	0	0	0	0	0	0	0	0	0	0	0	0	0	0	0	0	0	0	0	0
K00951	0	0	0	0	0.099115	0	0	0	0	0	0	0	0	0	0	0	0	0	0	0	0	0	0	0	0	0	0	0	0	0.2182026	0	0	0	0	0	0	0	0	0	0	0.0640034	0.0649351	0	0	0	0	0	0	0	0	0	0	0	0	0	0	0	0	0	0	0.1418627	0	0	0.1417097	0	0.281787	0	0	0	0	0	0	0	0	0	0.063857	0	0	0	0	0.100744	0	0	0.0640034	0	0.711704	0	0.0884956	0	0	0	0	0	0	0	0	0	0	0	0	0	0.0897666	0	0.063857	0	0.1287921	0	0	0	0	0	0	0	0.0783962	0	0.127714	0	0
K20074	0	0	0	0	3.69697	0	0	0	0	0	0	0	0	0	0	0	0	0	0	0	0	0	0	0	0	0	0	0	0	0	0	0	0	0	0	0	0	0	0	0	0	0	0	0	0	0	0	0	0	0	0	0.984848	0	0	0	0	0	0	0	0	0	0	0	0	0	0	0	0	0	0	0	0	0	0	0	0	0	0	0	0	0	0	0	0	0	0	0	0	0	0	0	0	0	0	0	0	0	0	0	0	0	0	0	0	0	0	0	0	0	0	0	0	0	0	0	0	0	0
K07056	0	0	0	0	0	0	0	0	0	0	0	0	0	0	0	0	0	0	0	0	0	0	0	0	0	0	0	0	0	0	0	0	0	0	0	0	0	0	0	0	0	0	0	0	0	0	0	0	0	0	0	0	0	0	0	0	0	0	0	0	0	0	0	0	0	0	0	0	0	0	0	0	0	0	0	0	0	0	0	0	0	0	0	0	0	0	0	0	0	0	0	0	0	0	0	0	0	0	0	0	0	0	0	0	0	0	0	0	0	0	0	0	0	0	0	0	0	0
K00761	0	0	0	0	0	0	0	0	0	0	0	0	0	0	0	0	0	0	0	0	0	0	0	0	0	0	0	0	0	0	0	0	0	0	0	0	0	0	0	0	0	0	0	0	0	0	0	0	0	0	0	0	0	0	0	0	0	0	0	0	0	0	0	0	0	0.922222	0	0	0	0	0	0	0	0	0	0	0	0	0	0	0	0	0	0	0	0	0	0	0	0	0	0	0	0	0	0	0	0	0	0	0	0	0	0	0	0	0	0	0	0	0	0	0	0	0	0	0	0
K01421	0	0	0	0	0	0	0	0	0	0	0	0	0	0	0	0	0	0	0	0	0	0	0	0	0	0	0	0	0	0	0	0	0	0	0	0	0	0	0	0	0	0	0	0	0	0	0	0	0	0	0	0	0	0	0	0	0	0	0	0	0	0	0	0	0	0	0	0	0	0	0	0	0	0	0	0	0	0	0	0	0	0	0	0	0	0	0	0	0	0	0	0	0	0	0	0	0	0	0	0	0	0	0	0	0	0	0	0	0	0	0	0	0	0	0	0	0	0
K00133	0	0	0	0	3.742421	0	0.236967	0	0	0	0	0	0	0	0	0	0	0	0	0	0	0	0	0	0	0	0	0	0.151515	0	0	0	0	0	0	0	0	0	0	0	0	0	0	0	0	0	0	0	0	0	0	0	0	0	0	0	0	0	0	0	0.151515	0	0	0.454545	0	0.151515	0	0	0	0	0	0	0	2.24506	0	0	0	0	0.236967	0	0	0.151515	0	0.151515	0	3.05389	0	0	0.0959596	0	0.236967	0	0	0	0	0	0	0	0	0	0	1.658765	0	0	0	0.151515	0	0	0	0	0	0	0	0	0	0.0555556	0	0
K07214	0	0	0	0	0.273608	0	0	0	0	0	0	0	0	0	0	0	0	0	0	0	0	0	0	0	0	0	0	0	0	0	0	0	0	0	0	0	0	0	0	0	0	0	0	0.542005	0	0	0	0	0	0	0	0.570175	0	0	0	0	0	0	0	0	0.0587173	0	0	0	0	0.358852	0	0	0	0	0	0	1.6329	0	0	0	0	0	0	0	0	0	0	0.119617	0.163399	5.049565	0.292683	1.13333	0	1.135501	0.609756	0	0	0	0	0	0	0	0	0	0	0.406504	0	0	0	0	0	0	0	0	0	0	0	0	0	0	0	0
K00373	0	0	0	0	4.05753	0	0	0	0	0	0	0.72714	0	0	0	0	0	0	0	0	0	0	0	0	0	0	0	0	0	0	0	0	0	0	0	0	0	0	0	0	0	0	0	0	0	0	0	0	0	0	0	1.690358	0	0	0.265651	0	0	0	0	0	0.869712	0	0	0	0	1.01354	0	0	0	0	0	0	0	0	0	1.2132	0	0	0	0	0	0	0	0.253807	0	5.71772	0	0	0	0.253807	0	0	0	0	0	0	0	0	0	0	0	0.287356	0	0	0	0	0	0	0	0	0	0	0	0.133672	0	0	0	0
K00024	0	0	0	0	0	0	0	0	0	0	0	0	0	0	0	0	0	0	0	0	0	0	0	0	0	0	0	0	0	0	0	0	0	0	0	0	0	0	0	0	0	0	0	1	0	0	0	0	0	0	0	0	0	0	0	0	0	0	0	0	0	0	0	0	0	0	0	0	0	0	0	0	0	0	0	0	0	0	0	0	0	0	0	0	0	0	0	0	0	0	0	0	0	0	0	0	0	0	0	0	0	0	0	0	0	0	0	0	0	0	0	0	0	0	0	0	0	0
K11753	0	0	0	0	0	0	0	0	0	0	0	1.564111	0	0	0.0519031	0.239908	0	0	0	0	0.16835	0	0	0	0	0	0	0	0	1.333334	0	0	0	0	0	0	0	0	0	0	0	0	0.16835	0	0	0	0	0	0	0	0	0.500576	0	0	0	0	0	0	0	0	0.3367	0	0	0.167577	0	0.346021	0	0	0	0.131488	0	0	0	0	0	0	0	0	0	0	0	0	0	0.543253	0.844814	4.860117	0	1.0175553	0.574713	0.16835	0	0	0	0	0	0	0	0	0	0	0	0.82716	0	0	0	0.17301	0	0	0	0	0	0.16835	0	0.577996	0	0	0	0
K12574	0	0	0	0	1.628356	0	0	2.101028	0	0	0	1.2645094	0.126437	0	0.0280971	0.0523627	0	0	0	0	0	0.176991	0	0	0	0	0	0	0.0517241	0	0	0	0.0957854	0	0.3831414	0.130268	0	0	0	0	0	0	0	1.202504	0	0	0	0	0	0	0	0.112527	0	0	0.229885	0	0	0	0	0	0.176678	0	0	1.636056	0	0.0957854	0	0.0957854	0	0	0	0	0	0	0.550783	0	0	0	0	0.0957854	0.239234	0.191571	0.75302	0.9896849	1.0461724	4.308968	0	0.4789274	0	0.91864	0.3508874	0.166028	0	0	0	0	0	0	0	0	0	1.110119	0	0	0	0.212766	0	0	0.320513	0	0	0.0957854	0	0.437853	0	0.0957854	0	0
K07304	0	0	0	0	0	0	0	0	0	0	0	0	0	0	0	0	0	0	0	0	0	0	0	0	0	0	0	0	0	0	0	0	0	0	0	0	0	0	0	0	0	0	0	0	0	0	0	0	0	0	0	0	0	0	0	0	0	0	0	0	0	0	0	0	0	0	0	0	0	0	0	0	0	0	0	0	0	0	0	0	0	0	0	0	0	0.954955	0	0	0	0	0	0	0	0	0	0	0	0	0	0	0	0	0	0	0	0	0	0	0	0	0	0	0	0	0	0	0	0
K03305	0	0	0	0	0	0	0	0	0	0	0	0	0	0	0	0	0	0	0	0	0	0	0	0	0	0	0	0	0	0	0	0	0	0	0	0	0	0	0	0	0	0	0	0	0	0	0	0	0	0	0	0	0	0	0	0	0	0	0	0	0	0	0	0	0	0	0	0	0	0	0	0	0	0	0	0	0	0	0	0	0	0	0	0	0	0	0	0	0	0	0	0	0	0	0	0	0	0	0	0	0	0	0	0	0	0	0	0	0	0	0	0	0	0	0	0	0	0
K09903	0	0	0	0	0	0	0	0	0	0	0	0	0	0	0	0	0	0	0	0	0	0	0	0	0	0	0	0	0	0	0	0	0	0	0	0	0	0	0	0	0	0	0	0	0	0	0	0	0	0	0	0	0	0	0	0	0	0	0	0	0	0	0	0	0	0	0	0	0	0	0	0	0	0	0	0	0	0	0	0	0	0	0	0	0	0	0	0	0	0	0	0	0	0	0	0	0	0	0	0	0	0	0	0	0	0	0	0	0	0	0	0	0	0	0	0	0	0
K03635	0	0	0	0	0	0	0	0	0	0	0	0	0	0	0	0	0	0	0	0	0	0	0	0.492424	0	0	0	0	0	0	0	0	0	0	0	0	0	0	0	0	0	0	0	0	0	0	0	0	0	0	0	0	0	0	0	0	0	0	0	0	0	0	0	0	0	0	0	0	0	0	0	0	0	0	0	0	0	0	0	0	0	0	0	0	0.863946	0.802721	0	0	0	0	0	0	0	0	0	0	0	0	0	0	0	0	0	0	0	0	0	0	0	0	0	0	0	0	0	0	0	0
K01750	0	0	0	0	3.739708	0	0	0	0	0	0	0	0	0	0.852949	0	0	0	0	0	0	0	0	0	0	0	0	0	0	0	0	0	0	0	0	0	0	0	0	0	0	0	0	0.118494	0	0	0	0	0	0	0	3.791453	0	0	0	0	0	0	0	0	0	0	0	0.996678	0	0.799557	0	0.485437	0	0	0	0	0	0	0	0	0	0	0	0	0.166113	0	0.332226	0.295681	0	0.719823	0	0.49291	0	0	0	0.163898	0	0	0	0	0	0	0	0	0	0	0	0	0	0	0	0	0	0	0	0	0	0.16835	0	0	0	0
K07107	0	0	0	0	0	0	0	0	0	0	0	0	0	0	0	0	0	0	0	0	0	0	0	0	0	0	0	0	0	0	0	0	0	0	0	0	0	0	0	0	0	0	0	0	0	0	0	0	0	0	0	0	0	0	0	0	0	0	0	0	0	0	0	0	0	0	0	0	0	0	0	0	0	0	0	0	0	0	0	0	0	0	0	0	0	0	0	0	0	0	0	0	0	0	0	0	0	0	0	0	0	0	0	0	0	0	0	0	0	0	0	0	0	0	0	0	0	0
K03073	1.79845	0	0	0	22.5426	0	0	6.488376	0	0	0	10.410837	1.302326	0	1	0	0	0	0	0	0	0	0	0	0	0	0	0	0.635659	0	0	0	0	0	1.720928	0.534884	0	0	0	0	0	0	0	0	0	0	0	0	0	0	0	3.16279	0	0	0.434109	0	0	0	0	0	0.550388	0	0	5.25581	0	0.550388	0	0	0	0	0	0	3.31782	1.93023	0.217054	0.923909	0	0	0	0	0	0	0	0.341085	1.395349	11.922483	0	1.492044	0.232558	0.488372	0.842105	0	0	0	0	0	0	0	0	0	0	0	0	0	0	0	0	0	0	0	0	0	0	0	0	0	0	0
K03100	0	0	0	0	0.292398	0	0	0.438596	0	0	0	0	0	0	0	0	0	0	0	0	0	0	0	0	0	0	0	0	0	0.308642	0	0	0	0	0	0	0	0.111111	0	0	0	0	0	0	0	0	0.154321	0	0	0	0	0	0	0	0	0	0	0	0	0	0.277778	0	0	0	0	0	0	0	0	0	0	0	0	1.23457	0.0360082	0	0	0	0	0	0	0	0	0	1.01095	7.059687	0	0	0	0.648342	0.265964	0	0	0	0	0	0	0	0	0	0	0.938889	0	0	0	0	0	0	0	0	0	0	0	0.147059	0	0.277778	0	0
K00927	0	0	0	0	0	0	0	0	0	0	0	0	0	0	0	0	0	0	0	0	0	0	0	0	0	0	0	0	0	0	0	0	0	0	0	0	0	0	0	0	0	0	0	0	0	0	0	0	0	0	0	0	0	0	0	0	0	0	0	0	0	0	0	0	0	0	0	0	0	0	0	0	0	0	0	0	0	0	0	0	0	0	0	0	0	0	0	0	0	0	0	0	0	0	0	0	0	0	0	0	0	0	0	0	0	0	0	0	0	0	0	0	0	0	0	0	0	0
K02795	0	0	0	0	0	0	0	0	0	0	0	0	0	0	0	0	0	0	0	0	0	0	0	0	0	0	0	0	0	0	0	0	0	0	0	0	0	0	0	0	0	0	0	0	0	0	0	0	0	0	0	0	0	0	0	0	0	0	0	0	0	0	0	0	0	0	0	0	0	0	0	0	0	0	0	0	0	0	0	0	0	0	0	0	0	0	0	0	0	0	0	0	0	0	0	0	0	0	0	0	0	0	0	0	0	0	0	0	0	0	0	0	0	0	0	0	0	0
K00382	0	0	0	0	0	0	0	0	0	0	0	0	0	0	0	0	0	0	0	0	0	0	0	0	0	0	0	0	0	0	0	0	0	0	0	0	0	0	0	0	0	0	0	0	0	0	0	0	0	0	0	0	0	0	0	0	0	0	0	0	0	0	0	0	0	0	0	0	0	0	0	0	0	0	0	0	0	0	0	0	0	0	0	0	0.278687	0.654627	0	0	0	0	0	0	0	0	0	0	0	0	0	0	0	0	0	0	0	0	0	0	0	0	0	0	0	0	0	0.153374	0	0
K02755	0	0	0	0	0	0	0	0	0	0	0	0.680556	0	0	0	0	0	0	0	0	0	0	0	0	0	0	0	0	0	0	0	0	0	0	0	0	0	0	0	0	0	0	0	0.156495	0	0	0	0	0	0	0	0	0	0	0	0	0	0	0	0	0.0782473	0	0	0	0	0	0	0	0	0	1.04167	0	0	0	0	0	0	0	0	0	0	0	0	0	0.0782473	0.809273	0	0	0	0.156495	0	0	0	0	0	0	0	0	0	0	0	1.04903	0	0	0	0	0	0	0	0	0	0	0	0.0735524	0	0	0	0
K03723	0	0	0	0	0.8194879	0	0	0.162075	0	0	0	0	0	0	0	0.324149	0	0	0	0	0	0	0	0	0	0	0	0	0	0.992532	0	0	0	0	0	0	0	0.0158333	0	0	0	0	0	0.18315	0	0	0.0413889	0	0	0	0	0	0.0416667	0	0	0	0	0	0	0	0	0	0	0	0	0	0	0	0	0	0	0	0	2.32344	0	0	0	0	0	0	0	0	0	0	0.0833333	0.4780903	0	0.5359953	0	0.387931	0.125	0.041632	0	0	0	0	0	0	0	0	0	0.0593824	0	0	0	0	0	0	0	0	0.364631	0.0416667	0	0.1010491	0	0.0435471	0	0
K06941	0	0	0	0	0	0	0	0	0	0	0	0	0	0	0	0	0	0	0	0	0	0	0	0	0	0	0	0	0	0	0	0	0	0	0	0	0	0	0	0	0	0	0	0	0	0	0	0	0	0	0	0	0	0	0	0	0	0	0	0	0	0	0	0	0	0	0	0	0	0	0	0	0	0	0	0	0	0	0	0	0	0	0	0	0	0	0	0	0	0	0	0	0	0	0	0	0	0	0	0	0	0	0	0	0	0	0	0	0	0	0	0	0	0	0	0	0	0
K02115	0	0	0	0	2.148702	0	0	0.866162	0	0	0	0.645692	1.3424	0	0.347222	0	0	0	0	0	0.0138889	0	0	0	0	0	0	0	0	0	0	0	0	0	0	0	0	0.378788	0	0	0	0	0	0	0	0	0	0	0	0	0	0	0	0	0	0	0	0	0	0	0.215517	0	0	0.189394	0	0.869666	0	0.0643939	0	0.340136	0	0	0	1.5101	0	1.15278	0	0	1.083823	0.209596	0	0.757576	0	1.657408	0.568182	19.96704	0.189394	1.6553	0	0.669129	0.341667	0.378788	0	0	0	0	0	0	0	0	0	1.65086	0	0	0	0	0	0	0	0	0	0	0	0	0	0	0	0
K04763	0	0	0	0	0	0	0	0	0	0	0	0	0	0	0	0	0	0	0	0	0	0	0	0	0	0	0	0	0	0	0	0	0	0	0	0	0	0	0	0	0	0	0	0	0	0	0	0	0	0	0	0	0	0	0	0	0	0	0	0	0	0	0	0	0	0	0	0	0	0	0	0	0	0	0	0	0	0	0	0	0	0.130548	0	0	0	2.2001331	0	0	0	0	0.636363	0.21645	0	0	0	0	0	0	0	0	0	0.170274	0	0	0	0	0	0	0	0	0	0	0	0.392057	0	0.127226	0	0
K01872	0	0	0	0	4.236914	0	0	1.3082257	0	0	0	1.222773	0.913317	0	0.034673	0.651803	0	0	0	0	0	0.2411617	0	0	0	0.99117	0	0	0.2572896	0.0591017	0.1182034	0	0.650118	0	0.70922	0.120903	0	0.1328225	0	0.1871685	0	0.0591017	0	0.6147937	0.0591017	0	0	0	0	0	0	0.808986	0.063857	0	0.077762	0	0	0	0	0	0.265957	0	0	0.408195	0	0.3475175	0	0.2659987	0	0	0	0	3.9003917	0.531915	0.164894	0.0267927	0	0	0.063857	0.0417199	0.0591017	0.0591017	0	0.73536107	0.354216	18.009127	0.1741665	1.189057	0	1.4503647	0.3258468	0.18206	0	0	0	0	0	0	0	0	0	1.59574	0	0	0	0	0	0	0	0	0	0	0	0.035067	0	0.0689655	0	0
K08296	0	0	0	0	0	0	0	0	0	0	0	0	0	0	0	0	0	0	0	0	0	0	0	0	0	0	0	0	0	0	0	0	0	0	0	0	0	0	0	0	0	0	0	0	0	0	0	0	0	0	0	0	0	0	0	0	0	0	0	0	0	0	0	0	0	0	0	0	0	0	0	0	0	0	0	0	0	0	0	0	0	0	0	0	0	0	0	0	0	0	0	0	0	0	0	0	0	0	0	0	0	0	0	0	0	0	0	0	0	0	0	0	0	0	0	0	0	0
K03648	0	0	0	0	0	0	0	0	0	0	0	0	0	0	0	0	0	0	0	0	0	0	0	0	0	0	0	0	0	0	0	0	0	0	0	0	0	0	0	0	0	0	0	0	0	0	0	0	0	0	0	0	0	0	0	0	0	0	0	0	0	0	0	0	0	0	0	0	0	0	0	0	0	0	0	0	0	0	0	0	0	0	0	0	0	0	0	0	0	0	0	0	0	0	0	0	0	0	0	0	0	0	0	0	0	0	0	0	0	0	0	0	0	0	0	0	0	0
K01740	0	0	0	0	0.114416	0	0	0	0	0	0	0.401336	0	0	0	0	0	0	0	0	0	0	0	0	0	0	0	0	0	0.342726	0	0	0	0	0	0	0	0	0	0	0	0	0	0	0	0	0	0	0	0	0	0	0.06621	0	0	0	0	0	0	0	0	0	0	0	0	0	0	0	0	0	0	0	0	0	0	0	0	0.243902	0	0.13089	0	0.0427155	0	0.513721	1.2938458	3.1736729	0	0.364395	0	0.586628	0.114155	0	0	0	0	0	0	0	0	0	0	0	0	0	0	0	0	0	0	0	0.676594	0	0	0.228832	0	0	0	0
K01649	0	0	0	0	0	0	0	0.186992	0	0	0	0	0	0	0	0.134459	0	0	0	0	0	0	0	0.0938086	0	0	0	0	0	0.22779	0	0	0	0	0	0	0	0	0	0	0	0	0	0	0	0	0	0	0	0	0	0	0.158224	0	0	0	0	0	0	0	0	0	0	0.187617	0	0.0938086	0	0	0	0	0	0	0	0	0	0.154799	0	0	0	0	0	0	0	1.313895	0.381259	3.3265584	0	0.0938086	0	0	0.0938086	0.0938086	0	0	0	0	0	0	0	0	0	0.214592	0	0	0	0	0	0	0	0	0	0	0	0.163852	0	0	0	0
K04095	0	0	0	0	0	0	0	0	0	0	0	0	0	0	0	0	0	0	0	0	0	0	0	0	0	0	0	0	0	0	0	0	0	0	0	0	0	0	0	0	0	0	0	0	0	0	0	0	0	0	0	0	0	0	0	0	0	0	0	0	0.230415	0	0	0	0	0	0	0	0	0	0	0	0	0	0	0	0	0	0	0	0	0	0	0	0.354997	0.403292	0	0	0.221198	0	0	0	0	0	0	0	0	0	0	0	0	0.233645	0	0	0	0	0	0	0	0	0	0	0	0	0	0	0	0
K02954	0	0	0	0	0	0	0	0	0	0	0	0	0	0	0	0	0	0	0	0	0	0	0	0	0	0	0	0	0	0	0	0	0	0	0	0	0	0	0	0	0	0	0	0	0	0	0	0	0	0	0	0	0	0	0	0	0	0	0	0	0	0	0	0	0	0	0	0	0	0	0	0	0	0	0	0	0	0	0	0	0	0	0	0	0	0	0	0	0	0	0	0	0	0	0	0	0	0	0	0	0	0	0	0	0	0	0	0	0	0	0	0	0	0	0	0	0	0
K02335	0	0	0	0	0	0	0	0	0	0	0	0.0348311	4.66667	0	0	0	0	0	0	0	0	0	0	0	0	0	0	0	0	0.3768201	0	0	0	0	0	0	0	0	0	0	0	0	0	0.253165	0	0	0	0.106838	0	0	0	0	0.208333	0	0.20979	0	0	0	0	0	0	0	0	0	0	0	0	0	0	0	0	0	0	0	0	0	0	0	0	0	0	0.052356	0	0.0435388	0.0522466	1.8824956	0	0.052356	0	0.104363	0	0	0	0	0	0	0	0	0	0	0	1.08352	0	0	0	0	0	0	0	0	0	0	0	0.0524109	0	0	0	0
K01153	0	0	0	0	0	0	0	0	0	0	0	0	0	0	0	0	0	0	0	0	0	0	0	0	0	0	0	0	0	0	0	0	0	0	0	0	0	0	0	0	0	0	0	0.25	0	0	0	0	0	0	0	0	0	0	0	0	0	0	0	0	0	0	0	0	0	0	0	0	0	0	0	0	0	0	0	0	0	0	0.0682128	0	0	0	0	0.2	0	2.7057807	0	0.5514898	0	0	0	0.7690565	0	0	0	0	0	0	0	0	0	0	0	0	0	0	0	0	0	0	0	0	0	0	0	0	0	0
K00760	0	0	0	0	5.40496	0	0	3.746046	0	0	0	0.320513	0	0	0	0.373134	0	0	0	0	0.373134	0	0	0	0	0	0	0	1.554954	0.291045	0	0	0	0	0	0	0	0	0	1.859161	0	0	0	0	0	0	0	0	0	0	0	3.94814	0	0	0	0	0	0	0	0	0.641791	0	0	3.12121	0	0	0	0	0	0	0	0	2.22637	0	0	0.228632	0	0	0	0	0	1.971448	2.61194	1.361714	0	15.421742	0.207265	0.130342	0	0.335821	0	0	0	0	0	0	0	0	0	0	0	0.223881	0	0	0	0	0	0	0	0	3.122376	0	0	0.373134	0	0	0	0
K06910	0	0	0	0	0	0	0	0	0	0	0	0	0	0	0	0	0	0	0	0	0	0	0	0	0	0	0	0	0	0	0	0	0	0	0	0	0	0	0	0	0	0	0	0	0	0	0	0	0	0	0	0	0	0	0	0	0	0	0	0	0	0	0	0	0	0	0	0	0	0	0	0	0	0	0	0	0	0	0	0	0	0	0	0	0	0	0	0	0	0	0	0	0	0	0	0	0	0	0	0	0	0	0	0	0	0	0	0	0	0	0	0	0	0	0	0	0	0
K07442	0	0	0	0	0	0	0	0	0	0	0	0	0	0	0	0	0	0	0	0	0	0	0	0	0	0	0	0	0	0	0	0	0	0	0	0	0	0	0	0	0	0	0	0	0	0	0	0	0	0	0	0	0	0	0	0	0	0	0	0	0	0	0	0	0	0	0	0	0	0	0	0	0	0	0	0	0	0	0	0	0	0	0	0	0	0	0	0	0	0	0	0	0	0	0	0	0	0	0	0	0	0	0	0	0	0	0	0	0	0	0	0	0	0	0	0	0	0
K00791	0	0	0	0	0	0	0	0	0	0	0	0	0	0	0	0	0	0	0	0	0	0	0	0	0	0	0	0	0	0	0	0	0	0	0	0	0	0	0	0	0	0	0	0	0	0	0	0	0	0	0	0	0	0	0	0	0	0	0	0	0	0	0	0	0	0	0	0	0	0	0	0	0	0	0	0	0	0	0	0	0	0	0	0	0	0	0	0	0	0	0	0	0	0	0	0	0	0	0	0	0	0	0	0	0	0	0	0	0	0	0	0	0	0	0	0	0	0
K09710	0	0	0	0	0	0	0	0	0	0	0	0	0	0	0	0	0	0	0	0	0	0	0	0	0	0	0	0	0	0	0	0	0	0	0	0	0	0	0	0	0	0	0	0.742268	0	0	0	0	0	0	0	0	0	0	0	0	0	0	0	0	2.68041	0	0	0	0	0	0	0	0	0	0	0	0	0	0	0	0	0	0	0	0	0	0	0	0.305842	4.31615	0	0	0	0.38488	0	0	0	0	0	0	0	0	0	0	0	0	0	0	0	0	0	0	0	0	0	0	0	0	0	0	0	0
K07012	0.0557414	0	0	0	0.425925	0	0	0	0	0	0	0.0557414	0.0620155	0	0	0	0	0	0	0	0	0	0	0	0	0	0	0	0	0	0	0	0	0	0	0	0	0	0	0	0	0	0	0	0	0	0	0	0	0	0	0	0	0	0	0	0	0	0	0	0	0	0	0.105708	0	0	0	0	0	0	0	0	0.531915	0	0	0	0	0	0	0	0	0	0	0	0	1.4264214	0	0	0	0	0.105708	0	0	0	0	0	0	0	0	0	0	0	0	0	0	0	0	0	0	0	0	0	0	0	0	0	0	0
K14260	0	0	0	0	0	0	0	0	0	0	0	0	0	0	0	0	0	0	0	0	0	0	0	0	0	0	0	0	0	0	0	0	0	0	0	0	0	0	0	0.27933	0	0	0	0	0	0	0	0	0	0	0	0.97486	0.139665	0	0	0	0	0	0	0	0	0	0	0	0	0.0540037	0	0	0	0	0	0	0	0	0.136872	0.2001864	0	0	0.139665	0	0	0	0	0	0.181998	1.910352	0.0595903	0.241546	0	0.275174	0	0	0	0	0	0	0	0	0	0	0	0.296736	0	0	0	0.305527	0	0	0	0	0	0	0	0	0	0	0	0
K09761	0	0	0	0	0	0	0	0	0	0	0	0	0	0	0	0	0	0	0	0	0	0	0	0	0	0	0	0	0	0	0	0	0	0	0	0	0	0	0	0	0	0	0	0	0	0	0	0	0	0	0	0	0	0	0	0	0	0	0	0	0	0	0	0	0	0	0	0	0	0	0	0	0	0	0	0	0	0	0	0	0	0	0	0	0	0	0	0	0	0	0	0	0	0	0	0	0	0	0	0	0	0	0	0	0	0	0	0	0	0	0	0	0	0	0	0	0	0
K16014	0	0	0	0	0	0	0	0	0	0	0	0	0	0	0	0	0	0	0	0	0	0	0	0	0	0	0	0	0	0	0	0	0	0	0	0	0	0	0	0	0	0	0	0	0	0	0	0	0	0	0	0	0	0	0	0	0	0	0	0	0	0	0	0	0	0	0	0	0	0	0	0	0	0	0	0	0	0	0	0	0	0	0	0	0	0	0	0	0	0	0	0	0	0	0	0	0	0	0	0	0	0	0	0	0	0	0	0	0	0	0	0	0	0	0	0	0	0
K01834	0	0	0	0	0.344569	0	0	1.276638	0	0	0	1.502291	4.52383	0	0.271739	0	0	0	0	0	0.937075	0	0	0	0	0	0	0	0.255102	0	0	0	0.433673	0	0	0.418367	0.516408	0	0	0	0	0	0	5.100339	0	0	0	0	0	0	0	4.34119	0	0.255102	0.271739	0	0	0	0	0	0.510204	0	0	1.822763	0.255102	0	0	0	0	0	1.30612	0	1.17007	0	0	0.413997	0	0	0	0.255102	0	0	0	0	0.926871	1.046205	0.255102	0.259067	0	1.695356	0	0	0	0	0	0	0	0	0	0	0	2.28571	0	0	0	0	0	0	0	0	0	0	0	0	0	0	0	0
K01652	0	0	0	0	0	0	0	0	0	0	0	0	0	0	0	0	0	0	0	0	0	0	0	0	0	0	0	0	0	0.181488	0	0	0	0	0	0	0	0	0	0	0	0	0	0	0	0	0	0	0	0	0	0	0.0909091	0	0	0	0	0	0	0	0	0	0	0	0	0.0387175	0	0	0	0	0	0	0	0	0	0	0	0	0.181488	0	0	0.271627	0	0.2244409	0.0907441	3.4309292	0	0.0907441	0	0.2663365	0.0907441	0	0	0	0	0	0	0	0	0	0	1.2012	0	0	0	0	0	0	0	0	0	0	0	0	0	0	0	0
K21481	0.0144928	0	0	0	10.927538	0	0	0.746377	0	0	0	0.7028988	7.601448	0	0.811594	0	0	0	0	0	0	0	0	0	0	0	0	0	8.06522	0.152174	0	0	1.23188	0	5.63043	0	0	0	0	8.96377	0	0	0	0	0	0	0	0	0	0	0	110.188398	0	0	0.891304	0	0	0	0	0	0	0	0	15.442073	0	10.61595	0	0.449275	0	0	0	0	0	0	1.49275	0.927536	0	0	0	0	0	0.166667	0	0	0	0	0	0	0	0	0	0	0	0	0	0	0	0	0	0	0	0	0	0	0	0	0	0	0	0	0	0	0	0	0	0	0	0
K02867	0	0	0	0	0	0	0	0	0	0	0	0	0	0	0	0	0	0	0	0	0	0	0	0	0	0	0	0	0	0	0	0	0	0	0	0	0	0	0	0	0	0	0	0	0	0	0	0	0	0	0	0	0	0	0	0	0	0	0	0	0	0	0	0	0	0	0	0	0	0	0	0	0	0	0	0	0	0	0	0	0	0	0	0	0	1.65766	0	0	0	0	0	0	0	0	0	0	0	0	0	0	0	0	0	0	0	0	0	0	0	0	0	0	0	0	0	0	0	0
K01885	0	0	0	0	0	0	0	0.330396	0	0	0	0	0	0	0	0	0	0	0	0	0	0	0	0	0	0	0	0	0	0.797239	0	0	0.220264	0.110132	0	0	0	0	0	0	0	0	0	0.171843	0	0	0	0	0	0	0	0	0.0866373	0	0	0	0	0	0	0.660793	0	0	0	0.0433186	0	0	0	0	0	0	0	0	0	0	0	0	0	0	0	0	0	0	0	0.220264	0.121951	3.137603	0.110132	0.110132	0.121951	0.146435	0.220264	0	0	0	0	0	0	0	0	0	0	1.23984	0	0	0	0	0	0	0	0.220264	0	0.110132	0	0	0	0	0	0
K04078	0.630435	0	0	0	7.47101	0	0	5.97826	0	0	0	0.608696	0	0	0	0.963768	0	0	0	0	0.630435	0	0	0	0	0	0	0	0.384058	0	0	0	0	0	0	0	0	0	0	0.637681	0	0	0	0.482759	0	0	0	0	0	0	0	10.03623	0	0	0.949275	0	0	0	0	0	1.887807	0	0	1.05072	0	0	0	0.57971	0	0	0	0	0	0	0	0.521739	0	0	0	0	0	0	0	0.586957	0.7608699	6.508	0.942029	1.28261	0	0	0	0	0	0	0	0	0	0	0	0	0	0	0	0	0	0	0	0	0	0	0	0	0	0.565217	0	0	0	0
K00674	0	0	0	0	0	0	0	0	0	0	0	0	0	0	0	0	0	0	0	0	0	0	0	0	0	0	0	0	0	0	0	0	0	0	0	0	0	0	0	0	0	0	0	0	0	0	0	0	0	0	0	0	0.322581	0	0	0	0	0	0	0	0	0	0	0	0	0	0	0	0	0	0	0	0	0	0	0	0	0	0	0	0	0	0	0	0	0	0	0	0	0	0	0	0	0	0	0	0	0	0	0	0	0	0	0	0	0	0	0	0	0	0	0	0	0	0	0	0	0
K01126	0	0	0	0	0	0	0	0	0	0	0	0	0	0	0	0	0	0	0	0	0	0	0	0	0	0	0	0	0	0	0	0	0	0	0	0	0	0	0	0	0	0	0	0	0	0	0	0	0	0	0	0	0	0	0	0	0	0	0	0	0	0	0	0	0	0	0	0	0	0	0	0	0	0	0	0	0	0	0	0	0	0	0	0	0.103093	0.206186	0	0	0	0	0	0	0	0	0	0	0	0	0	0	0	0.103093	0	0	0	0	0	0	0	0	0	0	0	0	0	0	0	0
K03153	0	0	0	0	0	0	0	0	0	0	0	0	0	0	0	0	0	0	0	0	0	0	0	0	0	0	0	0	0	0	0	0	0	0	0	0	0	0	0	0	0	0	0	0	0	0	0	0	0	0	0	0	0	0	0	0	0	0	0	0	0	0	0	0	0	0	0	0	0	0	0	0	0	0	0	0	0	0	0	0	0	0	0	0	0	0	0	0	0	0	0	0	0	0	0	0	0	0	0	0	0	0	0	0	0	0	0	0	0	0	0	0	0	0	0	0	0	0
K09125	0	0	0	0	0	0	0	0	0	0	0	0	0	0	0	0	0	0	0	0	0	0	0	0	0	0	0	0	0	0	0	0	0	0	0	0	0	0	0	0	0	0	0	0	0	0	0	0	0	0	0	0	0	0	0	0	0	0	0	0	0	0	0	0	0	0	0	0	0	0	0	0	0	0	0	0	0	0	0	0	0	0	0	1	0	1	0	0	0	0	0	0	0	0	0	0	0	0	0	0	0	0	0	0	0	0	0	0	0	0	0	0	0	0	0	0	0	0
K07478	0	0	0	0	0.417204	0	0	0	0	0	0	0	0	0	0	0	0	0	0	0	0	0	0	0	0	0	0	0	0	0.229358	0	0	0	0	0	0.229358	0	0	0	0	0	0	0	0	0	0	0	0	0	0	0	0	0	0	0	0	0	0	0	0	0	0	0	0	0	0	0	0	0	0	0	0	0	0	0	0	0	0	0	0	0	0	0	0	0	0.7114691	0.114679	0	0	0	0	0	0	0	0	0	0	0	0	0	0	0	0	0	0	0	0	0	0	0	0	0	0	0.111607	0	0	0	0
K01609	0	0	0	0	0	0	0	0	0	0	0	0	0	0	0	0	0	0	0	0	0	0	0	0	0	0	0	0	0	0	0	0	0	0	0	0	0	0	0	0	0	0	0	0	0	0	0	0	0	0	0	0	0	0	0	0	0	0	0	0	0	0	0	0	0	0	0	0	0	0	0	0	0	0	0	0	0	0	0	0	0	0	0	0	0	0	0	0	0	0	0	0	0	0	0	0	0	0	0	0	0	0	0	0	0	0	0	0	0	0	0	0	0	0	0	0	0	0
K04077	1.08086	0	0	0	21.311012	0	0	4.121393	0	0	0	3.9730385	5.506028	0	0.763668	1.077092	0	0	0	0	0.214592	0	0	0.101833	0	0.367507	0	0	0.809479	0.626305	0	0	0.6391399	0	4.998434	1.176004	0	0	0	0.40838	0.274669	0	0.205761	2.203869	0	0	0.101833	0	0	0	0	8.922215	0.1732012	0	1.965556	0	0	0	0	0	3.1957	0	0	2.2024905	0	3.285283	0	0.214533	0	0.119352	0.203666	0	0.74908	3.077432	0.203666	0.1935559	0.206217	0	0.334094	0	0.2573964	0.683661	0	3.0327644	1.66079	34.325982	1.330432	3.339891	0.346177	1.122616	1.424668	2.1549909	0	0	0	0	0	0	0	0	0.203666	1.03211	0.217763	0	0	0.212698	0	0	0	0	0.733831	0.2852308	0	0.322147	0	0	0	0
K03684	0	0	0	0	0	0	0	0	0	0	0	0	0	0	0	0	0	0	0	0	0	0	0	0	0	0	0	0	0	0	0	0	0	0	0	0	0	0	0	0	0	0	0	0	0	0	0	0	0	0	0	0	0	0	0	0	0	0	0	0	0	0	0	0	0	0	0	0	0	0	0	0	0	0	0	0	0	0	0	0	0	0	0	0	0	0	0	0	0	0	0	0	0	0	0	0	0	0	0	0	0	0	0	0	0	0	0	0	0	0	0	0	0	0	0	0	0	0
K07075	0	0	0	0	0	0	0	0	0	0	0	0	0	0	0	0	0	0	0	0	0	0	0	0	0	0	0	0	0	0	0	0	0	0	0	0	0	0	0	0	0	0	0	0	0	0	0	0	0	0	0	0	0	0	0	0	0	0	0	0	0	0	0	0	0	0	0	0	0	0	0	0	0	0	0	0	0	0	0	0	0	0	0	0	0	0	0	0	0	0	0	0	0	0	0	0	0	0	0	0	0	0	0	0	0	0	0	0	0	0	0	0	0	0	0	0	0	0
K02961	0	0	0	0	23.86178	0	0	4.43902	0	0	0	3.715448	2.79675	0	0	0	1.42276	1	0	0	0.780488	0	0	0	0	0	0	0	6.39025	0.186992	2.47154	0	0	0	0	1.65041	0	0.780488	0	0	0.674797	0	0.585366	12.37398	0	0	0	0	0.682927	0	0	9.93496	0	0	3.723573	0	0	0	0	0	0.178862	0	0	9.674796	0	9.57724	0	0.658537	0	0	0	0	2.04878	19	0.382114	0.512195	0.715447	0	1.34146	0.98374	0.723577	1	0.699187	4.89431	7.06504	39.15451	2.682927	3.78049	0	1	2.64228	0.707317	1	0	0	1	0	0	0	1	0	0.715447	0	0	0	0.707317	0	0	0	0	0	0	0	0.0243902	0	0	0	0
K00858	0	0	0	0	0.876783	0	0	0	0	0	0	0.630922	0	0	0	0.194553	0	0	0	0	0	0	0	0	0	0	0	0	0	0	0	0	0	0	0	0	0	0	0	0	0	0	0	0	0	0	0	0	0	0	0	0	0	0	0	0	0	0	0	0	0	0	0	0	0	0	0	0	0	0	0	0	0	0	0	0.780804	0	0	0	0	0	0	0	0	0.194553	2.86559	0	1.86335	0	0.194553	0.389105	0	0	0	0	0	0	0	0	0	0	0	0	0	0	0	0	0.194553	0	0	0	0	0	0.621118	0	0	0	0
K06916	0	0	0	0	0	0	0	0	0	0	0	0	0	0	0	0	0	0	0	0	0	0	0	0	0	0	0	0	0	0	0	0	0	0	0	0	0	0	0	0	0	0	0	0	0	0	0	0	0	0	0	0	0	0	0	0	0	0	0	0	0.404858	0	0	0	0	0	0	0	0	0	0	0	0	0	0	0	0	0	0	0	0	0	0	0	0	1.280827	0	0	0	0	0	0	0	0	0	0	0	0	0	0	0	0.761447	0	0	0	0	0	0	0	0	0	0	0	0	0	0	0	0
K00762	0	0	0	0	0	0	0	0	0	0	0	0	0	0	0	0	0	0	0	0	0	0	0	0	0	0	0	0	0	0	0	0	0	0	0	0	0	0	0	0	0	0	0	0	0	0	0	0	0	0	0	0	0	0	0	0	0	0	0	0	0	0	0	0	0	0	0	0	0	0	0	0	0	0	0	0	0	0	0	0	0	0	0	0	0	0.762319	0	0.431884	0	0	0	0	0	0	0	0	0	0	0	0	0	0	0	0	0	0	0	0	0	0	1.26957	0	0	0	0	0	0	0
K01854	0	0	0	0	0.578035	0	0.0797386	0	0	0.144509	0	0	0	0	0	0	0	0	0	0	0	0	0	0.138728	0	0	0	0	0	0	0	0	0	0	0.289017	0	0	0	0	0	0.144509	0	0	0	0	0	0	0	0	0	0	0	0	0	0	0	0	0	0	0	0	0	0	0	0	0	0	0.144509	0	0.196078	0	0	0	0	0	0.2302508	0	0	0	0	0	0	0	0	0.145773	3.486567	0	0	0	0	0	0	0	0	0	0	0	0.144509	0.316956	0	0	0	0	0	0	0	0	0	0	0	0	0	0	0.145773	0	0	0	0
K03596	0	0	0	0	1.716051	0	0	0	0	0	0	0.352734	0.333333	0	0.0881834	0.2645504	0	0	0	0	0	0	0	0	0	0	0	0	0.294326	0	0	0	0	0	0.576369	0.1734274	0	0.0881834	0	0	0.176367	0	0	0.443612	0	0	0	0	0	0	0	0.704978	0	0	0.26455	0	0	0	0	0	0.166667	0	0	0.562645	0	0.2548504	0	0	0	0	0	0	0	0	0.272222	0.0881834	0	0	0.123153	0	0	0.176367	0	1.0586906	0.817451	19.766248	0.0881834	0.873075	0.0411523	0.6046609	0.9854674	0.10876	0	0	0	0	0	0	0	0	0	0.166667	0	0	0	0	0	0	0	0	0	0	0	0.209581	0	0	0	0
K16786	0	0	0	0	0	0	0	0	0	0	0	0	0	0	0	0	0	0	0	0	0	0	0	0	0	0	0	0	0	0	0	0	0	0	0	0	0	0	0	0	0	0	0	0	0	0	0	0	0	0	0	0	0	0	0	0	0	0	0	0	0	0	0	0	0	0	0	0	0	0	0	0	0	0	0	0	0	0	0	0	0	0	0	0	0	0	0	0	0	0	0	0	0	0	0	0	0	0	0	0	0	0	0	0	0	0	0	0	0	0	0	0	0	0	0	0	0	0
K06929	0	0	0	0	0	0	0	0	0	0	0	0	0	0	0	0	0	0	0	0	0	0	0	0	0	0	0	0	0	0	0	0	0	0	0	0	0	0	0	0	0	0	0	0	0	0	0	0	0	0	0	0	0	0	0	0	0	0	0	0	0	0	0	0	0	0	0	0	0	0	0	0	0	0	0	0	0	0	0	0	0	0	0	0	0	0	0	0	0	0	0	0	0	0	0	0	0	0	0	0	0	0	0	0	0	0	0	0	0	0	0	0	0	0	0	0	0	0
K02931	1.86131	0	0	0.364964	10.685086	0	0	0.311436	0	0	0	7.80535	1.931874	0.729927	0.729927	0	0	0	0	0	0	0	0	0.364964	0	2.61865	0	0	0	0	0.63747	0	0.839416	0.364964	2.18978	0.364964	0	0	0	0	0	0	0	2.469586	0	0	0.652069	0	0	0	0	2.8393803	0	0	0	0	0	0	0	0	0	0	0	1.09489	0	0	0.364964	0.364964	0	1.877497	0.364964	0	0.997567	7.09732	0	2.78782	0.364964	0.183333	1.25537	0	0.729928	0.919709	0.170316	2.416064	1.965937	76.0837857	0.729927	3.237917	0.722107	3.00487	2.35228	0	0	0	0	0	0	0	0	0	0	9.189784	0	0	0	0	0	0	0	0	0	0	0	0.658846	0	0	0	0
K03282	0	0	0	0	0	0	0	0	0	0	0	0	0	0	0	0	0	0	0	0	0	0	0	0	0	0	0	0	0	0	0	0	0	0	0	0	0	0	0	0	0	0	0	0	0	0	0	0	0	0	0	0	0	0	0	0	0	0	0	0	0	0	0	0	0	0	0	0	0	0	0	0	0	0	0	0	0	0	0	0	0	0	0	0.344988	0	0	0	0	0	0	0	0	0	0	0	0	0	0	0	0	0	0	0	0	0	0	0	0	0	0	0	0	0	0	0	0	0	0
K02013	0	0	0	0	0.440529	0	0	0	0	0	0	0.241002	0	0	0	0	0	0	0	0	0	0	0	0	0	0	0	0	0	0.915493	0	0	0	0	0	0	0	0	0	0	0	0	0	0	0	0	0	0	0	0	0	0	0	0	0	0.583333	0	0	0	0	0	0	0	0.5492962	0	0	0	0	0	0	0	0	0	0	0	0	0	0	0	0	0	0	0	0	0.469484	0.85317818	0	0	0	0.884603	0.234742	0	0	0	0	0	0	0	0	0	0	0.450704	0	0	0	0	0	0	0	0	0	0	0	0.233177	0	0	0	0
K00971	0	0	0	0	0	0	0	0.308333	0	0	0	0	0	0	0	0	0	0	0	0	0	0	0	0	0	0	0	0	0	0	0	0	0	0	0	0	0	0	0	0	0	0	0	0	0	0	0	0	0	0	0	0	0	0	0	0	0	0	0	0	0	0	0	0	0	0	0	0	0	0	0	0	0	0	0	0	0	0	0	0	0	0	0	0	0	0.0989583	0	1.067815	0	0	0.540741	0	0	0	0	0	0	0	0	0	0	0	0	0	0	0	0	0	0	0	0	0	0	0	0	0	0	0
K03101	0	0	0	0	0	0	0	0	0	0	0	0	0	0	0	0	0	0	0	0	0	0	0	0	0	0	0	0	0	0	0	0	0	0	0	0	0	0	0	0	0	0	0	0	0	0	0	0	0	0	0	0	0	0	0	0	0	0	0	0	0	0	0	0	0	0	0	0	0	0	0	0	0	0	0	0	0	0	0	0	0	0	0	0	0	0	0	0	0	0	0	0	0	0	0	0	0	0	0	0	0	0	0	0	0	0	0	0	0	0	0	0	0	0	0	0	0	0
K00566	0	0	0	0	0	0	0	0	0	0	0	0	0	0	0	0	0	0	0	0	0	0	0	0	0	0	0	0	0	0	0	0	0	0	0	0	0	0	0	0	0	0	0	0	0	0	0	0	0	0	0	0	0	0	0	0	0	0	0	0	0	0	0	0	0	0	0	0	0	0	0	0	0	0	0	0	0	0	0	0	0	0	0	0	0	0	0	0	0	1	0	0	0	0	0	0	0	0	0	0	0	0	0	0	0	0	0	0	0	0	0	0	0	0	0	0	0	0
K03544	0	0	0	0	0.2457	0	0	0.246305	0	0	0	0.12285	0.615763	0	0	0	0	0	0	0	0	0	0	0	0	0	0	0	0	0	0	0	0	0	0	0	0	0	0	0	0	0	0	0	0	0	0	0	0	0	0	0.246305	0.123153	0	0	0	0	0	0	0	0	0	0	0.246305	0	0	0	0	0	0	0	0	0	0	0	0	0	0	0	0.123153	0	0.123153	0	0	0.12285	1.286437	0	0	0	0.123153	0	0.123153	0	0	0	0	0	0	0	0	0	0	0	0	0	0	0	0	0	0	0	0	0	0	0	0.123153	0	0
K00231	0	0	0	0	0	0	0	0	0	0	0	0	0	0	0	0	0	0	0	0	0	0	0	0	0	0	0	0	0	1	0	0	0	0	0	0	0	0	0	0	0	0	0	0	0	0	0	0	0	0	0	0	0	0	0	0	0	0	0	0	0	0	0	0	0	0	0	0	0	0	0	0	0	0	0	0	0	0	0	0	0	0	0	0	0	0	0	0	0	0.619048	0	0	0	0	0	0	0	0	0	0	0	0	0	0	0	0	0	0	0	0	0	0	0	0	0	0	0	0
K03074	0	0	0	0	0	0	0	0	0	0	0	0	0	0	0	0	0	0	0	0	0	0	0	0	0	0	0	0	0	0	0	0	0	0	0	0	0	0	0	0	0	0	0	0	0	0	0	0	0	0	0	0	0	0	0	0	0	0	0	0	0	0	0	0	0	0	0	0	0	0	0	0	0	0	0	0	0	0	0	0	0	0	0	0	0	0	0	0	0	0	0	0	0	0	0	0	0	0	0	0	0	0	0	0	0	0	0	0	0	0	0	0	0	0	0	0	0	0
K09772	0	0	0	0	0	0	0	0.358871	0	0	0	0.358871	0	0	0	0	0	0	0	0	0	0	0	0	0	0	0	0	0	0	0	0	0	0	2.01612	0.201613	0	0	0	0	0	0	0	0	0	0	0	0	0	0	0	0.346774	0	0	0	0	0	0	0	0	0	0	0	0.403226	0	0	0	0	0	0	0	0	1.00806	0	0.401882	0	0	0	0	0	0	0	0	0	0.933595	2.276612	0	0	0	0	0	0	0	0	0	0	0	0	0	0	0	0	0	0	0	0	0	0	0	0	0	0.568306	0	0	0	0	0	0
K01057	0	0	0	0	0	0	0	0	0	0	0	0	0	0	0	0	0	0	0	0	0	0	0	0	0	0	0	0	0	0	0	0	0	0	0	0	0	0	0	0	0	0	0	0	0	0	0	0	0	0	0	0	0	0	0	0	0	0	0	0	0	0	0	0	0	0	0	0	0	0	0	0	0	0	0	0	0	0	0	0	0.962963	0	0	0	0	0	0	0	0	0	0	0	0	0	0	0	0	0	0	0	0	0	0	0	0	0	0	0	0	0	0	0	0	0	0	0	0	0
K14347	0	0	0	0	0	0	0	0	0	0	0	0	0	0	0	0	0	0	0	0	0	0	0	0	0	0	0	0	0	0	0	0	0	0	0	0	0	0	0	0	0	0	0	0	0	0	0	0	0	0	0	0	0	0	0	0	0	0	0	0	0	0	0	0	0	0	0	0	0	0	0	0	0	0	0	0	0	0	0	0	0	0	0	0	0	0	0	0	0	0	0	0	0	0	0	0	0	0	0	0	0	0	0	0	0	0	0	0	0	0	0	0	0	0	0	0	0	0
K06895	0	0	0	0	0	0	0	0	0	0	0	0	0	0	0	0	0	0	0	0	0	0	0	0	0	0	0	0	0	0	0	0	0	0	0	0	0	0	0	0	0	0	0	0	0	0	0	0	0	0	0	0	0	0	0	0	0	0	0	0	0	0	0	0	0	0	0	0	0	0	0	0	0	0	0	0	0	0	0	0	0	0	0	0	0	0	0	0	0	0	0	0	0	0	0	0	0	0	0	0	0	0	0	0	0	0	0	0	0	0	0	0	0	0	0	0	0	0
K15371	0	0	0	0	4.816131	0	0	0.0632912	0	0	0	0.4135756	0.0632911	0	0.1044435	0	0	0	0	0	0	0.126582	0	0.0727979	0	0	0	0	0	0.3384583	0	0	0.1739682	0	0.272248	0	0	0.3394197	0	0.0316456	0	0	0	0	0	0	0.0632911	0	0	0	0	0.0632911	0.0411523	0	0.192381	0	0	0	0	0	0.0317662	0	0	0.6441422	0	0.7372816	0	0.164335	0	0.0370096	0	0	0	0	0.1046847	0.2796103	0	0	0.160759	0.2220212	0.0315544	0.1582276	0	1.8849205	1.2127923	13.1793764	0.0316456	1.1669512	0.0687758	1.2328577	0.3001736	0.0823045	0	0	0	0	0	0	0	0	0	0.822109	0	0	0	0	0	0	0	0.0632912	0	0.0949367	0	0.2287787	0	0	0	0
K08998	0	0	0	0	0	0	0	0	0	0	0	0	0	0	0	0	0	0	0	0	0	0	0	0	0	0	0	0	0	0	0	0	0	0	0	0	0	0	0	0	0	0	0	0	0	0	0	0	0	0	0	0	0	0	0	0	0	0	0	0	0	0	0	0	0	0	0	0	0	0	0	0	0	0	0	0	0	0	0	0	0	0	0	0	0	0	0	0	0	0	0	0	0	0	0	0	0	0	0	0	0	0	0	0	0	0	0	0	0	0	0	0	0	0	0	0	0	0
K10005	0	0	0	0	0	0	0	0	0	0	0	0	0	0	0	0	0	0	0	0	0	0	0	0	0	0	0	0	0	0	0	0	0	0	0	0	0	0	0	0	0	0	0	0	0	0	0	0	0	0	0	0	0	0	0	0	0	0	0	0	0	0	0	0	0	0	0	0	0	0	0	0	0	0	0	0	0	0	0	0	0	0	0	0	0	0	0	0	0	0	0	0	0	0	0	0	0	0	0	0	0	0	0	0	0	0	0	0	0	0	0	0	0	0	0	0	0	0
K01000	0	0	0	0	0	0	0	0	0	0	0	0	0	0	0	0	0	0	0	0	0	0	0	0	0	0	0	0	0	0	0	0	0	0	0	0	0	0	0	0	0	0	0	0.0729167	0	0	0	0	0	0	0	0	0	0	0	0	0	0	0	0	0	0	0	0	0	0	0	0	0	0	0	0	0	0	0	0	0	0	0	0	0	0	0	0	0.373106	2.24565	0	0.646259	0	0.284091	0	0.537415	0	0	0	0	0	0	0	0	0	0.852273	0	0	0	0	0	0	0	0	0	0	0	0.142045	0	0	0	0
K01889	0	0	0	0	0	0	0	0	0	0	0	0	0	0	0	0	0	0	0	0	0	0	0	0	0	0	0	0	0	0	0	0	0	0	0	0	0	0	0	0	0	0	0	0	0	0	0	0	0	0	0	0	0	0	0	0	0	0	0	0	0	0	0	0	0	0	0	0	0	0	0	0	0	0	0	0	0	0	0	0	0	0	0	0	0	0	0	0	0	0	0	0	0	0	0	0	0	0	0	0	0	0	0	0	0	0	0	0	0	0	0	0	0	0	0	0	0	0
K22319	0	0	0	0	0.526168	0	0	0.316122	0	0	0	0.123856	0	0	0	0	0	0	0	0	0	0	0	0	0	0	0	0	0.105374	0.1601356	0	0	0	0	0	0	0	0.0976466	0	0	0	0	0	0	0	0	0	0	0	0	0	0.105374	0	0	0	0	0	0	0	0	0	0	0	0.105374	0	0	0	0	0	0	0	0	0	0	0	0	0	0	0	0	0	0.0519751	0	0.0519751	0.105042	2.5770072	0	0.7996439	0	0.210748	0.11655	0.1046621	0	0	0	0	0	0	0	0	0	0	0	0	0	0	0	0	0	0	0	0	0	0.105374	0	0	0	0
K01752	0	0	0	0	0	0	0	0	0	0	0	0	0	0	0	0	0	0	0	0	0	0	0	0	0	0	0	0	0	0	0	0	0	0	0	0	0	0	0	0	0	0	0	0	0	0	0	0	0	0	0	0	0	0	0	0	0	0	0	0	0	0	0	0	0	0	0	0	0	0	0	0	0	0	0	0	0	0	0	0	0	0	0	0	0	0	0	0	0	0	0	0	0	0	0	0	0	0	0	0	0	0	0	0	0	0	0	0	0	0	0	0	0	0	0	0	0	0
K09014	0.100153	0	0	0	0.399083	0	0	0	0	0	0	0.785027	0.178982	0	0.133333	0.223242	0	0	0	0	0.123153	0	0	0.133333	0	0	0	0	0	0	0	0	0	0	0	0	0	0	0	0	0	0	0	1.264523	0	0	0	0	0	0	0	0	0	0	0	0	0	0.114679	0	1.86834	0.693023	0	0	0.7736878	0	0.6182541	0	0	0	0.0275229	0	0	0	0.866973	0.635593	0	0	0	0.229358	0	0	0	0	0.657517	0.229358	27.307458	0.581345	1.440012	0	1.286622	0.1284405	0.229358	0	0	0	0	0	0.229358	0	0	0	0.128079	0	0	0	0	0	0	0	0	0	0.189333	0	0	0	0	0	0
K02428	0	0	0	0	0	0	0	0	0	0	0	0	0	0	0	0	0	0	0	0	0	0	0	0	0	0	0	0	0	0	0	0	0	0	0	0	0	0	0	0	0	0	0	0	0	0	0	0	0	0	0	0	0	0	0	0	0	0	0	0	0	0	0	0	0	0	0	0	0	0	0	0	0	0	0	0	0	0	0	0	0	0	0	0	0	0	0	0	0	0	0	0	0	0	0	0	0	0	0	0	0	0	0	0	0	0	0	0	0	0	0	0	0	0	0	0	0	0
K02077	0	0	0	0	0	0	0	0	0	0	0	0	0	0	0	0	0	0	0	0	0	0	0	0	0	0	0	0	0	0	0	0	0	0	0	0	0	0	0	0	0	0	0	0	0	0	0	0	0	0	0	0	0	0	0	0	0	0	0	0	0	0	0	0	0	0	0	0	0	0	0	0	0	0	0	0	0	0	0	0	0	0	0	0	0	0	0	0	0	0	0	0	0	0	0	0	0	0	0	0	0	0	0	0	0	0	0	0	0	0	0	0	0	0	0	0	0	0
K08372	0	0	0	0	0	0	0	0	0	0	0	0	0	0	0	0	0	0	0	0	0	0	0	0	0	0	0	0	0	0	0	0	0	0	0	0	0	0	0	0	0	0	0	0	0	0	0	0	0	0	0	0	0	0	0	0	0	0	0	0	0	0	0	0	0	0	0	0	0	0	0	0	0	0	0	0	0	0	0	0	0	0	0	0	0	0	0	0	0	0	0	0	0	0	0	0	0	0	0	0	0	0	0	0	0	0	0	0	0	0	0	0	0	0	0	0	0	0
K07778	0	0	0	0	0	0	0	0	0	0	0	0	0	0	0	0	0	0	0	0	0	0	0	0	0	0	0	0	0	0	0	0	0	0	0	0	0	0	0	0	0	0	0	0	0	0	0	0	0	0	0	0	0	0	0	0	0	0	0	0	0	0	0	0	0	0	0	0	0	0	0	0	0	0	0	0	0	0	0	0	0	0	0	0	0	0	0	0	0	0	0	0	0	0	0	0	0	0	0	0	0	0	0	0	0	0	0	0	0	0	0	0	0	0	0	0	0	0
K09858	0	0	0	0	0	0	0	0	0	0	0	0	0	0	0	0	0	0	0	0	0	0	0	0	0	0	0	0	0	0	0	0	0	0	0	0	0	0	0	0	0	0	0	0	0	0	0	0	0	0	0	0	0	0	0	0	0	0	0	0	0	0	0	0	0	0	0	0	0	0	0	0	0	0	0	0	0	0	0	0	0	0	0	0	0	0	0	0	0	0	0	0	0	0	0	0	0	0	0	0	0	0	0	0	0	0	0	0	0	0	0	0	0	0	0	0	0	0
K02035	0.0967118	0	0	0.19305	0.33269	0	0	0.482625	0.0986193	0	0	2.0894466	0.295858	0.176319	0.6334686	0	0.192407	0	0	0	0.187902	0.435953	0	0.288932	0	0.482625	0	0	0.112203	0.452381	0	0	0.3861	0	0	0	0	0	0	0	0	0	0	2.660396	0	0	0	0	0	0	0	0.687677	0.0965251	0	0	0	0	0	0	0	0.346051	0	0	0.0965251	0	0	0	0	0	0	0	0	0.579853	0	0.2903231	0	0	0	0	0	0.274725	0.281853	0	0.3911144	0.4439108	7.6037568	0.0965251	0.0965251	0.0447837	0.3269312	0	0.1930502	0	0	0	0	0	0	0	0	0.0965251	1.9627131	0	0	0.578507	0.0965251	0	0	0	0	0.587143	0	0	0.193611	0	0.12285	0	0
K03578	0	0	0	0	0	0	0	0	0	0	0	0.122634	0.161765	0	0	0	0	0	0	0.114679	0	0	0	0	0	0	0	0	0	0.746978	0	0	0	0	0	0	0	0	0	0	0.0373972	0	0.1499897	0	0	0	0	0	0	0	0	0	0.0738138	0	0	0	0	0	0	0	0	0	0	0	0.0606061	0	0	0	0	0	0	0	0	0	0	0	0	0	0	0	0	0.09819	0	0.1528867	0	2.2524567	0	0.0720754	0.0724578	0.0364166	0.0368995	0.0728332	0	0	0	0	0	0	0	0	0	0.7086567	0	0	0	0.0250061	0	0	0	0	0	0	0	0.1091659	0	0	0	0
K00782	0	0	0	0	3.0303	0	0	0	0	0	0	0	0	0	0	0	0	0	0	0	0	0	0	0	0	0	0	0	0	0	0	0	0	0	0	0	0	0	0	0	0	0	0	0	0	0	0	0	0	0	0.659259	0	0	0	0	0	0	0	0	0	0	0	0	0	0	0	0	0	0	0	0	0	0	0	0	0	0	0	0	0.30303	0	0.30303	0	0.30303	0	2.74141	0.30303	0	0	0	0.909091	0.0828283	0	0	0	0	0	0	0	0	0	0	0	0	0	0	0	0	0	0	0	0	0	0	0	0	0	0
K03424	0	0	0	0	0	0	0	0	0	0	0	0	0	0	0	0	0	0	0	0	0	0	0	0	0	0	0	0	0	0	0	0	0	0	0	0	0	0	0	0	0	0	0	0	0	0	0	0	0	0	0	0	0	0	0	0	0	0	0	0	0	0	0	0	0	0	0	0	0	0	0	0	0	0	0	0	0	0	0	0	0	0	0	0	0	0	0	0	0	0	0	0	0	0	0	0	0	0	0	0	0	0	0	0	0	0	0	0	0	0	0	0	0	0	0	0	0	0
K02361	0	0	0	0	0	0	0	0	0	0	0	0	0	0	0	0	0	0	0	0	0	0	0	0	0	0	0	0	0	0	0	0	0	0	0	0	0	0	0	0	0	0	0	0	0	0	0	0	0	0	0	0	0	0	0	0	0	0	0	0	0	0	0	0	0	0	0	0	0	0	0	0	0	0	0	0	0	0	0	0	0	0	0	0	0	0	0	0	0	0	0	0	0	0	0	0	0	0	0	0	0	0	0	0	0	0	0	0	0	0	0	0	0	0	0	0	0	0
K02992	0	0	0	0	0	0	0	0	0	0	0	0	0	0	0	0	0	0	0	0	0	0	0	0	0	0	0	0	0	0	0	0	0	0	0	0	0	0	0	0	0	0	0	0	0	0	0	0	0	0	0	0	0	0	0	0	0	0	0	0	0	0	0	0	0	0	0	0	0	0	0	0	0	0	0	0	0	0	0	0	0	0	0	0	0	0	0	0	0	0	0	0	0	0	0	0	0	0	0	0	0	0	0	0	0	0	0	0	0	0	0	0	0	0	0	0	0	0
K06178	0.0632008	0	0	0	7.343385	0	0	0	0	0	0	0.970874	0	0	0.011213	0	0	0	0	0	0	0	0	0	0	0	0	0	0	0.611621	0	0	0.460829	0	0	0	0	0	0	0	0	0	0	0	0	0	0	0	0	0	0	0.152905	0	0	0	0	0	0	0	0	0.657895	0	0	0.130159	0	0.242718	0	0	0	0	0	0	0	0.538462	0	0.382301	0	0	0	0	0	0	0	0.509043	0	7.049606	0.152905	1.093663	1.284461	1.805957	1.135575	0	0	0	0	0	0	0	0	0	0	5.128113	0	0	0	0	0	0	0	0	3.2459	0	0	0	0	0	0	0
K01512	0	0	0	0	0	0	0	0	0	0	0	0	0	0	0	0	0	0	0	0	0	0	0	0	0	0	0	0	0	0	0	0	0	0	0	0	0	0	0	0	0	0	0	0	0	0	0	0	0	0	0	0	0	0	0	0	0	0	0	0	0	0	0	0	0	0	0	0	0	0	0	0	0	0	0	0	0	0	0	0	0	0	0	0	0	0	0	0	0	0	0	0	0	0	0	0	0	0	0	0	0	0	0	0	0	0	0	0	0	0	0	0	0	0	0	0	0	0
K03798	0	0	0	0	6.0968323	0	0	6.738799	0	0	0	1.4248012	0.696864	0	0.141243	0	0	0	0	0	0	0	0	0	0	0.5615849	0	0	0.22693	0.5507338	0	0	0.1591541	0	0.952051	0.0602637	0	0	0	0.5829843	0	0	0	1.27786	0	0	0.14992	0	0	0	0	1.544236	0	0	0.759985	0	0	0	0	0	0.445317	0	0	1.6070927	0	1.5802088	0	0.3255737	0	0.233645	1.254707	0	0	0.291358	0.0784929	0	0	0	0.156986	0	0.3022385	0.536847	0	2.5723045	1.018643391	20.1089588	0.2122082	1.93613	0.150539	1.500022	0.220634	1.9314757	0	0	0.282486	17.9059	0	0	0	0	0	3.13501	0	0	0	0	0	0	0	0	0.2379829	0	0	0.613658	0.127226	0.367142	0	0
K03149	0	0	0	0	0	0	0	0	0	0	0	0	0	0	0	0	0	0	0	0	0	0	0	0	0	0	0	0	0	0	0	0	0	0	0	0	0	0	0	0	0	0	0	0	0	0	0	0	0	0	0	0	0	0	0	0	0	0	0	0	0	0	0	0	0	0	0	0	0	0	0	0	0	0	0	0	0	0	0	0	0	0	0	0	0	0	0	0	0	0	0	0	0	0	0	0	0	0	0	0	0	0	0	0	0	0	0	0	0	0	0	0	0	0	0	0	0	0
K02520	0	0	1.68027	0	767.837	0	0	11.1485	0	0	0	42.74745	40.8065	1.37589	10.70849	0.836879	1.78912	0	0	0	0	0	0	0	0	0.435374	0	0.312925	17.75087	0	27.0896	0	16.28976	0.319728	9.05674	1.67376	0	1.60544	0	1.59184	0	0	0.510638	0	0	0	0	0	0	0	0	44.7219	0	0	9.990588	0	0	0.959184	0	0.900709	0	0	0	15.260035	0	42.23393	0.687075	6.27501	0	0.871287	13.407841	0	0	11.17557	5.70821	5.053883	0	0.471698	0	0	0	1.265884	0	11.570298	7.006949	24.429548	10.463885	2.46939	0	4.11565	0	5.673035	0	0	0	0	0	0	0	0	0	0	0	0	0	0	0	0	0	0	0	0	0	0.921802	0	0	0	0
K13821	0.111011	0	0	0.0497512	2.425044	0	0	1.7187545	0	0	0	1.2618869	1.2091385	0	0.3239997	0	0	0	0	0	0	0	0	0	0.044964	0.1893498	0	0	0.1765411	0.13465	0	0	0.6456269	0	0	0.0897666	0	0.3590666	0	0.4838558	0	0	1.72065	2.1458247	0	0	0.0946345	0	0	0	0	1.2020963	0	0	0.0448833	0.044964	0	0	0	0	0.202429	0	0	1.742609	0	0.4871233	0	0.1861161	0.0947152	0.1348114	0	0	0	0	0.359066	0.7919025	0.0448833	0	0.4845736	0.1795333	0.2473123	0.624476	0.2743292	1.891894	1.9380987	60.344119	0.0494196	1.972883	0.3645303	1.3525955	0.6448441	0.2244972	0	0.0448833	0	0	0	0	0	0	0.0448833	2.408752	0.1395178	0	0	0.1316577	0	0	0.0233393	0	0.0448833	0.0448833	0	0.4147993	0	0.0497512	0	0
K00161	0	0	0	0	0	0	0	0	0	0	0	0	0	0	0	0	0	0	0	0	0	0	0	0	0	0	0	0	0	0	0	0	0	0	0	0	0	0	0	0	0	0	0	0	0	0	0	0	0	0	0	0	0	0	0	0	0	0	0	0	0	0	0	0	0	0	0	0	0	0	0	0	0	0	0	0	0	0	0	0	0	0	0	0	0	0.147493	0	0	0.147493	0	0	0	0	0	0	0	0	0	0	0	0	0	0	0	0	0	0	0	0	0	0	0	0	0.294985	0	0	0	0
K02899	0	0	0	0	22.509241	0	0	17.25	0	0	0	13.037	12.3148	0	4.41667	1.75	0	0	0	0	0.574074	4	0	1.85185	0	0	0	0	6.33333	0	0	0	1.64815	0	21.8426	1.2037	0	0	0	1.05556	0	0	4.11111	5.78704	0	0	0	0	0	0	0	21.3333	0	0	3.72222	0.657407	0	0	0	0	9.2963	0	0	14.6111	0	6.61111	0	1.21296	0	0.935185	1.42593	0	1.57407	1.15741	17.39815	1.94444	0	0.787037	0	0	0	1.40741	0.25	3.10185	3.472217	34.56481	1	0.787037	0	3.69444	1	1	0	0	0	0	0	0	0	0	0	6.74074	0	0	0	0	0	0	0	0	0	0	0	1.52778	0	0	0	0
K02884	1.51515	0	0	0	45.7677	0.262626	0	12.9646	0	0	0	6.55556	27.31515	0	0.272727	0	0	0	0	0	1.35354	2.67677	0	0	0	1.27778	0	0	5.68182	2.95757	0.878788	0	2.25253	0	4.27273	0.747475	0	0	0	0	0	0	0.921212	1.39394	0	0	0	0	0	0	0	31.0202	0	0	3.86364	0.722222	0	0	0	0	10.33434	0	0	10.656567	0	4.87879	0	1.15152	0	0	4.14141	0	8.66667	0	11.425212	0.757576	0	0	0.186869	0.212121	0	1.9697	1.44949	3.65657	3.89899	10.731303	1.750506	0.949495	0	0.69697	2.10101	0	0	0	0	0	0	0	0	0	0	1.447474	0	0	0	0	0	0	0	0.575758	0	0	0	1.33838	0	0	0	0
K07305	0	0	0	0	0	0	0	0	0	0	0	0	0	0	0	0	0	0	0	0	0	0	0	0	0	0	0	0	0	0	0	0	0	0	0	0	0	0	0	0	0	0	0	0	0	0	0	0	0	0	0	0	0	0	0	0	0	0	0	0	0	0	0	0	0	0	0	0	0	0	0	0	0	0	0	0	0	0	0	0	0	0	0	0	0	0	0	0	0	0	0	0	0	0	0	0	0	0	0	0	0	0	0	0	0	0	0	0	0	0	0	0	0	0	0	0	0	0
K03306	0	0	0	0	0	0	0	0	0	0	0	0	0	0	0	0	0	0	0	0	0	0	0	0	0	0	0	0	0	0	0	0	0	0	0	0	0	0	0	0	0	0	0	0	0	0	0	0	0	0	0	0	0	0	0	0	0	0	0	0	0.3367	0	0	0	0	0	0	0	0	0	0	0	0	0	0	0	0	0	0	0	0	0	0	0	0.295174	1.71717	0	0	0	0	0	0	0	0	0	0	0	0	0	0	0	0.50954	0	0	0	0	0	0	0	0	0	0	0	0	0	0	0	0
K01653	0	0	0	0	0	0	0	0	0	0	0	0	0	0	0	0	0	0	0	0	0	0	0	0	0	0	0	0	0	0	0	0	0	0	0	0	0	0	0	0	0	0	0	0	0	0	0	0	0	0	0	0	0	0	0	0	0	0	0	0	0	0	0	0	0	0	0	0	0	0	0	0	0	0	0	0	0	0	0	0	0	0	0	0	0	3.61388	0	0	0	0	0	0	0	0	0	0	0	0	0	0	0	0	0	0	0	0	0	0	0	0	0	0	0	0	0	0	0	0
K01915	0	0	0	0	0.467451	0	0	0	0	0	0	1.408347	0.145773	0	0	0	0	0	0	0	0	0	0	0	0	0	0	0	0	0.361239	0	0	0	0	0	0	0	0	0	0	0	0	0	0.874775	0	0	0	0	0	0	0	0.711952	0	0	0	0	0	0	0	0	0	0	0	0.308642	0	0.38646145	0	0	0	0	0	0	0	1.99922	0.178039	0	0	0	0	0.117647	0	0.00251889	0	0.343141	0.617491	1.176117	0	0.243592	0	0.6846925	0	0	0	0	0	0	0	0	0	0	0	0.26455	0	0	0	0	0	0	0	0	0	0	0	0.271718	0	0.125945	0	0
K00886	0	0	0	0	0	0	0	0.343915	0	0	0	0.412088	0	0	0	0	0	0	0	0	0	0	0	0.189153	0	0	0	0	0	0	0	0	0	0	0	0	0	0	0	0.824175	0	0	0	0.25	0	0	0	0	0	0	0	0.807489	0	0	0	0	0	0	0	1	0	0	0	0	0	0	0	0	0	0	0	0	0	0	0	0.209205	0	0	0	0	0	0.213675	0.25	0.198413	0.213675	3.544834	0.395833	0.0712251	0	0	0	0	0	0	0	0	0	0	0	0	0	0.839439	0	0	0	0	0	0	0	0	0	0	0	0	0	0	0	0
K10010	0	0	0	0	0	0	0	0	0	0	0	0	0	0	0	0	0	0	0	0	0	0	0	0	0	0	0	0	0	0.940437	0	0	0	0	0	0	0	0	0	0	0	0	0	0	0	0	0.34	0	0	0	0	0	0.5	0	0	0	0	0	0	0	0	0	0	0	0	0	0	0	0	0	0	0	0	0	0	0	0	0	0	0	0	0.25	0	0.25	0.25	0.25	0	1.181034	0	0	0	0	0	0	0	0	0	0	0	0	0	0	0	0	0	0	0	0	0	0	0	0	0	0	0	0	0	0
K02340	0	0	0	0	0	0	0	0	0	0	0	0	0	0	0	0	0	0	0	0	0	0	0	0	0	0	0	0	0	0	0	0	0	0	0	0	0	0	0	0	0	0	0	0	0	0	0	0	0	0	0	0	0	0	0	0	0	0	0	0	0	0	0	0	0	0	0	0	0	0	0	0	0	0	0	0.152681	0	0	0	0	0	0	0	0	0	0	0	0.164336	0	0	0	0	0	0	0	0	0	0	0	0	0	0	0	0	0	0	0	0	0	0	0	0	0	0	0	0	0	0
K06168	0	0	0	0	0	0	0	0	0	0	0	0	0	0	0	0	0	0	0	0	0	0	0	0	0	0.10989	0	0	0	0.6381983	0	0	0	0	0	0	0	0	0	0	0	0	0	0	0	0	0	0	0	0	0	0	0	0	0	0	0	0	0	0	0	0	0	0	0	0	0	0	0	0	0	0	0	0	0	0	0	0	0	0	0.10989	0	0	0.671688	0	2.367313	0	0.2872631	0	0.118765	0	0	0	0	0	0	0	0	0	0	0	0.107914	0	0	0	0	0	0	0	0	0	0	0	0	0	0	0	0
K02015	0	0	0	0	0.337838	0	0	0	0	0	0	0.158784	0	0	0.811594	0	0	0	0	0	0	0	0	0	0	0	0	0	0	2.367179	0	0	0	0	0	0	0	0	0	0	0	0	0	0	0	0	0.314507	0	0	0	0	0.544444	0	0	0	0	0	0	0	0	0	0	0	0.574324	0	0	0	0	0	0	0	0	0	0	0	0	0	0	0.13482	0	0.159236	0	0	0	0.844595	1.483213	0	0.139066	0	0.302609	0	0	0	0	0	0	0	0	0	0	0	0	0	0	0	0	0	0	0	0	0.0808416	0.67287	0	0.4589014	0	0	0	0
K01809	0	0	0	0	0	0	0	0	0	0	0	0	0	0	0	0	0	0	0	0	0	0	0	0	0	0	0	0	0	0	0	0	0	0	0	0	0	0	0	0	0	0	0	0	0	0	0	0	0	0	0	0	0	0	0	0	0	0	0	0	0	0	0	0	0	0	0	0	0	0	0	0	0	0	0	0	0	0	0	0	0	0	0	0	0	0	0	0	0	0	0	0	0	0	0	0	0	0	0	0	0	0	0	0	0	0	0	0	0	0	0	0	0	0	0	0	0	0
K03212	0	0	0	0	0	0	0	0	0	0	0	0	0	0	0	0	0	0	0	0	0	0	0	0	0	0	0	0	0	0	0	0	0	0	0	0	0	0	0	0	0	0	0	0	0	0	0	0	0	0	0	0	0	0	0	0	0	0	0	0	0	0	0	0	0	0	0	0	0	0	0	0	0	0	0	0	0	0	0	0	0	0	0	0	0	0	0	0	0	0	0	0	0	0	0	0	0	0	0	0	0	0	0	0	0	0	0	0	0	0	0	0	0	0	0	0	0	0
K01524	0	0	0	0	0.874126	0	0	0	0	0	0	0	0	0	0	0	0	0	0	0	0	0	0	0	0	0	0	0	0	0	0	0	0	0	0	0	0	0	0	0	0	0	0	0	0	0	0	0	0	0	0	0.329837	0	0	0	0	0	0	0	0	0	0	0	0	0	0	0	0	0	0	0	0	0	0	0	0	0	0	0	0	0	0	0	0	0	0	0	0	0	0	0	0	0	0	0	0	0	0	0	0	0	0	0	0	0	0	0	0	0	0	0	0	0	0	0	0	0	0
K00088	0	0	0	0	0.237573	0	0	0	0	0	0	0.438596	0.219298	0	0.109649	0	0	0	0	0	0	0	0	0	0	0	0	0	0	0.1396198	0	0	0	0	0	0	0	0	0	0	0	0	0	0.96878	0	0	0	0	0	0	0	0	0	0	0	0	0	0	0	0	0	0	0	0	0	0	0	0	0	0	0	0	0	0	0	0.219298	0	0	0	0	0	0	0	0.219298	0.547514	3.791803	0	0.286864	0	0.484649	0.694444	0	0	0	0	0	0	0	0	0	0	0.160819	0	0	0	0.328947	0	0	0	0	0	0	0	0	0	0	0	0
K09762	0	0	0	0	0	0	0	0	0	0	0	0	0	0	0	0	0	0	0	0	0	0	0	0	0	0	0	0	0	0	0	0	0	0	0	0	0	0	0	0	0	0	0	0	0	0	0	0	0	0	0	0	0	0	0	0	0	0	0	0	0	0	0	0	0	0	0	0	0	0	0	0	0	0	0	0	0	0	0	0	0	0	0	0	0.316176	0	0	0	0	0	0	0	0	0	0	0	0	0	0	0	0	0.183824	0	0	0	0	0	0	0	0	0	0	0	0.183824	0	0	0	0
K01814	0	0	0	0	0	0	0	0	0	0	0	0	0	0	0	0	0	0	0	0	0	0	0	0	0	0	0	0	0	0	0	0	0	0	0	0	0	0	0	0	0	0	0	0	0	0	0	0	0	0	0	0	0	0	0	0	0	0	0	0	0	0	0	0	0	0	0	0	0	0	0	0	0	0	0	0	0	0	0	0	0	0	0	0	0	0	0	0	0	0	0	0.818841	0	0	0	0	0	0	0	0	0	0	0	0	0	0	0	0	0	0	0	0	0	0	0	0	0	0
K03564	0	0	0	0	0	0	0	0	0	0	0	0	0	0	0	0	0	0	0	0	0	0	0	0	0	0	0	0	0	0	0	0	0	0	0	0	0	0	0	0	0	0	0	0	0	0	0	0	0	0	0	0	0	0	0	0	0	0	0	0	0	0	0	0	0	0	0	0	0	0	0	0	0	0	0	0	0	0	0	0	0	0	0	0	0	0	0	0	0	0	0	0	0	0	0	0	0	0	0	0	0	0	0	0	0	0	0	0	0	0	0	0	0	0	0	0	0	0
K01890	0	0	0	0	1.3140481	0	0	0	0	0	0	0.1858739	0.2234349	0	0.1462205	0	0	0	0	0.0297398	0	0.344843	0	0	0	0	0	0	0	0.0921107	0	0	0	0	0.331682	0.0619579	0	0.625999	0	0	0	0	0	1.64668	0	0	0	0	0	0	0	0.398596	0.107527	0	0	0	0	0	0	0	0.138122	0	0	0	0	1.0304059	0	0	0	0	0	0	0.0251962	0	0.123916	0.120198	0	0	0	0	0	0.0619579	0.0690608	0.8755265	0.522903	5.2875409	0.0619579	0.2019827	0.1448198	0.5987038	0.185874	0.615294	0	0	0	0	0	0	0	0	0	0.709751	0	0	0	0	0	0	0	0	0	0	0	0.0619579	0	0.0619579	0	0
K18928	0.463566	0	0	0	0	0	0	0	0	0	0	0	0	0	0	0	0	0	0	0	0	0	0	0	0	0	0	0	0	0	0	0	0	0	0	0	0	0	0	0	0	0	0	0	0	0	0.232558	0	0	0	0	0	0	0	0	0	0	0	0	0	0	0	0	0	0	0	0	0	0	0	0	0	0	0	0	0	0	0	0.232558	0	0	0	0	0.696124	0	5.167306	0	0.4465118	0	0.3240309	0.232558	0	0	0	0	0	0	0	0	0	0	0.155039	0	0	0	0	0	0	0	0	0	0	0	0	0	0	0	0
K00134	0	0	0	0	0.735294	0	0	0	0	0	0	0	4	0	0	0	0	0	0	0	0	0	0	0	0	0	0	0	0	0.507614	0	0	0	0	0	0	0	0	0	0	0.11655	0	0	2	0	0	0	0	0	0	0	1.4555791	0	0	0	0	0	0	0	0	0	0	0	0	0	1.22634	0	0	0	0.10049	0	0	0	0	0	0.639604	0	0	0.109557	0	0.0745921	0.11655	0	1.190877	1.732413	4.349941	0.2331	0.20059	0	0.4691921	0	0.11655	0	0	0	0	0	0	0	0	0	1.271842	0	0	0	0	0	0	0.348873	0	0	0	0	0	0	0	0	0
K00805	0	0	0	0	0.328948	0	0	0	0	0	0	0	0	0	0	0	0	0	0	0	0	0	0	0	0	0	0	0	0.164474	0.288474	0	0	0	0	0	0	0	0	0	0	0	0	0	0	0	0	0.328947	0	0	0	0	0	0	0	0	0	0	0	0	0	0	0	0	1.55102	0	0	0	0	0	0	0	0	0	0	0	0	0	0	0	0	0	0	0	0	0	2.174188	0	0	0	0.164474	1.0888158	0	0	0	0	0	0	0	0	0	0	0.482456	0	0	0	0	0	0	0	0	0	0.296053	0	0	0	0.164474	0	0
K03801	0	0	0	0	0	0	0	0	0	0	0	0	0	0	0	0	0	0	0	0	0	0	0	0	0	0	0	0	0	0	0	0	0	0	0	0	0	0	0	0	0	0	0	0	0	0	0	0	0	0	0	0	0	0	0	0	0	0	0	0	0	0	0	0	0	0	0	0	0	0	0	0	0	0	0	0	0	0	0	0	0	0	0	0	0	0	0	0	0	0	0	0	0	0	0	0	0	0	0	0	0	0	0	0	0	0	0	0	0	0	0	0	0	0	0	0	0	0
K03601	0	0	0	0	0	0	0	0	0	0	0	0	0	0	0	0	0	0	0	0	0	0	0	0	0	0	0	0	0	0	0	0	0	0	0	0	0	0	0	0	0	0	0	0	0	0	0	0	0	0	0	0	0	0	0	0	0	0	0	0	0	0	0	0	0	0	0	0	0	0	0	0	0	0	0	0	0	0	0	0	0	0	0	0	0	0	0	0	0	0	0	0	0	0	0	0	0	0	0	0	0	0	0	0	0	0	0	0	0	0	0	0	0	0	0	0	0	0
K04485	0	0	0	0	0	0	0	0	0	0	0	0	0	0	0	0	0	0	0	0	0	0	0	0	0	0	0	0	0	0	0	0	0	0	0	0	0	0	0	0	0	0	0	0	0	0	0	0	0	0	0	0	0	0	0	0	0	0	0	0	0	0	0	0	0	0	0	0	0	0	0	0	0	0	0	0	0	0	0	0	0	0	0	0	0	0	0	0	0	1	0	0	0	0	0	0	0	0	0	0	0	0	0	0	0	0	0	0	0	0	0	0	0	0	0	0	0	0
K06048	0	0	0	0	0	0	0	0	0	0	0	0	0	0	0	0	0	0	0	0	0	0	0	0	0	0	0	0	0	0	0	0	0	0	0	0	0	0	0	0	0	0	0	0	0	0	0	0	0	0	0	0	0	0	0	0	0	0	0	0	0	0	0	0	0	0	0	0	0	0	0	0	0	0	0	0	0	0	0	0	0	0	0	0	0	0	0	0	0	0	0	0	0	0	0	0	0	0	0	0	0	0	0	0	0	0	0	0	0	0	0	0	0	0	0	0	0	0
K03469	0	0	0	0	0	0	0	0	0	0	0	0	0	0	0	0	0	0	0	0	0	0	0	0	0	0	0	0	0	0.361446	0	0	0	0	0	0	0	0.120482	0.124069	0	0	0	0	0.121065	0	0	0	0	0	0	0	0	0	0	0	0	0	0	0	0	0	0	0	0	0	0	0	0	0	0	0	0	0	0	0	0	0	0	0	0	0	0	0	0.132353	0.121065	0.796393	0	0.120482	0	0.632936	0	0.285714	0	0	0	0	0	0	0	0	0	0	0	0	0	0	0	0	0	0	0.789427	0.361446	0	0.362424	0	0	0	0
K08167	0	0	0	0	0	0	0	0.337838	0	0	0	0.336158	0	0	0	0	0	0	0	0	0	0	0	0	0	0	0	0	0	0	0	0	0	0	0	0	0	0	0	0	0	0	0	0	0	0	0	0	0	0	0	0	0	0	0	0.105932	0	0	0	0	0	0	0	0.41212	0	0	0	0	0	0	0	0	0	0	0	0	0	0	0	0	0	0.069209	0	0	0	2.10384	0	0.1568962	0	0	0.105932	0	0	0	0	0	0	0	0	0	0	1.19907	0	0	0	0.105932	0	0	0	0	0	0.0586158	0	0	0	0	0	0
K02114	0	0	0	0	0	0	0	2.11111	0	0	0	0.861111	0	0	0	0	0	0	0	0	0	0	0	0	0	0	0	0	0	0	0	0	0	0	0	0	0	0	0	0	0	0	0	0	0	0	0	0	0	0	0	0	0	0	0	0	0	0	0	0	0.768519	0	0	1.62963	0	0	0	0	0	0	0	0	0	0	0	0	0	0	0.722222	0	0	0	0	0.759259	0.185185	5.833335	0.787037	0	0	0	0	0	0	0	0	0	0	0	0	0	0	0	0	0	0	0	0	0	0	0	0	0	0	0	0	0	0	0
K13671	0	0	0	0	0	0	0	0	0	0	0	0	0	0	0	0	0	0	0	0	0	0	0	0	0	0	0	0	0	0	0	0	0	0	0	0	0	0	0	0	0	0	0	0	0	0	0	0	0	0	0	0	0	0	0	0	0	0	0	0	0	0	0	0	0	0	0	0	0	0	0	0	0	0	0	0	0	0	0	0	0	0	0	0	0	0	0	0	0	0	0	0	0	0	0	0	0	0	0	0	0	0	0	0	0	0	0	0	0	0	0	0	0	0	0	0	0	0
K02654	0	0	0	0	0	0	0	0	0	0	0	0	0	0	0	0	0	0	0	0	0	0	0	0	0	0	0	0	0	0	0	0	0	0	0	0	0	0	0	0	0	0	0	0	0	0	0	0	0	0	0	0	0	0	0	0	0	0	0	0	0	0	0	0	0	0	0	0	0	0	0	0	0	0	0	0	0	0	0	0	0	0	0	0	0	0	0	0	0	0	0	0	0	0	0	0	0	0	0	0	0	0	0	0	0	0	0	0	0	0	0	0	0	0	0	0	0	0
K03070	0	0	0	0	3.464944	0	0	0.364964	0.0608273	0	0	0.9669919	0.271565	0.121655	0.259125	0	0.00932685	0	0.0608273	0	0	0	0	0	0	0.0608273	0	0	0.0608273	0	0	0	0	0	0.6691	0	0	0.0515004	0	0.1769083	0	0	0.319489	1.974576	0	0	0	0.0478508	0	0	0	1.960662	0	0	0.1824823	0	0	0	0	0	0.326247	0	0	0.422931	0	0.6900383	0	0	0	0	0	0	0.0705596	0.121655	0.0608273	0.2274943	0	0	0.3323413	0.132979	0.0608273	0.4257906	0.182482	0.8019302	0.653939	18.044521	0.271739	1.1856956	0.1736943	0.1216546	0.2058749	0.1824819	0	0	0	0	0.0608273	0.21519	0	0	0	1.235736	0	0	0	0	0	0	0	0	0.243309	0	0	0.1573399	0	0.0608273	0	0
K02619	0	0	0	0	0.0368324	0	0	0	0	0	0	0.228361	0	0	0	0	0	0	0	0	0	0	0	0	0	0	0	0	0	1.63934	0	0	0	0	0	0	0	0	0	0	0	0	0	0	0	0	0	0	0	0	0	0	0	0	0	0	0	0	0	0	0	0	0	0	0	0	0	0	0	0	0	0	0	0	0	0	0	0	0	0	0	0	0	0	0.193798	0	0	0	0	0.233732	0.151163	0	0	0	0	0	0	0	0	0	0	0.148738	0	0	0	0	0	0	0	0	0.550505	0	0	0.199203	0	0	0	0
K09819	0	0	0	0	0	0	0	0	0	0	0	0	0	0	0	0	0	0	0	0	0	0	0	0	0	0	0	0	0	0	0	0	0	0	0	0	0	0	0	0	0	0	0	0	0	0	0	0	0	0	0	0	0	0	0	0	0	0	0	0	0	0	0	0	0	0	0	0	0	0	0	0	0	0	0	0	0	0	0	0	0	0	0	0	0	0	0	0	0	0	0	0	0	0	0	0	0	0	0	0	0	0	0	0	0	0	0	0	0	0	0	0	0	0	0	0	0	0
K18929	0	0	0	0	0.201613	0	0	0	0	0	0	0	0	0	0	0	0	0	0	0	0	0	0	0	0	0	0	0	0	0	0	0	0	0	0	0	0	0	0	0	0.0450269	0	0	0.60303	0	0	0	0	0	0	0	0	0	0	0	0	0	0	0	0	0.337838	0	0	0.3830642	0	0	0	0	0	0	0	0	0	0	0.111857	0	0	0	0.184937	0	0	0	0	0.301747	0.551948	2.5228432	0	0.100806	0	0.786994	0.0833333	0	0	0	0	0	0	0	0	0	0	0.884956	0	0	0	0	0	0	0	0	0	0	0	0.10142	0	0	0	0
K02548	0	0	0	0	0	0	0	0	0	0	0	0	0	0	0.196078	0	0	0	0	0	0	0	0	0	0	0	0	0.0535948	0	0.787402	0	0	0	0	0	0	0	0	0	0	0	0	0	0.0418301	0	0	0.313559	0	0	0	0	0	0	0	0	0	0	0	0	0	0.196078	0	0	0	0	0.768627	0	0	0	0	0	0	1.32941	0	0	0	0	0	0	0	0.227273	0	0	0.392157	0	2.547091	0	0.227273	0.196078	0.845342	0	0	0	0	0	0	0	0	0	0	0	0.848988	0	0	0	0	0	0	0	0	0	0	0	0	0	0	0	0
K03767	0	0	0	0	2.130831	0	0	0	0	0	0	0	0	0	0	0	0	0	0	0	0	0	0	0	0	0	0	0	0	0	0	0	0	0	0	0	0	0	0	0	0	0	0	2.00794	0	0	0	0	0	0	0	0.994709	0	0	0	0	0	0	0	0	1.378788	0	0	0	0	0.666667	0	0	0	0	0	0	0	0	0	0.358586	0	0	0	0	0	0	0	0	1.183136	4.542991	0.288066	0	0	0	0	0	0	0	0	0	0	0	0	0	0	0	0	0	0	0	0	0	0	0	0	0	0	0	0	0	0	0
K01591	0	0	0	0	0	0	0	0	0	0	0	0	0	0	0	0	0	0	0	0	0	0	0	0	0	0	0	0	0	0	0	0	0	0	0	0	0	0	0	0	0	0	0	0	0	0	0	0	0	0	0	0	0	0	0	0	0	0	0	0	0	0	0	0	0	0	0	0	0	0	0	0	0	0	0	0	0	0	0	0	0	0	0	0	0	0.137931	0	0	0	0	0	0	0	0	0	0	0	0	0	0	0	0	0	0	0	0	0	0	0	0	0	0	0	0	0	0	0	0
K00426	0	0	0	0	0	0	0	0.162866	0	0	0.11835	0.634093	0.304017	0	0	0.785015	0	0	0	0	0	0	0	0	0	0.162866	0	0.162866	0	0	0	0	0	0	0	0	0	0	0	0	0.162866	0	0	0	0	0	0	0	0	0	0	0	0	0	0	0	0	0	0	0	0.174825	0	0	0.651466	0.1780669	0.318132	0	0	0	0.0868621	0	0	0	0	0	0.162866	0	0	0.162866	0	0.162866	0.162866	0.534759	0.325733	0.795892	10.866862	0.2366988	0.325733	0.0836048	0.162866	0.500557	0.19305	0	0	0	0	0	0	0	0	0	1.6965429	0	0	0	0	0	0	0	0	0	0	0	0.553746	0	0.162866	0	0
K13787	0	0	0	0	0	0	0	0	0	0	0	0	0	0	0	0	0	0	0	0	0	0	0	0	0	0	0	0	0	0	0	0	0	0	0	0	0	0	0	0	0	0	0	0	0	0	0	0	0	0	0	0	0	0	0	0	0	0	0	0	0	0	0	0	0	0	0	0	0	0	0	0	0	0	0	0	0	0	0	0	0	0	0	0	0	0	0	0	0	0	0	0	0	0	0	0	0	0	0	0	0	0	0	0	0	0	0	0	0	0	0	0	0	0	0	0	0	0
K10716	0	0	0	0	0	0	0	0	0	0	0	0.196078	0	0	0	0	0	0	0	0	0	0	0	0	0	0	0	0	0	0	0	0	0	0	0	0	0	0	0	0	0	0	0	0	0	0	0	0	0	0	0	0	0	0	0	0	0	0	0	0	0	0	0	0	0	0	0	0	0	0	0	0	0	0	0	0	0	0	0	0	0	0	0	0	0	0	0	0	0	0	0	0	0	0	0	0	0	0	0	0	0	0	0	0	0	0	0	0	0	0	0	0	0	0	0	0	0	0
K01802	0.816535	0	0	0	0	0	0	0	0	0	0	0.3423107	0.224691	0	0.661245	0	0	0	0.498328	0	0	0	0	0	0	0	0	0	0	0	0	0	2.10526	0	0	0	0	0	0	0	0	0	0	0	0	0	0	0	0	0	0	2.139098	0	0	0	0	0	0	0	0	0	0	0	2.003227	0.740741	0	0	0	0	0	0	0	0	0	0	0.326797	0	0	0	0.37037	0	0	0.326797	0	0	0.526667	0	0	0	0	0	0	0	0	0	0	0	0	0	0	0	0	0	0	0	0	0	0	0	0	0	0	0	0	0	0	0	0
K02892	0	0	0	0	3	0	0	0	0	0	0	2.666667	0	0	0	0	0	0	0	0	0	0	0	0	0	0	0	0	0	0	0	0	0	0	0	0	0	0	0	0	0	0	0	0	0	0	0	0	0	0	0	0	0	0	0	0	0	0	0	0	0	0	0	0	0	0	0	0	0	0	0	0	0	3	0	0	0	0	0	0	1	0	0	0	2	10.66667	0	1.0833333	0	1.808333	2	0	0	0	0	0	0	0	0	0	0	5.35833	0	0	0	0	0	0	0	0	0	0	0	1	0	0	0	0
K01438	0	0	0	0	0	0	0	0	0	0	0	0	0	0	0	0	0	0	0	0	0	0	0	0	0	0	0	0	0	0	0	0	0	0	0	0	0	0	0	0	0	0	0	0	0	0	0	0	0	0	0	0	0	0	0	0	0	0	0	0	0	0	0	0	0	0	0	0	0	0	0	0	0	0	0	0	0	0	0	0	0	0	0	0	0	0	0	0	0	0	0	0	0	0	0	0	0	0	0	0	0	0	0	0	0	0	0	0	0	0	0	0	0	0	0	0	0	0
K07552	0	0	0	0	1.371717	0	0	0.210526	0	0	0	0.833333	0	0.268097	0	0	0	0	0	0	0	0	0	0	0	0	0	0	0	0.475926	0	0	0	0	0	0	0	0	0	0	0	0	0	0	0	0	0	0	0	0	0	0.134048	0	0	0.134048	0	0	0	0	0	0	0	0	0.126005	0	0	0	0.134048	0	0	0	0	0	0	0	0.134048	0	0	0	0	0	0	0	0	0.498066	4.38911	0	0.795031	0.134048	0	0	0	0	0	0	0	0	0	0	0	0	0	0	0	0	0	0	0	0	0	0	0	0	0.134048	0	0	0	0
K07654	0	0	0	0	0.809716	0	0	0	0	0	0	1.936813	0	0	0.10054	0	0	0	0	0	0	0	0	0	0	0	0	0	0	0	0	0	0	0	0	0	0	0.202429	0	0	0	0	0	2.35428	0	0	0	0	0	0	0	0.101215	0	0	0	0	0	0	0	0	0	0	0	0	0	0.202429	0.265957	0	0	0	0	0	0	0	0	0	0	0	0	0	0	0.101215	0	0.464238	0.101215	8.0258074	0.101215	0.3717944	0.16129	0.7901428	0.454545	0.202429	0	0	0	0	0	0	0	0	0	0.645161	0	0	0	0	0	0	0	0	0	0	0	0	0	0.55576	0	0
K00554	0	0	0	0	0	0	0	0	0	0	0	0	0	0	0	0	0	0	0	0	0	0	0	0	0	0	0	0	0	0	0	0	0	0	0	0	0	0	0	0	0	0	0	0	0	0	0	0	0	0	0	0	0	0	0	0	0	0	0	0	0	0	0	0	0	0	0	0	0	0	0	0	0	0	0	0	0	0	0	0	0	0	0	0	0	0	0	0	0	0	0	0	0	0	0	0	0	0	0	0	0	0.574561	0	0	0	0	0	0	0	0	0	0	0	0	0	0	0	0
K03488	0	0	0	0	0	0	0	0	0	0	0	0	0	0	0	0	0	0	0	0	0	0	0	0	0	0	0	0	0	0	0	0	0	0	0	0	0	0	0	0	0	0	0	0	0	0	0	0	0	0	0	0	0	0	0	0	0	0	0	0	0	0	0	0	0	0	0	0	0	0	0	0	0	0	0	0	0	0	0	0	0	0	0	0	0	0	0	0	0	0	0	0	0	0	0	0	0	0	0	0	0	0	0	0	0	0	0	0	0	0	0	0	0	0	0	0	0	0
K02876	1.872054	0	0	0	173.92928	0	0	10.89899	0	0	0	12.8720561	11.03367	0	1.585859	0.178451	0	0	0	0	0.464646	0.767677	0	0.962963	0.50505	0	0	0	1.966329	0	0	0	3.824916	0	0.521886	0.952862	0	0	0	0.461279	0	0	0	10.68014	0	0	1.030303	0	0	0	0	20.05724	0.353535	0	5.057236	0.185185	0	0	0	0	5.94613	0	0	3.8417531	0	4.693602	0	0.936027	0	0	0	0	6.98316	13.508416	2.515151	0.717172	0	0.410774	1.92256	0.781145	1.11448	0.50505	0.111111	2.824919	3.47811	71.0336	0.50505	3.6430961	0.185185	2.138044	3.447813	0.265993	0	0	0	0	0	0	0	0	0	4.82155	0	0	0	0	0	0	0	0	0.50505	0.454545	0	1.626262	0	0	0	0
K06193	0	0	0	0	0	0	0	0	0	0	0	0	0	0	0	0	0	0	0	0	0	0.898204	0	0	0	0	0	0	0	0	0	0	0	0	0	0	0	0	0	0	0	0	0	0	0	0	0.267465	0	0	0	0	0	0	0	0	0	0	0	0	0	0	0	0	0	0	0	0	0	0	0	0	0	0	0	0	0	0	0	0	0	0	0	0	0	0	0	0.299401	0	0	0	0	0	0	0	0	0	0	0	0	0	0	0	0	0	0	0	0	0	0	0	0	0	0	0	0	0	0	0
K00937	0	0	0	0	0.953861	0	0	0.211864	0	0	0	0.0706215	0	0	0	0	0	0	0	0	0.0136535	0	0	0	0	0	0	0	0	0.0706215	0	0	0	0	0	0	0	0	0	0	0	0	0	0.659323	0	0	0	0	0	0	0	1.800421	0	0	0	0	0	0	0	0	0.0707214	0	0	0	0	0	0	0	0	0	0	0	0	0.352637	0	0.141243	0	0	0.179856	0.179856	0	0.0706215	0	0.5635265	0.139831	9.0678605	0	0.211864	0	0.2825859	0	0	0.0707214	0	0	0	0	0	0	0	0	0.912216	0	0	0	0	0	0	0	0	0.141243	0.0706215	0	0	0	0.0706215	0	0
K05592	0.0807754	0	0.161551	0.0823723	1.861617	0	0	0.340715	0	0	0	1.317853	0.325218	0	0	0	0	0	0	0	0.0851789	0	0	0.161551	0	0.425894	0	0	0.500665	0.321994	0	0	0.17094	0	0	0.0731847	0	0.34188	0	0.0807754	0	0	0	2.323388	0	0	0.0851789	0	0	0	1.106903	0.750602	0	0	0.1839126	0	0	0.0851789	0	0	0.696763	0.0691928	0.0360206	1.0001417	0	0.2106923	0	0.0823723	0	0.0849003	0	0	0.963657	0	0.6820329	0.106383	0	0	0.8757584	0.096101	0.1662455	0.399031	0.1873373	2.498398	1.914559	38.4904991	0.3293934	0.9254063	0.0851789	1.8602133	2.0293796	0.5619593	0	0	0	0	0	0	0	0	0	3.762093	0	0.17094	0	0	0	0	0	0	0	0.0483251	0	0.3244949	0	0.0854701	0	0
K03710	0	0	0	0	0	0	0	0	0	0	0	0	0	0	0	0	0	0	0	0	0	0	0	0	0	0	0	0	0	0.540541	0	0	0	0	0	0	0	0	0	0	0	0	0	0	0	0	0	0	0	0	0	0	0	0	0	0	0	0	0	0	0	0	0	0	0	0	0	0	0	0	0	0	0	0	0	0	0	0	0	0	0	0	0	0	0	0.780326	0	0	0	0.041116	0	0	0	0.194805	0	0	0	0	0	0	0	1.08225	0	0	0	0	0	0	0	0	0	0	0	0	0	0.220264	0	0
K16301	0	0	0	0	0	0	0	0	0	0	0	0	0	0	0	0	0	0	0	0	0	0	0	0	0	0	0	0	0	0	0	0	0	0	0	0	0	0	0	0	0	0	0	0	0	0	0	0	0	0	0	0	0	0	0	0	0	0	0	0	0	0	0	0	0	0	0	0	0	0	0	0	0	0	0	0	0	0	0	0	0	0	0	0	0	0	0	0	0	0	0	0	0	0	0	0	0	0	0	0	0	0	0	0	0	0	0	0	0	0	0	0	0	0	0	0	0	0
K09167	0	0	0	0	0	0	0	0	0	0	0	0	0	0	0	0	0	0	0	0	0	0	0	0	0	0	0	0	0	0	0	0	0	0	0	0	0	0	0	0	0	0	0	0	0	0	0	0	0	0	0	0	0	0	0	0	0	0	0	0	0	0	0	0	0	0	0	0	0	0	0	0	0	0	0	0	0	0	0	0	0	0	0	0	0	0	0	0	0	0	0	0	0	0	0	0	0	0	0	0	0	0	0	0	0	0	0	0	0	0	0	0	0	0	0	0	0	0
K01840	0	0	0	0	0	0	0	0	0	0	0	0	0	0	0	0	0	0	0	0	0	0	0	0	0	0	0	0	0	0	0	0	0	0	0	0	0	0	0	0	0	0	0	0	0	0	0	0	0	0	0	0	0	0	0	0	0	0	0	0	0	0	0	0	0	0	0	0	0	0	0	0	0	0	0	0	0	0	0	0	0	0	0	0	0	0	0	0	0	0	0	0	0	0	0	0	0	0	0	0	0	0	0	0	0	0	0	0	0	0	0	0	0	0	0	0	0	0
K07042	0	0	0	0	0	0	0	0	0	0	0	0	0	0	0	0	0	0	0	0	0	0	0	0	0	0	0	0	0	0	0	0	0	0	0	0	0	0	0	0	0	0	0	0.306452	0	0	0	0	0	0	0	0	0	0	0	0	0	0	0	0	0	0	0	0	0	0	0	0	0	0	0	0	0	0	0	0	0	0	0	0	0	0	0	0	0.806452	1.80914	0	0	0	0	0	0	0	0	0	0	0	0	0	0	0	0	0	0	0	0	0	0	0	0	0	0	0	0	0	0	0	0
K01937	0	0	0	0	0	0	0	0	0	0	0	0	0	0	0	0	0	0	0	0	0	0	0	0	0	0	0	0	0	0	0	0	0	0	0	0	0	0	0	0	0	0	0	0	0	0	0	0	0	0	0	0	0	0	0	0	0	0	0	0	0	0	0	0	0	0	0	0	0	0	0	0	0	0	0	0	0	0	0	0	0	0	0	0	0	0	0	0	0	0	0	0	0	0	0	0	0	0	0	0	0	0	0	0	0	0	0	0	0	0	0	0	0	0	0	0	0	0
K02343	0	0	0	0	1.381561	0	0	0	0	0	0	0.239808	0.181159	0	0	0	0	0	0	0	0	0	0	0	0	0	0	0	0	0.460123	0	0	0	0	0	0	0	0	0	0	0	0	0	0.8188566	0	0	0	0	0	0	0	0	0	0	0	0	0	0	0	0	0	0	0	0.309598	0	0.324675	0	0	0	0	2.574	0	0	0	0	0	0	0	0	0	0	0	0	0.2068605	0.119904	2.6126	0	0.1597856	0	0	0.272682	0	0	0	0	0	0	0	0	0	0	0.944284	0	0.17094	0	0	0	0	0	0	0	0	0	0.0869565	0	0	0	0
K00928	0	0	0	0	0	0	0	0	0	0	0	0	0	0	0	0	0	0	0	0	0	0	0	0	0	0	0	0	0	0	0	0	0	0	0	0	0	0	0	0	0	0	0	0	0	0	0	0	0	0	0	0	0	0	0	0	0	0	0	0	0	0	0	1.98639	0	0	0	0	0	0	0	0	0	0	0	0	0	0	0	0	0	0	0	0	0	0	0	1.89286	0	0	0	0	0	0	0	0	0	0	0	0	0	0	0	0	0	0	0	0	0	0	0	0	0	0	0	0	0	0
K00759	0	0	0	0	0	0	0	0	0	0	0	0	0	0	0	0	0	0	0	0	0	0	0	0	0	0	0	0	0	0	0	0	0	0	0	0	0	0	0	0	0	0	0	0	0	0	0	0	0	0	0	0	0	0	0	0	0	0	0	0	0	0	0	0	0	0	0	0	0	0	0	0	0	0	0	0	0	0	0	0	0	0	0	0	0	0	0	0	0	0	0	0	0	0	0	0	0	0	0	0	0	0	0	0	0	0	0	0	0	0	0	0	0	0	0	0	0	0
K04096	0	0	0	0	0	0	0	0	0	0	0	0	0	0	0	0	0	0	0	0	0	0	0	0	0	0	0	0	0	0	0	0	0	0	0	0	0	0	0	0	0	0	0	0	0	0	0	0	0	0	0	0	0	0	0	0	0	0	0	0	0	0	0	0	0	0	0	0	0	0	0	0	0	0	0	0	0	0	0	0	0	0	0	0	0	0	0	0	0	0	0	0	0	0	0	0	0	0	0	0	0	0	0	0	0	0	0	0	0	0	0	0	0	0	0	0	0	0
K03499	0	0	0	0	5	0	0	0	0	0	0	0	0	0	0	0	0	0	0	0	0	0	0	0	0	0	0	0	0	0.609756	0	0	0	0	0	0	0	0	0	0	0	0	0	0	0	0	0	0	0	0	0	0.0121457	0	0	0	0	0	0	0	0	0	0	0	0	0	0.203252	0	0	0	0	0	0	0	0	0	0	0	0	0	0	0	0.203252	0	0.136302	0	0.603133	0	0	0	0	0	0	0	0	0	0	0	0	0	0	0	0	0	0	0	0	0	0	0	0	0	0	0	0	0	0	0	0
K00602	0	0	0	0	0	0	0	0	0	0	0	0	0	0	0	0	0	0	0	0	0	0	0	0	0	0	0	0	0	0	0	0	0	0	0	0	0	0	0	0	0	0	0	0	0	0	0	0	0	0	0	0	0	0	0	0	0	0	0	0	0	0	0	0	0	0	0	0	0	0	0	0	0	0	0	0	0	0	0	0	0	0	0	0	0	0	0	0	0	0	0	0	0	0	0	0	0	0	0	0	0	0	0	0	0	0	0	0	0	0	0	0	0	0	0	0	0	0
K06896	0	0	0	0	0	0	0	0	0	0	0	0	0	0	0	0	0	0	0	0	0	0	0	0	0	0	0	0	0	0	0	0	0	0	0	0	0	0	0	0	0	0	0	0	0	0	0	0	0	0	0	0	0	0	0	0	0	0	0	0	0	0	0	0	0	0	0	0	0	0	0	0	0	0	0	0	0	0	0	0	0	0	0	0	0	0	0	0	0	0	0	0	0	0	0	0	0	0	0	0	0	0	0	0	0	0	0	0	0	0	0	0	0	0	0	0	0	0
K04518	0	0	0	0	0	0	0	0	0	0	0	0	0	0	0	0	0	0	0	0	0	0	0	0	0	0	0	0	0	0	0	0	0	0	0	0	0	0	0	0	0	0	0	0	0	0	0	0	0	0	0	0	0	0	0	0	0	0	0	0	0	0	0	0	0	0	0	0	0	0	0	0	0	0	0	0	0	0	0	0	0	0	0	0	0	0	0	0	0	0	0	0	0	0	0	0	0	0	0	0	0	0	0	0	0	0	0	0	0	0	0	0	0	0	0	0	0	0
K01810	0	0	0	0	0	0	0	0	0	0	0	0	0	0	0	0	0	0	0	0	0	0	0	0	0	0	0	0	0	0	0	0	0	0	0	0	0	0	0	0	0	0	0	0	0	0	0	0	0	0	0	0	0	0	0	0	0	0	0	0	0	0	0	0	0	0	0	0	0	0	0	0	0	0	0	0	0	0	0	0	0	0	0	0	0	0	0	0	0	0	0	0	0	0	0	0	0	0	0	0	0	0	0	0	0	0	0	0	0	0	0	0	0	0	0	0	0	0
K01182	0	0	0	0	0.666606	0	0	0.11413	0	0	0	0.425432	0.0312876	0	0.2710847	0	0	0	0	0	0	0	0	0.118812	0	0	0	0	0.0818291	0.280112	0	0	0.896739	0	0	0	0	0	0	0	0	0	0	0	0	0	0.130381	0	0	0	0	0.053744	0	0	0	0	0	0	0	0	0.536845	0	0	1.387116	0	0.213421	0	0	0	0	0	0	0	0	0.362319	0.5113134	0	0	0.373134	0.0905797	0.0900901	0.0905797	0	0.0666667	0.895692	5.9628665	0.113895	0.174216	0.3495024	0	0.4692917	0	0	0	0	0	0	0	0	0	0	2.285782	0	0	0	0	0	0	0	0	0	0	0	0	0	0	0	0
K09940	0	0	0	0	0	0	0	2	0	0	0	0	0	0	0	0	0	0	0	0	0	0	0	0	0	0	0	0	1	0	0	0	0	0	0	0	0	0	0	0	0	0	0	0	0	0	0	0	0	0	0	0	0	0	0	0	0	0	0	0	0	0	0	0	0	0	0.712644	0	0	0	0	0	0	0	0	0	0	0	0	0	1	0	0	0	0	0	0	0	0	0	0	0	0	0	0	0	0	0	0	0	0	0	0	0	0	0	0	0	0	0	0	0	0	0	0	0	0	0
K01897	0	0	0	0	0.3859	0	0	0	0	0	0	0.0927644	0	0	0	0	0	0	0	0	0	0	0	0	0	0	0	0	0	0.535516	0	0	0	0	0	0	0	0	0	0.3125	0	0	0	0	0	0	0	0	0	0	0	0.612245	0	0	0	0	0	0	0	0	0	0	0	0	0	0	0	0	0	0	0	0	0	0	0	0.0821759	0	0	0	0	0	0.9412494	0.102249	0.354335	0.389553	5.1095959	0	1.59848	0.0914672	0.232558	0	0	0	0	0	0	0	0	0	0	0	0.835663	0	0.0563218	0	0.209545	0	0	0	0	0	0.207096	0	0.1903739	0	0	0	0
K00384	0	0	0	0	0	0	0	0	0	0	0	0	0	0	0	0	0	0	0	0	0	0	0	0	0	0	0	0	0	0	0	0	0	0	0	0	0	0	0	0	0	0	0	0	0	0	0	0	0	0	0	0	0	0	0	0	0	0	0	0	0	0	0	0	0	0	0	0	0	0	0	0	0	0	0	0	0	0	0	0	0	0	0	0	0	0	0	0	0	0	0	0	0	0	0	0	0	0	0	0	0	0	0	0	0	0	0	0	0	0	0	0	0	0	0	0	0	0
K01955	0	0	0	0	0.1419111	0	0	0	0	0	0	0.2036311	0.0946074	0	0	0	0	0	0	0	0	0	0	0	0	0	0	0	0	0	0	0	0	0	0	0	0	0	0	0	0.0346894	0	0	0	0	0	0	0	0	0	0	0.209398	0.0473037	0	0	0	0	0	0	0	0.0739645	0	0	0.18797	0.043204	0.2365184	0	0	0	0	0	0	0	0.0946074	0	0.1855857	0	0	0.114943	0	0	0	0	0.4231444	0.8324787	3.5879486	0.0473037	0	0	0.218341	0.0946074	0.0946074	0	0	0	0	0	0	0	0	0	0.411184	0	0	0	0	0	0	0	0	0	0.1299275	0	0.371143	0	0	0	0
K00135	0	0	0	0	0	0	0	0	0	0	0	0	0	0	0	0	0	0	0	0	0	0	0	0	0	0	0	0	0	1.31818	0	0	0	0	0	0	0	0	0	0	0	0	0	0	0	0	0	0	0	0	0	0	0.4232286	0	0	0	0	0	0	0	0	0	0	0	0	0	0	0	0	0	0	0	0	0	0	0	0	0	0	0	0	0	0	0	0.292969	0.0268817	0	0	0	0.169492	0	0	0	0	0	0	0	0.1	0	0	0	0	0	0	0	0	0	0	0	0	0	0.093414	0	0.0992064	0	0.426916	0	0
K01661	0	0	0	0	0	0	0	0	0	0	0	0	0	0	0	0	0	0	0	0	0	0	0	0	0	0	0	0	0	0	0	0	0	0	0	0	0	0	0	0	0	0	0	0	0	0	0	0	0	0	0	0	0	0	0	0	0	0	0	0	0	0	0	0	0	0	0	0	0	0	0	0	0	0	0	0	0	0	0	0	0	0	0	0	0	1	0	0	0	0	0	0	0	0	0	0	0	0	0	0	0	0	0	0	0	0	0	0	0	0	0	0	0	0	0	0	0	0
K01226	0	0	0	0	0	0	0	0	0	0	0	0	0	0	0	0	0	0	0	0	0	0	0	0	0	0	0	0	0	0	0	0	0	0	0	0	0	0	0	0	0	0	0	0	0	0	0	0	0	0	0	0	0	0	0	0	0	0	0	0	0	0	0	0	0	0	0	0	0	0	0	0	0	0	0	0	0	0	0	0	0	0.177936	0	0.276243	0.259067	3.8058287	0	0.1977469	0	0	0	0	0	0	0	0	0	0	0	0	0	0.439919	0	0	0	0	0	0	0	0	0.0899281	0	0	0.088968	0	0	0	0
K02793	0	0	0	0	0.70922	0	0	0.361011	0	0	0	0.390462	0	0	0	0	0	0	0	0	0	0	0	0	0	0	0	0	0.180505	0.361011	0	0	0	0	0	0	0	0	0	0	0	0	0	0.379061	0	0	0	0	0	0	0	0.374704	0	0	0.538316	0	0	0	0	0	0	0	0	0	0	1.06703	0	0	0	0	0	0	0	0	0	0.0910165	0	0	0	0	0	0	0	0	0	0.722022	0	0	0	0.177305	0	0	0	0	0	0	0	0	0	0	0	0.180505	0	0	0	0	0	0	0	0	0	0	0	0	0	0.180505	0.180505	0
K00287	0	0	0	0	0	0	0	0	0	0	0	0	0	0	0	0	0	0	0	0	0	0	0	0	0	0	0	0	0	0	0	0	0	0	0	0	0	0	0	0	0	0	0	0	0	0	0	0	0	0	0	0	0	0	0	0	0	0	0	0	0	0	0	0	0	0	0	0	0	0	0	0	0	0	0	0	0	0	0	0	0	0	0	0	0	0	0	0	0	0	0	0	0	0	0	0	0	0	0	0	0	0	0	0	0	0	0	0	0	0	0	0	0	0	0	0	0	0
K03707	0	0	0	0	0	0	0	0	0	0	0	0	0	0	0	0	0	0	0	0	0	0	0	0	0	0	0	0	0	0	0	0	0	0	0	0	0	0	0	0	0	0	0	0	0	0	0	0	0	0	0	0	0	0	0	0	0	0	0	0	0	0	0	0	0	0	0	0	0	0	0	0	0	0	0	0	0	0	0	0	0	0	0	0	0	0	0	0	0	0	0	0	0	0	0	0	0	0	0	0	0	0	0	0	0	0	0	0	0	0	0	0	0	0	0	0	0	0
K02990	0	0	0	0	0	0	0	0	0	0	0	0	0	0	0	0	0	0	0	0	0	0	0	0	0	0	0	0	0	0	0	0	0	0	0	0	0	0	0	0	0	0	0	0	0	0	0	0	0	0	0	0	0	0	0	0	0	0	0	0	0	0	0	0	0	0	0	0	0	0	0	0	0	0	0	0	0	0	0	0	0	0	0	0	0	0	0	0	0	0	0	0	0	0	0	0	0	0	0	0	0	0	0	0	0	0	0	0	0	0	0	0	0	0	0	0	0	0
K01491	0	0	0	0	0.419436	0	0	0	0	0	0	0.333333	0	0	0	0	0	0	0	0	0	0	0	0	0	0	0	0	0	1.23457	0	0	0	0	0	0	0	0	0	0	0	0	0	0	0	0	0	0	0	0	0	0	0.2674894	0	0	0	0	0	0	0	0	0	0	0	0	0	0	0	0	0	0	0	0	0	0	0	0	0	0	0.115226	0	0	0	0	0	0.519016	0	0.106996	0	0.505666	0.205761	0	0	0	0	0	0	0	0	0	0	0	0	0	0	0	0	0	0	0	0.213675	0	0	0	0	0.33557	0	0
K01354	0	0	0	0	4.63636	0	0	0	0	0	0	0.0394477	0	0	0	0	0	0	0	0	0	0	0	0	0	0	0	0	0	0.0965309	0	0	0	0	0	0	0	0	0	0	0	0	0	0	0	0	0	0	0	0	0	0	0	0	0	0	0	0	0	0	0	0	0	0.0739645	0	0.0739645	0	0.244292	0	0	0	0	0	0	0	0	0	0	0	0	0	0	0	0	0.671506	3.465916	0	0.1853861	0	0	0.148148	0	0	0	0	0	0	0	0	0	0	0	0	0	0	0	0	0	0	0	0	0	0	0.075188	0	0.147929	0	0
K06221	0	0	0	0	7.071558	0	0	0.396825	0	0	0	1.407985	1.557497	0	0	0	0	0	0	0	0	0	0	0	0	0	0	0	0.730714	0	0	0	0	0	0	0	0	0	0	0.873362	0	0	0	0	0	0	0	0	0	0	0	2.8719015	0	0	0	0	0	0	0	0	0	0	0	0.873363	0	0.873362	0	0	0	0	0	0	2.218341	0.436681	0.218341	0	0	0	0	0	0	0.218341	1.890471	0.218341	1.467675	8.558424	0	0.404658	0.203785	0	0	0	0	0	0	0	0	0	0	0	0	0	0	0	0	0.27027	0	0	0	0	0.865833	0	0	0	0	0	0	0
K00526	0	0	0	0	3.533018	0	0	0.207729	0	0	0	0	0	0	0.543477	0	0	0	0	0	0	0	0	0.543478	0	0	0	0	2.764279	0	0	0	0	0	0	0	0	0	0	0	0	0	0	0	0	0	0	0	0	0	0	1.524638	0	0	1.254336	0	0	0	0	0	0	0	0	0.362319	0.181159	0.181159	0	0.468599	0	0	0	0	0	0	0.0516605	0	0	0	0.181159	0	0	0.361111	0	2.776003	0.4601441	7.885108	0.0736715	0.118357	0.184502	0.583272	0	0	0	0	0	0	0	0	0	0	0	0	0	0	0	0.4	0	0	0	0	0	0	0	0.184502	0	0	0	0
K07768	0	0	0	0	0.840336	0	0	0.4591	0	0	0	0	0.280112	0	0	0	0	0	0	0	0.070028	0	0	0	0	0.306748	0	0	0	0	0	0	0	0	0.560224	0	0	0	0	0.540971	0	0	0	0	0	0	0	0	0	0	0	0.823529	0	0	0	0	0	0	0	0	0	0	0	0.929505	0.153374	0.270961	0	0	0	0	0	0	0	0	0	0	0	0	0	0	0	0.0777096	0	0	0.151976	1.801954	0	0.535185	0	0	0	0	0	0	0	0	0	0	0	0	0	0	0	0	0	0	0	0	0	0	0.153374	0	0	0	0	0	0	0
K03106	0	0	0	0	0	0	0	0	0	0	0	0	0	0	0	0	0	0	0	0	0	0	0	0	0	0	0	0	0	0	0	0	0	0	0	0	0	0	0	0	0	0	0	0	0	0	0	0	0	0	0	0	0	0	0	0	0	0	0	0	0	0	0	0	0	0	0	0	0	0	0	0	0	0	0	0	0	0	0	0	0	0	0	0	0	0	0	0	0	0	0	0	0	0	0	0	0	0	0	0	0	0	0	0	0	0	0	0	0	0	0	0	0	0	0	0	0	0
K03664	0	0	0	0	0	0	0	0	0	0	0	0	0	0	0	0	0	0	0	0	0	0	0	0	0	0	0	0	0	0	0	0	0	0	0	0	0	0	0	0	0	0	0	0	0	0	0	0	0	0	0	0	0	0	0	0	0	0	0	0	0	0	0	0	0	0	0	0	0	0	0	0	0	0	0	0	0	0	0	0	0	0	0	0	0	0	0	0	0	0	0	0	0	0	0	0	0	0	0	0	0	0	0	0	0	0	0	0	0	0	0	0	0	0	0	0	0	0
K19132	0	0	0	0	0	0	0	0	0	0	0	0	0	0	0	0	0	0	0	0	0	0	0	0	0	0	0	0	0	0	0	0	0	0	0	0	0	0	0	0	0	0	0	0	0	0	0	0	0	0	0	0	0	0	0	0	0	0	0	0	0	0	0	0	0	0	0	0	0	0	0	0	0	0	0	0	0	0	0	0	0	0	0	0	0	0	0	0	0	0	0	0	0	0	0	0	0	0	0	0	0	0	0	0	0	0	0	0	0	0	0	0	0	0	0	0	0	0
K03168	0	0	0	0	0.240796	0	0	0	0	0	0	0.1850611	0.8986798	0	0	0	0	0	0.0572082	0	0	0	0	0	0	0.0572082	0	0.0578035	0.0566251	0	0	0	0	0	0	0	0	0	0	0	0	0	0	0.348432	0	0	0.0764526	0	0	0	0	0	0.2768442	0	0.0561798	0	0	0	0	0	0.114416	0	0	0.5443471	0	0	0	0	0	0.3087726	0	0	0	0	0	0	0	0	0	0.0728863	0.0764526	0.0578035	0	0.6208427	0.3448118	8.1059212	0.0985731	0.1756217	0.0640034	0.8299676	0.2513183	0.0578035	0	0	0	0	0	0	0	0	0	0.2303958	0	0	0	0	0	0	0	0	0.510699	0.0561798	0	0.2609509	0	0	0	0
K01972	0.2778371	0	0	0	0.263158	0	0	0.0720461	0	0	0	0.159768	0	0	0.0720461	0	0	0	0	0	0	0	0	0.0712251	0	0	0	0	0	0.5747271	0	0	0	0	0	0	0	0	0	0	0	0	0	0	0	0	0	0	0	0	0	0	0.0394112	0	0	0	0	0	0	0	0	0	0	0.0878722	0	0	0	0	0	0	0	0	0	0	0	0.00240154	0	0	0	0	0	0	0	0	0.0713267	5.28745	0	0.263505	0	0.45991	0.144092	0	0	0	0	0	0	0	0	0	0	0.142653	0	0	0	0	0	0	0	0	0.504323	0.14245	0	0	0	0.1745311	0	0
K03075	0	0	0	0	3.33333	0	0	0	0	0	0	0	0	0	0	0	0	0	0	0	0	0	0	0	0	0	0	0	0.796296	0	0	0	0	0	0	0	0	0	0	1.5463	0	0	0	2.90741	0	0	0	0	0	0	0	0	0	0	0	0	0	0	0	0	0.296296	0	0	0	0	0	0	0	0	0	0	0	0	0	0	0	0	0	0	0	0	0	1.37963	0	0.398148	2.074076	0	0.333333	0	0	0	0	0	0	0	0	0	0	0	0	0	0	0	0	0	0	0	0	0	0	0	0	0	0	0	0	0	0
K03427	0	0	0	0	0	0	0	0	0	0	0	0	0	0	0	0	0	0	0	0	0	0	0	0	0	0	0	0	0	0	0	0	0	0	0	0	0	0	0	0	0	0	0	0	0	0	0	0	0	0	0	0	0	0	0	0.255051	0	0	0	0	0	0	0	0	0	0	0	0	0	0	0	0	0	0	0	0	0	0	0	0	0	0	0	1	0	0.7304104	0	0.131926	0	0	0	0	0	0	0	0	0	0	0	0	0	0.0978474	0	0	0	0	0	0	0	0	0	0	0	0	0	0	0	0
K07447	0	0	0	0	0	0	0	0	0	0	0	0	0	0	0	0	0	0	0	0	0	0	0	0	0	0	0	0	0	0	0	0	0	0	0	0	0	0	0	0	0	0	0	0	0	0	0	0	0	0	0	1.70026	0	0	0	0	0	0	0	0	1.72868	0	0	0	0	0	0	0	0	0	0	0	0	0	0	0	0	0	0	0	0	0	0	0	0	3.55556	0	0	0.27907	0	0	0	0	0	0	0	0	0	0	0	0	1.26873	0	0	0	0	0	0	0	0	0	0	0	0	0	0	0	0
K01654	0.286532	0	0.232092	0	0.286533	0	0	0	0	0	0	0.0716332	0	0	0.0716332	0	0	0	0	0.0716332	0	0	0	0	0	0	0	0	0	0	0	0	0	0	0	0	0	0.143266	0	0	0	0	0	0.444609	0	0	0.0716332	0	0	0.143266	0	0.429322	0.0716332	0	0	0	0	0	0	0	0	0	0	0.2865324	0	0.0716332	0	0.0420248	0	0.2148992	0	0	0	0	0.074184	0.0716332	0	0	0.0716332	0	0.205556	0	0	0.074184	0.877527	9.5968602	0.0716332	2.0677272	0.1458172	1.7562198	1.1321152	0.530863	0	0	0	0	0	0	0	0	0	0.592977	0	0	0	0.0716332	0	0.0496657	0	0	0.2149	0	0	0	0	0	0	0
K00567	0	0	0	0	0	0	0	0	0	0	0	0	0	0	0	0	0	0	0	0	0	0	0	0	0	0	0	0	0	0	0	0	0	0	0	0	0	0	0	0	0	0	0	0	0	0	0	0	0	0	0	0	0	0	0	0	0	0	0	0	0	0	0	0	0	0	0	0	0	0	0	0	0	0	0	0	0	0	0	0	0	0	0	0	0	0	0	0	0	0	0	0	0	0	0	0	0	0	0	0	0	0	0	0	0	0	0	0	0	0	0	0	0	0	0	0	0	0
K00936	0	0	0	0	0.0377493	0	0	0.213675	0	0	0	0.398861	0	0	0	0	0	0	0	0	0	0	0	0	0	0	0	0	0	0	0	0	0	0	0	0	0	0	0	0	0	0	0	0.105263	0	0	0	0	0	0	0	0	0.203216	0	0	0	0	0	0	0	0	0	0	0	0	0.106838	0	0.106838	0	0	0	0	0	0	0	0	0	0	0	0	0.0190058	0.106838	0	0	0	3.196345	0	0	0	0	0	0.106838	0	0	0	0	0	0	0	0	0	0	0	0	0	0.106838	0	0	0	0	1.068589	0	0	0.106838	0	0.106838	0	0
K01409	0	0	0	0	0	0	0	0	0	0	0	0	0	0	0	0	0	0	0	0	0	0	0	0	0	0	0	0	0	0	0	0	0	0	0	0	0	0	0	0	0	0	0	0	0	0	0	0	0	0	0	0	0	0	0	0	0	0	0	0	0	0	0	0	0	0	0	0	0	0	0	0	0	0	0	0	0	0	0	0	0	0	0	0	0	0	0	0	0	0.143939	0	0	0	0	0	0	0	0	0	0	0	0	0	0	0	0	0	0	0	0	0	0	0	0	0	0	0	0
K03481	0	0	0	0	0	0	0	0	0	0	0	0.224215	0	0	0	0	0	0	0	0	0	0	0	0	0	0	0	0	0	0	0	0	0	0	0	1.266341	0	0	0	0	0	0	0	0.163743	0	0	0	0	0	0	0	0	0.224215	0	0	0	0	0	0	0.224215	0.292398	0	0	0.22272	0	0	0	0	0	0	0	0	0	0	0	0	0	0	0	0.224215	0	0.118087	0	0.500748	0.834081	8.881349	0	0.224215	0	0.257576	0.848457	0	0	0	0	0	0	0	0	0	0	0.292398	0	0	0	0	0	0	0	0	0	0	0	0.0343797	0	0	0	0
K03313	0	0	0	0	0	0	0	0	0	0	0	0	0	0	0	0	0	0	0	0	0	0	0	0	0	0	0	0	0	0.446429	0	0	0	0	0	0	0	0	0	0	0	0	0	0	0	0	0	0	0	0	0	0	0	0	0	0	0	0	0	0	0	0	0	0	0	0	0	0	0	0	0	0	0	0	0	0	0	0	0	0	0	0	0	0.186756	0	0.4	0	0	0	0	0	0.107887	0	0	0	0	0	0	0	0	0	0	0	0	0	0	0	0	0	0	0	0	0	0	0	0.111607	0	0
K01507	0	0	0	0	2.651789	0	0	0.33631	0	0	0	1.0595195	2.79236	0	0.428572	0	0	0	0	0	0	0	0	0	0	0	0	0.446429	0	1.395833	0	0	1.19643	0	0	0.690476	0.446429	0	0	0	0	0	0	0.705357	0	0	0.446429	0	0	0	0	1.217262	0	0	1.45307	0	0	0	0	0	0	0	0	1.7419711	0	0.419643	0	0	0	0	0	0	0	0	0	0	0	0	0.446429	0.199405	0	0	1.627948	1.175595	1.029762	5.97619	0	0.446429	0.279762	1.080357	0.991072	0.446429	0	0	0	0	0	0	0	0	0	0	0	0	0	0	0	0	0	0	0	0.401786	0	0	0	0	0	0
K00615	0	0	0	0	0	0	0	0.33743	0	0	0	0	0	0	0	0	0	0	0	0	0	0	0	0	0	0	0	0	0	0.15361	0	0	0	0	0	0	0	0	0	0	0	0	0	0	0	0	0	0	0	0	0	0	0	0	0.0768049	0	0	0	0	0	0	0	0	0	0	0	0	0	0	0	0	0	0	0	0.0768049	0.0768049	0	0	0.24	0	0	0.0768049	0	0.1536098	0.0768049	2.501045	0	0	0	0.0768049	0.08	0	0	0	0	0	0	0	0	0	0	0	0	0	0	0	0	0.0768049	0	0	0.384025	0	0	0	0	0.0496672	0	0
K01626	0	0	0	0	1.45679	0	0	0.246914	0	0	0	0.0576132	0	0	0.123457	0	0	0	0	0	0	0	0	0	0	0	0	0.122549	0	0.123457	0	0	0	0	0	0	0	0	0	0	0	0	0	0	0	0	0	0	0	0	0	0	0.246091	0	0	0	0	0	0	0	0	0	0	0.2181072	0	0	0	0	0	0	0	0	0	0	0	0	0	0	0.0452675	0.123457	0	0.123457	0.428937	0.123457	0.306996	3.0657652	0	0.3193419	0	0	0	0	0	0	0	0	0	0	0	0	0	2.08151	0	0	0	0	0	0	0	0	0.123457	0.123457	0	0	0.704918	0	0	0
K03527	0	0	0	0	0	0	0	0.975177	0	0	0	0.160256	0	0	0	0	0	0	0	0	0	0	0	0	0	0	0	0	0.337838	0	0	0	0	0	0.401606	0	0	0.160256	0	0	0	0	0	0	0	0	0	0	0	0	0	0	0.320513	0	0.404858	0	0	0	0	0	0.160256	0	0	0	0	1.382413	0	1.78571	0	0	0	0	0	0	0	0	0	0	0	0	0.255102	0.160256	0	0.480769	0.643843	8.608463	0.178138	0	0	0.457531	0.160256	0	0	0	0	0	0	0	0	0	0	0.181624	0	0	0	0	0	0	0	0	0.103632	0	0	0	0	0	0	0
K01873	0	0	0	0	0	0	0	0.29036	0	0	0	0.174216	0.139373	0	0	0	0	0	0	0	0	0	0	0	0	0	0	0	0	0.4700257	0	0	0	0	0	0	0	0.458716	0	0	0	0	0	0.502155	0	0	0	0	0	0	0	0	0.058072	0	0	0	0	0	0	0	0	0	0	0.116144	0	0	0	0	0	0	0	0	0	0	0	0	0	0	0	0	0	0.116144	0	0	0.2419668	1.918429	0	0.116144	0.40425861	0	0	0	0	0	0	0	0	0	0	0	0	0.13089	0	0	0	0	0	0	0	0	0	0	0	0.101833	0	0	0	0
K03696	0.0615764	0	0	0	12.763934	0	0	0.68387	0	0	0	1.4652907	0.928493	0	0.2061626	0.3082629	0	0	0	0	0	0	0	0.9087457	0	0.123153	0	0.1415757	0.1231528	0.4049475	0	0	3.606348	0	0.299435	0.123153	0	0.152439	0	0.453815	0.0615764	0	0.73528	0.929368	0	0	0.0618047	0	0	0	0	4.025826	0	0	1.549347	0	0	0	0	0	0.9707528	0.123153	0	1.7873319	0	0.4798961	0	0.800665	0	0.510204	0.457317	0	0.309376	3.554161	0.448087	0.4243249	0	0	0.1448162	0	0.6269926	0.5161049	0.246306	2.2434774	1.8497332	45.694093	0.3069855	2.7066744	0.5177399	2.4757572	0.8473657	0.2576354	0	0	0.0615764	0	0	0	0	0	0	0.802561	0	0.247831	0	0.0753012	0	0	0	0	0	0	0	0.4261024	0	0.123153	0	0
K01586	0	0	0	0	0	0	0	0	0	0	0	0	0	0	0	0	0	0	0	0	0	0	0	0	0	0	0	0	0	0	0	0	0	0	0	0	0	0	0	0	0	0	0	0	0	0	0	0	0	0	0	0	0	0	0	0	0	0	0	0	0	0	0	0	0	0	0	0	0	0	0	0	0	0	0	0	0	0	0	0	0	0	0	0	0	0	0	0	0	0	0	0	0	0	0	0	0	0	0	0	0	0	0	0	0	0	0	0	0	0	0	0	0	0	0	0	0	0
K02470	0.241158	0	0	0	3.858428	0	0	1.3721197	0	0	0	1.1079826	1.8370731	0	0.174603	0.9753	0	0	0	0	0.230047	0	0	0	0	0.0797448	0	0	0	0.15361	0	0	0	0	0	0.334474	0	0	0	0	0	0	0	1.676939	0	0	0	0	0	0	0	1.9898797	0.3928858	0	1.35949	0.0837521	0.0014556	0	0	0	0.65604	0	0	1.2984629	0.158983	0.3562068	0	0	0	0	0.456592	0	0	0.958727	0.17762	0	0.00291121	0	0.1822188	0.10661	0	0.1565497	0	0.5175412	1.7330261	26.7077542	0.4495149	0.3478336	0.471161	0.6119795	0.0733652	0.684932	0	0	0	0	0	0.215208	0	0	0	4.600087	0	0	0	0.119048	0	0	0	0	0	0.15949	0	1.070287	0	0	0	0
K00773	0	0	0	0	0	0	0	0	0	0	0	0	0	0	0	0	0	0	0	0	0	0	0	0	0	0	0	0	0	0	0	0	0	0	0	0	0	0	0	0	0	0	0	0	0	0	0	0	0	0	0	0	0	0	0	0	0	0	0	0	0	0	0	0	0	0	0	0	0	0	0	0	0	0	0	0	0	0	0	0	0	0	0	0	0	0	0	0	0	0	0	0	0	0	0	0	0	0	0	0	0	0	0	0	0	0	0	0	0	0	0	0	0	0	0	0	0	0
K06442	0	0	0	0	0.50505	0	0	0	0	0	0	0	0	0	0	0	0	0	0	0	0	0	0	0	0	0	0	0	0	0	0	0	0	0	0	0	0	0	0	0.25	0.612613	0	0	0	0	0	1	0	0	0	0	0.99061	0.290448	0	2.117826	0	0	0	0	0	0	0	0	0	0	0	0	0	0	0	0	0	0	0	0	0.390625	0	0	0	0	0	0	0	0	1.663523	9.121368	0	0	0	0	0.809524	0	0	0	0	0	0	0	0	0	0	0	0	0	0	0	0	0	0	0	0	0	0	0	0	0	0	0
K15521	0	0	0	0	0	0	0	0	0	0	0	0	0	0	0	0	0	0	0	0	0	0	0	0	0	0	0	0	0	0	0	0	0	0	0	0	0	0	0	0	0	0	0	0	0	0	0	0	0	0	0	0	0	0	0	0	0	0	0	0	0	0	0	0	0	0	0	0	0	0	0	0	0	0	0	0	0	0	0	0	0	0	0	0	0	0.126263	0	0	0	0.126263	0	0	0	0	0	0	0	0	0	0	0	0.357466	0	0	0	0	0	0	0	0	0	0	0	0.126263	0	0	0	0
K00925	0	0	0	0	0	0	0	0	0	0	0.333333	0.158228	0	0	0.258439	0	0	0	0	0	0	0	0	0	0	0	0	0	0	0	0	0	0	0	0	0	0	0	0	0	0	0	0	0	0	0	0	0	0	0	0	0	0	0	0	0	0	0	0	0	0	0	0	0.158228	0	0	0	0	0	0	0	0	0	0	0	0	0	0	0	0.676471	0	0	0	0	0	0.158228	0	0.158228	0	0	0	0	0	0	0	0	0	0	0	0	0	0	0	0	0	0	0	0	0	0	0	0	0	0	0	0	0	0
K07776	0	0	0	0	0.316479	0.280899	0	0.21161	0	0	0	0.262172	0	0	0.273408	0	0	0	0	0	0	0	0	0	0	0	0	0	0	0	0	0	0	0	0	0	0	0	0	0	0	0	0	1.119517	0	0	0	0	0	0	0	0.211111	0	0	0	0	0	0	0	0	0	0	0	0.47619	0	0.365696	0	0	0	0	0	0	0	0	0	0	0	0	0	0	0	0	0	0.962547	0.635347	5.22008764	0	0.743446	0	0	0	0	0	0	0	0	0	0	0	0	0	0.561798	0	0	0	0	0	0	0	0	0	0	0	0.561798	0	0	0	0
K09118	0	0	0	0	0.3003011	0	0	0.904426	0	0	0	0.3296341	0.500668	0	0	0.31311	0	0	0	0	0	0	0	0	0	0	0	0.0598802	0.3183087	0	0	0	0.1002	0	0	0	0	0	0	0	0	0	0	0.2635712	0	0	0	0	0	0	0	0.4451916	0.0522466	0	0	0	0	0	0	0	0	0	0	0.1000502	0	0	0	0.0592417	0	0.129534	0	0	0	0	0	0.0501002	0	0	0.1093419	0.19084	0.0545852	0.04995	0.10917	0.3379606	0.1068318	5.5603872	0.129534	0.297967	0	0.218341	0	0.04995	0	0	0	0	0	0	0	0	0	0.697962	0	0	0	0	0	0	0	0	0.15674	0	0	0.136607	0	0	0	0
K08981	0	0	0	0	1.132788	0	0	0	0	0	0	0.085034	0	0	0	0	0	0	0	0	0	0	0	0.0862069	0	0	0	0	0	0	0	0	0	0	0	0	0	0	0	0	0	0	0	0.243902	0	0	0	0	0	0	0	0.3439567	0	0	0.0877193	0	0	0	0	0	0	0	0	0.175439	0	0.0862069	0	0	0	0	0	0	0	0	0.398268	0	0.340376	0	0	0.0859107	0	0.170068	0	0	0	1.8184227	0	1.0340717	0	0	0	0	0	0	0	0	0	0	0	0	0	0	0	0	0	0	0	0	0	0	0	0	0	0	0	0.174854	0	0.487805
K07082	0	0	0	0	9.032673	0	0	0.993115	0	0	0	2.879399	2.463129	0	0.377432	0	0	0	0	0	0.285723	1.08046	0	0	0	0	0	0	0.271073	0	0	0	0.287356	0	0.287356	0	0	0	0	0	0	0	0	0.153257	0	0	0.0862069	0	0	0	0.568182	0.126722	0	0	0	0	0	0	0	0	1.41572	0	0	2.048341	0	1.8185186	0	0.0383142	0	0	0	0	1.857871	2.67602	0.142045	0	0.143678	0	0	0.274725	0.143678	0.143678	0	0.224138	0.0340909	7.3856575	0.143678	0	0	0.140805	0.16954	0	0	0	0	0	0	0	0	0	0	1.110057	0	0	0	0	0	0	0	0	0	0	0	0.143678	0	0	0	0
