#SampleID	002VWWX	004AWZY	004VWZY	006VHQK	027VYMX	031VPYH	036AXHM	036VXHM	040VYDY	047VLRL	083AYGC	083VYGC	086VHXM	110VZSZ	149VYYD	153VWG	155VCHJ	173VHJW	174LBQA	180VHMQ	189VXZJ	195VXXY	199VOZQ	206ZFDA	215ATKH	215VTKH	220VDXP	227AZMH	227VZMH	230VLSH	235VDBJ	243AHZH	243VHZH	287DJQA	309VHJD	322VCHL	325ALRY	325VLRY	331ALDY	331VLDY	342VCSL	347APZL	347VPZL	348VYQM	350VLYY	351AZDY	351VZDY	353VGSZ	354VPYM	357VLTS	358AWXC	358VWXC	359VYSH	361ATLX	361VTLX	362VLBJ	363VLH	364VCZ	366VZMY	367VWSY	370VLZW	371VTYJ	372VJHK	373VHXR	376VYKZ	377VHWH	379ALJJ	379VLJJ	384VCZL	388DHLA	388VDHL	390VNFD	392VWLL	393VZLH	395VGSQ	C001CJB	C002HHP	C003XYQ	C006LYH	C007XXZ	C008QLX	C009HHY	C010WL	C013MJH	C014LWG	C017YYM	C018LJP	C020LBJ	C022SMR	C024XHR	C025PCY	C026CBR	C031CQS	C034LJ	LR200116-0001	LR200116-0002_L4_1000002	LR200116-0003_L1_1000787	LR200116-0004_L1_1000734	LR200116-0005_L1_1000735	LR200116-0006_L1_1000736	LR200116-0008_L1_1000738	LR200116-0009_L1_1000739	LR200116-0010	LR200116-0011	LR200116-0012_L4_1000742	LR200116-0013_L1_1000743	LR200116-0014_L4_1000788	LR200116-0015_L4_1000789	LR200116-0016_L4_1000953	LR200116-0017_L4_1000954	LR200116-0018_L1_1000955	LR200116-0019_L1_1000956	LR200116-0020_L1_1000916	LR200116-0021_L1_1000957	LR200116-0023_L1_1001357	LR200116-0024_L1_1001404	LR200212-0001	LR200212-0002
K00951	0	0.125313	0	0.137741	0	0.2379856	0	1.08178	0	0	0.7059097	2.002907	0.430416	0	0.899651	0	0	0	0	0	0.388192	0	0	0.274564	0	0.434783	0	0.5949618	1.961604	0	0	0.211864	0	0	0	0.250627	0.325207	0	0	0.745098	0	1.268146	7.178757	0.321199	2.236291	0.275482	0.1707317	0	0.324638	0.3249868	0	5.395278	0	0.982811	1.443453	3.118149	0	0.578255	0.2663797	0.137741	0.434783	0.355336	0.549042	1.13652	0	2.641349	0.805583	0.817398	0	0.143472	0	0	9.558409	0.542194	1.236719	0.792813	0	0.211864	0.560552	0.905791	0.353419	0	0.321199	0.662781	0.071736	0.9129403	0.275482	0	0.071736	0.756576	0.071736	0.424739	0	4.501126	0	0	0	0	0	0	0	5.009535	0	0.476365	0	0.112948	0	0.2396258	0.197049	0	0.071736	0	0.071736	1.948531	0	1.362926	0	0.367647
K00574	0	0	0	0	0	0	0	0	0	0	0	0	0	0	0	0	0	0	0	0	0	0	0	0	0	0	0	0	0	0	0	0	0	0	0	0	0	0	0	0	0	0	0	0	0	0	0	0	0	0	0	0	0	0	0	0	0	0	0	0	0	0	0	0	0	0	0	0	0	0	0	0	0	0	0	0	0	0	0	0	0	0	0	0	0	0	0	0	0	0	0	0	0	0	0	0	0	0	0	0	0	0	0	0	0	0	0	0	0	0	0	0	0	0	0	0	0	0
K09824	0	0	0	0	0.381865	1.34387	0	2.1323601	0	0.18797	1.239063	0.159946	0	0	0	0	0	1.489224	0	0.377364	0	0	0	0.383142	0.375	0	0	0.3923902	0.188679	0	0	0	0	0	0	0.381679	1.040252	0	0	0	0	0.568198	2.796227	0.472574	0	0.737967	0.366279	0	0	0	0	1.093082	0	0	0.378073	0.188679	0	0	0	0	0.724011	0	0	0	0	1.226517	1.531811	0	0.695844	0	0	0	2.23199	0	0.741995	1.319041	0.466315	0	0.361215	0	0	0	0.306918	0.495597	0.162338	1.0918103	0.0710195	0	0	0.426	0.319497	0.316348	0.566925	0.838979	0	0	0	0	0	0	0	8.657128	0	0	0	0.170676	0	0	0.376649	0.350427	0	0	0	0.586164	0	0.339171	0	0
K04758	3.777211	0.728395	0	0	0	5.13605	0	4.23406	0	0.702381	4.672779	1.40476	0.690476	0	5.558399	0	0	6.206921	1.2716	0	0.863946	0	0	1.601159	3.683047	0	0	4.448975	0.380952	0	0	0.428571	0.728395	1.7619	0	0.77551	3.760395	0	0	1.4251682	0.753086	5.48299	3.20408	5.761906	0	3.82313	0.47619	0	2.33333	2.413643	0	8.38095	0	3.55952	0	7.52381	0	0	2.82143	1.19753	2.62585	6.38095	1.88889	7.13139	1	7.47014	8.35903	0.571429	0	0	0	0	19.4898	0	3.702376	7.949922	1.92517	3.75309	2	0	0	0.856891	1.40136	4.68197	1	12.872375	0	0	0	1.7381	0.340136	1.36054	1.23129	14.882058	0	0	0	0	0	0	0	10.15646	0.340136	0	0	0.653061	0.607143	4.04938	2.414462	1	0	0	0	2.53061	0	1.733182	0	0.857143
K09775	0	0	0	0	0	0	0	0	0	0	0	0	0	0	0	0	0	0	0	0	0	0	0	0	0	0	0	0	0	0	0	0	0	0	0	0	0	0	0	0.363636	0	0	0	0	0	0	0	0	0	0	0	0	0	0	0	0	0	0	0	0	0	0	0	0	0	0	0	0	0	0	0	0	0	0	0	0	0	0	0	0	0	0.315152	0	0	0	0	0	0	0	0	0	0	0	0	0	0	0	0	0	0	0	0	0	0	0	0	0	0	0	0	0	0	0	0	0	0	0	0
K06281	0	0	0	0	0	1.1764544	0	1.310798	0	0.684932	3.276248	1.936074	0.744863	0	0	0	0	0.735294	2.415605	0.171233	0.171233	1.027397	2.935919	2.50926	0.735294	0.509133	0	0.865868	1.849312	0	0	0.351852	0.0998858	0	0	0.0153846	2.300782	0.3687214	0.0839041	3.751901	0	0.4200914	3.185355	2.351392	0	0.367647	0.0799067	0	0	0.770548	0	15.843756	0.2745054	0.0856164	0.837516	3.931055	0	1.93234	0.279224	1.15207	0	0.256279	0	0.7728644	0	0	1.369292	0.455479	0	0.513698	0	0	5.696234	0	3.059086	1.86111	0	1.76852	0	0.2916664	0.601466	0.195205	0.640775	2.329909	0.6846867	3.72469	0	0	1.402397	1.061644	0.0856164	0.171233	0.428082	4.748289	0	0	0	0	0	0.171233	0	21.4775871	0	0.295157	0	0	0	1.13825	0.591615	0	0	0.3722054	0.1897756	5.9759749	0	0.376638	0	0.301205
K04759	0	0	0	0	0	0	0	0	0	0	0	0	0	0	0	0	0	0	0	0	0	0	0	0	0	0	0	0	0	0	0	0	0	0	0	0	0	0	0	0	0	0	0	0	0	0	0	0	0	0	0	0	0	0	0	0	0	0	0	0	0	0	0	0	0	0	0	0	0	0	0	0	0	0	0	0	0	0	0	0	0	0	0	0	0	0	0	0	0	0	0	0	0	0	0	0	0	0	0	0	0	0	0	0	0	0	0	0	0	0	0	0	0	0	0	0	0	0
K01246	0	0	0	0	0	0	0	0.837554	0	0	1.201338	0.86842	0	0	0	0	0	0.16886	0.274123	0	0	0	0.635965	1.7236843	0.0175439	0	0	0.333333	0	0	0	0	0	0.323877	0	0	0	0	0	0	0	0	0	1.31111	0.219298	0.702081	0	0	0.221491	0	0	0.928889	0	0	0	0.666666	0.211111	0	0	0	0.631579	0	0	0	1.32675	0.141243	1.021215	0	0	0	0	0	1.161542	0	1.09556	0.328947	0	0.328947	0.777204	0	0	0.608599	0.322222	0	0	2.237471	0	0	1	0.333333	0	0.248889	0.584541	1.352193	0	0	0	0	0	0	0	3.455145	0	0.333333	0	0	0	0.308889	0	0	0.423729	0	0	0.211111	0	0.333333	0	0
K06967	0	0	0	0	0	0	0	0.256014	0	0	0.621993	0.891753	0.132302	0	0	0	0	0	0	0	0.406504	0	0	0	0	0	0	0.256014	0.304233	0	0	0	0	0	0	0	0	0	0	0	0	0.182131	0	0	0	0	0.256014	0	0	0	0	0	0.256014	0	0	0.662518	0	0	0	0	0	0	0	0	0	0	0.256014	0	0	0	0	0	0	0	0	0	0	0	0	0	0	0	0	0.256014	0	0.390625	0	0	0	0.256014	0	0	0	0.256014	0	0	0	0	0	0	0	0.256014	0	0	0	0	0	0	0	0	0	0	0	0	0	0	0	0
K00099	0	0	0	0	0	0	0	0	0	0	0	0	0	0	1	0	0	0	0	0	0	0	0	0	0	0	0	0	0	0	0	0	0	0	0	3.77778	0	0	0	0	0	0	0	0	0	0	0	0	0	0	0	0	0	0	0	0.865248	0	1	0	0	0	0	0	0	0	0	0	0	0	0	0	0	0	0	0	0	0	0	0	0	0	0	0	0	0	0	0	0	0	0	0	0	0	0	0	0	0	0	0	0	0	0	0	0	0	0	0	0	0	0	0	0	0	0	0	0	0	0
K07460	0	0	0	0	0	0	0	0	0	0	0	0	0	0	0	0	0	0	0	0	0	0	0	0	0	0	0	0	0	0	0	0	0	0	0	0	0	0	0	0	0	0	0	0	0	0	0	0	0	0	0	0	0	0	0	0	0	0	0	0	0	0	0	0	0	0	0	0	0	0	0	0	0	0	0	0	0	0	0	0	0	0	0	0	0	0	0	0	0	0	0	0	0	0	0	0	0	0	0	0	0	1.12851	0	0	0	0	0	0	0	0	0	0	0	0	0	0	0	0
K13789	0	0	0	0.0249042	2.08642	0	0	0.78738	0	0.227709	1.399177	2.685696	0.617284	0	0.193416	0	0	0.9519893	0.300412	0	0	0	0	0.617284	0.205761	0	0	0.761317	1.028806	0	0.389575	0	0	0	0	0	0.411522	0	0	0.758573	0	0.500686	0.411523	0.775819	0.629913	2.303358	0.246914	0	0.277778	0.514403	0	3.904225	0.194787	0	1.624638	2.3100108	0	0.411522	0	0.205761	3.852583	1.261293	0	0.411523	0.438957	1.44033	2.5857079	0	0	0	0.101533	0	0.411523	0	0.295858	2.5377262	0.205761	1.025163	2.175157	0.524005	0.611796	0.493117	0.707381	0.6982165	0.410151	4.90592	0.112861	0	0	0	0.674897	0.304878	0.8137944	2.398397	0	0	0	0	0	0	0	2.8451715	0	0	0	0	0	0	1.2894378	0.205761	1.471519	0.411522	0.20439	1.39019	0	0.470523	0	0.285714
K01154	0	0	0	0	0	0	0	0	0	0	0	0	0	0	0	0	0	0	0	0	0	0	0	0	0	0	0	0	0	0	0	0	0	0	0	0	0	0	0	0	0	0	0	0	0	0	0	0	0	0	0	0	0	0	0	0	0	0	0	0	0	0	0	0	0	0	0	0	0	0	0	0	0	0	0	0	0	0	0	0	0	0	0	0	0	2	0	0	0	0	0	0	0	0	0	0	0	0	0	0	0	0	0	0	0	0	0	0	0	0	0	0	0	0	0	0.316402	0	0
K07090	0	0	0	0	0	0	0	0.535842	0	0	0	0	0	0	0	0	0	0	0	0	0	0	0	0	0	0	0	0	0	0	0	0	0	0	0	0	0	0	0	0	0	0	0	0	0	0	0	0	0	0	0	0	0.465116	0.268817	0	0	0	0	0	0	0	0	0	0	0	0	0	0	0	0	0	0	0	0	0.463566	0	0	1.60606	0	0	0	0	0	0.78185	0	0.696124	0	0	0	0	0	0	0	0	0	0	0	0	0	0	0	0	0	0	0	0	0	0	0	0	0	0	0	0	0	0	0	0
K01159	0	0.101449	0	0	0	0	0	0.405797	0	0.342029	2.266665	0.115942	0	0	0.17971	0	0	0.223188	0	0.249275	0	0	0	0.588406	0.434783	0	0	0.49855	0	0	0	0	0	0	0	0	0.715942	0	0	0.434783	0.246377	0	0.869565	0	0	0.388406	0.228986	0	0	0	0	1.12174	0	0	0	0	0	0	0	0	0.194203	0	0	0.347826	0.721739	0	0.631884	0	0	0	0	0	7.234785	0	0	0.869565	0	1.580435	0.434783	0.344928	0.237681	0	0.191304	0	0	0.756522	0	0	0	0.695652	0	0	0	2.878263	0	0	0	0	0	0	0	0.657971	0	0	0	0	0	0	0.434783	0	0	0	0	0.191304	0	0	0	0
K01270	0	0	0	0	0	1.154734	0	0.115473	0	0.115473	8.624438	0.574922	0.446497	0	0	0	0	0	0	0	0	0	0	0	0	0.115473	0	0.568129	0.747061	0	0	0	0	0	0	0.226667	0.115473	0	0	3.056833	0	0.213542	0.923788	0	0	0	0	0	0	0	0	2.168812	0.115473	0	0.0900693	1.362818	0	0	0.0769823	0	0	0	0	0.115473	0	0	0.3903	0	0	0	0	0	3.442653	0	0.577367	0	0	0	0	0.115473	0.461893	0.455128	0.230946	1.0070539	0.230947	2.239844	0	0	0	0	0.115473	0.2124707	0.685911	3.299699	0	0	0	0	0	0.16549	0	5.172022	0	0.230947	0.461894	0	0	0.115473	0.458814	0	0.117647	0	0	1.23235	0	1.594867	0	0.267898
K00602	0	0	0	0	0	0	0	0	0	0	0	0	0	0	0	0	0	0	0	0	0	0	0	0	0	0	0	0	0	0	0	0	0	0	0	0	0.108696	0	0	0	0	0	0	0	0	0	0	0	0	0	0	0.108696	0	0	0	0	0	0	0	0	0.217391	0	0	0	0	0	0	0	0	0.108696	0	0	0	0	0	0	0	0.230377	0	0	0	0	0	0	0	0	0	0	0	0	0	0	0	0	0	0	0	0	0	0	0	0	0	0	0	0	0	0	0	0	0	0	0	0	0	0	0	0
K01995	0	0	0	0	0	0	0	0.158497	0	0	0.107843	0.426471	0	0	0	0	0	0	0	0	0	0	0	0	0	0.109477	0	0	0.576797	0	0	0	0	0	0	0	0.503268	0	0	0.184641	0	1.22386	4.81536	0	0	0	0	0	0	0	0	0	0	0	0	0.212418	0	0.334967	0	0	0	0.490196	0	0	0	0	2.33824	0	0	0	0	0	13.7206	0	0	0	0	0	0	0.245098	0.473856	0.106209	0	0	0	0.490196	0	0	0	0.980392	0	0	0	4.95425	0	0	0	0	0	0	0	0	0	0	0	0	0	0	0	0	0	0	0	0.815359	0	0	0	0
K03040	0.973545	0.373852	0	0.198413	0	7.669438	1.430819	12.00721	0	13.72858	11.148219	28.025988	14.34794	0	8.107121	0	0.119048	0.595238	0.609191	1.214397	2.262075	0.350877	1.03392	1.19048	0.54929	2.496364	0	10.44713	26.17482	0	1.05263	0	3.781026	0.825258	3.128657	2.944635	2.551215	9.241148	0.526316	21.52643	0.371206	3.76501	24.233618	12.88732	1.940584	2.931006	0.695336	0	0.975217	1.60813	0	138.901617	0	0	5.859841	34.32138	0.175439	2.56625	1.943465	1.408943	4.9547362	4.401269	1.754868	11.9305	0	0.505263	12.7028433	12.287997	0.175439	1.624143	0	0.992063	192.831816	1.09123	57.492122	4.119462	0.395503	1.308271	6.322519	4.117871	3.858949	1.910823	2.953041	6.78037	2.254553	9.08433	0.793651	0	3.496593	2.4	0.534503	1.76035	4.009357	17.952215	0	0.282609	0.175439	0.415205	0	0.625731	0.175439	54.10512	0.175439	0.175439	0	0.198413	0.676964	1.105555	1.2274901	0.403226	0.337302	1.041214	0.0807018	19.838047	0.175439	6.845602	0	0.687719
K01784	0.186047	0	0	0.4444445	0	0	0	1.914313	0	0.543478	2.29056	2.774183	0	0	0	0	0	0.289017	0.148579	0	0	1.237998	0	0.608527	0.6310474	0	0	0	1.14493	0	0	0.193798	4.0625	0	0	0	1.857296	0	0	0.34058	0.193798	0	0.0809179	0	0.683881	3.331806	0.23	0	0	0.193798	0	4.43152	0	0	0	0.820221	0	0.374957	0	0.76888	1.636737	0.588563	0	1.179758	0.366925	1.258009	1.595915	0.409841	0	0.292517	0	0	2.35507	0	0	0.795866	0	1.774336	0.5191854	0.2209298	0	0.387597	0	0.608049	0	2.96444	0.0245478	0	0.181159	0.0700483	0	0.868055	0	1.9864985	0	0	0	0	0	0	0	0.3361986	0	0	0	0	0	0	0	0	0	0	0	0.181159	0	0	0	0
K11717	0	0	0	0	0	0	0	0	0	0	0	0	0	0	0	0	0	0	0	0	0	0	0	1.57037	0	0	0	0	0	0	0	0	0	0	0	0	0	0	0	0	0	0	0	0	0	0	0	0	0	0	0	0	0	0	0	0	0	0	0	0	0	0	0	0	0	0	0	0	0	0	0	0	0	0	0	0	0	0	0	0	0	0	0	0	0	2.04444	0	0	0	0	0	0	0	0	0	0	0	0	0	0	0	0	0	0	0	0	0	0	0	0	0	0	0	0	0	0	0	0
K03386	0	0.246305	0.492611	0	0	4.30706	0	0.98358	0	0.738916	1.9688	1.52053	0	0	0.577778	0	0	2.30667	0	0	0.738916	0	0	0.0569106	0	0.666667	0	10.770839	15.4613	0	0	0	2.73679	0	0	0	2.385941	3.252429	0	0.738916	0	3.048857	3.17974	2.68801	0	2.97561	1.874682	0	1.44961	1.004486	0	11.963683	0	0	1.449045	4.99343	0	0.246305	0	2.35556	8.997076	0	0	2.30306	0	0	4.900613	0	1	1.625309	0	0	5.81609	0	1.9688	0	0	3.98889	2.96748	0.738916	0.246305	2.72842	4.955632	7.500703	9.159826	131.248809	0	0	5.39934	2.49425	0.246305	8.268508	20.032127	97.787967	0	0	0	0.813008	0	0.403941	0	119.99722	0.738916	1.62233	0	0	7.5509031	2.01149	0.985222	0.0930233	3.812975	0.601626	4.246305	11.44683	0.228243	5.89655	0	0
K03076	0	0	0	0	0	0	0	0	0	0	0	0	0	0	0	0	0	0	0	0	0	0	0	0	0	0	0	1.55797	0	0	0	0	0	0	0	0	0	0	0	0	0	0	0	0	0	0	0	0	0	0	0	0	0	0	0	0	0	0	0	0	0	0	0	0	0	0	0	0	0	0	0	0	0	0	0	0	0	0	0	0	0	0	0	0	0	0	0	0	0	0	0	0	0	0	0	0	0	0	0	0	0	0	0	0	0	0	0	0	0	0	0	0	0	0	0	0	0	0
K01012	2.130577	0.373547	0.906713	14.041434	1.977721	3.953227	1.41183	33.851124	0	26.4911316	13.8505576	112.42594	4.516843	0	11.33329	0.328782	0	16.781003	1.363698	3.854372	1.136922	3.412969	0	23.452961	9.428738	1.2607682	0	20.1134286	32.762577	0	0.341297	0.5582422	8.832192	0.710244	0.738398	14.528511	33.679488	3.120295	0	23.826747	2.151145	17.010507	22.470641	10.589512	1.89867	48.573322	3.402497	0	2.133286	1.901138	0	222.9910463	0	0.159272	0.348432	18.9540301	0	12.675517	0.31058	2.961323	15.3905	3.647768	0.341296	60.524509	0.150171	4.544902	21.196472	17.4563561	6.102746	3.642858	0	0.341297	247.978915	1.02275	4.9117637	21.0293648	3.093234	12.268187	48.644999	5.489774	2.977859	15.358915	24.147598	9.621638	22.098461	244.4700112	7.365569	0.186521	14.2899184	5.389648	3.097838	1.966823	13.876658	142.3590097	0.4164655	0.0682594	0	0.682593	1.034327	0.775882	1.290518	163.8702284	1.89483	1.468126	0.511945	15.098526	2.450459	5.662604	22.99227	4.102211	14.037113	18.26748	2.406102	27.477144	0.434783	25.082971	0	5.238381
K03496	0	0	0	0.186795	0	0.242718	0	0.364077	0	0	3.19302	0.423877	0.0901771	0	0	0	0	2.490476	0.0299625	0	0	0	0	0.187702	0.241546	0	0	0.242718	0	0	0	0	0	0	0	0	0.707714	0	0	0.215781	0	0	0.392638	0	0	2.860576	0	0	0	0.351047	0	1.275431	0	0.375404	0.242718	0.843083	0	0	0.241546	0	0.825137	1.464622	0.365696	0.490291	0.969255	0.381877	1.867954	0	0	0.124595	0	0	2.11916	0	0.284091	1.374946	0.242718	0.656958	0.766336	0	0.241546	0.485437	0	0.253807	0.253807	3.66831	0.242718	0	0	1.279643	0	0.483818	0.952863	2.710382	0	0	0	0	0	0	0	2.579922	0	0	0	0	0	0	0	0	0.888314	0.481481	0	0.211268	0	0.464135	0	0.217391
K05832	0	0	0	0	0	0	0	0	0	0	0	0	0	0	0	0	0	0	0	0	0	0	0	0	0	0	0	0	0	0	0	0	0	0	0	0	0	0	0	0	0	0	0	0	0	0	0	0	0	0	0	0	0	0	0	0	0	0	0	0	0	0	0	0	0	0	0	0	0	0	0	0	0	0	0	0	0	0	0	0	0	0	0	0	0	0	0	0	0	0	0	0	0	0	0	0	0	0	0	0	0	0	0	0	0	0	0	0	0	0	0	0	0	0	0	0	0	0
K06881	0	0	0	0	0	0	0	0	0	0	0	0	0	0	0	0	0	0	0.468165	0	0	0	0	0	0	0	0	0	0	0	0	0	0	0	0	0	0	0	0	0	0	0	0	0	0	0	0	0	0	0	0	0	0	0	0	0	0	0	0	0	0	0	0	0	0	0	0	0	0	0	0	0	0	0	0	0	0	0	0	0	0	0	0	0	0	0	0	0	0.507576	0	0	0	0	0	0	0	0	0	0	0	0	0	0	0	0	0	0	0	0	0	0	0	0	0	0	0	0	0
K11085	0.4571957	0	0	0.424415	0	0	0	5.378402	0	0.0980392	1.0887227	2.5512397	0	0	1.0386067	0	0.144928	0.3770597	0.4015347	0.0948767	0.0316256	0	0.351676	2.8791697	0.188488	0.0908497	0	0.189753	1.01708	0.189753	0	0.359903	0.509942	0.1897534	0	0.21097	0.6925754	0.196078	0	0.56926	0.212272	0.764482	0.880749	0.2846297	0.608449	1.6998244	0.1499052	0	1.1451917	0.0948767	0	1.726899	0.0948767	0.247525	0.334681	1.6844412	0	0.1929159	0	0	1.043384	2.20197	0	2.087053	1.538265	1.872374	0.9141435	0	0.291864	0.1309659	0	0	3.372317	0	0.5757237	2.072415	0	0.902806	2.0385754	0.5077966	0	0	0	0.512486	0	4.1021695	0.0948767	0	0.2292857	0	0.1891209	0.0948767	0	2.482519	0	0	0	0.362319	0	0	0	0.6033587	0	0	0	0.2398047	0	0	0.5803772	0	0.633034	0.391233	0	1.0561164	0	0.0600886	0	0
K03596	0	0	0	0	0	0	0	1.297576	0	0.1666668	4.1175376	1.594056	0	0	0	0	0	0	0	0.250909	0	0	0	0	0	0.0909091	0	0.9839209	0.8563441	0	0	0	0.181818	0	0	0.41841	0.5018177	0	0	0.997576	0	0.7024241	1.8472741	0.4697931	0	0	0	0	0	0	0	6.491608	0	0	0.487235	2.127255	0	0.690667	0	0	0	0.0909091	0	0.8220601	0.821739	0	1.2709091	0.319394	0	0.1818182	0	0	4.413041	0	0.636364	0	0	0	0	0.116364	0	0	0.9393935	0.9950192	0.0127273	1.4192724	0.184058	0.0587403	0.0181818	0.690909	0	0.329525	0.7144816	4.4812845	0	0	0	0.106157	0	0	0	9.033125	0	0	0	0	0.181818	0.181818	0.4690331	0	0	0.0909091	0.217391	0.692727	0	0.9277291	0	0.273361
K02654	0	0	0	0	0	0	0	0	0	0	0	0	0	0	0	0	0	0	0	0	0	0	0	0	0	0	0	0	0	0	0	0	0	0	0	0	0	0	0	0	0	0	0	0	0	0	0	0	0	0	0	0	0	0	0	0	0	0	0	0	0	0	0	0	0	0	0	0	0	0	0	0	0	0	0	0	0	0	0	0	0	0	0	0	0	0	0	0	0	0	0	0	0	0	0	0	0	0	0	0	0	0	0	0	0	0	0	0	0	0	0	0	0	0	0	0	0	0
K04043	2.190297	1.393137	0	1.481962	0.4351078	8.1373725	0.0888099	11.23458	0.11655	0.2053599	2.3330262	3.5666473	4.0089311	0.538147	13.6760141	0.393137	0.0833333	4.6772067	0.326874	0.177305	1.6267239	0.17762	0.354019	1.516932	1.5754722	0.2917314	0	0.7766511	0.526364	1.3293755	0	0.3043269	7.6268769	0	0.17762	0.35524	3.530948	0.17762	0	12.5966699	0.1776198	1.421179	7.5648846	9.632385	3.115941	7.975685	0.8235762	0	1.815456	3.661236	0	12.2133669	0.195312	2.7606899	5.416107	10.317287	0	0.107759	0.7177235	0	1.8614027	9.114545	0.986332	2.801733	2.22795	7.1907321	1.986838	0.7788664	0.1774624	0.5079875	0	0	29.780128	2.481939	5.098452	5.154742	1.4801724	0.310765	1.0549	4.2858491	1.482998	0.986583	1.899913	2.786879	0.7841399	10.672492	0.3734699	1.604479	1.2575031	1.1856676	0.0888099	0.2661149	0.4966275	7.53633	0	0	0	0.298507	0	0.0888099	0.0888099	7.766919	0.286464	0.448194	0	0.79741	0.0888099	0.81897	2.6004812	1.25	0.338945	0.909932	0.286473	4.362692	0.17762	1.0581164	0	0.8369929
K02469	3.8388371	0.266917	0	0.9909741	1.16279	0.915281	0	9.4562347	0	0.495924	4.5435793	4.4294566	7.4874545	0.129199	2.2547125	0.4761225	0.129032	0.8834151	0.3569342	0.452196	0.205761	0	0.191205	2.274282	0.6025334	0.45045	0	1.6856383	4.316863	0	0	0.275605	1.4087324	0.3458058	0	0.899335	0.4291951	0.4769219	0	2.974041	0.2524861	0.5204796	3.441896	1.3917832	1.298446	1.03911	0	0	0.6483649	1.512653	0	10.985886	0	0.334793	0.700965	3.3223408	0	0	0	1.265652	1.4488931	2.6566962	0.581395	4.111197	4.02108	1.62667	6.6069197	1.4289567	0	0.4001345	0	0	14.06369072	2.03488	1.3411478	1.5903713	0.6738911	5.2833698	5.0676123	0.3700604	0.8011231	1.1918829	0.956151	4.1285478	0.286807	30.402893	0.390625	0.0645161	0.934701	0.6924008	0.0679348	1.459014	1.2681162	5.0405168	0.596386	0	0	0.232955	0.156989	0	0	20.573712	0.255208	0	0.135531	0.5487071	0	2.112707	2.4297253	1.184206	2.0054051	1.3216695	0.129032	1.9950746	0.215517	1.501802	0	0.2246343
K00806	0	0	0	0.484552	0	0.243902	0	5.26504	0	0.321422	2.178858	3.845527	0	0	0.7161068	0	0	0.64878	0	0	0	0	0	1.489431	1.612462	0	0	1.354472	0.960975	0	0	0	0	0.380488	0	0	0.486179	0.64065	0	0.243902	0	0.177236	0	0.948573	0	2.63145	0	0	0.243902	0	0	2.424857	0	0	1.107317	2.2723004	0	0	0	0	1.573988	0.655284	0	0.731707	0.891056	0.226016	2.030472	0	0.209756	0.486784	0	0	9.918598	0	0.598374	0.730081	0	0.5821129	2.806815	0.180723	0	0.908943	0	1.01004	0	4.97648	0.2097557	0	0.752354	0.733333	0	0	0.920275	3.53171	0.487805	0	0	0	0	0	0	1.405772	0	0	0	0	0	0	0.130081	0.487805	0.5056908	0	0	0.655284	0	0.258333	0	0.243902
K01870	0.139319	0	0	0	0	0.820777	0	1.378983	0	0	0.9833396	2.1792154	0	0	1.0879618	0	0	0.0572738	0	0	0.0558659	0	0	0.468331	0	1.046561	0	0.308642	0.538314	0	0	0	0.215349	0.399568	0	0	0.0558659	0	0	0	0.0572738	0.9092178	0.306157	0.339205	0.154799	0.2678764	0.0418066	0	0	0	0	6.0960536	0.0712201	0.138427	0	2.4294366	0	0	0	0	0.9241145	0.0572738	0	1.009681	0	0	0.9759834	1.036207	0	0.2500439	0	0	7.9143347	0	0.0466592	0.3148706	0	0.436542	0.5246254	0	0	0	1.01111	0.9269566	0	0.4325269	0	0	0.5250267	0.162866	0	0.573059	0.337248	1.8098407	0	0	0	0	0	0.116009	0	1.73737	0	0.163399	0	0	0	0.145398	0.1624426	0	0.0572738	0	0	1.049722	0	0.115473	0	0.162866
K01662	0	0	0	0	0	0	0	0	0	0	0	0	0	0	0	0	0	0	0	0	0	0	0	0	0	0	0	0	0	0	0	0	0	0	0	0	0	0	0	0	0	0	0	0	0	0	0	0	0	0	0	0	0	0	0	0	0	0	0	0	0	0	0	0	0	0	0	0	0	0	0	0	0	0	1.80303	0	0	0	0	0	0	0	0	0	0	0	0	0	0	0	0	0	0	0	0	0	0	0	0	0	0	0	0	0	0	0	0	0	0	0	0	0	0	0	0	0	0	0
K01496	0	0	0	0	0	0	0	0	0	0	0	0	0	0	0	0	0	0	0	0	0	0	0	0	0	0	0	0	0	0	0	0	0	0	0	0	0	0	0	0	0	0	0	0	0	1	0	0	0	0	0	0	0	0	0	1	0	0	0	0	0	0	0	0	0	0	0	0	0	0	0	0	0	0	0	0	0	0	0	0	0	0	0	0	0	0	0	0	0	0	0	0	0	0	0	0	0	0	0	0	0	0	0	0	0	0	0	0	0	0	0	0	0	0	0	0.574074	0	0
K03070	0	0	0	0	0	1.193177	0	0	0	0.772837	1.461259	0.774026	0.374026	0	0.353659	0	0	0	0	0.194372	0.429547	0	0	0	0	0	0	0.506981	1.585883	0	0.124242	0	0	0	0	0.3008321	1.6753427	0.364612	0	1.6973538	0	0.786678	1.038961	1.533162	0	0	0	0	0.0863558	0.0649351	0	7.2280034	0.10989	0.10989	0.0943723	4.287433	0	0.1748251	0	0	0	0.12987	0.168254	0.1823061	0	0	1.817692	0.275758	0	0.5278341	0	0.12987	6.119884	0	0.649351	0	0	0	0	0.3740261	0.408591	0	1.8155721	1.600279	0.6654777	4.4405158	0	0	0	1.0059563	0.324675	1.279995	1.274749	6.877819	0	0	0	0	0	0	0	7.539755	0	0	0	0	0	0.0863558	0.396958	0	0.0649351	0.10989	0.1512909	2.1250228	0	1.78411	0	0.2393273
K03789	0	0	0	0	0	0	0	0	0	0	0	0	0	0	0	0	0	0	0	0	0	0	0	0	0	0	0	0	0	0	0	0	0	0	0	0	0	0	0	0	0	0	0	0	0	0	0	0	0	0	0	0	0	0	0	0	0	0	0	0	0	0	0	0	0	0	0	0	0	0	0	0	0	0	0	0	0	0	0	0	0	0	0	0	0	0	0	0	0	0	0	0	0	0	0	0	0	0	0	0	0	0	0	0	0	0	0	0	0	0	0	0	0	0	0	0	0	0
K03060	1	0	0	1.37879	0	1.933333	0	0	0	2	2	4	9.70101	0	1.93939	0	0	1.93333	1.059596	0	0	1.21212	0	2	2.5	0	0	0.211111	0	0	0	0	0	0	0	0	5.91111	0	0.922222	0.944444	0	0	3.82222	0	0	1.933333	1	0	0	0	0	3.400001	0	2.82222	0	1	0	1	0	0	1.64444	1.966667	0	0	0.644444	1	5.85555	0	0	0	0	0	0	0	0	11.81111	0	3.2	3.76667	0	0	1	0	0.422222	0	5.58081	0	0	0.422222	0.844444	0	0	0.244444	2.811108	1	0	0	0	0	0	0	13.3667	0	0	0	1.01111	0	0	0.888889	0	0.19697	0	0	0.922222	0	0.933333	0	0
K02549	0.448104	0.241546	0	0.350877	0	0	0	0.347222	0	0.475222	0.269691	0.433368	0.393701	0	0.997955	0	0	0.141717	0	0	0	0	0	0.241546	0.0279441	0	0	0	0.694444	0	0	0.149701	1.8720642	0.14135	0	0.141717	0.493015	0	0	0.393701	0	0	0.393701	0	0.537634	0.6512075	0.299401	0	0	0	0	1.405102	0	0.0479042	0	1.012749	0	0	0	0	0.636727	0.19685	0	1.898553	0.149701	0.809605	0.253493	0	0	0	0.241546	0	1.07984	0	0.151976	0	0.241546	0	0.915347	0.0618762	0	0.58286	1.237413	0.311526	0	1.531484	0	0	0.3193903	0.149701	0	0	0	0.60989	0	0	0	0	0	0	0	4.436993	0	0	0	0.11462	0	0	0.396825	0	0.598802	0	0	0.568483	0	0	0	0.0918164
K03046	1.666185	0.1754256	0.380952	1.0318885	0.382433	4.27236161	0.340715	19.632938	0	3.6934573	5.6753706	22.145574	2.1586264	0.0104167	5.8687139	0.6880592	0.2491504	2.5740799	1.8735186	0.2634275	0.6769533	0	0.2005291	5.8888746	0.6678116	0.4999671	0	1.4991779	7.5024864	0.0387367	0.2960772	0.0525536	5.650613	1.3274276	0	1.4484174	2.669953	0.6518881	0	5.8251348	0.2332175	1.5877283	3.1982588	4.5577911	2.3972865	2.1813581	0.4667245	0.0894454	2.1619909	2.6344054	0	43.919584	0.0836417	0.8268443	1.4845565	10.737699	0.3995369	0.9568837	0.2220576	2.5048867	5.0606023	5.9816363	0.0370096	4.8589872	3.0078817	3.8078813	5.6507722	2.6459377	0.1187811	1.2314341	0	0.646435	41.2223331	0.730774	8.1522147	4.979711	0.2811828	1.6218611	5.751229	1.5504136	1.0087853	2.8868679	1.2257055	3.57617886	1.7530304	20.8046707	0.4700264	0.249153	1.4639389	0.776955	0.2579751	0.9113451	0.9692988	7.7913342	0.0370096	0	0	0.084611	0	0.135501	0.169492	18.5612806	0	0.0847458	0	0.5411197	0.3499616	2.04534	1.4932091	0.2065016	1.6148505	0.2712198	0.3886359	8.8966416	0	3.4180995	0	0.4464194
K10206	0	0	0	0	0	0.1717799	0	0	0	0	0.105556	0	0	0	0.403226	0	0	0.423427	0	0	0	0	0	0.416667	0	0	0	0	0.130556	0	0	0	0	0	0	0	1.168547	0.545699	0	0.833334	0	0	0	0	0	0.602931	0.403226	0	0.301205	0	0	0.277778	0.618421	0	0.277778	0.409259	0	0	0	0	0.169444	0.514829	0	0.138889	0.160185	0	2.31455	0	0	0	0	0	0.469285	0	0.416667	0.208835	0	0	1.180556	0	0	0	0	0.75188	0	7.0619	0	0	0	0.406482	0	0	0.2200313	0.268519	0	0	0	0	0	0	0	1.448148	0	0	0	0	0.137963	0	0.472222	0	0	0	0.694444	0	0	0.0492754	0	0
K01610	0.3667818	0	0	0.608519	2.268528	3.1265098	0	6.831015	0	1.1500258	3.7777266	5.0284641	0.180527	0.192022	1.003009	0	0	2.223585	0.611624	0.505747	0.717191	1.063209	0	1.591624	2.277061	0.0216362	0	1.1770974	1.025996	0.201487	0	0	1.127545	0.0703178	0	0.20284	2.293624	0.729927	0	0.982003	0.10142	2.136023	0.20284	1.18525	0.730795	4.8088728	0.424525	0	1.956051	0.566612	0	4.933053	0.221239	0.6480924	0.285752	2.3615442	0	0.652335	0	0	3.477129	3.591876	0.1858205	3.338538	2.687718	3.329277	9.0613942	0.179587	0.709939	1.1965825	0	0	4.868012	1.4192	1.70091	2.118116	1.0208145	2.374979	16.490169	1.983465	0.89311	0.608519	0.726167	2.852407	0.9020393	27.0725303	0.18797	5.244523	1.9670487	1.404863	0.10142	2.197759	2.467591	6.32834	0.420168	0.20284	0	0.2400273	0.0736984	0.556803	0.970448	58.327487	0.40568	0.387953	0	1.1894378	0.19084	5.683373	1.784411	0.30426	4.6583067	1.8490716	1.889668	4.660276	0.10142	6.538319	0	0.5891197
K02548	0	0	0	0	0	0	0	0	0	0	0	0	0	0	0	0	0	0	0	0	0	0	0	0	0	0	0	0	0	0	0	0	0	0	0	0	0	0	0	0	0	0	0	0	0	0	0	0	0	0	0	0	0	0	0	0	0	0	0	0	0	0	0	0	0	0	0	0	0	0	0	0	0	0	0	0	0	0	0	0	0	0	0	0	0	0	0	0	0	0	0	0	0	0	0	0	0	0	0	0	0	0	0	0	0	0	0	0	0	0	0	0	0	0	0	0	0	0
K00989	0	0	0	0	0	0	0	0	0	0	0	0	0	0	0	0	0	0	0	0	0	0	0	0	0	0	0	0	0	0	0	0	0	0	0	0	0	0	0	0	0	0	0	0	0	0	0	0	0	0	0	0	0	0	0	0	0	0	0	0	0	0	0	0	0	0	0	0	0	0	0	0	0	0	0	0	0	0	0	0	0	0	0	0	0	0	0	0	0	0	0	0	0	0	0	0	0	0	0	0	0	0	0	0	0	0	0	0	0	0	0	0	0	0	0	0	0	0
K01876	0	0	0	0	0	1.468158	0	1.058573	0	2.03614	2.815127	0.811344	1.262677	0	0.3158736	1.37559	0.0540936	0	0.645508	0	0.2337753	0	0.360707	0.338094	0	0	0	1.36566698	3.3954998	0	0	0	0	0.2650645	0	0.168446	0.85231	0.219298	0	2.75813599	0	0.617877	4.43081	3.0971	0	0.784038	0.088968	0	0	0.985457	0	11.873973	0	0	0.39193495	2.9680736	0	0.266904	0	0.799102	0.2301225	0.281646	0	0.8214707	0.3664546	0	2.2715989	1.868879	0	0.2782083	0	0	8.476794	0.828467	2.6348059	0.0767544	0.088968	0.182482	0.2245921	0.5218487	1.0382347	0.1343508	0.400562	1.7887794	0.698496	3.832499	0.123369	0	0.7294711	0.7093396	0.088968	0.2299629	0.4413277	1.4447	0	0	0	0	0	0	0	5.0631782	0	0	0	0	0.0963391	0.192678	0.6317588	0.1319275	0	0	0.182482	2.7310211	0.359173	1.77936	0	0.177936
K00800	0	0	0	0	0	0	0	0.333251	0	0	0	0.363718	0	0	0	0	0	0	0	0	0	0	0	0	0	0	0	0.346738	0.536193	0	0	0	0	0	0	0	0	0	0	0	0	0	0.80429	0.268097	0	0	0	0	0	0	0	0	0.272489	0.212766	0	0.154602	0	0.18797	0	0	0	0.0836653	0	0	0.267203	0	0.199203	0	0	0.134048	0	0	1.856263	0	1.01205	0	0	0	0.0563003	0	0	0.212766	0.0321716	0.671171	0	0.356652	0	0	0	0.0965147	0	0	0	0.943268	0	0	0	0	0	0	0	0.46971	0	0	0	0	0	0	0	0	0	0.292398	0	0.0848972	0	0.134048	0	0
K03437	0	0	0	0	0	0.649612	0	0	0	1.49333	1.388417	0	0	0	0	0	0	0	0	0	0	0	0	0	0	0	0	0.465116	0.813008	0	0	0	0	0	0	0	0	0	0	0.688372	0	0.0341085	0	0.719737	0	0	0	0	0	0	0	0	0	0	0	0.100775	0	0	0	0	0	0	0	0.5010776	0	0	0.465116	0	0	0	0	0	1.946124	0	0	0	0	0	0	0.232558	0	0	0	1.747756	0	0.277778	0	0	0.261708	0.136434	0	0	0	3.698282	0	0	0	0	0	0	0	3.90568	0	0	0	0	0	0	0	0	0	0	0	0.697674	0	0.514728	0	0
K01866	0.383142	0.352113	0	0	0	0.641838	0	0	0	0.3793147	1.650757	1.03627	0	0	0	0	0	1.802926	0	0.141643	0	0	0	1.172566	0.342466	0.396601	0	0.546432	1.557202	0	0	0	0	0.141643	0	0.2125	0.811777	0	0	0.849858	0	1.390138	0	3.047006	0	1.927895	0.141643	0	0.110482	0	0	3.672671	0.156677	0.283286	0.518135	1.919551	0	0	0	0	1.62547	0	0	0.193579	0	1.2968	0.6029345	0.283286	0.2001888	0.40071	0	0	2.894551	0	0.129902	1.353916	0.245833	0	0.726496	0.742232	0	0.333214	0.902768	1.57371	0.851268	10.327653	0	0	0.93722	0.566572	0	0.27101	0.50505	6.515839	0	0	0	0	0	0	0	33.524612	0	0	0	0	0.874668	0.351275	1.085122	0	1.902203	1.36187	0.534037	2.820675	0	3.12074	0	0.4504248
K21936	0	0	0	0	0	0	0	0.25877	0	0	0.234444	1.58651	0	0	0	0	0	0.0996016	0.669932	0.0770252	0	0	0	0	0	0	0	0.501014	0	0.578035	0	0.0494905	0.4755354	0.10497081	0	0	0.6635116	0	0	0.201207	0.0996016	0	0	0	0.402415	0.9332556	0.125182	0	0.1521104	0	0	0.986385	0	0.399409	0.20470143	1.6751695	0	0	0	0.482688	2.5655896	0	0	1.6426709	0	1.736974	0.125945	0.578035	0	0	0	0	0.802321	0	0.402415	7.751678	0.230153	0.0996016	0.0996016	0	0.0423729	0.695854	0	0.125945	0.125945	0.260417	0.216307	0	0	0	0	0	0	1.052267	0	0	0	0	0	0	0	1.10469	0	0	0	0.102119	0	0	0	0	0	0	0	0.3400558	0	0.18797	0	0
K02110	0	0	0	0.782051	0	0.961538	0	3.77305	0	0	0	5.256411	3.96154	0	0	0	0	0	0	0	0	1.46154	0	0	0.871795	4.51282	0	0	2.35897	0	0	0	0	0	0	0	0	0	0	0	0	0.978723	1	2.42308	0	0	0	0	0	0.384615	0	16	0	0	0	4	0	0	0	0	0	1	1.58974	0	0	0	2.61538	0	0.948718	0	0	0	7.01282	0	0.282051	4.0641	0	0	0.474359	3.89744	1.53846	0	0	0	0	6.28205	0	0	0	1	0	1	0	3.57692	0	0	0	0	0	0	0	4.65385	0	0	0	0	0	0	0	0	0	0	0	1.39744	0	3.62821	0	0
K02528	0	0	0	0	0	0	0	0	0	0	0.719697	0	0	0	0	0	0	0	0	0	0	0	0	0	0	0	0	0.742424	0	0	0	0	0	0	0	0	2	0	0	0	0	0	0	0	0	0	0	0	0	0	0	0	0	0	0	0	0	0	0	0	0	0	1.98485	0	0	0	0	0	0	0	0	0	0	0	0	0	0	0	0.742424	0	0	0	0	0	0	6.0791622	0	0	0	0	0	0	0	0	0	0	0	0	0	0	0	0	0	0	0	0	0	0	0	0	0	0	0	0	0	0	0	0
K07566	0.164399	0	0	0.795068	0	0	0	0	0	0.2759431	0.4658	4.036276	0	0	0.787352	0	0	0.340136	0	0	0	0	0	1.090703	0.4160997	0.158837	0	0.330123	1.724592	0	0	0.170068	0.340136	0.873322	0.346939	0	0.505638	0	0	0	0	0.187266	0	0.374532	0	1.263396	0	0	0	0	0	2.295396	0	0.6748866	0	0.238006	0	0	0.167785	0	1.356012	0.340136	0	0.749433	1.01927	0.170068	0.77664372	0	0.170068	0	0	0	3.00899136	0	1.301215	0.42517	0	0.680272	0.533186	0	0	0	0	0.756051	0	3.697489	0	0	0.170068	0.33557	0.167785	0.170068	0	2.174485	0	0	0	0	0	0	0	1.011757	0	0	0	0.294785	0	0	0.510204	0	1.019274	0	0	0.539568	0	1.127512	0	0.357334
K02988	0	0	0	0	0	0	0	0	0	0.534722	0	3.29861	0	0	0	0	0	0	0	0	0	0	0	0	0	0.756944	0	0	0	0	0	0	0	0	0	0.548611	0	0	0	0	0	0	0	0	0	0	0	0	0	0	0	17.4792	0	0	0	0.590278	0	0	0	0	0	0	0	0	0	0	0	1.53472	0	0	0	0	3.63889	0	0	0	0	0	0	0	0	0	0	0	0	0	0	0	0	0	0	0	0	0	0	0	0	0	0	0	0	0.541667	0	0	0	0	0	0	0	0	0	0	0	0	0	0.930556	0	0
K00548	0	0	0	0	0.393701	0.19685	0	0.4583027	0	0.0656168	0.4835095	0.3182331	0	0	0	0	0	0.0656168	0	0	0	0	0	0.131234	0	0	0	0.130719	0.327647	0.131234	0	0	0	0.1423039	0	0	0.425287	0.0978474	0	1.0845568	0	0	0.646552	0	0	0	0.438596	0	0	0	0	0.6079848	0.314465	0	0.293542	0.6044098	0	0	0	0	0	0.230061	0.230061	0	0.319335	0.0777096	0.0656168	0	0	0	0	0	0.131234	0	0.130719	0.131234	0	1.178097	7.030622	0.289017	0.131234	1.0567278	1.3973924	0.0653595	0.5872458	32.2586136	0.1837148	0	1.2857666	0.45888	0.118548	0.3687898	0.3199518	2.3781443	0	0	0.0653595	0	0	0	0	1.0039158	0	0	0	0	0	0	0.241546	0.0766871	0.2290814	0.131234	0	1.3461258	0	0.4890885	0	0
K03270	0.403226	0	0	0.346774	1.47849	0.776882	0	10.03226	0	0.944042	2.06006687	8.499294	0	0	1.864629	0	0	2.681611	0.930108	0.293011	0	0.658602	0	2.153226	1.484635	0	0	0.185484	1.139785	0	0	0.311828	3.319892	0	0	0.803763	1.9240432	0	0	0.938172	0.626344	0.00537634	0	0.403226	2.82796	2.981184	0.198925	0	0.458716	0.231183	0	5.405912	0	1.01882	0.336022	2.024193	0	1.63214	0	1.6129	2.74462	0	0	3.153232	0.180108	0.510752	0.5403221	0.0752688	0.458716	0	0	0	5.255373	0.435484	0.806452	1.6021505	0	0.7741937	3.253376	0.403226	0.357798	2.010752	0.206989	1.905914	0.123656	9.3521823	0	0	0	0.827957	0.403226	0.951613	0	6.025128	0	0.403226	0	0	0	0	0	4.849456	0	0.212366	0	0	0	0.400538	0.336022	0	0.400538	0	0	1.612906	0	0	0	0.336022
K18707	2.161435	0	0	0	0	0.13089	0	2.97632	0	0.26178	3.483177	2.749126	0	0	1.570038	0	0	1.177138	1.26178	0.39267	0	0	0.26178	0.906632	0.556719	0	0	1.04712	0.193798	0	0	0.39267	3.00262	0	0	0.12012	0.707679	0	0.13089	0.52356	0	1.689258	3.031418	0.434555	1.009599	3.156289	0.130017	0	0.13089	0.782722	0	3.801374	0	0.638916	0	2.159987	0	0.26178	0	0.26178	1.94503	0.52356	1.39267	1.62304	0.82548	1.210297	4.557028	0.973658	0.39267	0.0663176	0	0	5.04712	0	0.176265	2.219898	0	1.992146	2.811498	0.71223	0.253927	0.39267	0.4694588	1.9679536	0	9.630018	0.26178	0	0.694753	0.3979056	0	0.203704	1.116294	5.509604	0	0	0	0	0	0.78534	0	1.21951	0	0.13089	0	0.356115	0.26178	0	1.2513908	0	1.634874	0.13089	0.224736	2.213692	0	0	0	0.13089
K12574	0.719807	0	0	0.484262	0	1.170278	0	1.45198	0	0.238712	0.933978	3.137827	0.531148	0	0.121065	0	0	0.480843	0	0	0.512097	0	0	0.121065	0.168582	0	0	0	0	0.0766747	0	0	1.715224	0	0	0	2.160918	0	0	1.724857	0	0.263846	1.925353	0.242131	0.121065	1.318263	0.121065	0	0.0714286	0.696996	0	3.710865	0	0	0.0337255	3.000308	0	0.0718321	0	0.539499	1.981933	0.627042	0.117647	1.631374	0	0.506108	3.297446	0.463307	0	0	0	0	2.604515	0	3.450294	0.621065	0	0.471348	1.558335	0.117647	0.256049	0.173611	0.263846	1.296481	1.815882	0.963456	0.0992736	0.191972	0.178039	0	0	0.34755	0.2378169	1.512258	0.117647	0	0	0	0	0	0	9.7810103	0	0	0	0	0	0.920879	0.267264	0	0.816844	0.121065	0	0.304094	0	1.929968	0	0
K01885	0	0	0	0	0	0	0	1.266407	0	1.776203	2.152898	0.183824	0	0	0	0	0	0	0.331126	0	0	0	0	0.164444	0.543046	0	0	0.183824	1.28064	0	0	0	0	0	0	0	0.183824	0	0	0	0.331126	0.735294	1.47059	1.223707	0	0	0.183824	0	0.144444	0	0	0.962885	0	0	0	1.579573	0	0	0	0	0.666667	0.183824	0	0.328918	0	0	1.562746	0	0	0.13848	0	0	2.401641	0	0.198413	0.702564	0.331126	1.205842	0	0.183824	0.493756	0	0.183824	0.824787	0.551471	2.730738	0	0	0.183824	0	0.183824	0.367647	0.737542	2.93629	0	0	0	0	0	0	0	4.370104	0	0	0	0	0.331111	0.390625	0	0	0	0	0	1.341257	0	0.59864	0	0
K02428	0	0	0	0	0	0	0	0	0	0	1	0.74359	0	0	0	0	0	0	0	0	0	0	0	0	0	0	0	0	0	0	0	0	0	0	0	0	0	0	0	0	0	0.520833	0	0	0.674242	0	0	0	0	0	0	0	0	0	0	0	0	0	0	0	0	0	0	0	0	0	0	0	0	0	0	0	2.04167	0	0	0	0	0	0.91453	0	0	0	0	0	0	0	0	0	0	0	0	0	0	0	0	0	0	0	0	0	0	0	0	0	0	0	0	0	0.628788	0	0	0	0	0	0	0	0	0
K01409	0	0	0	0	0	0.625	0	0	0	0.186567	0	0	0	0	0	0	0	0.692901	0	0.186567	0	0	0	0	0	0	0	0.625	0	0	0	0	0	0	0	0.371891	0	0	0	0	0	0.559701	0.134328	0.925926	0	0	0	0	0	0.373134	0	1.436567	0.366667	0	0.0870647	1.676617	0	0	0.0584577	0	0.462963	0	0	0.58529	0	0	0.29975134	0.172886	0	0	0	0	5.064127	0	0.217391	0	0	0	0.234742	0.234742	0.186567	0	0.308642	0.186567	0	3.431401	0	0	0	0.254975	0	0	0.559702	3.666468	0	0	0	0	0	0	0	5.25144169	0	0	0	0	0	0.186567	0.186567	0	0	0	0	0.373134	0	0.186567	0	0.176617
K12506	0	0	0	0	0	0	0	0	0	0	0	0	0	0	0	0	0	0	0	0	0	0	0	0	0	0	0	0	0	0	0	0	0	0	0	0	0	0	0	0	0	0	0	0	0	0	0	0	0	0	0	0	0	0	0	0	0	0	0	0	0	0	0	0	0	0	0	0	0	0	0	0	0	0	0	0	0	0	0	0	0	0	0	0	0	0	0	0	0	0	0	0	0	0	0	0	0	0	0	0	0	0	0	0	0	0	0	0	0	0	0	0	0	0	0	0	0	0
K03470	0	0	0	0	0	0	0	0	0	0	0	0	0	0	0	0	0	0	0	0	0	0	0	0	0	0	0	0	0	0	0	0	0	0	0	0	0	0	0	0	0	0	0	0	0	0	0	0	0	0	0	0	0	0	0	0	0	0	0	0	0	0	0	0	0	0	0	0	0	0	0	0	0	0	0	0	0	0	0	0	0	0	0.55914	0	0	0	0	0	0	0	0	0	0	0	0	0	0	0	0	0	0	0	0	0	0	0	0	0	0	0	0	0	0	0	0	0	0	0
K01945	0	0	0	0	0	0	0	0	0	0	0	0	0	0	0	0	0	0.134771	0	0	0	0	0	0	0	0	0	0	0	0	0	0	0.253369	0	0	0	0	0	0	0	0	0	0	0	0	0.195329	0	0	0	0	0	0.289017	0	0	0	0	0	0	0	0	0	0.134048	0	0	0	0	0.0630372	0	0.404313	0	0	0	0.316456	0	0	0	0	0	0	0	0	0	0	0	0	0.442478	0	0	0	0	0	0	0	0.269542	0	0	0	0	0	0	0	0.143266	0	0	0	0	0	0	0.134771	0	0	0	0	0.144509	0	0	0	0
K02911	13	1	0	0	0	13.66667	0	12	0	11	33.51853	4.81481	2	0	3	0	0	11	0	1	2	0	1	13.03704	23.07405	1	0	30.1481	6	0	2	0	5	4	0	0	11.22222	7.92592	0	7	1	19	0	8	5	44.74074	1	0	1	3	0	25.07743	1	10	3	19.25926	0	6.703704	0	5	13.85185	28.4074	6.40741	26.7407	6	2	62.925878	1	2	1	0	0	21.3872	8	4	35.74074	4	8	15	8.245789	4.939394	3	12.27273	11.81818	10	53.95623	4.92593	1	5	12.0303	1	1	9.75758	47.30636	0	1	0	1	0	1	0	52.8182	2	0	0	1	1	6	3	1	2	2	0	19.54205	0	10	0	0
K03650	0	0	0	0	0	0.363269	0	0	0	0.604451	0	0	0	0	0	0	0	0.104369	0	0	0	0	0	0	0	0	0	0	0	0	0	0	0	0	0	0	0.372208	0	0	0	0	0.242718	0	0	0	0.242718	0	0	0	0	0	0	0	0	0.197628	0.12929551	0	0	0	0	0	0	0	0	0	0	0	0	0	0.121359	0	0	0.849515	0	0.124069	0	0	0	0	0	0.121359	0	0	0.109223	0	0.395257	0	0	0	0	0	0	0	0.242718	0	0	0	0	0	0	0	1.208902	0	0	0	0.241909	0	0	0	0	0	0	0	0.4409538	0	0	0	0
K00156	0.3519597	0.322581	0	0.355372	0	2.042056	0	0	0	0	1.916474	2.264849	0.594203	0	3.60687	0	0	0.681278	2.10515	0	0	0	0.163214	3.40361	0.20904	0	0	0	0.532758	0.468354	0	0	0	0.645161	0	0.35461	2.259721	0	0	0	0.769006	0	0	0.735294	0	2.6447	0.316456	0	0.0238544	1.025676	0	3.707626	0	0	0	1.340739	0	0.507246	0	1.105542	0	3.341184	0	5.747928	0	5.58014	2.804643	2.167179	0	0.438596	0	0	0.919698	0.564972	0.543478	5.5279036	0.438596	13.217561	2.22872	0	0	0.600551	0	3.046494	0.271814	5.890792	0.543478	0	1.16456	0	0	1.15484	0.132454	0.860013	0.316456	0	0	1.141475	0	0	0	0.920608	0	0	0	0.786615	1.9429547	0.413223	1.159893	0.73913	1.708991	0	0.282486	0.67284	0	0.5137356	0	0.3917248
K09951	0	0	0	0	0	0	0	0	0	0	0	0	0	0	0	0	0	0	0	0	0	0	0	0	0	0	0	0	0	0	0	0	0	0	0	0	0	0	0	0	0	0	0	0	0	0	0	0	0	0	0	0	0	0	0	0	0	0	0	0	0	0	0	0	0	0	0	0	0	0	0	0	0	0	0	0	0	0	0	0	0	0	0	0	0	0	0	0	0	0	0	0	0	0	0	0	0	0	0	0	0	0	0	0	0	0	0	0	0	0	0	0	0	0	0	0	0	0
K16014	0	0.0437523	0	0.3033	0	0	0	3.0979549	0	1.2209238	1.8375832	1.9559073	0.537634	0	0.1576584	0	0.129534	0.1182246	0.111235	0.0436681	0.0598086	0	0	0.3948324	0.1475736	0	0	0.8254948	1.3051398	0	0.0863558	0	0.3541686	0	0.222469	0.1922447	1.433531	0	0	0.1631934	0	0.3344489	1.9547351	0.0436681	0.111235	0.520949	0	0	0	0.0863558	0	4.665352	0.448949	0	0.166923	0.2090926	0	0.302339	0	0	0.166852	0	0.169205	0.2258984	0	0.611791	1.5333764	0.2517245	0.937456	0	0	0	1.298588	0	0.7207926	0.4646304	0	0.3862074	1.2598466	0.1283976	0	0.3746995	1.6642274	1.47035797	0.8760136	7.3326567	0.4075564	0.0519095	0.1274527	0.739781	0.086846	0.8710761	1.060482	4.6086905	0	0	0.08726	0.102041	0	0	0	7.7170124	0	0	0	0.356077	0	0.046083	1.2505698	0.1017004	0.382263	0	0.0514403	1.3097363	0	0.472967	0	0.2986439
K02049	0	0	0	0	0	0	0	0	0	0	0	0	0	0	0	0	0	0	0	0	0	0	0	0	0	0	0	0	0	0	0	0	0	0	0	0	0	0	0	1.19328	0	0	0	0	0	0	0	0	0	0	0	0	0	0	0	0	0	0	0.245098	0	0	0	0	0	0	0	0	0	0	0	0	0	0	0	0	0	0	0	0	0	0	0	0	0.113782	0	0.333239	0	0	0	0	0	0	0.00480769	1.711627	0	0	0	0	0	0	0	0.417367	0	0	0	0	0	0	0	0	0	0	0	0	0	0	0	0
K03546	0.0604595	0.0511247	0	0	0	0.1927943	0	2.0795074	0	0.360577	0.3310338	1.307407	0.325418	0	0.7823444	0.561383	0.0863558	0.0604595	0.204499	0	0.0982318	0	0.204499	0.692401	0.0604595	0	0	0	0.112114	0	0	0.2325597	0.828369	0	0	0.280112	0.5962317	0	0.0604595	0.111111	0	0.5978631	0.102249	0.0511247	0.111111	1.0361908	0	0	0.4919118	0	0	0.7750137	0.0913462	0.2908548	0	0.30387702	0	0.0985577	0	0.0600564	0.676037	0.565497	0.153374	0.344087	1.57498	0.6963	0.2230116	0.2100199	0.1713167	0	0	0	0.903733	0	0.579165	2.0434127	0	0.89034912	0.1806515	0.102249	0.0974778	0.706434	0.204499	0	0	1.6616963	0.0696379	0	0.112867	0.255624	0	0	0.206644	1.0056107	0	0	0	0	0	0	0	0.9466087	0	0	0	0.5	0.0511247	0	0.1105071	0	0.172712	0.3636668	0	0.2531447	0	0.5317179	0	0.0511247
K02033	0	0	0	0.159236	0	0	0	0	0	0	0	0	0	0	0	0	0	0	0	0	0	0	0	0	0	0	0	0.159236	0.955414	0	0	0	0	0	0	0	0	0	0	0	0	0.0647558	0	0	0	0	0	0	0	1	0	0.796178	0	0	0.477707	0.159236	0	0	0	0	0	0	0	0	0	0	0	0	0	0.318471	0	0	2.070067	0	0.318471	0	0	0.477707	0	0	0	0.0414013	0	0	0	1.7141098	0	0.159236	0	0	0	0	0	0.41189	0	0	0	0	0	0	0	0.31741	0	0	0	0	0	0	0	0	0	0	0	0	0	0	0	0
K00824	0	0	0	0	0	0.211864	0	0.84745772	0	1.053672	1.795698	3.400302	0	0	0.505649	0.635593	0	0.971159	0	0	0	0	0	0	0	0.211864	0	1.119456	3.3983096	0	0	0	0	0	0	0	0.121469	0	0	0.3008471	0	0.438108	3.06497	0	0.635593	0.634181	0	0	0.345168	0.958133	0	6.915312	0	0.284024	0.211864	1.758972	0	0.210452	0	0.295858	0.3736	0.295858	0	1.355179	0.635593	0.0974843	1.1242926	0.827683	0	0.29661	0	0	1.69492	0	0.211864	0.355932	0.211864	2.296805	1.916446	0.211864	0.317796	0.543784	3.347766	1.1045198	1.350283	3.362357	0	0	0.5176257	1.216102	0.211864	0.211864	0	4.324108	0	0	0	0	0.423729	0	0	4.525839	0	0	0	0	0.0141243	0.0621469	0.387005	0	0	0	0	1.059322	0	0.5367223	0	0
K02224	0.74359	0	0	0.487805	0.677966	0.9465936	0	1.020326	0	0.3081296	0.8376607	4.5624051	0.896843	0.263158	0.677548	0	0	0.4749689	0	0.134771	0.121951	0	0	0.4898485	0	0	0	0.59401	0.609756	0	0	0	0.243902	0.074188	0	0	0.7603743	0	0	2.262881	0	0.853658	2.53405	0	0.3554959	0.560549	0.243902	0	0.243902	0.243902	0	6.162862	0	0.365853	0.252159	1.833131	0	0.132626	0.243902	0	0.705691	1.0504069	0.647619	0.727435	0.306504	1.254253	3.360089	0.8708799	0.4566491	0.243902	0	0	13.742274	0	1.657234	1.7328178	0	1.637302	1.9579778	0.605529	0.234959	0.663316	2.625288	1.3130059	0.699487	5.589036	0	0	0.291443	0.322764	0	0.243902	0.365854	2.3208469	0.0206649	0	0	0	0	0	0	6.445117	0	0	0	0.732207	0	0.2802763	0.84287	0	0	0	0.155844	0.7571778	0	0.2008883	0	0.181951
K03570	0	0	0	0	0	0	0	0.209205	0	0	0.601562	1.04603	0	0	0	0	0	0	0	0.195312	0	0	0	0	0	0	0	0.150628	0.388893	0	0	0	0	0	0	0	0	0	0	0	0	0.333333	0	0	0	0	0	0	0	0.390625	0	0.453125	0	0	0	0.390625	0	0	0	0	0	0	0	0	0	0	0.536458	0	0	0.209205	0	0	0.78125	0	1.135721	0	0	0	0	0.258681	0.0716146	0	0.144531	0.135417	0.195312	0.760275	0	0	0.195312	0.585937	0.195312	0	0	1.427012	0	0	0	0	0	0	0	0	0	0	0	0	0	0	0	0	0	0	0	0.582909	0	0	0	0
K08303	0	0.342529	0	0.489681	0.263852	0.6649231	0	6.1655371	0	1.4789713	5.0310441	6.4611519	2.39283	0	1.3231042	0	0.3086811	0.747648	0.0655233	0.136447	1.054598	0.265252	0.328947	1.339651	1.192992	0	0	2.1836981	3.520378	0	0	0	0.82565	0.0334213	0.274725	0.274725	2.7958011	0.481337	0.19305	2.22263	0	0.192308	4.751899	1.431164	0.326353	1.0704411	0.269289	0	0.1319262	0.6013101	0	9.8134915	0	1.4270848	1.26556	3.6133396	0	0.2033261	0.769588	0	1.7101643	0.9751661	1.099882	3.9007131	0.747246	0.9066031	2.669398	1.1540672	0.47619	0.324097	0	0	35.122406	0	5.1710436	0.8368322	0	0	1.6537071	0.6488363	1.0337541	0.238386	2.388452	1.0638329	1.928761	9.001685	0.3516771	0	0.5665524	1.22609	0	1.4784807	1.03894	8.721935	0	0	0	0	0	0.378795	0	14.1614231	0	0	0	0.0659631	0	0.4819212	1.3579381	0.131926	0.476614	0.115183	0.386079	3.4523251	0.137363	1.7080931	0	0
K03705	0	0	0	1.638145	0	2.512329	0	0.77957	0	0.2717028	1.5716396	0.28	0	0	0.27619	0	0	0	0	0	1.109831	0	0	0	0	0	0	0	0.816231	0	0	0	1.05143	0	0	0	0.129181	0	0	1.149572	0	0.979462	2.349262	1.945873	0	0	0	0	0	0.468668	0	9.322137	0	0	2.948058	2.196553	0	0	0	0	0	0.4492	0	0.246305	0	0	0.450878	0.195312	0.17301	0.369919	0	0	3.365172	0.78125	2.023678	0	0	0	0	0.195312	0.546848	0	0.390625	0.424452	0.195312	2.784702	0.246305	0	0	0	0	0	1.424482	3.801856	0	0	0	0	0	0.373698	0.219146	3.253914	0	0	0	0	0	0.246305	0	0	0	0	0	0.635809	0	1.241592	0	0
K02614	0	0	0	0	0	0	0	0	0	0	0	0	0	0	0	0	0	1	0	0	0	0	0	0	0	0	0	0.625	0	0	0	0	0	0	0	0	0	0	0	0	0	0	0	0	0	0	0	0	0	0	0	0	0	0	0	0	0	0	0	0	0	0	0	0	0	0	0	0	0	0.347826	0	0	0	0	0	0	0	0	0	0	0	0	0	0	0	0	0	0	0	0	0	0	0	0	0	0	0	0	0	0	0	0	0	0	0	0	0	0.0708333	0	0	0	0	0	0	0	0	0	0
K02029	0	0	0	0	0	0	0	0	0	0	0	0	0	0	0	0	0	0	0	0	0	0	0	0	0	0	0	0	0	0	0	0	0	0	0	0	0	0	0	0	0	0	0	0	0	0	0	0	0	0	0	0	0	0	0	0	0	0	0	0	0	0	0	0	0	0	0	0	0	0	0	0	0	0	0	0	0	0	0	0	0	0	0	1	0	0.292517	0	0	0	0	0	0	0	0	0	0	0	0	0	0	0	0	0	0	0	0	0	0	0	0	0	0	0	0	0	0	0	0
K03526	0	0	0	0	0	0	0	0	0	0	0	0	0	0	1	0	0	0	0	0	0	0	0	0	0	0	0	0	0	0	0	0	0	0	0	0	0	0	0	0	0	0	0	0	0	0	0	0	0	0	0	0	0	0	0	0	0	0	0	0	0	0	0	0	0	0	0	0	0	0	0	0	0	0	0	0	0	0	0	0	0	0	0	0	0	0	0	0	0	0	0	0	0	0	0	0	0	0	0	0	0	0	0	0	0	0	0	0	0	0	0	0	0	0	0	0	0	0
K02233	0	0	0	0	0	0	0	0	0	0.401606	1.186812	0.927954	0	0	0	0.200803	0	0	0	0	0	0	0	0	0	0	0	0.201613	0.60241	0	0	0	0	0	0	0	0.187416	0	0	0	0	0.310576	0	0.401606	0	0	0	0	0	0	0	3.085166	0	0	0	0.97992	0	0	0	0	0	0	0	0	0	0	0.60241	0	0	0.0937082	0	0	5.82652538	0	0.2337248	0	0	0	0	0	0	0	0.200803	0.7141167	0	0.42838	0	0	0	0.0294511	0	0.0883534	0.604029	2.408989	0	0	0	0	0	0	0	3.848777	0	0	0	0	0	0	0	0	0	0	0	1.093708	0	0.688073	0	0
K00833	0	0	0	0	0	0.177936	0	0	0	0	0.793651	0.922222	0	0	0	0	0	0	0	0	0	0	0.0577889	0	0	0	0	0	1.323979	0	0	0	0	0	0	0	0.0702179	0	0	0.59596	0	0.106762	0	0	0	0	0	0	0	0	0	0.52147	0	0	0	0.299001	0	0	0	0	0	0	0	0	0	0	0	0	0	0	0	0	3.743435	0	0	0	0	0	0	0.0468119	0	0	0	0.121065	0.5300937	0.121065	0	0	0.121065	0.121065	0	0	0.121065	0.891848	0	0	0.121065	0	0	0	0.0702179	4.373517	0	0	0	0	0.172005	0.144721	0	0	0	0	0	0.137363	0	0.100877	0	0.355872
K07552	0	0	0	0	0	0	0	0	0	0	0	0	0	0	0	0	0	0	0	0	0	0	0	0	0	0	0	0	0	0	0	0	0	0	0	0	0	0	0	0	0	0	0	0	0	0	0	0	0	0	0	0	0	0	0	0	0	0	0	0	0	0	0	0	0	0	0	0	0	0	0	0	0	0	0	0	0	0	0	0	0	0	0	0.423729	0	0	0	0	0	0	0	0.295858	0.37741	0.605459	0	0	0	0	0	0	0	0.826446	0	0	0	0	0	0	0	0	0	0	0	0	0	0	0	0
K01520	0	0	0	0	0	0	0	0	0	0	0	0	0	0	0	0	0	0	0	0	0	0	0	0	0	0	0	0	0	0	0	0	0	0	0	0	0	0	0	0	0	0	0	0	0	0	0	0	0	0	0	0	0	0	0	0	0	0	0	0	0	0	0	0	0	0	0	0	0	0	0	0	0	0	0	0	0	0	0	0	0	0	0	0	0	0	0	0	0	0	0	0	0	0	0	0	0	0	0	0	0	0	0	0	0	0	0	0	0	0	0	0	0	0	0	0	0	0
K01008	0	0	0	0	0	0	0	0	0	0	0	0	0	0	0	0	0	0	0	0	0	0	0	0	0	0	0	0	0	0	0	0	0	0	0	0	0	0	0	0	0	0	0	0	0	0	0	0	0	0	0	0	0	0	0	0	0	0	0	0	0	0	0	0	0	0	0	0	0	0	0	0	0	0	0	0	0	0	0	0	0	0	0	0	0	0	0	0	0	0	0	0	0	0.680272	0	0	0	0	0	0	0	0	0	0	0	0	0	0	0	0	0	0	0	0	0	0	0	0
K13566	0	0	0	0.384615	0	0.233645	0	0	0	0.233645	0.674809	0	0	0	0	0	0	0	0	0	0	0	0	0	0.107477	0.341121	0	0	0.233645	0.233645	0	0	0	0	0	0	0	0	0	0	0.233645	0	0	0	0	0.671174	0	0	0.674174	0	0	0.700935	0	0.227273	0	0.233645	0	0	0	0	0	0	0	0	0	0	0	0	0	0	0	0	0.233645	0	0.546729	0.233645	0	0	1.233645	0	0	0	0	0	0	0.46729	0.570341	0	0	0	0	0	0	0.634191	0	0	0	0	0	0	0	0.183333	0	0	0	0.220264	0	0	0	0	0	0	0	0	0	0	0	0
K18814	0	0	0	0	0	1.123373	0	0.964187	0	2.505009	4.572422	1.441843	0	0	0	0	0	0	0	0.275482	0.2294974	0.72	0	0	0.137741	0.413223	0	1.1377407	2.144171	0	1.37649	0	0.550964	0	0	0	0.428834	0	0	0.672953	0	2.068756	0.369004	1.000918	0	0	0	0	0	0.26079	0	8.967167	0	0	0.550964	5.094135	0	0.1891643	0	0	0	0.550964	0	0.735537	0	0	2.484844	0.274564	0	0.471074	0	0	22.329979	0	2.750229	0	0	0	0	0.551812	0.12764	0	0.659825	2.6933	1.099879	3.260789	0	0	0.550964	0.540863	0.274564	0.247016	1.566575	7.7061499	0	0	0	0.134068	0	0.146924	0	4.266889	0	0	0	0	0	0.0964187	0.410468	0	0	0	0	2.602913	0	1.915249	0	0.22314
K03313	0	0	0	0	0	0.896552	0	0	0	0	0	0	0	0	0	0	0	0	0	0	1.94253	0	0	0	0	0	0	0	0	0	0	0	0	0	0	0	0	0	0	0	0	1	0	0	0	0	0	0	0	0	0	1.57576	0	0	0	0	0	0	0	0	0	0	0	0	0	0	0	0	0	0	0	0	0	0	0	0	0	0	0	0	0	0	0.551724	0	1	0	0	0	0	0	0	0	0	0	0	0	0	0	0	0	0	0	0	0	0	0	0	0	0	0	0	0	0	0	0	0	0	0
K06287	0	0	0	0	0	0	0	0.586957	0	0	0	0	0	0	0	0	0	0	0	0	0	0	0	0	0	0	0	0	0	0	0	0	0	0	0	0	0	0	0	0	0	0	0	0	0	0	0	0	0	0	0	0	0	0	0	1	0	0	0	0	0	1	0	0	0	0	0	0	0	0	0	0	0	0	0	0	0	0	0	0	0	0	0	0	0	0	0	0	0	0	0	0	0	0	0	0	0	0	0	0	0	0	0	0	0	0	0	0	0	0	0	1	0	0	0	0	0	0
K00048	0	0	0	0	0	0	0	0	0	0	0	0	0	0	0	0	0	0	0	0	0	0	0	0	0.154321	0	0	0	0	0	0	0	0	0	0	0	0	0	0	0	0	0	0	0	0	0	0	0	0	0	0	0	0	0	0	0	0	0	0	0	0	0	0	0	0	0	0	0	0	0	0	0	0.153292	0	0	0	0	0	0	0	0	0	0	0	0	0	0	0	0	0	0	0	0	0	0	0	0	0	0	0	0	0	0	0	0	0	0	0	0	0	0	0	0	0	0	0	0	0
K03711	0	0	0	0.566138	0	0.584098	0	0	0	0.458716	0	0.587302	0	0	0.396825	0	0	0.256614	0	0	0	0	0	1.86243	0	0	0	0.208995	0	0	0	0.201058	0	0	0	0	0	0	0	1.103976	0	0.2263	2.201833	0	0.6000001	2.93651	0	0	0.473545	0	0	0	0.0308642	0	0.458716	0	0	0.396825	0	0	0	0	0	0.625	0.195767	0	0	0.335979	0	0	0	0	2.29358	0	0	0.597884	0	0.396825	0.280423	0.396825	0	0	0	0	0.324159	0.793651	0	0	0	0	0	0.961905	0	0	0	0	0	0.150794	0	0	0	0	0	0	0	0.396825	0	0.779817	0	0	0	0	0	0	0	0.654434	0	0
K01925	0	0	0	0	0	0	0	0	0	0	0	0	0	0	0	0	0	0	0	0	0	0	0	0	0	0	0	0	0	0	0	0	0	0	0	0	0	0	0	0	0	0	0	0	0	0	0	0	0	0	0	0	0	0	0	0	0	0	0	0	0	0	0	0	0	0	0	0	0	0	0	0	0	0	0	0	0	0	0	0	0	0	0	0	0	0	0	0	0	0	0	0	0	0	0	0	0	0	0	0	0	0	0	0	0	0	0	0	0	0	0	0	0	0	0	0	0	0
K01808	0	0	0	0	0	0	0	0	0	0	0	0	0	0	0	0	0	0	0	0	0	0	0	0	0	0	0	0	0	0	0	0	0	0	0	0	0	0	0	0	0	0	0	0	0	0	0	0	0	0	0	0	0	0	0	0	0	0	0	0	0	0	0	0	0	0	0	0	0	0	0	0	0	0	0	0	0	0	0	0	0	0	0	0	0	0	0	0	0	0	0	0	0	0	0	0	0	0	0	0	0	0	0	0	0	0	0	0	0	0	0	0	0	0	0	0	0	0
K07220	0.3125	0	0	0.852083	1.25	0.5645837	0	1.77292	0	2.175	2.170833	3.719303	2.99375	0	1.08125	0.891667	0	1.91875	0.360417	0	0.3125	0	0	0.916667	4.056257	0.666667	0	2.248961	1.7679797	0.560417	0	0	0	0.3125	0	0	4.725007	0	0	0.98125	0	0	5.38333	0	0.41875	1.9125	0	0	0.697916	0.74375	0	5.375575	0	0.816667	1.00625	4.781548	0	0.727083	0	0.553333	1.6375	2.08413	0.635417	0.383333	0.9375	2.48542	6.946067	0	0	0.3125	0	0	3.0786721	0	1.0875	3.272917	0.3125	1.91875	9.3	0.625	0	1.69625	0	1.919397	1.178822	20.3755915	0.3125	0	2.606799	0.447917	0	0	1.049784	5.148707	0	0	0	0	0	0	0	12.4662893	0	0	0	0.625	0	3.210941	0.625	0	0	0.822917	0.308943	2.383117	0	0.729927	0.3125	0.987881
K18930	0.3620111	0	0	0	0	0.0561167	0	0.224467	0	0	0.100402	0.3359947	0	0	0	0	0	0.0561167	0	0	0.105485	0	0	0.105125	0	0	0	0	0	0	0	0	0	0	0	0	0.0588235	0	0	0	0	0.381679	0	0.0561167	0.0561167	0.458207	0	0	0.224466	0	0	0	0.610624	0	0	0.7870542	0	0.100402	0	0	0	0.4328469	0	0.201018	0	0	0.362319	0	0	0	0	0	0	0	0	0	0.0419005	0	0.485732	0.987999	0.148958	0	0	0.2954789	0.334185	0.35461	0	0	0	0	0	0.0967118	0.0711176	0.1866869	0	0	0	0	0	0.223714	0	2.2385797	0	0	0	0.265823	0	0.0561167	0	0	0.203891	0.112233	0	0.151719	0	0	0	0
K02824	0	0	0	0	0	0	0	0	0	0	0	0	0	0	0	0	0	0	0	0	0	0	0	0	0	0	0	0	0	0	0	0	0	0	0	0	0	0	0	0	0	0	0	0	0	0	0	0	0	0	0	0	0	0	0	0	0	0	0	0	0	0	0	0	0	0	0	0	0	0	0	0	0	0	0	0	0	0	0	0	0	0	0	0	0	0	0	0	0	0	0	0	0	0	0	0	0	0	0	0	0	0	0	0	0	0	0	0	0	0	0	0	0	0	0	0	0	0
K07040	6.99318	0.182957	0	0.265664	0.205514	17.997245	0	9.91266	0	5.502729	21.705765	6.09029	7.053046	0.629073	3.008804	0	0	4.530331	0.782473	1.029663	1.856794	0	0.530297	4.07462	8.325379	0.413223	0	20.04747	9.10026	0	0	0.333333	6.25013	1.94737	0	2.07554	15.839708	1.6490324	0	6.930093	0.261708	6.820735	8.015953	5.876248	3.13241	23.90876	1.866054	0.212121	1.672083	2.115185	0	38.31519	0.410468	2.722092	1.624433	18.6811	0	3.293376	0.413223	3.80705	13.333409	5.561906	0.774105	5.443617	5.05214	4.11446	36.57294	1.67669	0	3.413507	0	0	27.00306	0	9.955467	17.552179	1.026518	5.851614	41.756789	2.821082	2.374697	8.249696	7.799693	13.874546	7.337695	43.759989	1.373185	0	6.867098	6.34038	2.207396	2.520351	8.926633	64.220854	0.75188	0.322314	0	0.75188	0	0.336022	0	40.718401	1.105968	0.228495	0	0.776818	1.575009	0.983325	3.858882	1.12397	4.70571	0.941548	2.00327	17.1141	0.250627	9.289887	0.236559	0.759088
K02500	1.092233	0.660194	0.485437	1.961606	0	0	0	2.238916	0	0	0.874457	0.309179	1.45469	0	0.346278	1.69903	0	0.420712	0.242718	0.242718	0	0	0	1.21197	0	0	0	0	0	0	0.485437	0	0.970874	0	0	0	2.62621	0	0	0	0	0	0	0	0.485437	0.970874	0	0	2.8284786	0	0	0.726537	0	0.485437	0.242718	0	0	0	0	0	0	1.25566	0	1.57929	0	3.67314	0	0	0	0	0	0	0	0	0	1.7767	0	0.407767	0	0.242718	0	0	0	0	0	0.666667	0.485436	0	0	0	0	0	0	0	0	0	0	0	0	0	0	0	0	0	0	0.242718	0	0	0.241546	0	0	0	0	0	0	0	0	0
K01585	0	0	0	0.111862	0	0.111862	0	0.839339	0	0.112613	0.112613	0.112613	0	0	0.34985	0	0	0.112613	0	0	0	0	0	0	0.0345345	0	0	0	0.322581	0	0	0	0.225225	0	0	0	0.4241736	0	0	0.455585	0	0.112613	0	0	0.431746	0.337839	0	0	0	0.112613	0	0.2755253	0.1411415	0.0915916	0	0.499128	0	0	0.0870871	0	0	0.904762	0	0.337838	0	0	0.0870871	0.435194	0	0.16129	0	0	1.020504	0.112613	0.2109613	0.2980478	0	0.112613	0.337838	0.112613	0.160215	0	0	0.112613	0	0.448198	0.112613	0	0.384352	0	0	0	0.112613	0.617332	0	0	0	0	0	0	0	0	0	0	0	0	0	0	0.112613	0	0	0	0	0.112613	0	0	0	0
K02687	0.127451	0	0	0.298319	0	0.604348	0	0.436681	0	0	0.110644	1.130252	0	0	0.210084	0	0	0	0	0	0.124214	0	0	0	0.210084	0	0	0.210084	0	0	0	0	0	0	0	0	0.553787	0	0	0.323529	0	0	0	0.210084	0.420168	0.519608	0	0	0.418768	0	0	0	0	0	0	1.049019	0	0.137681	0	0	0.585434	0.0448179	0	0.840336	0.357143	0.436975	0.328985	0	0	0	0	0	0.404762	0	1.089805	0	0	0.210084	0.0840336	0.105042	0	0	0.420168	0.320728	0	2.31092	0	0.210084	0	0	0	0	0	1.193277	0	0	0	0	0	0	0	0	0	0	0	0	0	0	0.487395	0	0	0.162465	0	0.210084	0	0.45324	0	0
K07590	0.96875	0	0	0	1	2.615915	0	7.919615	0	9.490856	22.115609	12.93749	0	0	3.66667	0	0	3.666663	0	0	0	0	0.78125	3	1.322917	1	0	4.660536	5.04167	0	0	0	9.45833	0	0	5.5641	8.427699	0	0	5.60417	0	2.47917	4.645833	1.470085	4.39583	2.0104167	0.411765	0	0	0.78125	0	32.383983	0	0.8125	0	5.564951	0	4.5	0	2.35417	6.53125	4.35417	1.45833	6.749465	5.33334	0	11.47917	3.5812	0	1.470887	0	0	5.50508	4.5812	2.866453	5.44792	1	2.854167	7.76042	0	0.875	1	1.324786	3.22222	1.213675	24.25644	0.78125	0	4.187503	7.176961	1	0.59375	0	13.164754	0	0	0	0	0	0	0	11.5521	0	0	0	0	0	0	0.75	0.635417	0	0	1.03125	1.39583	0	0.837607	0	0
K09800	0	0	0.637787	0	0	0.0725163	0	0.1985201	0	0.570992	2.08825	0.4863494	2.348886	0	0	0.53405	0	0	0	0.108774	0.0725163	0.18491	0	0.124378	0	0.226004	0	0.1003143	4.0869909	0	0	0.549451	0.0553541	0	0	0	1.134924	0.0725163	0	0.312181	0	0.2722035	1.3897691	0.511852	0.99461	1.139194	0.719807	0	0.50505	0.480769	0	1.633476	0.0722746	0.0621891	0.1404511	3.2627304	0	0.145033	0	0	0.804353	0.0362582	0	0.0725163	0	0	1.0740782	0.9505752	0	0.2171424	0	0	4.2246735	0	1.2145869	1.06275	0	0.672956	1.10628	0.2236544	0.6864146	0.124378	0.8071184	3.5550972	0.2797553	3.252209	0	0	0.1087745	0.358956	0	0	0.752571	2.4282264	0	0	0	0	0	0	0.0621891	3.671179	0	0	0	0	0	0.0584577	0.088763	0	0	0.0683995	0.0621891	2.536442	0.129199	0.2599864	0	0
K03118	0.4891403	0.204082	0	0.4689037	0.808367	0.681511	0	19.604148	0	2.478675	7.827784	18.063486	3.753037	0	2.522043	0	0	2.1145	0.344129	0.397279	0	0	0	3.3761796	1.4945493	0.809716	0	1.480292	1.7834053	0.478469	0	0.202429	5.805293	0.6544153	0	0.709852	1.50898764	0.0146082	0	3.171244	0.371429	0.404858	0.890688	0.956815	0	5.750563	0	0	1.432976	0.954427	1.21457	13.02024469	0	0.5263354	0.1864441	1.04484	0.202429	1.177573	0	0	3.995002	1.417913	0	4.5036825	2.604962	2.3128722	7.862317	2.150703	0.935687	0.402159	0	0	11.695083	0	2.05293	2.082041	0	3.0708966	3.32425	0.734143	0.593974	0.669733	0.202429	2.542466	0	10.678762	0.596795	0	0.961441	0.502362	0	0.564334	0.2554902	5.178044	0.194558	0.151147	0	0	0	0	0	6.338027	0	0.404858	0	0.406511	0	0.584345	1.827111	0.814674	3.344329	0.495277	0.198381	2.240856	0	0.202429	0	0.527665
K18303	0.3089603	0.0514933	0	1.585906	0.102987	0.438596	0	4.37418	0	0.3174926	0.650327	1.3550097	1.608469	0.0514933	4.5978794	0.205974	0	1.187772	0.0514933	0	0	0	0	0.9646724	0.119332	0.102987	0	0.1658415	0.2760144	0	0	0	0.511154	0.2918783	0.58775344	0.0469423	0.8180275	0.0514933	0	3.1209296	0	0.0559284	0.438185	0.304072	1.2755163	1.3930543	0	0	1.6775929	0.178495	0	2.773668	0.0875386	1.2216359	1.6931032	2.7960082	0	0.1454783	0	0	0.2772756	0.6009713	0.102987	1.4363203	0.976541	5.791118	0.3469926	0.0514933	0	0	0	0	9.5068635	0.1544803	1.0161071	2.788709	0.261023	0.9067963	0.4084483	2.1085939	0.5889211	0.2668115	0	0.455206	0.3666644	3.7205377	0.188021	0.0514933	0.0514933	0.0514933	0	0	0.3217547	1.925556	0	0	0	0	0.111857	0	0.1537463	2.050188	0	0	0	0.1026433	0	0	0	0.0677242	0.696683	0	0	0.9341091	0	0.361718	0	0
K03585	0.0664622	0	0	0	0	0.306748	0	1.49771	0.613497	0.503067	0.306748	0.864008	0	0	0.364964	0	0	0	0	0.105317	0.306748	0.306748	0	0.603272	0.920245	0	0	0.8694976	1.01636	0	0	0	0	0.108384	0	0	0.594069	0.0623722	0	0.4790644	0	1.121676	0.460123	1.981598	2.2453995	0.153374	0	0	0.306748	1.531697	0	3.430281	0	0.306748	0	2.114519	0	0	1.226994	0	0	3.08476	0.153374	0.304703	0	0	1.2157461	0.153374	0	0.153374	0	0	6.407969	0	1.208532	0.850716	0	0.750511	0.2034762	0.196078	0.153374	0.766871	0.629857	0.531697	2.970352	6.7740332	0.0695297	0	0.563303	0.2464215	0	0.402863	0.987729	3.372184	0	0	0	0	0	0.153374	0	29.33739	0	0	0	0.216769	0.292433	0.306748	0.3936601	0	0.813906	0	0.270961	1.7533374	0	1.05726	0	0
K00868	0	0	0	0.219298	0	0.362573	0	2.192985	0	0.219298	0.55622	0.946911	0.43375	0	0	0.219298	0	0	0.219298	0.438596	0	0	0	0.219298	0	0	0	0.0146199	2.229533	0	0	0	2.896196	0	0	0	1.019936	0	0	0.239234	0	0.204678	1.532365	0	0.168129	0.877193	0.115497	0	0	0.353801	0	3.095447	0.27027	0	0	0.257143	0.135965	0	0	0	0	0.156433	0	0	0	1.128198	0.624269	0.340643	0	0.219298	0	0	3.010669	0	0.669643	0.100877	0.508315	0	1.022017	0.314327	0.219298	0.219298	0	0.434609	0	1.818512	0	0	0.143275	0.219298	0	0.219298	0	1.945649	0	0	0	0	0	0	0.399123	2.1974456	0	0	0	0	0	0.219298	0.219298	0.219298	0.438596	0	0	0.822629	0	0	0	0
K06997	0	0	0	0	0	0	0	0	0	0	0	0	0	0	0	0	0	0	0	0	0	0	0	0	0	0	0	0	0	0	0	0	0	0	0	0	0	0	0	0	0	0	0	0	0	0	0	0	0	0	0	0	0	0	0	0	0	0	0	0	0	0	0	0	0	0	0	0	0	0	0	0	0	0	0	0	0	0	0	0	0	0	0	0	0	0	0	0	0	0	0	0	0	0	0	0	0	0	0	0	0	0	0	0	0	0	0	0	0	0	0	0	0	0	0	0	0	0
K22010	0	0	0	0	0	0	0	0	0	0	0	0	0	0	0	0	0	0	0	0	0	0	0	0	0	0	0	0	0	0	0	0	0	0	0	0	0	0	0	0	0	0	0	0	0	0	0	0	0	0	0	0	0	0	0	0	0	0	0	0	0	0	0	0	0	0	0	0	0	0	0	0	0	0	0	0	0	0	0	0	0	0	0	0	0	0	0	0	0	0	0	0	0	0	0	0	0	0	0	0	0	0	0	0	0	0	0	0	0	0	0	0	0	0	0	0	0	0
K06941	0.167224	0	0	0.167224	0.212932	0.163934	0	7.716171	0	1.633207	4.0009279	6.7725912	0	0	0.556299	2.075953	0	2.332772	0	0	0.134894	0	0	3.478832	0.4303231	0.42472	0	0.390164	1.464514	0	0	0.334448	3.61204	0.512244	0	0	1.6574219	0.145355	0	0.163934	0.334448	1.163945	0	2.78571	1.170568	1.512441	0	0	0	0.3233	0	8.28336	0	1.020375	0.393443	1.67329	0	0.491803	0	2	4.560997	0.454545	0	2.643719	1.933115	1.944391	4.581182	1.4292083	0.451315	0.0312152	0	0	7.938548	0.373134	2.574219	1.214971	0.167224	2.918613	1.267178	0.665606	0.389129	0.991081	1.094033	1.3219005	0	12.347817	0.167224	0	0.334448	0.2181078	0	1.205145	0.454545	2.853642	0	0	0	0	0	0	0.0111483	7.583166	0	0.0657748	0	1.813072	0	0.327869	2.783431	0	0.795987	0.641026	0	1.800805	0	0.576366	0	0
K06218	0	0	0	0	0	0	0	0	0	0	1.924731	0.351351	0	0	0	0	0	0	0	0	0	0	0	0	0	0	0	0	0	0	0	0	0	0	0	0	1	0	0	0	0	0	0	0	0.683761	0	0	0	0	0	0	4.87179	0	0	0	0	0	0	0.025641	0	0	0	0	0	0	1.45299	0.982906	0	0	0	0	0	0	0	0	0	0	0	0.974359	1	0	0	1.28205	0	0	0.459259	0	0	0	0	0	0	0	0.649573	0	0	0	0	0	0	0	1.692308	0	0	0	0	0.562963	0	0	0	0	0	0	0	0	0	0	0
K03466	0.0878613	0	0.276088	0.0535645	0.144092	0.13014	0	9.5849861	0	1.4403067	4.8711411	6.1282179	0.3563622	0	1.4141358	0	0.1690465	1.3147852	0.0578035	0.32214	1.034559	0	0	1.336094	0	0.485719	0	0.6999923	2.4812586	0.0578035	0	0	3.7913705	0.1850342	0	0.889562	0.5305475	0.321543	0	2.2805034	0.5628893	0.534578	1.5832315	1.368745	1.08002	1.4246006	0.217865	0	0	0.1388657	0	9.5505068	0.115607	0.9224896	0.3586824	2.3518854	0	0.6461599	0	0.578635	1.8295815	1.1328706	0	1.8431753	1.62775	0.6064415	2.8709038	1.0627227	0.2318235	0.402963	0	0.145138	16.3720984	0	1.42181	1.1613794	0	1.8488969	2.6602965	0.5340264	0.8478715	0.2856118	0.507983	3.2996903	0.2984127	13.24895	0.3041085	0	0.7895415	0.848565	0	0.795442	1.6779219	7.3844912	0	0	0	0.0578035	0.0725689	0.3710311	0.432153	11.9008585	0	0.088006	0	0.0578035	0.115607	0.893082	0.6983885	0.104822	0.402293	0.0578035	0	2.4221745	0	1.4403716	0.0410256	0.5773816
K06921	0	0	0	0	0.326776	0	0	1.280045	0	0	0.314754	1.594515	0	0	0	0	0	0.491802	0	0.491803	0	0	0	0.379466	0.2059394	0	0	0.163934	0.491803	0.297619	0	0	0	0.155191	0	0	0.437158	0	0	0	0	0	0	1.539129	0.484153	0.163934	0	0	0.163934	0.612515	0	0.655738	0.173789	0	0.163934	1.802146	0	0	0	0	0.326776	0	0	2.15204	0.327869	0	0.38013	0.460829	0	0.2581006	0	0	4.232517	0.275865	0.580328	0.85481	0	0	0.163934	0.291803	0.163934	1.21946	0	0.468812	0.286402	2.4400402	0	0	0	0.163934	0.163934	0	0.306748	0.7540987	0	0	0	0	0	0	0.163934	2.292895	0	0	0	0	0	0	0	0	0	0.310559	0	0.75078	0	0.340612	0	0
K02874	0.608333	0	0	0	3.725	0	0	1.91667	0	0	1.9	5.59167	0	0	0	0	0	1.18333	0	0	0	0	0	0	0.941667	0	0	0	0	0	0	0	1.55833	0	0	0	0	0	0	1.08333	0	0	0	0	0	1.975	0	0	0	2.24167	0	0	0	2.175	0	0.358333	0	0	0	0	0	3.68333	0	4.40833	0	0	0	0	0	0	0	2.46667	0	0	0	0.591667	1.73333	0	0	0	0	0	0	0	0	0	0	0	0	0.225	0	0	0	0	0	0	0	0	0	0	0	0	0	0	0	0	0	0	0	0	0	0.541667	0	0	0	0	0	0
K21600	0	0.914729	0	0	0	1.333334	0	0	0	0	0	0	0	0	0	0	0	0	0	0	0	0	0	0	0	0	0	0	0.604651	0	0	0	0	0	0	0	0.565891	0	0	0	0	0	0	0	0.976744	0.968992	0	0	0	0	0	0	0.426357	0	0	0	0	0	0	0	0	0	0	0	0	0.806202	0.465116	0	0	0	0	0	0	0	0	2.984491	0	0	0	0	0	0	0	0	1.75969	0	0	0	0	0	0	0	0	0.51938	0	0	0	0	0	0	0	1.33333	0	0	0	0	0	0	0	0	0	0.837209	0	0	0	0	0	0
K02499	0	0	0	0	0	0	0	0	0	0	0	0	0	0	0	0	0	0	0	0	0	0	0	0	0	0	0	0	0	0	0	0	0	0	0	0	0	0	0	0	0	0	0	0	0	0	0	0	0	0	0	0	0	0	0	0	0	0	0	0	0	0	0	0	0	0	0	0	0	0	0	0	0	0	0	0	0	0	0	0	0	0	0	0	0	3	0	0	0	0	0	0	0	0	0	0	0	0	0	0	0	0	0	0	0	0	0	0	0	0	0	0	0	0	0	0	0	0
K02878	0	0	0	0	0	0	0	0	0	0	0	0	0	0	0	0	0	0	6.09302	0	0	0	0	0	0	0	0	0.162791	0	0	0	0	7.28682	0	0	0	0	0	0	0	0	0	0	2.88372	0	0	0	0	0	2.3876	0	0	0	0	0	0	0	0	0	1.60465	0	0	0	0	0	0	3.10853	0	0	0	0	0	0	0	0	0	0	0	0	0.255814	0	0	0	0	0	0	0	0	0.55814	0	0	0	0	0	0	0	0	1.50388	0	0	0	0	0	0.573643	0	0.596899	0	2.65116	0	0	0	0	0	0	0	0	0	0
K21903	0	0	0	0	0	0	0	0	0	0	0	0	0	0	0	0	0	0	0	0	0	0	0	0	0	0	0	0	0	0	0	0	0	0	0	0	0	0	0	0	0	0.847222	0	0	0	0	0	0	0	0	0	0	0	0	0	0	0	0	0	0	0	0	0	0	0	0	0	0	0	0	0	0	0	0	0	0	0	0	0	0	0	0	0	0	0.560284	1	0	0	0	1.21528	0	0	0	0	0	0	0	0	0	0	0	1.21986	0	0	0	0	0	0	0	0	0	0	0	0	0	0	0	0
K01890	0.0300654	0	0	0.1945585	0.130719	0.9719598	0	2.9809175	0	0.4508178	1.1753225	2.222711	0.562149	0	0.2736385	0.258398	0	0.6369675	0.2141695	0.130719	0	0	0	0.801872	0.0659631	0.127476	0	0.8075624	1.2588655	0	0	0	2.754325	0.129199	0	0.290642	1.2933831	0	0	1.0312597	0.0653595	0.4752125	0.430108	0.668353	0.1901469	0.376471	0.124069	0	0.0653595	0.0659631	0	2.937208	0.08441	0.6461636	0.3014737	1.2913779	0	0.222658	0.1986939	0.6564426	0.7181533	0.9992655	0.30254	2.429968	1.6434065	1.042711	2.350584	0.748075	0	0.6162585	0	0	3.876504	0	1.0709185	4.5764109	0.2018752	0.633167	1.8279691	0.5662505	0.2094182	0.9422567	0.7185185	0.6664775	0.457516	9.6104546	0.1071895	0	0.5822205	0.562092	0.0653595	0.249069	0.5228755	2.9841485	0.1945585	0	0	0.130719	0	0	0	5.200826	0	0	0	0	0.0885817	0.215054	0.5780241	0	0.6930119	0.0653595	0.73128	1.041239	0	0.6116584	0	0.326797
K03431	0	0	0	0	0	0	0	0	0	0	0	0	0	0	0	0	0	0	0	0	0	0	0	0	0.93617	0	0	0	0	0	0	0	0	0	0	0	0	0	0	0	0	0	0	0	0	0	0	0	0	0	0	0	0	0	0	0	0	0	0	0	0	0	0	0	0	0	0	0	0	0	0	0	0	0	0	0	0	0	0	0	0	0	0	0	0	1	0	0	0	0	0	0	0	0	0	0	0	0	0	0	0	0	0	0	0	0	0	0	0	0	0	0	0	0	0	0	0	0
K00432	1.12214	0	0	0	0	0.665661	0	0.274809	0	0	0	0	0	0	0	0	0	0.381679	0	0	0.381679	0	0	1.6335857	0.0356234	0	0	0	0	0	0	0	0	0	0	0	0	0.763359	0	0.656489	0	0	0	0.0839695	0	0.73536953	0	0	0	0	0	0	0	0.295165	0.541985	1.03817	0	0	0.277354	0	0	0	0	0	0.381679	0.302799	2.636133	0	0	0	0	0	1.882949	0	0	0.569975	0	0	0	0	0	0.0152672	0	0	0	0.0788804	0.086514	0	0.338422	0.381679	0	0	0.465649	0	0	0	0	0.333333	0	0	0	4.796436	0	0	0	0	0	0	0	0	0	0	0	0.0610687	0	0	0	0
K01586	1.02808	0	0	0.271003	0	0.748564	0	5.373361	0	0.812105	3.198171	1.376455	0.242999	0	0.135501	0	0	0.352342	0	0.406504	0	0	0	0.813008	0.3243759	0	0	0.944516	1.054848	0	0	0	0.542005	0	0	0	4.045677	0	0.135501	0.920505	0	0.6124654	0	0.252936	0.271003	2.099346	0.135501	0.134598	0.267427	0.135501	0	3.42335	0	0.425738	0	0.494128	0	0.135501	0	0	0.294737	0.31741	0	0.395778	0.677507	0	7.702593	0	0.589684	0.271003	0	0	1.208672	0	1.182017	0	0.131926	0.604336	4.59879	0.4056	0	0.135501	0.467853	2.360312	0	4.0008989	0.135501	0	0.871564	1.62602	0.135501	0.135501	0.839606	6.298886	0	0	0	0.4056	0	0	0.132546	14.38783	0.135501	0	0	0	0.0301837	1.083107	0.332351	0.135501	0.284044	0	0	0	0	2.773616	0	0
K03798	1.391793	0.0505902	0	0.6492411	0.996065	2.2659278	0	9.812225	0.084317	4.1282971	9.4965498	10.080458	3.341483	0	2.687481	0.208079	0.168634	2.3662287	0.9326541	0.589095	0.421585	0.337268	0	2.387491	3.012784	0.168634	0	2.4277588	3.020234	0	0	0.2085441	0.285554	0.247989	0.084317	0.168634	3.281252	0.852164	0.084317	3.05958883	0.6091808	0.777403	1.289489	4.286008	1.173888	7.6470177	0.084317	0	0.86438	0.544785	0	25.9035386	0	1.917895	0.7712196	4.233923	0	1.377935	0.1028667	0.673974	4.555368	2.6205933	1.0274	2.2725497	2.179316	5.819748	12.684185	2.166166	0.084317	0.589657	0	0	16.396268	0.337268	2.606484	4.87328	0.29633081	3.456065	6.276049	1.1738879	0.83249	1.7549209	2.570359	4.2138027	1.0220835	26.158861	0.1354693	0.120482	1.470586	2.43395	0.168634	1.6037093	2.392306	14.1375786	0	0	0	0.208079	0.421585	0.168634	0	14.255186	0.084317	0	0	0.778021	0.252951	1.264194	1.6673254	0.168634	2.050602	1.210231	0.168634	2.393079	0	2.2284914	0	0.600173
K07053	0	0	0	0	0	0	0	0	0	0	0	0	0	0	0	0	0	0	0	0	0	0	0	0	0	0	0	0	0	0	0	0	0	0	0	0	0	0	0	0	0	0	0	0	0	0	0	0	0	0	0	0	0	0	0	0	0	0	0	0	0	0	0	0	0	0	0	0	0	0	0	0	0	0	0	0	0	0	0	0	0	0	0	0	0	0.512028	0	0	0	0	0	0	0	0	0	0	0	0	0	0	0	0	0	0	0	0	0	0	0	0	0	0	0	0	0	0.221239	0	0
K07075	0	0	0	0	0	0	0	0	0	0	0	0	0	0	0	0	0	0	0	0	0	0	0	0	0	0	0	0	0	0	0	0	0	0	0	0	0	0	0	0	0	0	0	0	0	0	0	0	0	0	0	0	0	0	0	0	0	0	0	0	0	0	0	0	0	0	0	0	0	0	0	0	0	0	0	0	0	0	0	0	0	0	0	0	0	0	0	0	0	0	0	0	0	0	0	0	0	1	0	0	0	0	0	0	0	0	0	0	0	0	0	0	0	0	0	0	0	0
K00817	0	0	0	0	0	0	0	0	0	0	0	0	0	0	0	0	0	0	0	0	0	0	0	0	0	0	0	0	0	0	0	0	0	0	0	0	0	0	0	0	0	0	0	0	0	0	0	0	0	0	0	0	0	0	0	0	0	0	0	0	0	0	0	0	0	0	0	0	0	0	0	0	0	0	0	0	0	0	0	0	0	0	0	0	0	0	0	0	0	0	0	0	0	0	0	0	0	0	0	0	0	0	0	0	0	0	0	0	0	0	0	0	0	0	0	0	0	0
K01607	0	0	0	0	0	0.458716	0	0	0	0.241546	0.724638	1.301475	1.433173	0	0	0	0	0	0	0	0.241546	0	0	0	0	0	0	0	1.403895	0	0	0	0	0	0	0	2.640147	0	0	3.180506	0	0	4.79538	0.241546	0	0	0	0	0	0	0	2.328329	0	0	1.506844	5.611855	0	0	0.280899	0	0	0.180135	0	0.724638	0	0	0.241546	0.241546	0	1.37615	0	0	16.257066	4.12711	1.453348	0	0.367647	0.34965	0	0	0.494071	0	0	0	0.168539	2.731018	0	0	0.48924	0.483092	0	0	0.225443	2.144845	0	0	0	0	0	0	0	1.682902	0	0	0	0	0	0	0	0	0	0	0	0.494071	0	0	0	0
K02906	1.60163	0	0	1.01355	0.813008	0.701897	0	5.5664	0	5.62331	5.44173	3.63957	0	0.813008	0.726287	0	0	0	0.406504	1.21409	0.406504	0	0.582656	2.03252	0	0	0	0.813008	9.49323	0.813008	0	0	0	0	0	0	1.35501	0.379404	0	1.21951	0.406504	0.406504	4.47154	4.31165	0	0.813008	0	0	0	0.742547	0	28.2954	0	0.813008	3.25203	11.5447	0	3.10027	0.406504	0	0	0	0	6.34146	0.406504	0	1.37127	1.10027	0	2.31165	0	0	47.4146	0	12.0867	0.406504	0	0.406504	0	0.406504	1.62602	0	1.56098	0.813008	0.406504	3.96748	0.788618	0	1.21951	1.47696	0	0.636856	1.08943	5.50136	0	0	0	0	0	0	0	7.78862	0	0	0	0	0	0	0	0	0	0	0.357724	3.11111	0	2.23577	0	0
K03177	0.385101	0	0	0.757576	0	0.373092	0	4.182923	0	0.859849	1.482323	8.440173	3.104686	0	0.378788	0.620098	0	1.104798	0.189394	0	0.272727	0	0.378788	1.642677	1.10024	0.826446	0	0.189394	3.235185	0	0	0.756313	0.934344	0.378788	0.664141	0	1.7751916	0	0	0.4093137	0.2891415	0.472222	0.295455	1.746208	0.0479798	2.372472	0	0	0	0.568182	0	6.6507048	0	0	0	0.5871209	0	0.189394	0	0	2.8484862	0.104798	0	1.136364	0.79798	0.396465	4.5575223	1.8042933	0.483586	0.0909091	0	0	7.591692	0	0.568182	0.820708	0.2272728	2.037879	1.702021	0.0719697	0.189394	0.756313	1.341464	0.765375	0.413223	4.959888	0.373737	0	0.2752526	0.185606	0	0.4078284	2.220742	7.88601	0	0	0	0	0	0	0.189394	4.010283	0	0	0	0.189394	0.372475	0	0.72096	0	0.357323	0.20959576	0.520546	1.122075	0	1.739945	0	0.119949
K03525	0	0	0	0.524272	0.39644	0.242718	0	1.205501	0	0.911131	0.844609	0.436893	0	0	1.36277	0	0	0.0711974	0	0	0	0	0	0.168285	0.532299	0	0	0.485437	0.378641	0	0	0	2.731332	0	0	0.271845	0.496763	0.26699	0	0	0	0	0.73301	1.36408	0.436513	2.311968	0	0	0.5582515	0	0	4.65334	0.485437	0.584946	0	1.96849952	0	0	0	0	0.896313	0.173139	0	1.294498	0.970874	3.168159	1.404734	0.242718	1.211549	0.242718	0	0	4.293613	3.55825	0.563231	0.731391	0	0.242718	0.1796112	0.726537	0.0938511	0.946802	0	0.242718	0.446602	3.619525	0.152104	0	0.490243	0	0	0	0	0.97249212	0	0	0	0	0	0	0	2.636163	0	0	0	0	0	0	0.477871	0	0	0.242718	0	0.737768	0	0	0	0
K03799	0	0	0	0	0	0	0	0	0	0	0	0	0	0	0	0	0	0	0	0	0	0	0	0	0	0	0	0	0	0	0	0	0	0	0	0	0	0	0	0	0	0	0	0	0	0	0	0	0	0	0	0	0	0	0	0	0	0	0	0	0	0	0	0	0	0	0	0	0	0	0	0	0	0	0	0	0	0	0	0	0	0	0	0	0	0	0	0	0	0	0	0	0	0	0	0	0	0	0	0	0	0	0	0	0	0	0	0	0	0	0	0	0	0	0	0	0	0
K09790	0	0	0	0	0	0	0	0	0	0	0	0	0	0	0	0	0	0	0	0	0	0	0	0	0	0	0	0	0	0	0	0	0	0	0	0	0	0	0	0	0	1	0	0	0	0	0	0	0	0.801418	0	0	0	0	0	0	0	0	0	0	0	0	0	0	0	0	0	0	0	0	0	0	0	0	0	0	0	0	0	0	0	0	0	0	0	0	0	0	0.057971	0	0	0	0	0	0	0	0	0	0	0	0	0	0	0	0	0	0	0	0	0	0	0	0	0	0	0	0	0
K02994	8.24473	0.620253	5.084386	2.160337	3.059068	8.8481	0	47.738471	0	17.510577	18.400814	48.01689	6.16878	0.375527	34.556968	1.734181	0	13.185657	1.746837	0.64135	3.421943	3.74684	0	9.46836	4.248948	0.8565395	0	4.852324	12.40928	0	0.219409	0.848102	17.92827	4.40084	0	1.789029	4.94937	7.40506	0	12.396618	1.763717	6.1941	15.78903	29.23208	7.042193	11.704638	0.919831	0	4.784816	7.57807	0	49.924073	0.35443	10.05064	5.28692	14.928295	0.835443	3.29536	2.2869247	2.751058	20.447243	30.4430029	3.632908	29.99998	10.185656	4.05063	22.561151	4.784812	1.333333	2.93671	0.253165	0	151.303489	0.350211	18.67511	14.29954	0.822784	9.59071	15.92826	4.41351	6.333337	10.32911	0.092827	6.662449	0.78903	22.987313	3.17721	2.586494	3.21097	3.675104	0.936709	2.523203	5.48101	30.13498	0	0	0	1.4557	0	1.265822	0.485232	14.6371	0	1.856541	0	0.552743	0	0.578059	2.907174	1.046414	7.130798	3.864973	0.291139	7.13924	0	12.902955	0	0.164557
K01304	0	0	0	0	0	0	0	0	0	0	0	0	0	0	0	0	0	0	0	0	0	0	0	0	0	0	0	0	0	0	0	0	0	0	0	0	0	0	0	0	0	0	1.61111	0	0	0	0	0	0	0	0	0	0	0	0	0	0	0	0	0	0	0.861111	0	0	0	0	0	0	0	0	0	0	0	0	0	0	0	0	0	0	0	0	0	0	0	0	0	0	0	0	0	0	0	0	0	0	0	0	0	0	0	0	0	0	0	0	0	0	0	0	0	0	0	0	0	0	0	0
K02851	0.299401	0	0	0.539921	0	0.7368822	0.149701	11.064498	0.147705	2.770455	2.2869117	11.74889	2.389202	0	3.934147	0.214571	0	2.411104	0	0.598802	0.438124	0.458638	0.229314	3.333215	0.226547	0.175649	0	0.999999	5.697202	0.299401	0.298403	0.299402	2.020957	0.310812	0.269504	0.5720414	2.898671	0.525948	0	2.959085	0.748503	0.598803	3.44311	0.740519	3.601337	2.62138002	0.146707	0	0.315257	0.2695531	0	17.229135	0	0.299402	0.8063881	4.0825481	0	0.598802	0.117725	3.200631	2.336062	0.476048	0	5.803861	3.827896	1.8551	7.10557	2.784048	0.697098	0.4810383	0	0.277445	9.42615	1.64671	2.480393	3.328855	0.136243	1.80612	8.355449	1.976449	0.2408198	1.454092	1.017964	1.79641	1.7856944	11.872218	0.835762	0.149701	2.340953	1.492015	0.321713	0.149701	0.389222	2.832663	0.299401	0	0	0	0	1.047905	0	10.8074	0.17301	0	0	0.596807	0.15	1.051451	1.26547	0.149701	0.92016	1.1057	0	2.943615	0	0.162675	0	0
K00766	0	0	0	0	0	0	0	0	0	0	0	0	0	0	0	0	0	0	0	0	0	0	0	0	0	0	0	0	0	0	0	0	0	0	0	0	0	0	0	0	0	0	0	0	0	0	0	0	0	0	0	0	0	0	0	0	0	0	0	0	0	0	0	0	0	0	0	0	0	0	0	0	0	0	0	0	0	0	0	0	0	0	0	0.239234	0	0	0	0	0	0	0	0	0	0	0	0	0	0	0	0	0	0	0	0	0	0	0	0	0	0	0	0	0	0.236045	0	0	0	0
K03638	0	0	0	0	0	0	0	0	0	0	0	0	0	0	0	0	0	0	0	0	0	0	0	0	0	0	0	0	0	0	0	0	0	0	0	0	0	0	0	0	0	0	0	0	0	0	0	0	0	0	0	0	0	0	0	0	0	0	0	0	0	0	0	0	0	0	0	0	0	0	0	0	0	0	0	0	0	0	0	0	0	0	0	0	0	0	0	0	0	0	0	0	0	0	0	0	0	0	0	0	0	0	0	0	0	0	0	0	0	0	0	0	0	0	0	0	0	0
K08722	0	0	0	0	0	0	0	0	0	0	0	0	0	0	0	0	0	0	0	0	0	0	0	0	0	0	0	0	0	0	0	0	0	0	0	0	0	0	0	0	0	0	0	0	0	0	0	0	0	0	0	0	0	0	0	0	0	0	0	0	0	0	0	0	0	0	0	0	0	0	0	0	0	0	0	0	0	0	0	0	0	0	0	0	0	0	0	0	0	0	0	0	0	0	0	0	0	0	0	0	0	0	0	0	0	0	0	0	0	0	0	0	0	0	0	0	0	0
K16651	0	0	0	0	0	0	0	0	0	0	1.0244905	0.204082	0	0	0	0	0	0	0	0	0	0	0	0	0	0	0	0.4707486	0.3809522	0	0	0	0	0	0	0	0.00544218	0	0	0.204082	0	0.142857	0	0.204082	0	0	0	0	0.27933	0.204082	0	2.809448	0	0	0	1.3061247	0	0.408163	0	0	0	0	0	0	0	0	0.191837	0	0	0	0	0	0.391837	0	0	0	0	0	0	0.575511	0.204082	0	0.357143	0.4721086	0.204082	0.330952	0	0	0	0.102041	0	0	0.0421769	2.357239	0	0	0	0	0	0	0.25641	4.740314	0	0	0	0	0	0	0.25641	0	0	0	0	0.771429	0	0.9128409	0	0
K03976	0	0	0	0	0	0	0	0	0	0.384181	0.305085	1.985946	0	0	0	0	0	0	0	0.257062	0.183616	0	0	0	0	0	0	0.847458	0.423729	0	0	0	0	0	0	0	0	0	0	0	0	0	0.765537	0	0	0	0	0	0	0	0	3.134259	0	0	0	1.59322	0	0	0	0	0	0	0	0	0	0	1.4783413	0.341808	0	0	0	0	1.63277	0	0.418079	0	0	0	0	0	0	0	0.929378	0.245763	0.347458	0.127119	0	0	0	0.629943	0	0.423729	0.423729	1.231639	0	0	0	0	0	0	0	1.601794	0	0	0	0	0	0	0.774754	0	0	0	0	0	0	0.438596	0	0
K01465	0	0	0	0	0	0	0	1.4	0	0	0	0	0	0	0	0	0	0	0	0	0	0	0	0	0	0	0	0	0	0	0	0	0	0	0	0	0	0	0	0	0	0	0	0	0	0	0	0	0	0	0	0	0	0	0	0	0	0	0	0	0	0	0	0	0	0	0	0	0	0	0	0	0	0	0	0	0	0	0	0	0	0	0	0	0	0	0	0	0	0	0	0	0	0	0	0	0	0	0	0	0	0	0	0	0	0	0	0	0	0	0	0	0	0	0	0	0	0
K03639	0.745098	0	0.275735	0.300246	0	3.2615464	0	22.608542	0	3.5599726	30.257214	29.353902	1.685402	0	3.93628	0	0	3.948999	1.067402	0.595868	0.842169	0	1.417794	1.44853	4.893603	0.0502451	0	7.3622348	7.280966	0	0	0.375395	3.394609	0	0.116987	0.735294	5.3308765	1.251226	0	7.488972	0.3676466	2.937504	6.691176	5.272099	2.770939	7.898279	0.606618	0.0796569	0.518383	0.7565274	0	36.7613267	0.367647	0.556373	0.183824	3.554552	0	3.781407	1.032241	0	1.691177	1.360561	1.11152	5.626526	0.53799	2.205169	17.81655	3.9497588	0.458333	1.308825	0	0	12.132352	0	2.5155556	3.035274	0.4632352	4.47148	8.761556	1.28554	0.556958	2.306373	7.8492643	4.007354	4.381703	28.356344	0.2475486	0	4.7132277	4.755579	0.684103	2.967015	5.9931604	14.445467	0.148284	0	0	0.507432	0.183824	0	0	34.496564	0.551471	0.183824	0	1.290537	1.028479	0.551472	4.660745	0	2.976752	1.564515	0.4031863	7.386127	0	2.833332	0	1.822255
K09949	0	0	0	0	0	0.375546	0	2.702755	0	0	0.695779	0.655023	0	0	0.655022	0.285298	0	0.218341	0.218341	0	0.208151	0	0	0.436681	0.218341	0	0	0	0.425037	0	0	0	2.323139	0.218341	0	0	2.276567	0	0	0.331878	0	0	0	1.184861	1.209607	0.736535	0.655022	0	0	0	0	0.19214	0	1	0	1.01747	0	0	0	0	0.436682	0.218341	0	0.404658	0.593886	0.436682	0.4221252	0	0	0	0	0	0.253275	0	0	2.072478	0	0.95342	0.700146	0.344828	0.218341	0.436681	0	0.810771	0.660819	3.096074	0.218341	0	0.0756914	0.436681	0	0	0	0.414848	0	0	0	0	0	0	0	1.74672	0	0	0	0.317322	0	0	0	0	0	0	0	0.825328	0	0	0	0
K01673	0	0	0	0	0	0.403226	0	0	0	0	0	0	0	0	0	0	0	0.0656566	0	0	0	0	0	0	0	0	0	0	0	0	0	0	0	0.378788	0	0	0	0	0	0	0	0	0	0.40411	0	0	0	0	0	0	0	1.05556	0	0	0	0.536322	0	0	0	0	0	0	0	0	0	0	0.342466	0	0	1.36986	0	0	2.29927	0	0	0	0	0	0	0	0	0	0	0	0	0	0	0	0	0	0.378788	0	0	0.904876	0	0	0	0	0	0	0	3.42415	0	0	0	0	0	0	0.342466	0	0	0	0	0	0	0	0	0
K02017	0	0	0	0	0	0.333333	0	1.5	0	0	0.3125	0.541667	0.979167	0	0	0	0	0.295833	0	0	0	0	0	0	0.3125	0	0	0.229167	0.93125	0	0	0	0	0.289583	0	0	0	0	0	0	0	0	0.651111	0	0	0.154167	0.131519	0	0	0	0	5.454526	0	0	0	0.3125	0	0	0	0	0.625	0	0	2.469518	0	0	0.387597	0	0	0.3125	0	0	0	0	0.691391	0.53989	0	0.387597	0	0	0	0.250573	0	1.620834	0	0.2342453	0	0	0	0	0	0	0	0.6375	0	0	0	0	0	0	0	2.591284	0	0	0	0	0	0.479167	0.414583	0	0.3125	0	0.3125	0.8	0	0.3125	0.625	0.645833
K09811	0	0	0	0	0	0	0	0	0	0	0	0	0	0	0	0	0	0	0	0	0	0	0	0	0	0	0	0	0	0	0	0	0	0	0	0	0	0	0	0	0	0	0	0	0	0	0	0	0	0	0	0	0	0	0	0	0	0	0	0	0	0	0	0	0	0	0	0	0	0	0	0	0	0	0	0	0	0	0	0	0	0	0	0	0	0	0	0	0	0	0	0	0	0	0	0	0	0	0	0	0	0	0	0	0	0	0	0	0	0	0	0	0	0	0	0	0	0
K20534	1.14518	0.522648	0	0.174216	4.402399	1.788618	0	56.645091	1.20968	7.969157	16.593351	26.368749	4.427404	0.60511	8.188818	0.348432	0.426216	10.13008	0.696864	1.019744	2.103756	0.174216	1.0453	7.11825	2.3617105	1.987363	0	5.895814	5.412265	0	0	0.452962	6.773759	3.248543	2.264804	3.643387	0.993031	0.497097	0	9.8483008	2.160277	3.364233	2.06969	2.146341	1.735196	14.433391	1.9484356	0	0.790447	0.711335	0	20.665427	0.348432	1.09083	0.696864	4.508699	0	3.5816337	0	1.346663	21.600782	1.424621	0.402526	6.319076	18.120921	4.579903	38.5690568	1.4506387	1.989547	0.7491288	0	0	52.41473	2.12766	6.468868	7.165123	0.6446	8.226735	13.746538	1.582088	1.6631821	16.140136	3.295002	17.443062	2.9045722	35.358568	3.594162	0.522648	2.6792916	7.3101	0.590012	1.976771	2.491265	9.5897029	0.174216	0	0	0.5551682	0.317073	0	0	15.329626	0.521487	0	0	0.348432	0.806739	0.687317	0.634146	0.288063	3.537752	1.342222	0.7858336	3.759582	0	2.99208	0	1.601119
K02051	0	0	0	0	0	0	0	0	0	0	0	0	0	0	0	0	0	0	0	0	0	0	0	0	0	0	0	0	0	0	0	0	0	0	0	0	0	0	0	0	0	0	0	0	0	0	0	0	0	0	0	0	0	0	0	0	0	0	0	0	0	0	0	0	0	0	0	0	0	0	0	0	0	0	0	0	0	0	0	0	0	0	0	0	0	0	0	0	0	0	0	0	0	0	0	0	0	0	0	0	0	0	0	0	0	0	0	0	0	0	0	0	0	0	0	0	0	0
K00374	0.827957	0	0	0	0	0	0	0	0	0	0	0	0	0	0	0	0	0	0	0	0	0	0	0	0	0	0	0	0	0	0	0	1.5	0	0	0	0	0	0	0	0	0	0	0	0	2	0	0	0	0	0	0	0	0	0	0	0	0	0	0	0	0	0	0	0	0	0	0	0	0	0	0	0	0	0	0	0	0	0	0	0	0.761905	0	0	0	0	0	0	0	0	0	0	0	0	0	0	0	0	0	0	0	0	0	0	0	0	0	0	0	0	0	0	0	0	0	0	0	0
K00760	0	0	0	0	0	0.90404	0	0.681818	0	0	4.18855	2.11448	0	0	0	0	0	0	0	0	0	0	0	0	0	0	0	1.128788	0.434343	0	0	0	0	0	0	0	0.378788	0	0	0	0	0.378788	0.383838	0	0	0	0	0	0	0	0	2.028615	0	0	0	2.426767	0	0	0	0.50505	0	0	0.929293	0	0	0	1.242424	0	0	0	0	0	7.63889	0	0.272727	0.275253	0	0	0	0	0.676768	0.378788	0	2.60859	0.627946	9.222226	0	0	0	1.085858	0	0.267677	0.143939	3.045456	0	0	0	0.378788	0	0	0	11.6912	0	0.378788	0	0	0	0.378788	0	0	0	0	0	0	0	0.512646	0	0.15404
K07141	0	0	0	0	0	0.263158	0	0	0	2.034166	0.6870209	0.261404	1.900067	0	0	0	0	0	0	0	0	1.16129	0	0	0	0.490196	0	0.26178	1.006981	0	0	0	0.815076	0	0	0	0.993378	0.333333	0	1.02649	0	0.331126	2.948926	1.869107	0	0	0	0	0	0	0	1.911646	0.126316	0	0.22093	2.039756	0	0.26178	0	0.581395	0	0	0	0.5	0	0	1.123909	0.622517	0	0.08726	0	0	3.655035	0	2.075043	0	0	0	0	0.299361	0.263158	0.160853	0.662252	0.25969	0.52356	1.057671	0	0	0	0.376963	0	0.378788	0.80318	4.5547	0	0	0	0	0	0	0.0104712	7.432346	0	0	0	0	1.6129	0.26178	0	0	0	0	0	1.523257	0	0	0	0
K05786	0	0	0	0	0	0	0	0.688073	0	0	0	0	0	0	0	0	0	0	0	0	0	0	0	0	0	0	0	0	0	0	0	0	0	0	0	0	0	0	0	0	0	0	0	0	0	0	0.819048	0	0	0	0	1.37615	0	0	0	0.368139	0	0	0.202429	0	0	0	0	0	0	0	0.202429	0	0	0	0	0	0	0	0.0589023	0	0	0	0	0	0	0	0	0	0.202429	0.646789	0	0	0	0	0	0	0	0.200803	0	0	0	0	0	0	0	2.164563	0	0	0	0	0	0	0	0	0	0	0	1.317353	0	0	0	0
K03565	0	0.292096	0	0.390681	2.55556	0	0	3.338437	0	1.217029	2.4632848	7.162939	3.884945	0	2.15586	0	0.510204	0.614532	0	0.204082	1.780377	0.232323	0	1.5686991	0.720171	0	0	0.471043	1.93243	0	0	0	0	0	0	0.546099	0	0	0	0.0340136	0	0.510204	0	1.363073	0.483871	1.014485	0	0	0	0	0	1.947921	0	0.0893471	0	2.396654	0	0	0	0.537634	3.241475	0	0	1.35017	2.2507929	0.946237	1.2423755	0.337838	0.907216	0.734549	0	0	12.94741	0	0.0780142	0.4347781	0	2.345714	1.7221541	0	0.537634	0	0.969388	0	0	6.114466	0	0	0.0714286	0	0	1.316208	0.422222	3.9639403	0	0	0	0	0	0	0.315603	5.131366	0	0	0	0	0	0	0.4357945	0	0.734007	0.537634	0	2.09147	0	1.124152	0	0
K03575	0	0	0	0.366013	0	0.121308	0	1.822751	0	0.185185	1.817593	3.1811514	0.65977	0	0	0	0	0.949367	0	0	0	0	0	0	0	0	0	0.316456	1.09489	0.315401	0	0	0.8	0.2632911	0	0	0.158228	0	0	0	0	0	0	0.158228	0	0.558796	0	0	0	0.3735405	0	3.987688	0.335802	0.273224	0.693638	0.316456	0	0.147679	0	0	0	0	0.290698	0.368144	0.630802	0.222222	0.502743	0	0.064346	0.377813	0	0	1.82173	0	0	0.103376	0.561644	0.649351	2.258468	0.0516878	0.158228	0.220588	0	0.3194028	0.224215	3.854628	0.10865	0	0	0.239451	0	0	0.316456	0.879747	0	0	0	0	0	0	0	2.888431	0	0	0	0	0	0.883632	0	0	0	0.0752315	0	0.699367	0	0	0	0
K03553	0	0	0	0	0	0	0	0	0	0	0	0	0	0	0	0	0	0	0	0	0	0	0	0	0	0	0	0	0	0	0	0	0	0	0	0	0	0	0	0	0	0	0	0	0	0	0	0	0	0	0	0	0	0	0	0	0	0	0	0	0	0	0	0	0	0	0	0	0	0	0	0	0	0	0	0	0	0	0	0	0	0	0	0	0	0	0	0	0	0	0	0	0	0	0	0	0	0	0	0	0	0	0	0	0	0	0	0	0	0	0	0	0	0	0	0	0	0
K00364	0	0	0	0	0	0.680891	0	0.450186	0	0.247166	0.230388	0.168934	1.3231321	0	0	0	0	0	0.439528	0.0453515	0	0	0	0	0	0	0	1.02041	0	0	0	0	0.340136	0	0	0	0.340136	0	0	0.85034	0	0.340136	0	0.451248	0	0	0	0	0	0.179211	0	1.1441634	0	0	0.150794	1.788524	0	0	1	0.170068	0	0	0	0	0	0	0.554728	0	0	0	0	0	2.615841	0	0	0.0657596	0.170068	0	0	0.170068	0	0	1.238098	1.045965	0	1.528344	0	0	0.162485	0.753968	0	0.53231	0.599253	3.478147	0.227273	0	0	0	0	0	0	5.94041	0	0	0	0	0	0	0.154195	0	0	0	0	0.895789	0	1.069473	0	0
K04042	0.15528	0	0	0.367647	0	0.47635	0	1.50332	0	0	0.509898	0.875086	0.526316	0	0.400378	0	0	0.520476	0.244281	0.122549	0	0.310559	0	0.367647	0.858058	0	0	0.739498	0.9121806	0	0	0	1.78952	0.245098	0	0	0.431424	0	0	0.367647	0	0.312952	0.794549	0.591541	0.609477	1.00277	0.122549	0	0.400378	0.409408	0	2.599654	0	0.122549	0.245098	0.4621316	0	0	0	0	0	2.587864	0	1.253089	0.735294	0.844772	0.8921998	0	0	0.122549	0	0	0.273693	0	0.621775	2.250051	0.122549	0.585784	1.078431	0.372324	0.122549	0.331699	0	1.299106	0.8871074	5.674393	0.122549	0	0.122549	0.260621	0.122549	0.427349	0	1.16613	0	0	0	0	0	0.122549	0.120915	1.164893	0	0	0	0.122549	0	0	0	0	0.518075	0.0490196	0	0.612745	0	0	0	0
K03475	0	0	0	0	0	0	0	0	0	0	0	0	0	0	0	0	0	0	0	0	0	0	0	0	0	0	0	0	0	0	0	0	0	0	0	0	0	0	0	0	0	0	0	0	0	0	0	0	0	0	0	0	0	0	0	0	0	0	0	0	0	0	0	0	0	0	0	0	0	0	0	0	0	0	0	0	0	0	0	0	0	0	0	0	0	0	0	0	0	0	0	0	0	0	0	0	0	0	0	0	0	0	0	0	0	0	0	0	0	0	0	0	0	0	0	0	0	0
K03453	0.182482	0	0	0.416667	0	0	0	0.354167	0	0	0.182482	1.350637	0	0	0	0	0	0.676674	0	0	0	0	0	0.473236	1.239602	0	0	0	0	0	0	0	0.425532	0.625	0	0.471616	0.899027	0	0	0	0	0.500565	0	0	0	2.837992	0	0	0.465517	0.1617593	0	1.27737	0	0.5167	0.755778	0.89208	0.0279805	0	0	0	0.440008	0.97542	1.093005	0.364964	0.0985401	0.638298	1.885341	0	0	0	0	0	0.592885	0	0.436681	0.491673	0.182482	0.614964	1.795248	0	0.182482	0.431034	0	0	0	4.169441	0.2643675	0	0.400823	0	0	0.169492	0	4.12831	0	0	0	0	0	0	0	0.847458	0	0	0	0	0.212766	0.17033	0.364964	0.212766	1.430604	0.208333	0	0.210084	0	0.390703	0	0
K03655	0	0	0	0	0	0	0	0.807299	0	0.1613411	0.6395164	0.1613411	0.307289	0	0.3101511	0	0	0.078711	0.0465244	0.158479	0	0.435487	0	0	0.0792393	0	0	0.0792393	0.0591653	0	0	0.0821018	0	0	0	0	0.0792393	0	0	0.277008	0	0.2319074	0	0	0.078711	0.3224083	0	0	0	0	0	0.346811	0.0792393	0.0792393	0	0.3583594	0	0	0	0	0.2377183	0.173333	0	0.297619	0.395668	0.173913	0.344668	0.0792393	0	0	0	0	3.750643	0	0	0.2434433	0	0.1584786	0.3957833	0	0.0792393	0	0.13089	0.237718	0	0.7722618	0.0869565	0	0	0.0670893	0	0.158479	0.269942	0.634427	0	0	0	0	0	0	0	1.0277676	0	0	0	0	0	0.138504	0.1151611	0	0.0792393	0	0	0	0	0.26178	0	0
K00088	0	0	0	0	0	0.4743585	0	2.512174	0	0.609004	3.1791594	1.967529	0.449042	0.2331	0	0	0	0.133591	0	0.139464	0.0959916	0	0	0	0.136986	0	0	0.607651	2.170049	0	0	0	0.429185	0	0	0	1.037563	0	0	1.20773	0	0	0	0.8691421	0	0.1369023	0	0	0	0	0	10.562549	0	0.114943	0.229885	2.481056	0	0.706173	0	0.114943	0	0.376344	0	0	0	0	1.062277	0.10654	0.251929	0.0636015	0	0	11.565125	0	1.907412	0	0	0	0.545774	0.130594	0	0	0.8187	0.3848493	1.6006221	0.643777	0.114943	0	1.403215	1.15556027	0.00229885	0.291621	0.652727	3.393699	0	0	0	0	0	0.316456	0	7.420295	0.127208	0	0	0	0	0.0367816	0.351578	0	0	0	0	1.2687087	0	0.924578	0	0.306157
K22132	0	0	0	0	0	0	0	0	0	0	0	0	0	0	0	0	0	0	0	0	0	0	0	0	0	0	0	0	0	0	0	0	0	0	0	0	0	0	0	0	0	0	0	0	0	0	0	0	0	0	0	0	0	0	0	0	0	0	0	0	0	0	0	0	0	0	0	0	0	0	0	0	0	0	0	0	0	0	0	0	0	0	0	0	0	0	0	0	0	0	0	0	0	0	0	0	0	0	0	0	0	0	0	0	0	0	0	0	0	0	0	0	0	0	0	0	0	0
K00134	0	0	0	0	0	0	0	0	0	0	0	0	0	0	0	0	0	0	0	0	0	0	0	0	0	0	0	0	0	0	0	0	0	0	0	0	0	0	0	0	0	0	0	0	0	0	0	0	0	0	0	0	0	0	0	0	0	0	0	0	0	0	0	0	0	0	0	0	0	0	0	0	0	0	0	0	0	0	0	0	0	0	0	0	0	0	0	0	0	0	0	0	0	0	0	0	0	0	0	0	0	0	0	0	0	0	0	0	0	0	0	0	0	0	0	0	0	0
K01643	0	0	0	0	0	0	0	0	0	0	0	0	0	0	0	0	0	0	0	0	0	0	0	0	0	0	0	0	0	0	0	0	0	0	0	0	0	0	0	0	0	0	0	0	0	0	0	0	0	0	0	0	0	0	0	0	0	0	0	0	0	0	0	0	0	0	0	0	0	0	0	0	2	0	0	0	0	0	0	0	0	0	0	0	0	0.648649	0	0	0	0	0	0	0	0	0	0	0	0	0	0	0	1	0	0	0	0	0	0	0	0	0	0	0	0	0	0	0	0
K13920	0	0	0	0	0	0	0	0	0	0	0	0	0	0	0	0	0	0	0	0	0	0	0	0	0	0	0	0	0	0	0	0	0	0	0	0	0	0	0	0	0	0	0	0	0	0	0	0	0	0	0	0	0	0	0	0	0	0	0	0	0	0.387597	0	0	0	0	0	0	0	0	0	0	0	0	0	0	0	0	0	0	0	0	0	0	0	0	0	0	0	0	0	0	0	0	0	0	0	0	0	0	0	0	0	0	0	0	0	0	0	0	0	0	0	0	0	0	0	0
K02888	0	0	0	0	0	0	0	0	0	0	0	0	0	0	0	0	0	0	0	0	0	0	0	0	0	0	0	0.884354	1.40816	0	0	0	0	0	0	0	0	0	0	0	0	0.52381	0	0	0	0	0	0	0	0	0	0.578231	0	0	0	0	0	0	0	0	0	0	0	0	0	0	0	0	0	0	0	0	0	0	0	0	0	2.68981	0	0	0	0	0	0	0	0	0	0	0	0	0	0	1	0	0	0	0	0	0	0	0	0.12037	0	0	0	0	0	0	0	0	0	0	0	0	0	0	0	0
K06958	0	0	1.15817	0.183007	0	0	0	3.209153	0	0.196078	0	1.64052	1.17516	0.550327	1.701604	0	0	1.434937	0.17165768	0	0	0	0	0.196078	0.196078	0	0	0	0	0	0	0	1.74902	0.143791	0	0	1.320261	0.00392157	0	0	0.196078	0.105882	0	0	1.20095	0.60915	0	0	0.650623	0.196078	0	0.784314	0.2915028	0	0	0	0	0	0	0.196078	0.4653596	0.784313	0	1.129411	0.979085	0.479738	1.27451	0	0	0	0	0	0	0	0	0.4392148	0	0.588235	0.979085	0	0	0.379085	0	0	0	4.96863	0	0	0	0	0	0.380392	0	0.392157	0	0	0	0	0	0	0	0	0	0	0	0.173856	0	0	0	0.196078	0	0	0	0	0	0	0	0
K02770	0	0	0	0	0	0	0	0	0	0	0	0	0	0	0	0	0	0	0	0	0	0	0	0	0	0	0	0	0	0	0	0	0	0	0	0	0	0	0	0	0	0	0	0	0	0	0	0	0	0	0	0	0	0	0	0	0	0	0	0	0	0	0	0	0	0	0	0	0	0	0	0	0	0	0	0	0	0	0	0	0	0	0	0	0	0	0	0	0	0	0	0	0	0	0	0	0	0	0	0	0	0	0	0	0	0	0	0	0	0	0	0	0	0	0	0	0	0
K06959	0	0	0	0.1729644	0	0.211047	0	4.0830835	0	0.699997	0.9106172	0.8370042	0	0.324261	0.3986804	0	0	0.7684899	0.0829187	0.111268	0	0	0.257576	0.0715308	0.2232947	0.16835	0	0.2720355	1.31355	4	0	0	0.175487	0.1398669	0	0	0.0705219	0	0	0.5795789	0	0	0.638064	0.860619	0.0740741	0.249194	0.853282	0	0.2677043	0.071736	0	2.6552692	0	0.310559	0	1.1265925	0	0.4967848	0.168011	0	0.9271057	0.4467787	0	0.2513968	0.555556	1.012922	2.518972	0.165837	0.165837	0.1573275	0	0	2.8957741	0	0.1708762	0.9427062	0	0.1965996	1.6593147	0	0.256869	0.282087	1.600775	0.1575082	0.0511737	2.1507255	0	0	1.0216165	0.3093072	0	0.1559111	0.155039	3.232326	0	0	0	0.2166087	0.318182	0	0.141443	3.0181723	0.259067	0	0	0.107527	0.113636	0	0.434419	0	0.143062	0	0	0.3524114	0	0.5311025	0	0
K00677	0	0	0	0	0	0	0	0	0	0	0	0	0	0	0	0	0	0	0	0	0	0	0	0	0	0	0	0	0	0	0	0	0	0	0	0	0	0	0	0	0	0	0	0	0	0	0	0	0	0	0	0	0	0	0	0	0	0	0	0	0	0	0	0	0	0	0	0	0	0	0	0	0	0	0	0	0	0	0	0	0	0	0	0	0	0.962121	0	0	0	0	0	0	0	0	0	0	0	0	0	0	0	0	0	0	0	0	0	0	0	0	0	1.68182	0	0	0	0	0	0
K07326	0	0	0	0	0	0	0	0	0	0	0	0	0	0	0	0	0	0	0	0	0	0	0	0	0	0	0	0	0	0	0	0	0	0	0	0	0	0	0	0	0	0	0	0	0	0	0	0	0	0	0	0	0	0	0	0	0	0	0	0	0	0	0	0	0	0	0	0	0	0	0	0	1.64238	0	0	0	0	0	0	0	0	0	0	0.369004	0	0	0	0	0	0	0	0	0	0	0	0	0	0	0	0	0	0	0	0	0	0	0	0	0	0	0	0	0	0	0	0	0	0
K11749	0	0	0	0	0	0.382675	0	0.0888158	0	0.535084	1.2673608	1.8580016	0.140351	0	0	0	0	0	0	0.17301	0.163377	0	0.17301	0	0	0	0	0.149123	2.16724	0	0	0	0	0	0	0	1.41061	0	0	0.510495	0	0.492325	0.323465	0.7654114	0	0	0.164474	0	0	0	0	6.179865	0.17301	0	0	1.69627	0	0.164474	0	0	0	0	0	0.142544	0	0.164474	1.91037	0.328947	0	0.164474	0	0	10.45905	0	0.839441	0	0	0	0	0.17301	0	0	0.328947	0.939693	0.17301	1.313596	0	0	0	0.164474	0	0	0.838346	2.24802	0	0	0	0	0	0	0	4.964807	0.164474	0	0	0	0	0	0.519031	0	0	0	0	0.328947	0	1.175829	0	0
K11733	0	0.39481	0	0	0.60241	1.00547	0	1.0882525	0	1.77643	1.704141	3.5869055	2.5	0	0.16208	0	0	0.291027	0	0.45045	0	0	0	1.546546	0.52819	0.152905	0	1.4073261	4.24108	0	0	0	0.7934	0	0	0.223724	0.786851	1.464552	0	1.0860056	0	0.337087	2.12895	1.351351	0.237843	0	0	0	0	0.276243	0	16.0715614	0	0.285714	0.799117	2.195638	0	0.225225	0	0	0	0.260952	0.225225	1.905053	0	0	0.673988	1.389453	0	0.112613	0	0	15.808994	0	3.234538	0.935529	0	0.152905	0.740532	1.66212196	0.642857	0.112613	0.112613	2.522272	0	3.312726	0.2178995	0	2.798205	0.606607	0.337838	0.751381	0.829783	2.742927	0	0	0	0	0.112613	0.225225	0	20.366398	0	1.463712	0	0	0	0.833467	1.764823	0.337838	0.398327	0	0	2.833878	0	1.013514	0	0.225226
K03286	0	0	0	0	0	0.704225	0	1.54915	0	0	1.67606	2.24178	0.623239	0	0.688425	0	0	0.160256	0	0	0	0.598291	0.220085	1.06197	0.352113	0.176056	0	0.528169	0	0	0	0	0	0	0	0.352113	0	0	0	0	0	0	0.320513	0	0.00534188	0	0.294601	0	0.71047	0	0	1.680936	0	0.176056	0.0469484	1.030396	0	0	0	0.160256	0.00534188	0.85446	0.1952868	1.4765	0	0.215812	0.034188	0	0	0	0	0	0	0.269231	0	2.861039	0.176056	0.160256	1.434165	0.343897	0	1.39744	0	0.176056	0.320513	4.28009	0	0	0.728331	0	0	0.176056	0	2.40809	0	0	0	0.320513	0	0	0	0	0	0	0	0.429503	0.160256	0.401709	0.723757	0	1.12179	0	0.0844017	0	0	0.496569	0	0
K14761	0	0	0	0	0	0	0	0	0	0	0	0	0	0	0	0	0	0	0	0	0	0	0	0	0	0	0	0	0	0	0	0	0	0	0	0	0	0	0	0	0	0	0	0	0	0	0	0	0	0	0	0	0	0	0	0	0	0	0	0	0	0	0	0	0	0	0.892857	0	0	0	0	0	8.45238	0	0	0	0	0	0	0	0	0	0	0	0	0	0	0	0	0	0	0	0	0.97619	0	0	0	0	0	0	0	0	0	0	0	0	0	0	0	0	0	0	0	0	0	0	0	0
K00928	0	0	0	0	0	0	0	0	0	0	0	0	0	0	0	0	0	0	0	0	0	0	0	0	0	0	0	0	0	0	0	0	0	0	0	0	0	0	0	0	0	0	0	0	0	0	0	0	0	0	0	0	0	0	0	0	0	0	0	1.45	0	0	0	0	0	0	0	0	0	0	0	0	0	0	0	0	0	0	0	0	0	0	0	0	0	0	0	0	0	0	0	0	0	0	0	0	0	0	0	0	0	0	0	0	0	0	0	0	0	0	0	0	0	0	0	0	0	0
K06153	0	0	0	0	0	0	0	0	0	0	0	0	0	0	0	0	0	0	0	0	0	0	0	0	0	0	0	0	0.503876	0	0	0	0	0	0	0	0	0	0	0	0	0	0	0	0	0	0	0	0	0	0	0.55814	0	0	0	0	0	0	0	0	0	0	0	0	0	0	0	0	0	0	0	0	0	0	0	0	0	0	0	0	0	0	0	0	0	0	0	0	0	0.689922	0	0	0	0	0	0	0	0	0	0	0	0	0	0	0	0	0	0	0	0	0	0	0	0	0	0	0	0
K03595	0	0	0	0	0	0.521798	0	0	0	0.50093	2.209375	0.379587	0	0	0	0	0	0	0	0.297333	0	0.114987	0	0	0	0	0	0.992692	2.403101	0	0	0	0	0	0	0	0	0.736318	0	1.51938	0	0.59836978	1.978454	0.909561	0	0.193798	0	0	0	0	0	7.958927	0	0	0	3.8727747	0	0	0	0	0	0	0	0.8	0	0	1.2217377	0.131915	0.592	0.0938023	0	0	8.438335	0	0.2605696	0	0.14	0	0	0.387597	0.166667	0.2909091	0.152455	1.174784	0.695824	0	0	0	0.21393	1.832285	0.102178	0.387596	0.81174	3.464971	0	0	0	0	0	0	0	9.7167716	0	0	0	0.193798	0	1.417554	0.67353	0	0	0	0	2.40820799	0	1.332104	0	0.18
K01845	0	0	0	0	0	0	0	7.42222	0	0	0	3	0	0	1	0	0	0	0	0	0	0	0	0	0	0	0	0	0	0	0	0	0	0	0	0	0	0	0	0	0	0.461538	1	0	0	0	0	0	0	0	0	0	0	0	0	0	0	0	0	0	0	0	0	0	0	0	0	0	0	0	0	0	5	0	0	0	0	0	1	0	0	0	0	0	0	2	0	0	0	0	0	0	0	0	0	0	0	0	0	0	0	0	0	0	0	0	0	0	0	0	0	0	0	0	0	1	0	0
K08591	0	0	0	0	0	0	0	0	0	0	0	0	0	0	0	0	0	0	0	0	0	0	0	0	0	0	0	0	0	0	0	0	0	0	0	0	0	0	0	0	0	0	0	0	0	0	0	0	0	0	0	0.173333	0	0	0	0	0	0	0	0	0	0	0	0	0	0	0	0	0	0	0	0	0	0	0	0	0	0	0	0	0	0	0	0	0	0	0	0	0	0	0	0	0	0	0	0	0	0	0	0	0	0	0	0	0	0	0	0	0	0	0	0	0	0	0	0	0	0
K01952	0	0	0.105374	0	0	0.4938922	0	0	0	0	0.1302446	0.0702247	0.460829	0	0	0	0	0	0	0	0.163132	0	0	0	0	0	0	0	0.1844271	0	0	0	0	0	0	0	0.0702247	0.105374	0	0.269168	0	0.163132	0.704896	0.508428	0	0	0	0	0	0	0	4.3388864	0	0	0.0353376	0.9427924	0	0.0791139	0	0	0	0.215811	0	0	0	0.409836	0.3728002	0.1780762	0.409836	0.289129	0	0	2.6987383	0	0.244912	0.409836	0	0	0	0.0659283	0.0791139	0	0	0.2552841	0.1565634	0.7377851	0	0	0.1499394	0.1643595	0	0	0.0632911	0.744967	0	0	0	0	0	0	0	2.443301	0	0	0	0	0	0	0	0	0	0	0	0.643204	0	0.0604595	0	0
K19405	0	0	0	0	0	0.164474	0	0	0	0	0.0383772	0	0	0	0	0	0	0	0	0.328947	0	0	0	0	0	0	0	0	0.458182	0	0	0	0	0	0	0	0	0	0	0.164474	0	0	0.927632	1.08333	0	0.164474	0	0	0	0.555614	0	0.297149	0.164474	0.434783	1.226011	0.620414	0	0	0	0	0	0	0	0	0	1.19408	0.816886	0	0	0.164474	0	0	0.657895	0.986842	0.493421	0	0	0	0	0.164474	0	0	0.800439	0	0.328947	0	0	0	0	0	0	0	0	0	0	0	0	0	0	0.328947	0	1.15132	0	0	0	0	0	0	0.493421	0	0	0	0	0.129386	0	0.164474	0	0
K00005	0	0	0	0	0	0.162338	0	0	0	0	0.162338	0	0.487013	0	0	0	0	0	0	0	0	0	0	0	0	0	0	0	0	0	0	0	0	0	0	0	0	0	0	0	0	0	0	0	0	0	0	0	0	0	0	0.324675	0	0	0	0.324675	0	0	0	0	0	0	0	0	0	0	0.324675	0	0	0	0	0	2.576375	0	0	0	0	0	0	0	0	0	0.148268	0.162338	0	0	0	0	0	0	0	0	0.324675	0.487013	0	0	0	0	0	0	0	0.487013	0	0.324675	0	0	0	0	0	0	0	0	0	0	0	0	0	0
K03075	5.26041	0	0	0.9375	0	3.399003	0	11.16667	0	5.99366	13.99638	5.021746	4.145833	0	3.958333	0	0	2.91667	1.97917	0	1	0	0	4.28125	6.47328	0	0	7.12048	1.09375	0	0	0	0	0.59375	0	0	6.937497	0	0	1.702899	1.53125	2.73913	3.27536	0	0	5.583337	0.572464	0	1.46875	0	0	11.75216	0	1.9375	0.416667	9.609151	0	0.65942	0	0	2.6875	2.203808	2.65625	1.98958	4.26042	4.70833	9.540342	5.77083	1.88542	1.34692	0	0	16.94478	0	1.81884	3.59375	0.71875	1.59375	3.451084	1	0	2.895833	2	4.435232	0.202899	17.961923	0	0	2.6087	3.715127	0.708333	1.489583	2.770837	12.4638	0	0	0	1	0	0	0	19.02442	0	0	0	0	1	0	1.354166	0	1.979167	0	0	4.96966	0	2.97436	0	0.514493
K03495	0.608783	0	0	0.595632	0	0.5612323	0	5.75443	0	0.470529	2.6370412	1.93887	0.106157	0	1.497434	0	0	0.495935	0.087108	0	0	0	0	0.087108	0.209205	0.107759	0	0.411063	0.117925	0	0	0	0.214592	0.163399	0	0	0.527908	0	0	0.387597	0.0986193	1.023008	0	0.642566	0.8230483	1.0679363	0.1972044	0	0.520391	0.472125	0	8.9990953	0	0.5026913	0.333333	1.7562606	0	0.205033	0	0	1.966213	0	0	1.195737	0.857724	0.692218	3.727404	0.287216	0	0	0	0	6.392283	0.196477	0.553506	1.7838998	0.0836237	0	2.28869	0.087108	0.087108	0	0.087108	2.1301107	1.0487424	11.4498621	0	0	0.087108	0.174216	0.174216	1.02742	0.536673	5.196619	0	0	0.203252	0	0	0.188324	0	9.911723	0	0	0	0	0	0.087108	0.7486047	0.831285	0.808079	0	0	1.016747	0	1.6022473	0	0.231762
K01996	0	0	0	0	0	0.251256	0	1.336683	0	0.80402	4.194336	3.17337	0	0	0	0	0	0.145161	0	0.703828	0	0	0	0	0	1.97619	0	1.71357	0.65023	0	0	0	1.5105715	0	0	0.304813	4.241193	0	0	0.906821	0	0.892282	3.644429	1.27241	0	0	0	0	0	0.18258	0	6.807296	0	0	0	4.528223	0	0	0	0	0	0.937985	0	2.0073	0	0	3.353765	0	0	1.317416	0	0	12.652278	0	3.135545	2.022188	0.251256	0	0.364964	0	0	0	2.090984	1.254132	1.90285	5.320089	0	0	0.534611	1.823026	0.304866	0	0.551202	7.78977	0	0	0	0	0	0.534759	0	8.45012	0	0.26738	0	0	0.226381	0.216702	0.364964	0	0	0	0	2.637959	0	0.914438	0	0.153298
K09817	0.69854	0	0	0	0	0.46729	0	0.337732	0	0.229358	1.212485	0.399083	0	0	0	0	0	0.444444	0	0	0	0	0	0.533661	0	0	0	0	3.50153	0	0	0	0	0.146226	0	0	0.562482	0	0	0.67619	0	0	0	0.352246	0.229358	1.455698	0	0	0	0.522158	0	0	0.238095	0.251256	0	2.277764	0	0	0	0	0	0	0	0.2970111	0.559671	0.19419	0.5340929	0.47326	0	0.229358	0	0	0.0968468	0	1.146789	1.01697	0	0	1.24344	0	0.238095	0	0	0.458716	0	1.031746	0	0	0.35461	0	0	0	0	1.454783	0.251256	0	0	0.251256	0	0	0	6.13914	0	0	0	0.574713	0	0	0	0	0	0.722495	0	1.211155	0	0	0	0
K06381	0	0	0	0	0	0.370473	0	1.541065	0	1.050816	1.024944	1.1766387	0	0	0	0	0	0	0	0	0.285223	0	0	0	0	0	0	0.215453	1.244546	0	0	0	0	0	0	0	0.591546	0	0	1.117703	0	0.213712	0	0.819956	0	0	0	0	0	0	0	4.2658181	0	0	0	0.7976927	0	0.458075	0	0	0	0	0	0.769736	0	0	0.25801	0.104167	0	0.3028152	0	0	4.505011	0	1.993756	0	0	0	0	0.4257287	0	0	0.579896	1.199162	0.230112	0.8188733	0	0	0.20726	0.625	0.104167	0.104167	0.104167	1.664729	0	0	0	0	0.209205	0	0	2.2931062	0	0	0	0	0	0	0.104167	0	0	0	0.104167	0.534082	0	1.116781	0	0
K09155	3.289723	0.2282711	0	1.4923459	0	3.920533	0	4.204481	0	0.346886	12.3486263	3.477802	1.43902	0	0.553013	0	0	0.734688	1.608359	1.069053	1.8147521	0.9341473	0.609756	0.410741	0.536913	0.588802	0	3.6532114	8.634078	0	0	0.842721	0.642415	0.130548	0	0	4.370778	0.782666	0.121359	7.505027	0	1.5454991	12.4520609	9.670062	2.6689511	0.559884	0.415924	0	0.313087	3.0567635	0	16.224834	0	0	3.03562	0.813447	0	3.019497	0.105042	0.414365	0.5162506	2.193396	0.787413	6.7342878	0	0.131579	7.8280115	0.427004	0	0.935888	0	0	5.299422	0.131579	7.078875	1.094737	0.956227	0.943893	1.83598	2.3903574	1.083251	0.236621	1.761998	4.878181	2.8582669	4.0944405	0.0974761	2.829679	0.458121	0.641921	0.69154	1.419849	6.034985	16.5740903	0	0	0	0.340344	0	0	0	12.581319	0.201207	0.409423	0	0.8158107	0.801604	2.117504	2.2271433	0.748299	0.9611572	1.693629	0.160256	25.048737	0.184397	4.67757	0	0.7486275
K11065	0	0	0.819672	0	0	2.270492	0	4.849475	0	4.319668	8.230877	1.423497	0	0	0	0	0	0	0	1.05738	1.22404	0	0.136612	0	0.26776	0.0928962	0	8.52547	7.696091	0	0	0	1.9235	0	0	0.819672	13.26776	1.327869	0.193989	3.505166	0	4.084547	3.27869	2.68579	0	0	2.458415	0	0	0	0	104.31778	0	0.409836	0	5.43169	0	8.07104	0.409836	0	0	0.0901639	0	1.147541	0	0	10.59836	1.737103	0	2.428957	0	0	2.574775	0	3.385244	0	0	0	0	0.753798	0.458716	0.917431	20.358	24.15345	9.991506	24.88154	0	0	3.737702	34.4016	2.863388	9.742339	38.44003	96.86635	0	0.409836	0	0	0	0.819672	0.581967	146.5079	0.0601093	0.718279	0	0	0.819672	4.3306	8.30874	0	0.224044	0	1.002732	17.747376	0.256831	12.492935	0	1.969945
K01778	0	0	0	0	0	0.219298	0	0	0	0.0891813	0.219298	0	0	0	0	0	0	0	0	0	0	0	0	0	0	0	0	0	0.438596	0	0	0	0.438596	0	0	0	0.219298	0	0	0	0	0.0511696	0	0.877193	0	0	0	0	0	0	0	1.11111	0	0	0	0.219298	0	0	0	0	0	0	0	0	0	0	0.0913043	0.219298	0	0	0	0	0.219298	0	0	0	0	0	0	0	0	0	0	0.0833333	0.438596	0.438596	0	0	0	0.171053	0	0	0.388889	0	0	0	0	0	0	0	0	1.076023	0	0	0	0	0	0.219298	0	0	0	0	0	0.244681	0	0	0	0
K03086	0.908784	0.171821	0	1.884525	2.125134	3.599463	0	4.095363	0	1.499916	7.53198408	4.3107502	0.925462	0	2.0794648	0.295858	0	2.6353361	0	0.147929	0.305658	1.26183	0	3.083895	2.433973	0.460332	0	2.427646	3.47346	0	0.296736	0.296736	0.772859	1.124322	0.0493097	0.296736	4.244305	0.978064	0	1.4573023	0	1.2535939	6.137476	2.1874328	3.34368	5.624996	0.482248	0	1.638243	1.17343	0	24.890047	0.148368	0.5835644	0.147929	6.9053405	0.148368	1.1374876	0.463825	0	0.699308	1.025956	0.147379	9.044044	0.978239	4.391471	5.8916006	0.74184	0.148368	0.841322	0	0	7.304534	1.546072	3.076367	4.576665	0.740523	1.63205	1.02868	1.293005	1.4148674	1.755384	7.028683	5.929503	3.06586	21.179972	0.445104	0	1.453549	1.678632	0.395463	1.044431	3.627683	16.859251	0	0	0.157729	0.439842	0	0	0.164474	27.526219	0	0.402147	0	1.6745	0.336295	0.999974	1.452061	0.690485	2.35525	1.99333	0.4308498	4.966549	0	3.582816	0	0
K03744	0	0	0	0	0	0	0	0	0	0	0	0	0	0	0	0	0	0	0	0	0	0	0	0	0	0	0	0	0	0	0	0	0	0	0	0	0	0	0	0	0	0	0	0	0	0	0	0	0	0	0	0	0	0	0	0	0	0	0	0	0	0	0	0	0	0	0	0	0	0	0	0	0	0	0	0	0	0	0	0	0	0	0	0	0	0	0	0	0	0	0	0	0	0	0	0	0	0	0	0	0	0	0	0	0	0	0	0	0	0	0	0	0	0	0	0	0	0
K02005	0	0	0	0	0	0.242718	0	0	0	0	0.436732	0	0.309598	0	0	0	0	0	0	0	0	0	0	0	0.0949432	0	0	0.0629515	0	0	0	0	0	0	0	0	0	0	0	0.160772	0	0	0	0.146838	0	0	0.056806	0	0	0.160772	0	0.99065	0	0	0	2.326586	0	0	0.327974	0	0	0	0	0	0	0	0.160772	0	0	0.321543	0	0	6.043947	0	0.40453	0	0	0	0	0.160772	0	0	0	0.3590564	0.309598	3.4853895	0	0	0.306996	0.226006	0	0	0.321543	2.337622	0	0	0	0	0	0	0	2.432132	0	0	0	0	0	0.160772	0	0	0	0	0	0.734125	0	0	0	0
K02115	0	0	0	0	0	0	0	0	0	0	0	0	0.0666667	0	0	0	0	0	0	0	0	0	0	0	0	0	0	0	1.02041	0	0	0	0	0	0	0	0	0	0	0	0	0	0	0	0	0	0	0	0	0	0	9.41497	0	0	0	1.32653	0	0	0	0	0	0	0	0	0	0	0	0	0	0	0	0	3.59864	0	0.025	0	0	0	0	0	0	0	0	0	0	1.918367	0	0	0	0.612245	0	0	0	3.39167	0	0	0	0	0	0	0	0	0	2	0	0	0	0	0	0	0	0	0	0.727891	0	0	0	0
K00948	2.626358	0.373134	0	0.866915	0	3.250758	0	4.0174096	0	0.932836	3.553638	4.686565	0.373134	0	1.359457	0.0335821	0	2.800997	0.13806	0.186567	0.969483	0	0	1.231344	0.574627	0	0	1.405473	2.191239	0	0	0	0.373134	0.0547264	0	0	1.322716	0	0.37189	2.0591847	0.373134	2.094527	7.857814	3.378102	1.43035	3.339554	0.186567	0	0.975124	0.743781	0	7.00804	0	0.559702	0.365672	5.697613	0	0.486318	0.19403	0	1.748751	4.318696	0	1.648009	1.38557	2.2102	5.288293	0.559701	0	0.190883	0	1.49129	8.348236	0	1.719848	2.56219	0.66791	1.08831	3.24005	0.353234	0.677861	0.543532	0.7982442	2.466379	1.434092	10.236353	0.185323	0	2.219638	0.594527	0.186567	0.7736312	1.426642	3.3245155	0	0	0	0	0	0	0.373134	7.477655	0	0.2674128	0	0.220149	0	2.32346	0.9264981	0.186567	0.687811	0.5217213	0.186567	5.756213	0	2.070892	0	0.186567
K06871	2.176045	0.2131956	0	0	1.33721	0.499995	0	17.142741	0	0.634978	10.821405	11.688894	1.17293	0	0.923081	0	0	3.07563	0.241597	0.238095	0.25	0.714285	0	1.4212461	1.84279895	0.647541	0	2.97897	2.245892	0	0	0.398378	3.272992	0.32831	0	1.025014	4.6874621	0.0885167	0	2.269999	0	1.1299934	1.889949	0.933174	0.734378	4.939108	0.694404	0.119048	0	0.241597	1.19048	10.899502	0	0.117371	0.238096	0.4126343	0	1.014764	0.833334	0	2.799059	0.513403	0.238095	2.60253	2.655929	1.11959	9.070771	0.475397	0.160784	0.129199	0	0	1.750794	0	1.452659	2.029905	0	4.69482	11.530523	0.10873	0.425674	0.892955	2.284915	2.6052652	1.694543	28.272447	0.355466	0	1.864738	1.459027	0.129534	2.648358	3.298809	12.93628	0	0	0	0.2090569	0.239234	1.37833	0	12.640529	0	0	0	2.35805	0.536622	0.8350903	1.8595937	0.707283	2.181543	1.241037	0.575934	1.811134	0	1.3707271	0	0.119048
K01601	0.144509	0	0	0	0	0.245665	0	0.289017	0	0	0.432563	0.803468	0.578034	0	0.567437	0	0	0.144509	0	0	0	0.342466	0	0	0.106936	0	0	0	0	0	0	0	0.703955	0.289018	0	0	0	0.277457	0	0.251445	0	0.144509	0	0.140845	0.144509	0.458041	0.288184	0	0	0	0	1.665704	0.144509	0	0	0.144092	0	0	0	0	0	0	0	0	0.144509	0	0.512525	0.144509	0	0.117534	0	0	0.289017	0	0.775992	0.684064	0	0.144509	0.372832	0	0.144509	0.223507	0	0.140845	0	0.4389769	0	0	0.285354	0	0	0	0	0.61368	0	0	0	0	0	0	0.289017	1.987668	0	0	0	0	0.432277	0.128722	0	0	0	0	0.144509	0	0	0	0	0
K19411	0.876923	0	0	0.382051	0	1.1576922	0	1.79231	0	1.061538	0.892857	0.941102	0	0	1.230769	0	0	0.769231	0	0	0	0	0	0	0.5367167	0.310256	0	0.410714	0	0	0	0	0	0	0	0	2.606732	0.769231	0	0.182051	0.49505	0	0	0	2.261542	1.710256	0	0	0.384615	0.533333	0	3.035212	0	1.315385	1.556407	2.551089	0	0	0	0	0	1.641025	0	0	0.379487	3.107693	0.651282	0	0	0	0	0	0.492308	0	0	1.002563	0	0.416667	0.877101	0.925641	0.3948718	0.120513	1.68462	0.733333	0	13.0922918	0.0820513	0	0	0	0	0	0.615384	4.5605704	0	0	0	0	0.330769	0.333333	0	1.723076	0	0	0	0.384615	0	0.474359	0.602564	0	0	0	0	0	0	0.676923	0	0
K00057	0	0	0	0	0	0	0	0	0	0	0	0	0	0	0	0	0	0	0	0	0	0	0	0	0	0	0	0	0	0	0	0	0	0	0	0	0.353357	0	0	1.41225	0	0	0	0	0	0	0	0	0	0.666667	0	1.31449	0	0	0	0	0	0	0	0	0	0	0	0	0	0	0.121319	0	0	0	0	0	0.176678	0	0	0	0	0	0	0	0	0	0	0	0	0	0	0	0.176678	0.106007	0	0	0	2.08481	0	0	0	0	0	0	0	3.24499	0	0	0	0	0	0	0.353357	0	0	0	0	0	0	0	0	0
K06861	0	0	0	0	0	0	0	0	0	0	0	0	0	0	0	0	0	0	0	0	0	0	0	0	0	0	0	0	0.944444	0	0	0	0	0	0	2	0	0	0	0	0	0	0	0	0	0	0	0	0	0	0	0	0	0	0	0	0	0	0	0	0	0	0	0	0	0	1.33333	0	0	0	0	0	0	0	0	0	0	0	0	0	0	0	0	0	0	0	0	0	0	0	0	0	0	0	0	0	0	0	0	0	0	0	0	0	0	0	0	0	0	0	0	0	0	0	0	0	0	0
K03340	0	0	0	0	0	0.181818	0	0	0	0	0	0	0	0	0	0	0	0	0	0	0.361011	0	0	0	0	0	0	0	0	0	0	0	0	0	0	0	0	0	0	0.168485	0	0	0	0.363636	0	0	0.181818	0	0	0	0	1.27273	0	0	0	0	0	0.361111	0	0	0	0	0	0.902527	0	0	0.365591	0	0	0	0	0	0	0	0	0	0	0	0	0	0.375451	0.181818	0.280556	1	0.257202	0.545455	0	0.181818	0.417733	0.900018	0.197222	0	0.363636	5.873939	0	0	0	0	0	0	0	4.64753	0	0	0	0	0	0.180606	0.181818	0	0	0	0.181818	0.283636	0	0.98092	0	0
K14652	0	0	0	0	0	0	0	0	0	0	0	0	0	0	0	0	0	0	0	0	0	0	0	0	0	0	0	0	0	0	0	0	0	0	0	0	0	0	0	0	0	0	0	0	0	0	0	0	0	0	0	1.53472	0	0	0	0	0	0	0	0.198198	0	0	0	0	0	0	0	0	0	0	0	0	0	0	0	0	1	0	0	0	0	0	0	0	0	0	0	0	0	0	0	0	0	0	0	0	0	0	0	0	0	1.40278	0	0	0	0	0	0	0	0	0	0	0	0	0	0	0	0
K18302	0	0	0	0	0	0	0	0	0	0	0	0	0	0	0	0	0	0	0	0	0	0	0	0	0	0	0	0	0	0	0	0	0	0	0	0	0	0	0	0	0	0	0	0	0	0	0	0	0	0	0	0	0	0	0	0	0	0	0	0	0	0	0	0	0	0	0	0	0	0	0	0	0.241135	0	0	0	0	0	0	0	0	0	0	0	0	0	0	0	0	0	0	0	0	0.964539	0	0	0	0	0	0	0.531915	0	0	0	0	0	0	0	0	0	0	0	0	0	0	0	0	0
K04083	0	0	0	0	0	0.657407	0	0	0	0	0	0	0	0	0	0	0	0	0	0	0	0	0	0	0	0	0	0	0	0	0	0	0	0	0	0	0	0	0	0	0	0	0	0	0	0	0	0	0	0	0	0	0	0	0	0.694444	0	0	0	0	0	0	0	0	0	0	0	0	0	0	0	0	0	0	0.563786	0	0	0	0	0	0	0	0	0	0.66118	3.523581	0	0	0	0	0	0.0946502	0.447188	2.36488	0	0	0	0	0	0	0	0	0	0	0	0	0	0	0	0	0	0	0	0	0	0	0	0
K01265	3.906612	0.0611916	0	0	2.02738	3.518517	0	17.75846	0	10.693061	18.675576	27.806748	7.294684	0	2.2528185	0.721417	0.724638	4.20612	0	1.37198	0.954911	0.483092	0.523349	3.130439	1.3252823	7.30383	0	4.305959	15.6844	0	1.44767	0	0.724638	0.677939	0.483092	2.062804	3.623186	2.16586	0.236715	14.283454	0.447665	5.47504	13.3446	4.35427	1.449276	7.252811	0.966184	0	6.18679	4.14332	0	61.91979	0	2.057968	2.919481	34.20791	0	0.339774	0.244767	0	6.27536	17.13527	0	24.71015	0	0.191626	11.194856	3.178746	0.483092	1.3268943	0.483092	0.041868	60.803566	0.483092	25.565239	0.563607	0	0.2592594	0.241546	5.88146	3.349435	1.53301	2.431566	5.19002	3.049924	5.887281	0.241546	0.483092	1.67311	2.302736	0.241546	1.86795	4.74879	14.541111	0.241546	0	0	0.724638	0	0	0.724638	10.5169	0.183575	0.966184	0	0.360709	0.966184	0.238325	0.241546	0.164251	0.479871	1.666666	0	8.590735	0	2.06441	0	0
K06180	0	0	0	0	0	0.886208	0.49505	4.4352546	0	1.879244	3.6807637	8.877208	0	0	0.593509	0	0	0.8770556	0	0.300852	0	0	0.0187135	0.634266	0.193798	0.217391	0	0.8667494	2.374812	1.565323	0	0	1.736797	0	0	1.06493	2.000275	1.14208	0	2.5942718	1.087397	1.344952	0.912993	0.387597	1.32526	2.564296	0.415278	0	0.8074147	0.825844	0	8.874716	0.597826	0	0	3.025467	0	0.56618	0.193798	0	2.265739	0.9593272	0	3.845165	2.6958492	0.364964	3.427284	0.369237	1.015708	0	0	0	9.710571	0	0.8787526	1.804819	0	1.38156	2.3772167	1.511707	0.310412	0.52381	1.318691	1.3878048	2.620301	14.3861646	0.271739	0	0.825074	0.8659067	0	0.3311006	2.079412	8.3252739	0	0	0	0	0	0	0	13.42702445	0	0	0	0.55088	0	0	0.54264	0.0711297	2.354439	0.0916667	0.41358	2.418879	0.333333	1.714429	0	0
K06041	0	0	0	0	0	0.72871	0	0.181265	0	0.619222	2.088692	2.1205828	0.415437	0	0	0	0.326034	0	0	0.182482	0	0	0	0	0.218341	0	0	0.600973	2.55474	0	0	0	0.364964	0	0	0.155718	0.182482	0	0	0.546229	0	1.139161	1.048662	0.84858	0	0	0	0	0	0.364964	0	16.806546	0.182482	0	0	4.044095	0	0.2046601	0.182482	0	0	0	0	0.574713	0	0	1.993135	0.0474453	0	0.182482	0	0	8.614345	0	1.506083	0	0	0	0	0.839667	0.47834	0	1.03285	0.142336	0.487835	4.380141	0	0	0.4941561	0.080292	0	0	0	4.2616107	0	0	0	0	0	0	0	4.183035	0	0	0	0	0	0	0	0	0.182482	0	0	0.909964	0	1.126521	0	0
K00969	0.791398	0	0	0	0.597849	0	0	2.911831	0	1.763441	2.572043	3.202147	0	0	1.449462	0	0	0.787096	0	0.322581	0.774194	0	0	3.43656	0.507527	0	0	0.744086	1.12903	0	0	0.645161	0.135484	0	0	0	0.698925	0.129032	0	0.449463	0.967742	0	1.51613	1.52258	0.625806	1.558911	0	0	0.380645	0.645162	0	1.203495	0	0.866667	0.243011	3.891666	0	0.322581	0	0	0.724731	1.783439	0	3.006452	1.612903	0.258065	2.049462	0	0	1.00215	0	0	11.675274	0	1.309678	0.686022	0.322581	1.3914	1.28172	0.322581	0.0774194	1.040861	0	0.843011	0	2.830103	0.967742	0	0	0	0.322581	0	0.15914	2.367745	0	0	0	0	0	0	0	4.492479	0	0	0	0	0	0	0.645162	0	0.101075	0	0	1.280193	0	0.253763	0	0
K07095	0	0	0	0	0	0	0	0	0	0	0.764367	0	0	0	0	0	0	0	0	0	0	0	0	0	0	0	0	0.431034	1.205017	0	0	0	0	0	0	0	0	0	0	0.966269	0	0	0	0	0	0	0	0	0	0.431034	0	3.117818	0	0	0	0.172414	0	0	0	0.140805	0	0.862069	0	0	0	0	0.0862069	0	0.215517	0.359195	0	0	3.38622	0	1.706165	0	0	0	0.767677	0.5267787	0	0	0.517241	0.862068	0	6.512973	0	0	0.431034	0.431034	0	0	0	0.859195	0	0	0	0	0	0	0	3.824714	0	0	0	0	0	0.373563	0.358255	0	0	0	0	0	0	1.160919	0	0
K01886	1.025226	0.2078841	0	0.479299	0	0.5701021	0	12.747777	0	0.1673436	3.7145573	3.0147725	1.421775	0	1.337273	0.51829	0.182754	0.625483	0.313242	0.123457	0	0.19305	0	2.051192	0.976508	0.120192	0	0.8682224	0.0965251	0	0	0.657143	1.187968	0.4291181	0	0.340717	5.762782	0.19305	0	1.044031	0.276062	1.0678821	1.199496	1.69319	2.28416	5.338194	0	0.0649038	1.183821	0.844822	0	3.6366816	0.341463	0.4734647	0.9176466	2.7898126	0	0.6597341	0.0965251	0.124196	2.097141	2.571803	0.581867	2.3193533	1.853558	2.377764	5.65153	0.7100221	0.103365	0.3849113	0	0	4.750807	0	0.196078	2.5384478	0.0965251	1.106449	4.598838	0.8106227	0.1945643	2.263957	0.8056731	1.0604431	0.722097	14.4341994	0.220192	0	1.403315	0.482625	0.3083891	0.710994	1.92283	4.1994795	0	0	0.101346	0.343643	0	0	0	8.092198	1.468553	0	0	0.711983	0.1660566	0	0.7823441	0.5187651	2.095981	0.118765	0.0963455	2.2210617	0	0.773468	0	0
K03768	1.7929804	0	0	3.284088	0.803509	4.779411	0	17.588848	0	3.672936	5.358794	15.528167	0.803509	0	1.715311	0	0	3.331345	0	0.395833	1.01754	1.463158	0	1.723728	2.30175454	0	0	3.031579	4.03859	0	0	0	4.660206	0.305263	0	2.4912251	4.905745	0.526316	0.295455	2.835085	0	0.8	6.182993	3.056138	3.392979	4.147373	0	0	1.389912	0.785965	0	10.152788	0.122807	0.526316	0.617544	5.558022	0	2.844519	0	0	2.93333	3.052866	0	7.877977	0.8874997	7.259654	2.367307	2.319255	0	0.242105	0	0	18.33935	0	1.308772	5.458214	0.526316	0.526316	4.000442	2.068842	0	1.905263	2.712276	5.652636	1.57895	16.9157728	1.217544	0	1.395422	0.652632	0.221053	1.052632	0.968421	7.600052	0	0	0	0	0	0	0	8.95087	0	0	0	0	0	1.466667	0.405263	0.129825	0	0.421053	0.2	0.880702	0	1.05263	0	0
K01749	0	0	0	0	0	0	0	0	0	0	0	0	0	0	0	0	0	0	0	0	0	0	0	0	0	0	0	0	0	0	0	0	0	0	0	0	0	0	0	0	0	0	0	0	0	0	0	0	0	0	0	0	0	0	0	0	0	0	0	0	0	0	0	0	0	0	0	0	0	0	0	0	0	0	0	0	0	0	0	0	0	0	0	0	0	0	0	0	0	0	0	0	0	0	0	0	0	0	0	0	0	0	0	0	0	0	0	0	0	0	0	0	0	0	0	0	0	0
K01733	0	0	0	0	0	0.363067	0	2.28333	0	0.111111	0.444444	0.222222	0	0	0	0	0	0	0	0	0	0	0	0.318471	0.581741	0.111111	0	0.222222	0.222222	0	0	0	0	0	0	0	0.333333	0	0	0.333333	0	0.183704	1.08667	1.506953	0	0.272727	0	0	0.111111	0.111111	0	4.016236	0	0	0	2.8343757	0	0.111111	0.332593	0	0	0.0911111	0	0.444444	0	0.454545	0.620052	0	0	0	0	0	4.745742	0	0.222222	0	0	0.454545	0	0.764906	0	0.111111	0.222222	1.305186	0.448575	1.413333	0	0	0	0.322222	0.388148	0	1.076852	3.145921	0	0	0	0	0	0.473934	0	8.912222	0	0	0	0	0	0.594815	0	0	0	0	0	0.874814	0	0.558529	0	0.222222
K04761	0	0	0	0	0	0	0	2.037241	0	0	0.198413	0	0	0	0	0	0	0.226244	0	0	0	0	0	0.547746	0.0859788	0	0	0.198413	0	0	0	0	0	0.233177	0	0.390351	0.452489	0.321117	0	0	0	0	0	0	0	1.4179593	0	0	0	0	0	0.793651	0	0.434742	0	0.132616	0	0	0	0	0	0.542328	1.06085	0.328947	1.25265	0.775862	0.555191	0	0	0.198413	0	0	1.38889	0	0	0.370424	0.119048	0	0.595238	0.198413	0.198413	0.203552	0	0.4589953	0.282486	5.833603	0	0	0	0	0	0	0.198413	2.362683	0	0	0	0	0	0	0	1.387563	0	0.493387	0	0	0	0	0	0.198413	0.102667	0	0	0	0	0	0	0
K00832	0	0	0	0	0	0.682149	0	0	0	0	1.137372	0.458716	0.273224	0	0	0.136612	0	0	0	0	1.456903	0	0	0	0	0	0	0.261384	0	0	0	0	0	0	0	0	0	0	0	0.858834	0	0.844087	4.320913	0.0182149	0	0	0	0	0	0.136612	0	0.296903	0	0	0	4.146438	0	0.3897995	0	0	0	0	0	0	0	0.136612	0.273224	0	0	0	0	0	1.67122	0	0.803279	0	0.136612	0	0	0	0	0	0	0.912418	0	1.316488	0	0	0.363388	0.367942	0	0.136612	2.423891	2.666386	0	0	0	0	0	0	0	1.673003	0	0	0	0	0	0	0	0	0	0	0	0.324685	0	0	0	0
K02232	0	0	0	0.1198829	0	0	0	1.705455	0	0.767544	2.303882	1.267548	0	0	0.426643	0	0	0.561145	0	0.109649	0	0	0	0.109649	0.245098	0.274854	0	0.542397	0.745614	0	0	0	0.219298	0.159357	0	0.109649	0.425911	0	0	0	0.122549	0.520468	1.754386	0.757309	0.282164	2.052073	0	0	0.657895	0.0592105	0	3.432018	0.328947	0	0	1.417397	0	0.0489766	0	0.715909	0.845459	0.109649	0	0.6388887	0.109649	0.1966373	1.258429	0.328947	0	0.0131579	0	0	5.185631	0.244281	0.323099	0.709494	0.0972222	0.503655	0.836257	0.328947	0	0	0.108918	0.328947	0.219298	0.5628654	0	0	0.296784	0.109649	0.431579	0.260965	0.328947	2.220763	0	0	0	0	0	0	0	1.947368	0	0.0826023	0	0	0	0.109649	0.438596	0.219298	0.109649	0.109649	0.109649	0.912281	0	0.219298	0	0
K03601	0.418994	0	0	0.27933	0	0	0	2.7802626	0	0.263501	2.387338	2.180539	0	0.296736	1.0000212	0	0.112164	0.32216	0	0.27933	0.139665	0	0	0.139665	0.575135	0	0	0.139665	1.357225	0	0	0	0.837989	0	0	0.880069	0.792232	0	0	0	0	0.720121	1.93389	0.27933	0.0614525	1.101889	0	0	0.139665	0	0	1.6913051	0	0.55866	0	1.477657	0	0.142857	0	0	1.5440135	1.399656	0	0.754737	0.612663	0.393855	2.192982	0.266294	0	0	0	0	0.837989	0	0.27933	1.328843	0	2.465757	1.638731	0	0	0.572626	0.139665	0.866629	0.673652	3.767774	0.139665	0	0.27933	0.27933	0.1843577	0.139665	0.2895715	1.842647	0	0.139665	0	0	0	0	0	6.7459983	0.139665	0	0	0	0	0.27095	0.6952432	0	0	0	0	0.412477	0	0.606866	0	0
K04771	0	0	0	0	0	0.2914627	0	0	0	0	0.47619	0	0	0	0	0	0	0	0	0	0	0	0	0	0	0	0	0.343915	1.21058	0	0	0	0	0	0	0	0	0	0	0	0	0.19305	0	0.15873	0	0	0	0	0	0	0	1.268782	0	0	0.474684	4.181059	0	0	0	0	0	0	0	0	0	0	0.447447	0	0	0	0	0	1.855878	0	0.26455	0	0	0	0	0	0.15873	0	0.316456	0.919577	0.184127	0.952381	0	0	0.19305	0.15873	0	0	0	1.485713	0	0	0	0	0	0	0	1.58624	0	0	0	0	0	0	0	0	0	0	0	0.157672	0	0.475688	0	0
K03312	1.005232	0	0	0.930612	0	2.814489	0	1.877007	0	1.710667	3.9986604	2.447531	1.148742	0	7.854105	1.28172	0	5.223887	0	0.546448	0.347222	0.273224	0.135701	1.334373	0.164583	0.767201	0	2.394436	3.31767	0.407715	0	0.136612	1.204295	0	0	0.809101	4.042388	1.92766	0	1.617569	0	1.035334	7.0414171	4.694722	1.69171	0.136612	0.663225	0.26738	0.188948	2.062791	0	19.888276	0	0.3125	2.147688	4.36219	0	0.772862	0.846662	0.56129	0.704651	6.185713	1.186634	0.808714	0	0.201613	3.090751	1.132881	0.387673	0.3921902	0	0.273224	8.422806	0	0.91439	1.2026711	4.810693	0.0884615	16.373504	1.859746	1.19043	3.6518812	1.092328	3.662122	2.440975	10.238251	0	0	2.795501	0.895264	0.466645	1.11175	0.689435	4.345285	0	0	0.136612	0.136612	0.273224	0.273224	0.446835	70.293025	0	0.247723	0	1.909553	0	2.398036	8.704303	1.173988	2.263363	2.880339	0.520498	9.182374	0.403992	2.500698	0	0.929622
K05311	0	0	0	0	0	0.68379	0	0	0	0.320776	0.192922	0	0	0	0	0	0	0	0	0	0.291096	0	0	0	0	0	0	0	0.692922	0	0	0.171233	0	0	0	0	0.35274	0	0	0	0	0	0.116438	0.856164	0	0	0	0	0	0.130952	0	0.342466	0	0	0	0.936073	0	0	0	0	0	0.0114155	0	0	0	0	0.010274	0	0	0	0	0	0.312785	0	0	0	0	0	0	0.171233	0	0	0.821429	0.511416	0.317352	0.171233	0	0	0	0	0	0.342466	0	0.8470321	0	0	0	0	0	0	0	0.557078	0	0	0	0	0	0.171233	0	0	0	0	0	0.171233	0	0	0	0
K01744	0	0	0	0.118483	0	2.301512	0	2.272167	0	0.118483	1.39789	0.26087	0	0	0	0	0	0	0	0	0.35545	0	0	0	0.0817805	0	0	1.056871	0.582938	0	0	0	0	0	0	0	1.6090072	0	0	0.702806	0	0.429042	1.317805	1.004482	0	0	0.626053	0	0	0.0331754	0	5.722751	0	0	0.236967	1.984644	0	0.15528	0.236967	0	0	1.438388	0	0	0	0.236967	0.236967	0.118483	0	0.436809	0	0	1.894943	0.236967	0.21643	0.680885	0.236967	0	0.118483	1.563486	0.582938	0.347551	0.668246	3.774093	0.977882	4.491054	0	0	0.236966	0.8278035	0	0.762243	0.50994	2.735866	0	0	0	0	0	0.668409	0	9.921987	0.15528	0	0	0	0	0	1.065561	0	0	0.118483	0	9.7914187	0	0.864312	0	0.2677717
K03779	0	0	0	0	0	0	0	0.59761	0	0	0	0	0	0	0	0	0	0.358566	0	0	0	0	0	0	0	0	0	0	0	0	0	0	0	0	0	0	0	0	0	0	0	0	0	0	0	0.132802	0	0	1	0	0	0.59761	0	0	0	0	0	0	0	0	0	0	0	0	0	0	0	0	0	0	0	0	0	0	0	0.199203	0	0.583001	0	0	0	0	0	0	0	0	0	0	0	0	0	0.173971	0	0.597609	0	0	0	0	0	0	0	0	0	0	0	0	0	0	0	0	0	0	0	0	0	0	0	0
K02517	2.436555	0.191571	0	1.016608	0	2.938367	1.341	11.091346	0	3.444996	12.45599184	14.777848	3.182347	0	4.464087	0.348748	0	3.5429261	3.414858	0.581068	0.513979	0	0.404858	6.261776	3.636138	0.602979	0	3.4227492	6.058477	0	0	0.493533	3.642136	0.82061	0.904153	0.986898	5.506081	0.2410949	0.199203	6.251506	1.362943	3.077699	3.513901	2.444561	2.454595	9.06927	0.574713	0	0.582345	0.895682	0	24.4707235	0.381865	1.781598	1.453417	6.3017736	0	2.263853	0	0.699377	7.933384	1.860075	0.901599	8.8410709	3.055631	3.970609	13.457102	1.266922	0.4242852	0.879719	0	0.355045	27.493401	2.39044	6.490377	8.207509	0.398406	4.789554	9.3800882	2.2820744	0.851416	2.08429572	5.356566	5.126887	1.859315	28.349987	0.7217561	0	2.617694	0.868526	0.20108	0.745877	3.107606	14.668188	0.199203	0	0	0.199203	0.483092	0.263158	0	23.932821	0.37594	0	0	2.437487	0	0.118194	3.108714	1.550339	1.318868	0.878912	0.873597	3.195847	0	2.03711	0	0
K00796	0	0	0	0	0	0	0	0.296784	0	0.219298	0.747581	0.436681	0	0	0	0	0	0	0	0	0.219298	0	0	0	0	0	0	0	1.168128	0	0	0	0	0	0	0.173977	0	0	0	1.09649	0	0.219298	1.71345	0.873362	0	0	0	0	0	0	0	3.5912844	0	0	0	0.509461	0	0	0	0	0	0	0	0.219298	0	0.128093	1.020972	0.436681	0	0.204678	0	0	6.00488	0.438596	0.323144	1.28967	0	0	0	0.219298	0	0	0	0.200292	0.436681	1.296407	0	0	0	0	0.219298	0	0.443566	1.4976813	0	0	0	0	0	0.00292398	0	3.841824	0	0	0	0	0	0	0	0	0	0	0	0.577875	0	0.135371	0	0
K02551	0	0	0	0	0.17316	0	0	0	0	0.0917431	0.1310177	0.3356792	0.861111	0	0	0	0	0	0	0	0	0	0	0	0	0	0	0.0914077	0	0	0	0	0	0	0	0	0	0	0	0.456614	0	0.366972	0	0	0.0909091	0.1633111	0	0	0	0	0	0.767937	0	0	0	0.0450945	0	0	0	0	0.5457488	0.0914077	0	0	0.544836	0	0.8838045	0	0	0	0	0	0.934319	0	0.176147	0	0	1.1448314	0.134039	0.103448	0	0.0652041	0.840336	1.1780511	0	0.574156	0	0	0	0.276448	0	0	0	0.8802737	0	0	0	0	0	0	0	2.1320337	0	0	0	0	0	0	0	0.0927644	0	0	0	0	0	0.0982318	0	0
K03326	0	0	0	0	0	0.953795	0	0.718391	0	0.0177994	0	0	0	0	0	0	0	0	0	0	0	0	0	0.287356	0	0	0	0	0	0	0	0	0	0	0	0	0	0	0	0.383673	0	0	0	0	0	0	0	0	0.0632184	0.208738	0	0	0	0	0	0.617664	0	0	0	0	0	0	0	0	0	0.123762	0.654158	0	0	0	0	0	0	0	0	0.205502	0	0	0	0	0.123762	0	0	0	0.471122	0	0	2.58168	0.2156332	0	0	0.132979	0.256741	1.12624	0	0	0	0	0	0	0	0	0	0	0	0	0	0	0	0	0	0	0	0.370462	0	0.438596	0	0
K01937	1.1431756	0	0	0.328947	0	1.359778	0	16.604339	0.102669	0.902951	4.9246493	9.474052	0.4934975	0	2.06737	0.657895	0.328947	1.489232	0.390625	0.2888431	1.613519	0.410678	0.449692	2.826707	1.586563	0.102669	0	0.89108224	0.5766477	0	0	0	1.02669	0.457906	0.410678	0	2.029814	0	0	1.1338737	0	2.733698	1.805178	3.170315	3.059479	3.217495	0.102669	0	1.19971	0.34598455	0	10.354062	0.0260096	0.7266651	0.703907	2.482865	0.102669	1.4232104	0	0	3.108294	5.704686	0.164474	2.459031	1.55305	2.3095049	8.36627	0.6876628	0.333084	1.141653	0	0	12.07802	0.179329	1.338124	5.637918	0	1.760092	3.032695	1.0493189	0.102669	0.852573	1.783958	2.261604	1.246329	11.6254383	0.164474	0.161812	0.7946155	0.88334	0.205338	0.730654	1.362233	7.57782	0	0	0	0.308451	0.205339	0	0.0123203	12.237891	0.177936	0	0	0.6123185	0.415277	0.7453893	3.345615	0.341297	1.0444265	0.7802	0	2.3591345	0	3.352173	0	0
K04652	0	0	0	0	0	0	0	0	0	0	0	0	0	0	0	0	0	0	0	0	0	0	0	0	0	0	0	0	0	0	0	0	0	0	0	0	0	0	0	0	0	0	0	0	0	0	0	0	0	0	0	0	0	0	0	0	0	0	0	0	0	0	0	0	0	0	0	0	0	0	0	0	0	0	0	0	0	0	0	0	0	0	0	0	0	0	0	0	0	0	0	0	0	0	0	0	0	0	0	0	0	0	0	0	0	0	0	0	0	0	0	0	0	0	0	0	0	0
K01875	0	0	0	0	0	0	0	0	0	0	0	0	0	0	0	0	0	0	0	0	0	0	0	0	0	0	0	0	0	0	0	0	0	0	0	0	0	0	0	0	0	0	0	0.615385	0	0	0	0	0	0	0	0	0	0	0	0	0	0	0	0	0	0	0	0	0	0	0	0	0	0	0	0	0	0	0	0	0	0	0	0	0	0	0	0	0	0	0	0	0	0	0	0	0	0	0	0	0	0	0	0	0	5.12821	0	0	0	0	0	1.36752	0	0	0	0	0	0	0	0	0	0
K01495	0	0	0	0	0	0	0	0	0	0	0	0	0	0	0	0	0	0	0	0	0	0	0	0	0	0	0	0	0	0	0	0	0	0	0	0	0	0	0	0	0	0	0	0	0	0	0	0	0	0	0	0	0	0	0	0	0	0	0	0	0	0	0	0	0	0	0	0	0	0	0	0	0	0	0	0	0	0	0	0	0	0	0	0	0	0	0	0	0	0	0	0	0	0	0	0	0	0	0	0	0	0	0	0	0	0	0	0	0	0	0	0	0	0	0	0	0	0
K01693	0	0	0	0	0	0	0	0	0	0	0	0	0	0	0	0	0	0	0	0	0	0	0	0	0	0	0	0	0	0	0	0	0	0	0	0	0	0	0	0	0	0	0	0	0	0	0	0	0	0	0	0	0	0	0	0	0	0	0	0	0	0	0	0	0	0	0	0	0	0	0	0	0	0	0	0	0	0	0	0	0	0	0	0	0	0	0	0	0	0	0	0	0	0	0	0	0	0	0	0	0	0	0	0	0	0	0	0	0	0	0	0	0	0	0	0	0	0
K04086	0.959985	0	0	0	0	2.357966	0	0.145985	0	0.0729927	0.615677	0.255123	1.359021	0	1.1925231	0.126263	0	0	0	0.145985	0.33054	0	0	0	0.325203	0	0	0.1459854	0.0729927	0	0	0	0	0	0	0	0.2327367	0	0.632479	0.178571	0	0.2764925	1.13187	1.2191046	0	0.126263	0	0	0	1.012505	0	2.5597019	0	0	1.329732	0.75970024	0	0	0	0	0	0	3.32114	0	0	0	0	0	0	0	0	0	5.159407	0.249147	1.0108637	0.485877	0	0	0.126263	0.3596657	0	0	0	0.305729	0.287356	3.177359	0	0	0	0.367397	0	0.166667	0	1.1598307	0	0	0	0	0	0	0	1.24784	0	0	0	0	0	0	0	0	0	0	0	0	0	0.0729927	0	0
K04744	0.244302	0	0	0.538462	0	2.226131	0	5.098968	0	2.49198	6.411177	13.27382	2.560661	0	1.923155	0	0.320513	0	0	0.320513	0.304616	0.911869	0.375356	0.11236	1.543234	0	0	1.7049	1.983419	0	0	0	0.3073401	0.178571	0.42735	1.592756	3.077407	0.835528	0	2.183366	0.106838	2.080467	3.071988	2.196984	0.459596	0.267806	0.572354	0	0.09274291	0.10661	0	13.72041	0	0.0413105	0.639659	5.5306334	0.0843254	0.87973126	0.359363	0	0.0434473	1.299258	0.68661	0.886821	0	0	3.212291	0.441368	0.118946	0.423562	0	0	28.789971	0.464931	2.166772	0.223647	0.105413	0.8317153	5.87756	1.426626	1.02956	1.479403	2.912968	4.51558	2.536829	13.099358	0	0.178571	0.768907	1.067692	0.10661	1.4256835	1.381855	12.26419	0.0861823	0	0	0.1616806	0.358025	0	0	24.19166	0	0.412935	0	0.1536255	0.251984	0.1402491	1.950343	0	0	0.357143	0.445942	2.694474	0.125628	3.316352	0.5	0.31746
K07010	0	0	0	0	0	0	0	0	0	0	1.382661	0	0	0	0.4285147	0	0	0	0	0	0.113367	0	0	0	0	0.455635	0	0.11479	0	0	0	0	0	0	0	0.0879865	0	0	0	0.507614	0	0	0	0	0	0	0	0	0	0.132997	0	3.89002	0	0	0	0.101523	0	0	0	0	0	0	0	0.331126	0	0	0.253807	0.331641	0	0	0	0	0.832487	0	1.394332	0	0	0	0.778816	0	0	0	0.761421	1.015228	1.01523	0.991939	0	0	0	0.988156	0	0	0.891709	2.1085196	0	0	0	0	0	0	0	9.7512712	0	0	0	0	0	0.253807	0.2026011	0	0	0	0	0	0	0.204738	0	0.138748
K00930	0	0	0	0	0	0	0	0.373134	0	0	0	0	0	0	0	0	0	0	0	0	0	0	0	0	0	0	0	0	1.271184	0	0	0	0	0	0	0.211864	0	0	0	0	0	0	0.795897	0	0	0	0	0	0	0	0	0	0	0	0	2.711556	0	0.342679	0	0	0	0	0	0	0	0	0	0	0	0	0	0	0	0	0	0	0	0	0	0	0	0	0	0	0	0	0	0	0	0	0	0	0.211864	0.422316	0	0	0	0	0.211864	0	0	1.906776	0	0	0	0	0	0	0.211864	0	0	0	0	0	0	0	0	0
K03169	0.3517773	0	0	1.0749631	0	0.1396691	0	6.671324	0	0.0694444	1.3250768	0.901414	0.277778	0	0	0	0	1.247394	0	0.0694444	0.1450874	0	0.151286	0.5359296	1.1769482	0.0171296	0	0.112037	0.255556	0	0	0.230415	1.818379	0	0.810811	0	0.984712	0	0	0.0859107	0.178571	0.1388888	0	0.4169837	0.402252	0.94678	0.691244	0	0.230415	0.404505	0	2.6874616	0	0.555356	0	0.4331331	0	0.28058086	0	0	0.2669015	0.3046813	0	1.33333	0.472973	0.536	2.2897928	0.277895	0	0	0	0	5.52938	5.41132	0.22549	0.2699966	0	0.202703	2.5137756	0.462963	0.178571	0.4617981	0.516846	0.481482	0.0467593	1.5778987	0.135135	0	0.0859107	0.0694444	0	0	0.1388888	1.1713974	0	0	0.0859107	0.0702247	0	0	0	2.3519745	0	0.186916	0	0	0	0	0.1811042	0	1.056381	0.4418627	0	0.6948338	0	0.280899	0	0.0859107
K01883	0.572094	0	0	0	0	0.4152173	0	3.917024	0	1.61248	2.605536	2.888848	0.2217094	0.0296804	0.229628	0	0	0.65148	0.230947	0.117925	0.114155	0	0.461894	0	0.493151	0	0	1.024173	1.905862	0	0	0	0.711271	0	0	1.036403	1.64557	0	0	1.056419	0.115473	0.152425	0	0.461894	0	0.461894	0	0	0.229628	0.348871	0	3.600303	0	0.345498	0.346792	0.702973	0	0.849814	0	3.115473	1.114284	1.1407089	0	1.794425	1.50115	0	1.933422	0	0	0.461893	0	0	4.760625	0	1.0847153	0.350215	0	0.915556	0.3734026	0.205189	0.220264	0.799087	0.773672	2.233909	0.3504254	6.076057	0.114155	0	0.7052712	0.792918	0.233398	0.657429	1.56428	5.885841	0	0	0	0	0	0	0	4.389742	0	0	0	0	0.114155	0.460575	0.115473	0.342466	0.9290153	0.115473	0	1.409416	0	1.142447	0	0
K07456	0.0655308	0	0	0.285714	0	0.2853108	0.230947	0.7408778	0	0.327305	1.6238538	4.8405691	0	0.0739645	0.6697666	0	0	0.4835608	0	0.130625	0.261812	0	0	0.3562341	0	0	0	0	0.960402	0	0	0	0.505281	0.199203	0	0	0.90752	0.226244	0	0.366032	0	0.1370616	0	0.196592	0.144928	0.8812156	0.0823723	0	0	0.10142	0	2.5270838	0	0.0358127	0	1.4862212	0.0655308	0.350893	0	0	1.082527	0.9015383	0	1.0249018	0.78637	0.5287648	2.1141346	0	0.679654	0.2277491	0	0	1.2230218	0	0.5748679	1.1683708	0	2.028758	2.6993007	0.0655308	0.452246	0.5684898	0.5346388	0.606914	0.0771108	2.6601666	0	0.0655308	0.46729	0.36298	0	0.2549248	0.2092868	2.473264	0	0	0	0	0	0	0.125212	1.4784722	0	0	0	0	0	0.2747385	0.493094	0	0.5273428	0	0	0.688444	0	1.138697	0	0
K09002	0	0	0	0	0	0	0	0	0	0	0	0	0	0	0	0	0	0.280899	0	0	0	0	0	0	0	0	0	0	0	0	0	0	0	0	0	0	0	0	0	0	0	0	0	0	0	0.17603	0	0	0	0	0	0	0	0	0	0	0	0	0	0	0	0	0	0.859551	0	0	0	0	0	0	0	0	0	0	0	0	0	0	0	0	0	0	0	0	0	0	0	0	0	0	0	0	0	0	0	0	0	0	0	0	0	0	0	0	0	0	0	0	0	0	0	0.280899	0	0	0	0	0	0
K00435	0.2920962	0.2	0	0.407216	0	2.455678	0	5.09966	0	1.377832	8.261006	5.7592382	0	1.027492	2.680239	0.513746	0	3.583831	1.412371	0.482818	0.342762	0	0	2.5940396	2.206183	0.156357	0	2.417522	2.317866	0	0	0.450172	1.292097	0.0549645	0	0.820531	3.355671	0	0	0	0.513746	3.210832	4.92503	2.449104	1.219932	12.3486936	0	0	1.02921	2.7868949	0	31.395347	0	1.7892805	0.794965	3.798613	0	1.601375	0.0904255	0	3.060136	1.045661	1.52234	3.5966559	1.2732	0.357389	11.80182143	0.276243	0	0	0	0	5.927836	0	2.821096	5.250862	0.446736	7.540313	11.489088	1.113402	0.779703	1.548927	5.4831	4.216616	1.541674	9.7341313	0.751346	0	2.197098	0.333333	0	1.9540922	4.7972544	17.870858	0	0	0	0	0	0	0	20.253781	0.773196	2.320128	0	0.554983	0	0.2611687	3.6993114	1.806057	0.88488	2.644283	0	3.296797	0	1.4672519	0	0
K03797	0	0	0	0.176678	0	0	0	0.30303	0	0	1.53812	2.062353	0	0	0	0	0	0	0.35461	0.151515	0	0	0	0.0727273	0	0	0	0.2214238	0.151515	0	0	0	0.145455	0	0	1.25094	0.60606	0	0	2.4037818	0.176678	0.289813	0.454545	2.316444	0	0	0	0	0.298441	0	0	3.011213	0	0	0.0754148	1.645369	0	0.151515	0	0.151515	0.119192	0.606061	0	0.0131313	0	0	0.94796	0.151515	0	0.151515	0	0	8.931771	0	0.472028	0.29596	0.151515	0.4412358	0.30303	0.292929	0.455469	0	0.151515	1.430406	0.30303	1.878482	0.176678	0.3635354	0.059596	0.207071	0	0.35461	0.152439	2.285174	0	0	0	0	0	0	0	3.953676	0	0	0	0	0	0.396825	0	0.489577	0	0	0	0.603868	0	0.555829	0	0
K00782	0	0	0	0	0	4.191797	0	1.220187	0	0.721934	5.579697	0.450777	0	0	0.308642	0	0	0.143552	0	0.518134	1.345383	0.307427	0.445596	0	0.259067	0.259067	0	1.79965	0.654577	0	0	0	0.518135	0	0	0	0	1.072539	0	2.608168	0	1.678717	10.758208	4.079452	0.378136	0	0.259067	0	0.259067	0.364964	0	26.907405	0.107081	0.277778	0.777202	7.644132	0	0.842833	1.224525	0.308642	0	4.435345	0	2.587378	0	0	2.466308	0.516408	0.259067	0.648211	0	0	11.302738	0	2.110535	0.701754	0.719803	0	0	1.525047	0.1053541	0.158895	2.381652	5.9288391	2.372001	5.645537	0	0	0.680483	1.500867	0.373057	2.8981	6.480679	14.833263	0	0	0	0	0	0	0	34.853241	0	0.5872196	0	0	0	1.095006	1.380494	0	0	0.480287	0.259067	11.130406	0	2.157865	0	0.52677
K01604	0	0	0	0	0	1.267764	0	1.887924	0	1.73043	2.04565	1.77381	2.14275	0	0.33443	0.320261	0	0	0	0.458696	0.594928	0	0	0	0	0.326087	0	1.84565	6.00725	0	0	0	0.652174	0	0.217391	0.207675	1.66884	0.805072	0	4.13841	0.0163399	1.175785	10.891315	3.512783	0	0.108696	0.513631	0	0	0.187681	0	23.8419	0.217391	0	1.56884	5.85546	0	0.652174	0.545476	0	0	1.128374	0	1.16158	0	0	1.19493	0.605797	0	0.503623	0	0	24.93904	0.790068	2.371948	0.73749	0.217391	0	0.549451	3.29928	0.833333	0.438954	2.415206	1.540576	3.03562	2.254724	0.108696	0	0.835507	1.6971	0.108696	0.922464	0.971014	12.5669	0	0	0	0	0.2035041	0	0	8.694114	0.260346	0.217391	0	0	0	0	0.802484	0	0	0.326087	0.32984923	8.889504	0.217391	0.994667	0	0.333921
K01736	0	0	0	0.310053	0.757576	0	0	0.63492	0	0.341212	0.15873	0	0	0	0.0539683	0	0	0	0	0	0.32708	0	0	0.1153439	0	0	0	0	0	0	0	0	0	0	0	0	0	0	0	0	0	0.119577	0	0	0	0.0783069	0	0	0	0	0	2	0	0	0	0.3989415	0	0	0	0	0	0.132275	0	0	0	0	0.0539683	0	0	0	0	0	0.744974	0	0	0	0	0	0	0.31746	0.15873	0.15873	0	0	0	0.63492	0	0	0	0.527544	0.115344	0	0	0.0380952	0	0	0	0	0	0	0	0.16835	0	0	0	0	0	0	0	0	0	0	0	0.47619	0	0	0	0
K00648	2.28132	0	0	1.01891	0	0.4917258	0	5.270596	0.531915	0.885343	4.151211	3.904167	3.400626	0	0.6513	0.206856	0	1.83452	0.121749	0.177305	0.589352	0	0.101655	2.11229	0.177305	0.531915	0	1.977897	1.818677	0.0567376	0	0.177305	2.91962	0.646572	0.245863	0.138298	1.592198	0	0	1.825059	0	0.437352	4.59693	2.146631	2.13002	1.85934	0	0	1.971547	0	0	8.417157	0	0.486998	1.595745	5.040194	0.177305	0.886525	0	0	1.79905	0	0	1.777775	1.74941	3.56383	3.34042	0.353428	1.165911	1.5000003	0	0.385343	10.54846	0	1.260045	1.583734	0.106383	1.19504	2.071014	1.202128	0.852246	1.476411	0.199203	1.068558	0.177305	5.543211	0.501182	0.6433806	1.1044334	0.501182	0	0.177305	0.717494	4.23085	0	0	0	0.177305	0	0	0	5.3467467	0	0	0	0.177305	0.177305	0.531915	0.2541372	0	1.3818	0.177305	0	1.826919	0	1.301479	0	0
K03522	0	0	0	1.97561	0	0	0	2.05714	0	0	0	0.99187	0	0	0	0	0	0	0	0	0	0	0	0	0	0	0	0	0	0	0	0	0	0	0	0	0	0	0	0	0	0	0	0	0	0	0	0	0	0	0	0.176056	0	0	0	0.176056	0	0	0	0	0	0	0	0	0	0	0	0.699187	0	0	0	0	0	0	0	0	0	0	0	0	0	0	0	0	0	0	0	0	0	0	0	0	0	0.352113	0	0	0	0	0	0	0	0	0	0	0	0	0	0	0	0	0	0	0	0	0	0	0	0
K00018	0	0	0	0.0758706	0	0	0	1.026818	0	0	0.745025	0.508706	0.373134	0	0.373134	0	0	0.756219	0	0	0	0	0	0.0771144	0.310945	0	0	0.187266	0	0	0	0	0	0	0	0	0.666667	0	0	0.0335821	0	0	0	0	0	0.401741	0	0	0.124378	0	0	0.2512436	0.146766	0.210084	0	0	0	0.186567	2.05	0	0	0.396651	0.559701	0.610581	1.118159	0.931047	0.899253	0.079602	0	0	0	0	0	0	0	0.289289	0	0	0.907252	0	0	0.186567	0	0	0	3.570894	0.559701	0	0.52654	0.186567	0	0	0.0771144	0.814677	0	0	0	0	0	0	0	0	0.274725	0	0	0	0	0	0.3893039	0	0.182836	0	0	0	0	0	0	0
K00997	0	0	0	0	0	0	0	0	0	0	0	0	0	0	0	0	0	0	0	0	0	0	0	0	0	0	0	0	0	0	0	0	0	0	0	0	0	0	0	0	0	0	0	0	0	0	0	0	0	0	0	0	0	0	0	0	0	0	0	0	0	0	0	0	0	0	0	0	0	0	0	0	0	0	0	0	0	0	0	0	0	0	0	0	0	0	0	0	0	0	0	0	0	0	0	0	0	0	0	0	0	0	0	0	0	0	0	0	0	0	0	0	1	0	0	0	0	0
K00941	0	0	0	0	0	0	0	0	0	0	0	0	0	0	0	0	0	0	0	0	0	0	0	0	0	0	0	0	0	0	0	0	0	0	0	0	0	0	0	0	0	0	0	0	0	0	0	0	0	0	0	0	0	0	0	0	0	0	0	0	0	0	0	0	0	0	0	0	0	0	0	0	0	0	0	0	0	0	0	0	0	0	0	0	0	0	0	0	0	0	0	0	0	0	0	0	0	0	0	0	0	0	0	0	0	0	0	0	0	0	0	0	0	0	0	0	0	0
K03168	0.0701262	0.1490457	0	0.143678	0	0.2606436	0	2.4973105	0	0.201613	1.6546172	1.2894619	0.132772	0	0.2820448	0	0	0.4614232	0	0	0.0985011	0	0	0.3787511	0.0833333	0.0110153	0	0.8513982	0.0729927	0.133244	0	0	0.330579	0	0.0701262	0.176245	0.6170763	0	0	1.2253982	0.1448318	0.334253	0	1.801037	0.2100791	0.4937811	0	0	0.248948	0	0	2.832138	0	0	0.106918	1.605521	0	0.108696	0	0	0.7560738	0.524529	0.132802	0.380736	0.316036	0.343237	0.5934183	0.236081	0.039272	0.0287124	0	0	0.8817472	0	0.807266	0.6593107	0	0.6682763	2.0390993	0	0	0.48995	0.538087	1.755455	0.0725689	5.2186877	0.3310078	0	0.6725202	0.269179	0	0.069541	0.352113	3.9712425	0	0	0	0.0729927	0	0	0	5.2099919	0	0.044475	0	0.3546902	0.165563	0	0.5175856	0	1.320567	0	0	0.56654	0.0687758	0.2852258	0.132802	0.1194886
K00793	0	0	0	0.295858	0	0.203252	0	4.433929	0	0	0.554865	2.053748	0	0	1	0	0	0	0	0.291913	0	0	0	0.968442	0	0	0	0.402367	0.727811	0	0	0	0	0.561798	0	0	0.533334	0.376726	0	0.246548	0	0.779529	0.649351	0	1.18935	2.47929	0	0	0.295858	0	0	2.201186	0	0.295858	0.293886	1.008383	0	0.295858	0	0	0.813793	0	0	1.0572	0.0453649	0.341223	0.6999589	0.913979	0	0	0	0	1.035651	0	1.467906	2.167653	0	1.171602	1.067061	0.867287	0	0.0295858	0.591716	0.632911	0.295858	2.555177	0	0	0.962525	1.77515	0	0.506903	0.422091	3.168144	0	0	0	0	0	0	0	2.1372987	0	0	0	0.0177515	0	0	0.461538	0.713317	0	0	0.266272	0.948718	0	0.591716	0	0.295858
K09698	0.904971	0	0	0.227273	0	0.865801	0	3.112206	0	0.553009	2.67337	2.021235	0	0	3.003415	0	0	1.224857	0.694257	0.113636	0.211864	0	0.113636	1.665551	0.460274	0.201515	0	1.368126	1.085066	0	0	0.584795	1.16959	0	0.369458	0	2.777613	0	0	1.735634	0.486789	0.211864	1.82785	1.95778	0.226515	2.085353	0	0	0.453788	0.1867712	0	6.5950107	0	0.314621	0.840227	2.496499	0	0.227273	0	0	1.338908	0.706947	0.113636	1.061416	0.892424	2.141195	3.591289	0.629136	0.113636	0	0	0	2.5	0	1.6004728	4.034944	0.113636	0.836774	2.143461	0.828186	0.574953	0	0.669601	2.877461	0.9202064	7.100366	0	0	0.483635	0.882576	0.405708	0	0.4388805	3.950037	0	0	0	0	0.113636	0.168919	0	11.086347	0	0	0	0.227273	0.259765	0	0.931588	0	0.532287	1.2882282	0	0.971145	0	0.882503	0	0.123153
K01892	0.0668449	0	0	0	0.802139	0.485864	0	3.71852	0	0.337481	1.335878	3.172267	0.79453212	0	0.858058	0	0	0.7935903	0.319407	0.266865	0	0	0	0.7761746	1.13997	0	0	0.317514	5.492037	0	0	0	0.746269	0.39642359	0	0	1.143711	0	0.0615079	1.0008122	0	0.2958042	0.802139	1.7134816	0	0.4770475	0.0882353	0	0.475018	0.13369	0	7.940812	0.199643	0.188057	0.14881	2.043479	0	0.151057	0	0	1.9268136	0.6021298	0	1.118471	2.649774	1.987545	0.3869545	1.489254	0	0.2459895	0	0	3.068684	2.69967	1.8197539	1.55341	0.16835	0	3.079931	0.467023	0	0.284747	0	2.02123	0.115865	3.158702	0.13369	0	0	0.13369	0.14881	0	0.26738	2.2813447	0	0	0	0	0	0	0.147817	3.9488	0	0.271825	0	0	0	0.14881	0.631657266	0	0.329477	0.16835	0	0.240833	0	0.22549	0	0
K04075	0.147232	0	0	0	0	0	0	0.177856	0	0	0.269729	0	0	0	0.625	0	0	0	0.195833	0.204167	0	0	0	0.353357	0.2084802	0	0	0.251256	0	0	0	0	0	0	0	0	0.175501	0	0	0	0.176678	0.0630081	0	0	0	1.103651	0	0	0	0	0	0	0.0859835	0.176678	0	0	0	0	0	0	0.44523	0.410692	0	0	0.528857	0.353356	0.244994	0	0	0.984496	0	0	0	0	0	0.6264721	0	0	0.886813	0	0	0	0	0	0	0.0388693	0	0	0.176678	0	0	0.353357	0	0	0	0	0	0	0	0	0	0.176678	0	0	0	0.176678	0	0	0.360933	0	0.32391	0	0	0.176678	0	0.530035	0.176678	0
K03637	0	0	0	0	0	0	0	0	0	0	0	0.524823	0	0	0	0	0	0	0	0	0	0	0	0	0	0	0	0	0	0	0	0	0	0	0	0	0	0	0	0	0	0	0	0	0	0	0	0	0	0	0	0	0	0	0	0	0	0	0	0	0	0	0	0	0	0	0	0	0	0	0	0	0	0	0	0	0	0	0	0	0	0	0	0	0	0	0	0	0	0	0	0	0	0	0	0	0	0	0	0	0	0	0	0	0	0	0	0	0	0	0	0	0	0	0	0	0	0
K02435	0	0	0	0.666667	0	0	0	0	0	0	1.8227	0.198582	0	0	1.56028	0	0	0	0	0	0	0	0	0	0	0	0	0	0	0	0	0	0	0	0	0	0	0	0	0	0	0	0	0	0	0	0	0	1	0	0	0	0	0	0	0	0	0	0	0	1.96454	0	0	0	0.64539	1.95745	0.730496	0	0	0	0	0	0	0	0	0.716312	0	0	0	0	0	0	0	0.460993	0	0.496454	0	0	0	0.914894	0	0	0.836879	2.063828	0	0	0	0	0	0	0	0	0	0	0	0	0	0	0	0	0	0	0	0	0	0	0	0
K18829	0	0	0	0	0	0	0	0	0	0	0	0	0	0	0	0	0	0	0	0	0	0	0	0	0	0	0	0	0	0	0	0	0	0	0	0	0	0	0	0	0	0	0	0	0	0	0	0	1	0	0	0	0	0	0	0	0	0	0	0	0	0	0	0	0	0	0	0	0	0	0	0	0	0	0	1	0	0	0	0	0	0	0	0	0	1	1	0	0	0	0	0	0	0	0	0	0	0	0	0	0	2.95918	0	0	0	0	0	0	0	0	0	0	0	0	0	0	0	0
K16786	0	0	0	0	0	0	0	1.12782	0	0	0.18797	0.774436	0	0	0	0	0	0.18797	0	0	0	0	0	0	0	0	0	0	0.18797	0	0	0	0.317043	0.093985	0	0	0.121554	0	0	0	0	0	0	0	0.18797	0	0	0	0.1992482	0	0	0.37594	0	0	0	0	0	0	0	0	0	0	0	0	1.05764	0	0.37594	0	0	0.18797	0	0	0.56391	0	0	0	0	0	0	0	0	0	0	0	0	0.18797	0	0	0.18797	0	0	0	0	0	0	0	0	0	0	0	0	0.18797	0	0	0	0	0.18797	0	0	0	0	0	0	0	0	0	0	0
K07483	0	0	0	0	0	0	0	1.75283	0	0	0.347826	0	0	0	0	0	0	0	0	0.340136	0.33557	0	0	0.460317	0	0	0	0	0.452381	0	0	0	0	0	0	0	0.116883	0	0	0	0	0	0.209957	0.722222	0	0	0	0	0	0	0	0	1.398064	0	0	0	0	0	0	0	0	0	0	0.473923	0	0	0	0	0	0.282609	0	0	1.46753	0	0	0.673469	0	0.680272	0	0	0.243781	0	0	0	0	2.77792	0.1678	0	0	0	0	0	0.530769	3.23891	0	0	0	0	0	0	0	0.149758	0	0	0	0	0	0	0.647186	0	3.99773	0	0	0.19685	0	1.107673	0	0.835498
K07393	0	0	0	0	0	0.310559	0	1.110727	0	0.4212044	0.65013	2.9376382	0.467449	0	0.52381	0	0	0	0	0	0	0	0.192547	0	0	0	0	0	0	0	0	0	1.54902	0	0	0	1.168339	0.37037	0	1.1625294	0.15528	0	0	0	0	0	0.37037	0	0	0	0	0.774328	0	0	0	0	0	1.74773	0	0	0	0	0	0	0	0	0.3147	0	0	0.185185	0	0	0.465839	0	0	0	0	0	0.704731	0	0	0.15528	0	1.45089	0	5.9710868	0	0	0	0.31056	0	0	0.299172	17.4760461	0	0	0	0	0	0	0	2.024922	0	0	0	0.15528	0	0	0	0	1.18742	0	0	0.31056	0.400673	0.939965	0	0
K01652	0	0	0	0	0	0.3630788	0	0	0	0	0.5606348	0	0.15	0	0	0	0	0	0	0	0	0	0	0.797374	0	0	0	0.0679487	0.0961538	0	0	0	0	0	0	0	0.4015126	0	0	0.434661	0	0	6.256679	1.553499	0	0	0	0	0	0.0596154	0	0.5347498	0	0	0	0.7380518	0	0.0961538	0.159744	0	0	0	0	0	0	0	0.280899	0	0	0	0	0	0.646795	0	0.39639	0	0	0	0	0	0	0	0.192308	0.0961538	0.192308	0.8226533	0	0	0	0.192308	0	0	0	1.1584298	0.808511	0	0	0	0	0	0	0.657571	0	0	0	0	0	0	0	0	0	0	0	0.339744	0.120482	0.937788	0	0
K01129	0	0	0	0	0	0	0	0	0	0	0	0	0	0	0	0	0	0	0	0	0	0	0	0	0	0	0	0	0	0	0	0	0	0	0	0	0	0	0	0	0	0	0	0	0	0	0	0	0	0	0	0	0	0	0	0	0	0	0	0	0	0	0	0	0	0	0	0	0	0	0	0	0	0	0	0	0	0	0	0	0	0	0	0	0	0	0	0	0	0	0	0	0	0	0	0	0	0	0	0	0	0	0	0	0	0	0	0	0	0	0	0	0	0	0	0	0	0
K13256	0	0	0	0	0	0	0	0	0	0	0	0	0	0	0	0	0	0	0	0	0	0	0	0	0	0	0	0	0	0	0	0	0	0	0	0	0	0	0	0	0	0	0	0	0	0	0	0	0	0	0	0	0	0	0	0	0	0	0	0	0	0	0	0	0	0	0	0	0	0	0	0	0	0	0	0	0	0	0	0	0	0	0	0	0	1	0	0	0	0	0	0	0	0	0	0	0	0	0	0	0	0	0	0	0	0	0	0	0	0	0	0	0	0	0	0	0	0
K16957	0	0	0	0	0	1.434783	0	0	0	0.874499	0.456621	4.499018	0	0	0	0	0	0	0	0	0	0	0	0	0	0.434783	0	0.168116	0	0	0	0	0.746269	0	0	0	3.719512	0.217391	0	1.06087	0.217391	0.217391	0	0	0	0	0.127536	0	0	0	0	7.04203	0	0	0	0	0	4.24074	0	0	0	0	0	0	0	0	1.009125	0	0.5115942	0	0	0	1.37971	0.0652174	0.130435	0	0	0	0	0	0	0.398551	0.217391	6.472357	0	18.216722	0	0	0.349275	0.217391	0	0	2.981159	26.4657109	0	0	0	0	0	0	0	4.419996	0	0	0	0	0	0	0.434783	0	0	0	0	0.434783	0	0	0	0
K02018	0	0	0	0	0	0	0	0	0	0	0	0	0	0	0	0	0	0	0	0	0	0	0	0	0	0	0	0	0	0	0	0	0	0	0	0	0	0	0	0	0	0	0	0	0	0	0	0	0	0	0	0	0	0	0	0	0	0	0	0	0	0	0	0	0	0	0	0	0	0	0	0	0	0	0	0	0	0	0	0	0	0	0	0	0	0	0	0	0	0	0	0	0	0	0	0	0	0	0	0	0	0	0	0	0	0	0	0	0	0	0	0	0	0	0	0	0	0
K02535	0	0	0	0	0	1.852535	0	0.763359	0	1.6196361	5.063519	4.252555	0.374416	0.869566	0	0	0	1.29771	0.760814	0.217391	0	0	0	5.25954	0	0.652174	0	1.734785	0.898551	0	0	0	0.217391	0	0	0.40404	3.855436	1.41047	0.217391	2.040583	0	1.91559	5.438883	2.107949	0	1.49618	0	0	0	0.368116	0	12.296808	0	0	0.217391	5.0369528	0	0.906317	0	0	0.381679	0.0687023	0	0.5341856	0	0.381679	3.353689	0	0	0.252525	0	0	7.140359	0	1.2999998	0.381679	0.229008	0.964377	3.496221	0.814106	0.442029	0	1.436872	4.128321	0.484058	8.367931	0	0.381679	1.0822466	1.82609	0	0	1.859974	6.545684	0.217391	0	0	0.947671	0	0	0	14.311101	0.413223	0	0	0	0	1.017678	1.838975	0	0.348601	0	0.150725	1.898204	0	1.783139	0	0.150725
K07791	0	0	0	0	0	0	0	0	0	0.704762	0	0	0	0	0	0	0	0	0	0	0	0	0	0	0	0	0	0	0	0	0	0	0	0	0	0	0	0	0	0	0	0	0	0	0	0	0	0	0	0	0	0	0	0	0	1	0	0	0	0	0	0	0	0	0	0	0	0	0	0	0	0	4	0	0	1.23256	0	0	0	0	0	0	0	0	0	0	0	0	0	0	0	0	0	0	0	0	0	0	0	0	0	0	1	0	0	0	0	0	0	0	0	0	0	0.4	0	0	0	0
K02108	0	0	0	0	0	0	0	0	0	0	0	0	0	0	0	0	0	0	0	0	0	0	0	0	0	0	0	0	0	0	0	0	0	0	0	0	0	0	0	0	0	0	0	0	0	0	0	0	0	0	0	0	0	0	0	0	0	0	0	0	0	0	0	0	0	0	0	0	0	0	0	0	0	0	0	0	0	0	0	0	0	0	0	0	0	0	0	0	0	0	0	0	0	0	0	0	0	0	0	0	0	0	0	0	0	0	0	0	0	0	0	0	0	0	0	0	0	0
K08384	0	0	0	0	0	0	0	0	0	0	0	0	0	0	0	0	0	0	0	0	0	0	0	0	0	0	0	0	0	0	0	0	0	0	0	0	0	0	0	0	0	0	0	0	0	0	0	0	0	0	0	0	0	0	0	0	0	0	0	0	0	0	0	0	0	0	0	0	0	0	0	0	0	0	0	0	0	0	0	0	0	0	0	1	0	0.30303	0	0	0	0	0	0	0	0	0	0	0	0	0	0	0	0	0	0	0	0	0	0	0	0	0	0	0	0	0	0	0	0
K13292	0	0	0	0	0	0	0	0	0	0	0	0	0	0	0	0	0	0	0	0	0	0	0	0	0	0	0	0	0	0	0	0	0	0	0	0	0	0	0	0	0	0	0	0	0	0	0	0	0	0	0	0	0	0	0	0	0	0	0	0	0	0	0	0	0	0	0	0	0	0	0	0	0	0	0	0	0	0	0	0	0	0	0	0	0	0	0	0	0	0	0	0	0	0	0	0	0	0	0	0	0	0	0	0	0	0	0	0	0	0	0	0	0	0	0	0	0	0
K19140	0	0	0	0	0	0	0	0	0	0	0	0	0	0	0	0	0	0	0	0	0	0	0	0	0	0	0	0	0	0	0	0	0	0	0	0	0	0	0	0	0	0	0	0	0	0	0	0	0	0	0	0	0	0	0	0	0	0	0	0	0	0	0	1.52778	0	0	0	0	0	0	0	0	0	0	0	0	0	0	0	0	0	0	0	0	0	0	0	0	0	0	0	0	0	0	0	0	0	0	0	0	0	0	0	0	0	0	0	0	0	0	0	0	0	0	0	0	0	0
K01696	0	0	0	0	0	0	0	0	0	0	0	0	0	0	0	0	0	0	0	0	0	0	0	0	0	0	0	0	0	0	0	0	0	0	0	0	0	0	0	0	0	0	0	0	0	0	0	0	0	0	0	0	0	0	0	0	0	0	0	0	0	0	0	0	0	0	0	0	0	0	0	0	0	0	0	0	0	0	0	0	0	0	2.62222	0	0	0	0	0	0	0	0	0	0	0	0	0	0	0	0	0	0	0	0	0	0	0	0	0	0	0	0	0	0	0	0	0	0	0
K01056	0.473193	1.202798	0	1.391609	0	0.801864	0	3.289042	0	1.303029	5.766616	4.2853991	0.337995	0	0.748251	0	0	1.3986	0.160839	0	0.995338	0	0.60373	2.2028	0.498834	0.426573	0	0.699301	3.079253	0	0	0.151515	3.160841	0	0	0	4.020978	0.645833	0	2.219115	0.34965	1.116551	1.74825	0.699301	1.543125	4.655852	0	0	0.317016	0.34965	0	4.561769	0	1.451563	1.783217	0.837798	0	0.983335	0	1.09929	2.71795	1.20979	0	0.851064	1.067599	2.63403	3.991239	0.857809	0	0.34965	0	0	1.25641	0.384615	0.6993	7.470864	0	1.016317	3.666663	0.864801	0.198135	1.21678	0.724942	2.64802	1.006993	13.067609	0.60606	0.34965	1.837849	0.34965	0	0.34965	0.0606061	5.305688	0	0	0	0	0	0	0	8.84616	0	0	0	0	0	0.170163	0.526807	0.34965	0.58042	0	0	2.58843	0	0.645688	0	0
K03442	0	0	0	0	0.317967	0.696536	0	0	0	0	1.153846	0.192308	0.202564	0	0.15641	0	0	0	0	0	0	0	0	0.177305	0.552564	0	0	0.192308	0.384615	0	0	0.192308	0.422222	0	0	0	0	0	0	0	0	0.227273	0	0.576923	0	0.687627	0	0	0	0.382051	0	0.560739	0.192308	0	0	1.445812	0	0	0	0	0	0.2785964	0	0.886525	0	0	1.123841	0	0	0	0	0	1.399417	0	0.392157	0.134615	0	0.555128	0.904711	0.192308	0.384616	0.192308	0	0.0271868	0.507911	3.3577	0	0	0	0	0	0	0	0.945253	0	0	0	0.176123	0	0	0	5.96648	0	0	0	0	0	0.352308	0.369613	0	0	0	0	0.192308	0	0.575915	0	0
K01462	0	0	0	0	0	0.442478	0	0	0	2.0324523	2.887909	0.442478	0	0	0	0	0	0	0	0	0	0	0	0	0	0	0	0.775812	1.4513225	0	0	0	0	0	0	0	0.0737463	0	0	0	0	0.3687318	0.787611	0	0	0	0	0	0	0	0	9.528022	0	0	0	0.705015	0	0	0	0	0	0	0	0	0	0	0.188791	0.713864	0	0	0	0	6.74336	0	2.867345	0	0	0	0	0.884956	0	0	2.470498	2.215338	0	5.020896	0	0	0.442478	0	0	0	2.36578	6.69616	0	0	0	0	0	0.274336	0	4.647261	0	0	0	0	0	0	0	0	0	0	0	0.985252	0	0.469027	0	0
K03856	0.856061	0	0	0	0	0	0	0	0	0	0	0	0	0	0	0	0	0	0	0	0	0	0	0	0	0	0	0	0	0	0	0	0	0	0	0	0	0	0.0193548	0	0	0	0	0	0	0	0	0	0	0	0	0	0	0	0	0	0	0	0	0	0	0	0	0	0	0	0	0	0	0	0	0	0	0	0.212903	0	0	0	0	0	0	0	0	0	0	0	0	0	0	0	0	0	0	0	0	0	0	0	0	0	0	0	0	0	0	0	0	0	0	0	0	0	0	0	0	0	0	0
K03572	0.239234	0	0.0783699	0.596443	0	0.181497	0	3.102481	0	0.4257447	0.9781144	2.6617261	0	0	1.574611	0	0	0.5087089	0.3019668	0.343406	0.471736	0	0	1.6655202	0	0	0	0.0986066	1.352663	0	0	0.00903775	0.158958	0.408246	0	0	0.9020338	0	0	0.846438	0	0.100402	2.125929	0	0.0837549	5.4028418	0	0	0.5124306	0.0803858	0	1.7865848	0.0803858	0.5747948	0	2.6121639	0	0.629175	0	0	2.13969	0.597127	0.547581	1.57836457	0.646465	0.3380291	2.3702966	0.0797448	0.537634	0.649548	0	0	4.9009184	0	0.5205638	1.9826051	0.248062	1.4012239	1.4071529	0.0801282	0.1607716	0.34760754	1.209945	0.7656872	0.9655569	3.24317	0	0	0.2472089	0.0803858	0.372222	0.3154106	0.533163	4.6406408	0	0	0	0	0	0	0	9.8052528	0	0.1607716	0	0.239234	0	0.662252	2.0017538	0.460555	0.537293	0.0797448	0	0.623012	0	0.38371	0.0803858	0
K02669	0	0	0	0	0	0	0	0	0	0	0	0	0	0	0	0	0	0	0	0	0	0	1.565042	0	0	0	0	0	0	0	0	0	0	0	0	0	0	0	0	0	0	0	0	0	0	0	0	0	0	0	0	0.344828	0.516092	0	0	0	0	0	0	0	0	0	0	0	0	0	0	0	0	0	0	0	0	0	0	0	0	0	0	0	0	0	0	0	0	0	0	0	0	0	0	0	0	0	0	0	0	0	0	0	0	0	0	0	0	0	0	0	0	0	0	0	0	0	0	0	0	0
K02454	0	0	0	0	0	0	0	0	0	0	0	0	0	0	0	0	0	0	0	0	0	0	0	0	0	0	0	0	0	0	0	0	0	0	0	0	0	0	0	0	0	0	0	0	0	0	0	0	0	0	0	0	0	0	0	0	0	0	0	0	0	0	0	0	0	0	0	0	0	0	0	0	0	0	0	0	0	0	0	0	0	0	0	0	0	0	0	0	0	0	0	0	0	0	0	0	0	0	0	0	0	0	0	0	0	0	0	0	0	0	0	0	0	0	0	0	0	0
K06024	0	0	0	0	0	0.416667	0	1.669048	0	0	1.233334	0.547222	0	0	0	0	0.1	0	0	0	0	0	0	0.452778	0.222222	0	0	0.713889	0	0	0	0	0	0	0	0	0.802778	0	0	0.416667	0	0.416667	0	0	0	0.35	0	0	0	0	0	1.416667	0	0.219444	0	0.0472222	0	0	0	0	0.391667	0.6	0	1.625	0	0	0.402778	0	0	0.55	0	0	0	0	0	0.344444	0	0.205556	1.19167	0	0	0	0	0.322222	0	2.07778	0	0	0	0	0	0.833334	0	0.772222	0	0	0	0	0	0	0	0	0	0.416667	0	0	0	0	0.833333	0	0	0	0.416667	0.680556	0	0.416667	0	0
K02961	14.990988	2.50451	0	2.54054	3.62162	7.072069	0	36.126113	0	15.53155	28.25221	39.10807	15.585541	0.891892	39.71168	0	0	11.351345	2.630631	2.75676	0.810811	1	2.198197	6.405401	8.441436	2.486491	0	9.66667	6.756757	0.504505	1.774775	4.89189	30.6847	3.423423	3.10811	7.333333	13.207206	8.01802	1.522523	17.94595	2.396396	10.558556	8.44144	16.486472	6.54955	26.80188	0	1	9.720726	14.5946	0	43.8919	1.54955	6.477481	3.117113	30.495516	1	1.504505	0	2.270272	27.28825	44.63065	1.576577	35.045	11.88288	5.747742	31.1712	7.729736	2.198199	1.84685	1.13514	0	83.2973	0	7.32433	24.3604	1.15315	5.83784	16.162173	3.045042	6.441443	9.567573	1.12613	8.54054	2.52252	13.864866	2.4955	0	4.036035	5.315317	0.684685	0.765766	1.42342	19.00902	0.666667	0	0	0	0	0	0	26.70268	0	0	0	0.864865	0	1.68468	1.288288	2.459462	3.621625	0	0.747748	6.144148	0	4.414416	0	0
K03696	0.260661	0.0652741	0	0.630983	0.261097	2.4878343	0	2.670713	0	0.5038712	1.13095	3.51587232	1.9767459	0	2.259882	0	0	1.3571661	0	0.1849431	0.9768741	0.130548	0.996441	0.6935894	0.8749398	0.130548	0	0.83387884	1.4006931	0	0	0.1858141	2.147725	0.0652741	0	0	2.4309432	0	0.0187119	0.8219291	0.1958221	0.3582071	3.6887161	1.42689245	6.3207979	2.86827	0.484985	0	0.8810099	1.366811	0	6.3257021	0.321212	1.46746819	3.8327108	1.5415128	0	0.1710182	0.0652741	0.8638879	0.4564841	1.9859411	0.8517992	0.2544138	0.456919	4.351375	0.7513629	1.1786001	0.0652741	0.1958221	0	0	1.8856009	2.766395	0.927763	2.945267	0.44844	0.851735	0.9031609	1.1440381	0.1958221	2.1288201	0.9138381	3.60738	0.2958646	26.6162016	0.4886809	0	1.1995861	0.130113	0.0652741	0.910628	1.683846	14.7077812	0	0	0	0	0.1998641	0.130548	0	2.701516	0.173559	0	0	0.5796151	0.521212	0.0652741	0.327956	0	0.064839	0.0652741	0	0.514795	0	0.0652741	0.261097	0.1592591
K03307	0	0	0	0	0	0	0	0.187266	0	0	0	0	0	0	0	0	0	0	0	0.118483	0.118483	0	0	0	0	0	0	0	0.0859835	0	0	0	0	0	0	0	0.173759	0	0	0	0	0	0.650669	0	0	0	0.118203	0	0	0	0	0	0	0	0.217316	0.295161	0	0	0	0	0.471545	0	0	0	0	0	0	0	0	0.202429	0	0	0	0	0	0	0	0	0	0	0	0	0	0	0	0	0	0	0	0	0	0	0	0.118203	0	0	0	0	0	0	0	0	0	0	0	0	0	0	0	0	0	0	0	0.12987	0	0	0	0.12987
K09903	0	0	0	0	0	0	0	1	0	0	0	0	0	0	0	0	0	0	0	0	0	0	0	0	0	0	0	0	0	0	0	0	0	0	0	0	0	0	0	0	0	0	0	0	0	0	0	0	0	0	0	0	0	0	0	0	0	0	0	0	0	0	0	0	0	0	0	0	0	0	0	0	0	0	0	0	0	0	0	0	0	0	0	0	0	0	0	0	0	0	0	0	0	0	0	0	0	0	0	0	0	0	0	0	0	0	0	0	0	0	0	0	0	0	0	0	0	0
K07042	0.917431	0	0	0	0	0	0.330275	6.822633	0	0.914373	2.574921	6.155013	0	0	0.428135	0	0	0.785933	0.56575	0.278287	0	0	0	0.8816078	1.168393	0	0	1.100388	0.11315	0	0	1.868813	0.477064	0	0	0	0.529052	0	0	0.917431	0	1.376147	0	1.51925	0	3.923841	0.116208	0	0	0	0	5.803934	0	0	0	3.608567	0	0	0	0	0.587156	0	0	0.458716	0.663609	1.70513	3.839569	0.765625	0	0	0	0	6.40673	0	0.458716	0.550459	0.0764526	1.250765	1.18043	0	0	0.795107	0	1.376147	1.802882	3.288882	0	0	0	0.877676	0	0	0.891892	5.384494	0	0.458716	0	0	0	0	0	2.703656	0	0	0	0.30581	0	1.134557	0.314985	0	2.061163	0	0	2.003058	0	0.663609	0	0
K01338	0	0	0.136111	0.138122	0.373134	0.885855	0	3.3997704	0	3.70487	3.500211	12.975769	0	0	0.707277	0	0	0.913341	0.186567	0.346759	0.6075168	0.430226	0.1962964	2.035193	0.43444	0.9041313	0	0.959722	3.0766291	0.431034	0.416204	0	0.44075622	0	0	0.0694444	0.7029255	0.153374	0	2.293104	0.138122	1.0072952	5.400569	2.814158	0	0.7093588	0.352718	0	0	0.3464554	0	8.334207	0	0.156609	0.1384259	3.33138	0	0.635136	0	1.4361144	0.431034	0.552486	0.215517	1.3848694	0.0694444	0.511256	3.971297	0.6093101	0.828729	0.5171294	0	0	9.750063	0	1.9404769	1.526774	0.138122	0.961786	2.774447	0.5575372	0.79761	0.186567	0.9898081	1.0020842	0.48568052	8.2953033	0	0	1.2773995	1.1620374	0.0694444	0.208333	2.9794651	5.8485551	0	0	0	0.0694444	0	0	0	3.6444437	0.3472224	0	0	0	0	0.7415964	0.264516	0.1911021	0.4341133	0	0.165563	2.4599507	0.0689815	1.3213	0	0
K00287	0	0	0	0	0	0.795634	0	0.95	0	1.249275	1.072344	0.255072	1.35652	0	1.971016	0	0	0	0	0	0.602899	0	0	3.33043	0	0	0	0	1.280142	0	0	0.205556	0	0	0	0	0	0	0	0.869565	0	0	5.48074	0	0	0	0	0	0	0	2.16522	0.676162	0	0	0	0.953623	0	0	0	0	0	1.039142	0	0	0	0.434783	1.581885	0	0	0	0	0	0	0	0	0	0	0.929293	1.606625	0	0	0.786111	0	0.0318841	0.434783	1.195169	0	0	0	0	0	0	0	1.304227	0	0	0	0	0	0	0	2.112442	0	0	0	0	0	0	0	0	1.010125	0	0	0	0	0.434783	0	0
K20509	2.50389	0.621611	0	2.104798	0.706364	2.546298	0.4773663	5.749136	0	4.154856	5.6197381	10.56529	1.953952	0.177936	5.324513	0.308642	0	3.228204	2.460677	0.773567	1.1697671	0	0.0576132	5.108382	0.2150206	0.639641	0	2.379289	14.961091	0	0.934579	0.999383	11.677312	0.154321	0.82716	2.188176	8.608487	0.935397	0	11.426975	0.554432	1.494492	11.868968	7.93074	4.551437	0.680352	0.770576	0	1.686983	1.009212	0	37.60441	0.144033	0.455576	1.44937	11.244391	0.307613	1.08468	1.319788	0	5.1169166	3.2680761	1.591768	14.632071	4.002712	12.167727	6.729228	4.519507	0.710964	0.714339	0	0	66.446005	2.507054	2.792452	17.259158	0.387966	3.715282	1.731468	5.559857	2.827967	2.240463	1.452785	3.80264	4.915716	6.740035	0.711744	1.392618	1.776084	2.310983	0.473251	0.655677	1.432453	23.215929	0	0	0	0	0	0.154321	0.154321	11.027756	0	0.233645	0	1.904967	0	1.906627	2.612571	0	0	0.700935	0	17.631688	0	0.4988717	0	0
K00936	0.60452	0	0.242131	0	0	0.362478	0.608142	2.363586	0	0.242131	0.966649	3.272903	0.484262	0	0.461724	0.26178	0	0.60241	0.240517	0.24213	0.121065	0	0	2.969001	0.4361	0	0	0.778087	0.6238907	0	0	0	0	0	0	0.521415	0.45117	0.484262	0	0.121065	0	0.144471	0.248756	0	0.124498	1.794262	0	0	0.113801	0.26178	0	1.0722052	0	0.121065	0	0.848327	0	0	0	0	1.119777	0.112994	0.242131	0.7088497	0.59887	1.187948	1.630919	0.121065	0	0.121065	0	0	9.189346	0	0.242131	0.5393	0	1.683055	0.683616	0.215496	0	0.121065	0	0.379493	0.83978	3.381832	0	0	0.121065	0	0	0.121065	0.220339	0.92438	0	0	0	0	0	0	0	3.8284119	0	0	0	0.24213	0.296736	0	0.862141	0.121065	0.242131	0.121065	0.166667	0.119451	0	0.39667	0	0
K06183	0	0	0	0	0	0	0	0	0	0.273224	2.469941	0.224044	0.273224	0	0	0	0	0	0	0	0	0	0	0	0	0	0	0.273224	0.138434	0	0	0	0	0	0	0	0	0	0	0	0	0.613843	0	0	0	0	0	0	0	0	0	4.175803	0	0	0	0.710382	0	0.167577	0	0	0	0	0	0.112933	0	0	0.783242	0.129326	0	0	0	0	1.0929	0	0.273224	0	0	0	0	0	0	0	0.340619	0.819672	0	1.48816	0	0	0.273224	0	0	0	0.819672	1.366124	0	0	0	0	0	0	0	2.185791	0	0	0	0	0	0.273224	0.273224	0	0	0	0	1.051002	0	0.539508	0	0
K03609	0.193798	0	0	0	0	0.387596	0	2.137367	0	0.6302672	1.402314	3.669744	0.775194	0	0.102067	0	0	1.227521	0	0.193798	0	0	0	1.9491803	0.193798	0	0	0.2687334	0.372725	0	0	0	0	0.193798	0	0	0.847644	0	0	1.15863	0	0.138333	1.55039	0	0	0.773901	0	0	0.387597	0.545911	0	1.90475	0	0.193798	0	1.040721	0	0	0	0	1.038759	0	0	1.535553	0.775193	0.987171	0.8812927	2.079037	0	0.387597	0	0	1.317011	0	0.704134	0.1331672	0	0.387596	0.870052	0.186717	0.289746	0	0.722853	0.05	0.5207295	0.641404	0.03861	0	0.193798	0.18797	0	0	0	1.534648	0	0	0	0.0891473	0	0	0	1.025576	0	0	0	0	0.352113	0	0	0	0	0	0	0.193798	0	0.193798	0.18797	0
K00558	0.508475	0	0	0	0	0	0	0.15674	0	0	0.2726174	0	0	0	0.665926	0	0	0	0	0	0	0	0	0.451444	0.538302	0	0	0	0	0	0	0	0	0	0	0	4.446031	0	0	0	0	0.490071	0.131234	0	0	0.874346	0	0	0	0	0	0	0	0.13089	0	1.360237	0	0	0	0	0	0.786371	0	0.183246	0	0	3.249841	0	0	0.216931	0	0	1.574804	0	0.656168	0.491525	0	0.049505	0.343915	0	0.322314	0.131234	1.028447	0	0.129484	0.252115	0	0	0	0	0	0.512028	0	0.820568	0	0.185185	0	0	0	0	0	0.826446	0.287086	0	0	0	0	0.13089	0	0	0	0	0	0.6635198	0	0	0	0
K07016	0	0	0	0	0	0	0	0	0	0	0	0	0	0	0	0	0	0	0	0	0.128205	0	0	0	0	0	0	0	0	0	0	0	0	0	0	0	0	0	0	0.210914	0	0	0.442478	0	0	0	0	0	0	0	0	0	0	0	0	0	0	0	0	0	0	0	0	0	0	0	0	0	0	0	0	0	0	0	0	0	0	0.16934	0	0	0	0	0	0	0	0	0	0	0	0	0	0	0	0.34965	0	0	0	0	0	0	0	0	0	0	0	0	0	0	0	0	0	0	0	0	0	0	0	0
K13542	0	0	0	0	0	0	0	0	0	0	0	0	0	0	0	0	0	0	0	0	0	0	0	0	0	0	0	0	0	0	0	0	0	0	0	0	0	0	0	0	0	0	3.88889	0	0	0	0	0	0	0	0	0	0	0	0	0.833333	0	0	0	0	0	0	0	0	0	0	0	0	0	0	0	0	0	0	0	0	0	0	0	0	0	0	0	0	0	0	0	0	0	0	0	0	0	0	0	0	0	0	0	0	0	0	0	0	0	0	0	0	0	0	0	0	0	0	0	0	0	0
K09773	0	0	0	0	0	0	0	0	0	0	0	0	0	0	0	0	0	0	0	0	0.223214	0	0	0	0.223214	0	0	0	0	0	0	0	0	0	0	0	0	0	0	0	0	0	0	0	0	0	0	0	0	0	0	0	0	0	0	0	0	0	0	0	0	0	0	0	0	0	0	0	0	0	0	0	0	0	0	0.840278	0	0	0	0	0	0	0	0.168155	0	0	0	0	0.223214	0	0	0	0	0.811012	0	0	0	0	0	0	0	1.93939	0	0	0	0	0	0	0	0	0	0	0	0.223214	0	0	0	0
K02190	0.207469	0	0	0	0.183824	2.862848	0	4.607357	0	0	1.146961	1.400425	3.5084	0	1.662021	0	0	0	0	0.178571	0.183824	0	0	0.437068	1.070558	0.484583	0	1.459313	0.822122	0	0	0	0.337589	0	0	0	1.548677	0.535714	0	0.913865	0	0.748109	1.19643	4.454654	0	0.121986	0	0	0.564611	0.740563	0	3.209559	0.357143	0.212766	0	2.380225	0	0.121429	0.367647	0	0	1.998674	0	2.60512	1.03452	1.98396	2.384246	1.663095	0.357143	0	0	0	6.186122	0	2.510381	3.232705	1.280986	3.199479	7.331224	0.981198	0.619818	0.602913	2.539303	1.584523	3.79813	4.65357	0.0934959	0.178571	2.184754	0.357143	0.110714	1.560385	3.11071	8.970139	0.354762	0	0	0.178571	0.916549	0.357143	0.304878	61.913972	0.9286855	0.581349	0	1.052407	0.496428	0.817857	0.504761	0.518002	0.593509	0.207469	0.3933474	1.801471	0	4.469827	0	0.567226
K00554	0	0	0	0	0	0	0	0.440529	0	0	0.3677914	0.220264	0	0	0.660793	0	0	0.890485	0	0	0	0	0	0	0	0	0	0	0.654204	0	0	0	0	0	0	0	0.220264	0.436012	0	0	0	0.222222	0.444444	0	0.840336	1.5633485	0	0	0.0669643	0.657422	0	0.440529	0.542484	0	0	1.079573	0	0.220264	0.660793	0	0	1.634889	0.0778267	0.781428	0.881057	0.340675	0.839298	0	0	0	0	0	0.9574153	0	0	2.045878	0.161527	0	0.659325	0.220264	0	0	0	0	0	0.375918	0	0	0	0	0.213675	0	0	0.220264	0	0	0	0	0	0	0	0	0	0	0	0	0	0	0	0.220264	0.220264	0	0	0.0826211	0	0	0	0.213675
K21449	7.54236109	0.8450075	0.670241	10.3799559	6.44088945	24.5320446	0.817301	144.8141247	0.08726	22.8395308	47.14005356	100.4123967	13.479298	3.03971227	7.977856	3.5947622	1.9124269	35.3838974	6.8165556	3.17935212	4.4347729	1.2261359	2.3294034	46.8830299	9.6603372	3.8086546	0	15.6922615	50.17793282	1.3263558	0.5522214	3.9035488	38.9935067	2.7857312	1.21528	3.2018403	51.3863734	9.3806027	0.350873	64.5061158	3.0648217	21.77353248	36.9815861	32.40495891	19.72895193	61.3067804	4.6715487	0.3163813	18.7891887	9.0043624	0.962071	162.0903302	4.3358517	11.4988262	8.7121009	60.4820404	0.2738261	8.4385586	3.2400289	2.521149	78.0000873	20.171623	8.1350316	48.2599466	14.7704572	27.8981899	101.6653354	21.6078526	6.29804249	9.0899737	0.133601	3.5037388	111.6231427	7.8121903	19.43571192	57.6447238	3.7339838	28.41174808	22.3607166	27.813273413	16.1837337	11.0771906	3.052255	26.7420517	12.6540121	120.9956058	3.15352151	1.5305317	13.6963241	7.4083975	3.7620065	8.5948816	4.90614275	75.7846531	0.7272494	0.4217085	0.3393273	2.0271113	0.3042826	0.8915923	1.4252859	52.0010211	2.1172217	4.230332	0	9.40539717	3.2228937	6.26648553	17.3932029	3.0182554	17.947814	14.6565723	4.0531921	51.0437181	0.2123144	22.5972091	0.0851064	4.800057
K03631	0.633833	0	0	0.24686486	0.2323429	0.5865547	0	0.8797299	0	0.3617165	1.9939456	1.4720889	0.69307	0	0.944555	0	0.19802	0.308911	0	0	0.60487	0	0.4415846	0.564357	0.2508253	0	0	0.79208	0.359076	0	0	0.224215	0.397621	0	0.198935	0.248996	2.8296586	0.247525	0	1.224423	0	1.0997619	1.9986818	0.8917499	0	1.9800496	0.134409	0	0.1988103	0.4501653	0	1.4405935	0	0.19802	0.2108086	2.2163453	0.0627063	0.292785	0.2970299	0.0990099	0.8492483	0.4025258	0	0.5881189	0.29703	2.1430111	2.3089496	0	0.3686174	0.2667949	0	0	2.161059	0	0.3490099	1.388589	0.060066	0.275248	2.6290689	0.3919652	0.2950499	0.326733	0.625743	0.963693	0.576073	4.584855	0.4854263	0	0.4132016	0.0990099	0	0.3393949	0.8805874	2.6307572	0	0	0	0.133034	0	0.3155117	0	8.768423	0	0.19802	0	0.331478	0.199601	0.0990099	0.0805281	0	0.2334189	0.2081249	0.29703	0.3254125	0	2.1435579	0	0.2998129
K07334	0	0	0	0	0	0	0	2.94815	0	0	0	0	0	0	0	0	0	0	0	0	0	0	0	0	0	0	0	0	0	0	0	0	0	0	0	0	0	0	0	0	0	0.562963	0	0	0	0.511111	0	0	0	0	0	0	0.288889	0	0	0.857143	0	0	0	0	0	0	0	0	0	0	0	0	0	0	0	0	0.0444444	0	0	0	0	0	0	0	0	0	0	0	0	0.711111	0	0	0.469388	0	0	0	0	0	0	0	0	0	0	0	0	0	0	0	0	0	0	0	0	0	0	0	0	0	0	0	0	0
K16898	0	0	0	0	0	0.7428788	0	0.14881	0	0.2544382	0.334494	1.1407057	1.2935677	0	0.1682927	0	0	0	0	0.2988354	0.0414594	0	0	0	0	0.379561	0	0.2715772	0.11772	0	0	0	2.05196	0	0	0	0.2889768	0	0	0.469661	0.0415282	0	0.7861355	0.4719553	0.0415282	0.2676876	0	0	0.0415282	0	0	0.2032	0.0390365	0.0415282	0	0.206232	0	0.0414594	0	0	0	0.0414594	0.0425894	0.2618449	0.207641	0.896395	0.4086462	0.219619	0	0	0	0	1.431276	0	0.08243	1.461643	0	0.2076556	0.981481	0.1478639	0.1724364	0.750759	0.6638664	0.0744048	0.0670241	2.7646491	0	0	0	0	0	0	0.0451264	0.488701	0.0415282	0	0	0	0	0	0	0.2400663	0	0	0	0	0	0.0400962	0	0	0.17301	0.174242	0	0.2051842	0	0.0414594	0	0.0414594
K01703	0	0	0	0	0	0	0	0	0	0	0	0.735294	0	0	0	0	0	0	0	0	0	0	0	0	0	0	0	0	0	0	0	0	0	0	0	0	0	0	0	0	0	0.0711712	0.512613	0	0	0	0	0	0	0	0	0	0	0	0	0.141643	0	0	0	0	0	0.138889	0	0	0	0	0	0	0	0	0	0	0	0	0.152439	0	0.0444444	0	0	0	0	0.135135	0	0	0	0	0	0	0	0	0	0	0	0	0	0	0	0	0	0	0	0	0	0	0	0	0	0	0	0	0	0	0	0	0	0	0	0
K09014	2.2253392	0	0	0.761905	0	1.1301591	0	16.214766	0	1.361259	4.174603	11.6489556	0	0	1.8612497	0	0.238095	5.019983	0	0.119048	0	0.238095	0	8.754163	2.4618988	1.0894463	0.119048	1.165199	0	0	0	0.335714	3.132156	0	0	1.1079364	2.6435633	0	0	0.9248305	0.357143	0.654762	0.238095	0.457936	2.4275907	11.300102	0.503704	0	0.7814366	0.7083429	0.1753972	10.593712	0	0.522223	0.37323	0.5410018	0	0.925713	0.513414	0.135135	9.982547	2.508402	0.367001	4.36648617	2.1047663	0.5081284	11.320189	3.100889	0.357143	0.6875285	0	0	2.969388	0.238095	0.919048	3.2875752	0.352113	3.920346	10.428017	0.1753972	0.3271896	1.800707	1.385719	4.016955	0.5226761	39.3908043	0.1111111	0	1.964288	0	0	0.8402093	0.8908306	14.85611576	0	0	0	0.4840846	0	0	0	19.236939	0.119048	0	0.119048	1.474056	0.2095242	1.8906556	3.4681593	0.315873	5.504743	1.028161	0.4484128	1.738094	0	4.911341	0	0.356349
K16899	0	0	0	0.284091	0	0.0597372	0	0.6782063	0	0.1854012	0.670431	1.1603596	0.436804	0	0.4899035	0.196555	0	0.2528664	0	0.0443656	0.2989411	0.152672	0	0.310101	0	0	0	0.0450857	0.101626	0	0	0	1.92308	0	0	0	0.4068633	0.0901713	0	0.13635	0	0.0887312	0	0	0.1165726	0.1887637	0	0	0	0.0887311	8	0.6827104	0.824838	0	0	0.3367636	0	0.610039	0.0473485	0	1.199288	0.121065	0.340136	0.546974	0.145449	0.6232209	0.1998708	0.0887311	0.132801	0	0	0	0.1680738	0.48331	0.282508	0.6209867	0	0	0.9669087	0	0	0.131694	0	0	0	2.4260812	0	0	0.0882638	0.132801	0	0	0	0.311747	0	0	0	0.0726744	0	0	0	0.9560336	0	0	0	0	0	0	0	0	0	0	0	0.0443656	0	0	0	0.0443656
K01646	1.96667	0	0	2.91667	0	0.516667	0	9.733337	0	4.533337	1.958333	2.942883	0	0	0.833333	0.970588	0	8.63333	2.50833	0	0	0	0	2.95833	0	0	0	1.1626	2.13008	0	0	0.608333	0.208333	0	0	0	1.95833	0	0	1.45691	0.852941	0	2.47154	0	2.33333	1	0	0	2.14167	0	0	7.959757	0	0.95	0	1.524997	0	0	0	0	1.800003	5.766673	0	14.066667	1.73333	2.91176	0	6.75	0	0	0	0.85	2.37398	0	0.966667	4.69167	0	8.816667	2.43333	1.391667	0.635976	2.80392	0	3.531303	1	8.68775	0.675	0	0.533333	0	0.911765	0.731707	0	5.33333	0	0	0	0	0	0	0	1.6	0	0	0	0.208333	0	0	1.466666	0	0	0.158333	0	0.775	0	0	0	0
K01955	0.0491642	0	0	0	0	0	0	1.223549	0.0491642	0.2418593	0.7686329	0.4399027	0	0	0	0	0	0.2562524	0	0.0465421	0.0491642	0	0.1966568	0.0819672	0.0707965	0	0	0.1866948	0.6607252	0	0	0	0.176056	0	0	0	0	0.1924441	0	0.3760215	0	0.2090704	2.076867	0.28169	0	0.3346889	0.0491642	0	0	0.1882565	0	3.16897	0.1311314	0.0899281	0.0491642	1.2998288	0	0.3033054	0	0	0	0.1882565	0	0.4261172	0	0.145198	0.9770862	0.4414299	0	0	0	0	1.6467385	0	0.4923278	0	0	0	0	0.2417276	0.1445428	0	0.299103	2.1296529	0.1630378	2.7134779	0	0	0.3143229	0.333661	0	0.0491642	0.1694834	1.3731538	0	0	0	0.0491642	0	0.0898066	0	6.065887	0	0	0	0	0	0.1809818	0.239234	0	0.147493	0	0.1045352	2.0726315	0	0.3753609	0	0.0491642
K03100	0.70922	0.160756	0	0.222222	0	0.35461	0	1.003947	0	0	1.796691	4.032945	0	0	0.70922	0	0	1.62648	0	0.35461	0	0	0	0.879433	1.563497	0	0	0.945626	0	0	0	0.163121	0.35461	0	0	0	2.39716	0	0	0.35461	0	0.793206	0	0	0.288416	4.00473	0	0	0.515366	0.877193	0	2.626478	0	1.081883	0	2.389582	0	0	0	0	0.35461	0	0	2.82488	0.35461	1.962568	1.998152	0	0	0.35461	0	0	5.29787	0	0.482269	2.8767	0	1.00709	2.416691	0.669031	0.29078	0	0	2.20997	0.35461	6.6614235	0	0	0	1.1489364	0.438596	0	0.438596	3.529552	0	0	0	0	0	0	0.35461	2.64775	0	0	0	0.31405	0	0	1.7565	0	0.744792	0	0	0.529412	0	0.35461	0	0.35461
K11382	0	0	0	0	0.27572	0	0	0	0	0	0	0	1.39918	0.658436	0	0	0	0	0	0	0	0	0	0	0	0	0	0	0	0	0	0	0	0	0	0	0	0	0	0.596708	0	0	0	0	0	0	0	0	0	0	0	0	0	0	0	0	0	0	0	0	0	0	0	0	0	0	0	0	0	0	0	0	0	0	0	0	0	0	0.419753	0	0	0	0	0	0	0	0	0	0	0	0.938272	0	0	0	0	0	0	0	0.390947	0	0	0	0	0	0	0	0	0	0	0	0	0	0	0	0	0	0	0
K00858	0.408164	0	0	0.816327	0.408163	0.795761	0.540434	3.580614	0	0.408163	1.987503	3.3482948	0	0	0.667339	0	0	1.409522	0.295858	0.843538	0	0	0	0.0884354	1.504324	0	0	0.612246	0.42368	0	0	0.138776	0	0.6543597	0	0	1.522453	0	0	0.762572	0	0.930612	3.705711	0	0.777763	2.05034	0	0	0	0.4680279	0	3.25941	0	0.138776	0	2.835674	0	0	0	0.0897959	1.16927	1.605102	0	0.242424	0.813606	0.03125	5.475971	0.646552	0	0.401361	0	0	6.20687	0	0	1.2285736	0.204082	0.408163	2.4384905	0.2775514	0.4536126	0.653694	0	0.412796	0.504762	12.549458	0	0	0.612245	0.79783	0.204082	0.64783609	0.604556	3.311866	0	0	0	0.843538	0	0	0	4.8517	0	0	0	0.408164	0.408163	0	0.816327	0.408164	1.613754	0.408163	0.408164	1.052821	0	1.716246	0	0.406803
K18474	0	0	0	0	0	0.434579	0	0	0	0.214953	0.46729	0	0	0	0	0	0	0.178295	0	0	0	0	0	0	0.0981308	0.0841122	0	0.552783	0	0	0	0	0	0	0	0	0	0	0	0	0	0.233645	0	0	0	0.0682171	0	0	0	0	0	2.279671	0	0	0	0.700935	0	0	0.450156	0	0	0	0	0	0	0	0.454829	0	0	0	0	0	3.44396	0	0	0	0	0	0	0.233645	0	0.232558	0.205607	0.401869	2.83469	2.478193	0	0.46729	0	0.774143	0.428349	0	0.0389408	3.1042343	0	0	0.233645	0	0	0	0	9.933022	0	0.233645	0	0	0	0	0.220472	0	0	0	0	1.168225	0	0	0	0
K03210	0.439716	0	0	0.808511	0	1.539009	0	7.7234	0	0	1.879428	6.326244	0	0	4.462259	0	0	1.22695	0.375887	0.602837	0	3.06383	0	1.19858	1.21277	0.631206	0	0.680851	5.22695	0	0	0	1.539007	0	0	0	7.382975	0	0	2.148939	0	0.574468	0	1.3617	0	4.909071	0.482269	0	0	0.957447	0	6.382974	0.460993	0.914894	0.546099	2.148937	0	0.680851	0	0	1.21986	0.695035	0	1.198582	1.08511	3.078019	4.93617	1.48227	1.12057	0.914894	0	0	10.397158	0	0.326241	3.070923	0.914894	1.808508	1.80851	0	0.397163	0	0.602837	1.595749	0.205674	1.475177	0	0	0.496454	0.602837	0.446809	0	0	1.936169	0	0	0	0	0	0	0	3.808506	0	0	0	0	0	0	1.82695	0	1.01418	0	0	1.40426	0	0.836879	0	0
K03272	0	0	0	0.343832	0	0.112867	0	0.563238	0	0.454127	1.6235641	0.7947004	0	0	0	0	0	0	0	0	0.3508233	0	0	1.329808	0	0	0	0.340741	1.155395	0	0	0	0	0	0	0.243902	0.684993	0	0	0	0.166113	1.461773	1.1315485	0.9393647	0.332226	0.395463	0	0	0	0.0777538	0	2.178958	0.3605842	0	0.147929	1.1940654	0	0.2105001	0	0.260943	0	0.241546	0	0	1.1994	0.0413845	0.7444234	0	0.393701	0	0	0	0.783393	0	0.766048	0.412779	0	0	0.31562	0.498529	0.3670457	0	0.1062045	0.5925837	0	0.82118272	0	0	0.171233	0.107759	0	0	0	0.931753	0	0	0	0	0	0	0	1.840412	0	0	0	0	0	0.226524	0.779626	0	0	0	0	0.658879	0	0.107759	0	0.421615
K03620	0.314465	0.227273	0	0	0	1.378043	0	0	0	1.129302	2.092304	2.725212	0	0	0	0	0	0	0.312369	0.226244	0.226244	0.909091	0.860606	0	0.101979	0	0	2.716612	4.54547	0	0.00603318	0	0.678253	0	0	0	0.369697	0	0	0.571164	0	2.274786	3.381821	1.763117	0	0	0	0	0	0.201515	0	16.941867	0.227273	0.105023	2.821578	6.217768	0	0.934783	0	1.7652	0	1.126807	1.25786	1.771671	0	0	4.0038	0.187879	0.227273	0.411888	0	0	8.73801	0.14178	1.883244	0.661538	0	0	0	0.908062	0.679762	0.332854	1.601702	2.37618	2.301402	3.382208	0	0	0.417047	0.979207	0	0	2.327167	4.602194	0	0	0	0.628931	0	0.324284	0	15.522136	0	0	0	0	0.227273	0.138365	0.246305	0	0.227273	0	0	3.6394165	0	0.246305	0	0.128205
K15125	0	0	0	0	0	0	0	0.0429	0	0.0680272	0	0	0.0512472	0	0	0	0	0.0120578	0	0	0	0	0	0.2175355	0.2301374	0	0	0	0.188679	0	0	0	0	0	0	0	0.2500661	0	0	0	0	0.0556174	0	0.754717	0	0.1894902	0	0	0	0	0	0	0	0.0862069	0.0475964	0.237718	0	0	0.0431034	0	0.129023	0	0	0.34965	0	0.0862069	0	0	0	0	0	0	1.30534	0	0	0	0	0	0	0	0.188679	0.0642071	0	0.1389132	0.0630386	0	0	0	0.02145	0	0.02145	0.0193983	0.0135057	0.810482	0	0	0	0.0593824	0	0	0	0	0	0	0	0	0	0	0	0	0	0.10846	0	0.357979	0	0	0	0
K03685	0	0	0	0	0	0	0	0	0	0	0	0	0	0	0	0	0	0	0	0	0	0	0	0	0	0	0	0	0	0	0	0	0	0	0	0	0	0	0	0	0	0	0	0	0	0	0	0	0	0	0	0	0	0	0	0	0	0	0	0	0	0	0	0	0	0	0	0	0	0	0	0	0	0	0	0	0	0	0	0	0	0	0	0	0	0	0	0	0	0	0	0	0	0	0	0	0	0	0	0	0	0	0	0	0	0	0	0	0	0	0	0	0	0	0	0	0	0
K06200	0	0	0	0	0	0	0	0	0	0	0.316456	0.162075	0	0	0	0	0	0	0	0	0	0	0	0.316456	0	0	0	0	0	0	0	0	0	0	0	0	0	0	0	0.0810373	0	0	0	0	0.0810373	0	0	0	0	0	0	0	0	0	0	0.4082982	0	0	0	0	0	0.316456	0	0	0	0	0	0	0	0	0	0	0.243112	0	0	0	0	0	0	0	0.316456	0	0	0.207977	0	0.559568	0	0	0	0	0	0	0	0.999069	0	0	0	0	0	0	0	0.163155	0	0	0	0	0	0	0	0	0	0	0	0.0810373	0	0	0	0
K02341	0	0	0	0.503928	0	0.227273	0	1	0	0.188679	0.7718587	1.13082	0	0.3239061	0.3367	0	0	0.503928	0	0	0.0628507	0	0	0.836941	0.16835	0.672278	0	0.189394	0.62893	0	0	0	0	0.0448934	0	0	0.16835	0	0.0897868	0.754717	0	0.188679	0	0.155763	0	0.840629	0	0	0	0.16835	0	3.461191	0.156004	0	0	0.638587	0	0.0157127	0	0.606061	0.673401	0.349448	0	0.651165	0.334456	0.503928	1.846477	0.6917817	0	0	0	0	1.463044	0	1.000411	1.02245	0.16835	0.26455	0	0.16835	0	0.384319	0.520833	1.036176	0.493364	0.941417	0.465208	0	0.188679	0.623053	0	0.16835	0.357029	0.801826	0	0	0	0	0	0	0	0.509476	0	0	0	0.16835	0.155763	0.188679	0	0	0	0.16835	0	1.519308	0	0	0	0
K02112	0	0	0	0	0	0	0	0	0	0	0	0	2.90278	0	0	0	0	0	0	0	0	0	0	0	0	0	0	0	0	0	0	0	1.47619	0	0	0	5	0	0	1	0	0	0	0	0	0	0	0	0	0	0	9	0	0	0	0.791667	0	0	0	0	0	1	0	0	0	0	0	0	0	0	0	0	0.902778	0	0	0	0	0	0	0	0	0	0	1.02778	0	0	0	0	0	0	0	0	0.666667	7.85714	0	0	0	0	0	0	0	0.904762	0	0	0	0	0	0	0	0	0	0	0	0	0	0	0	0
K08989	0	0	0	0	0	0	0	0	0	0	0	0	0	0	0	0	0	0	0	0	0	0	0	0	0	0	0	0	0	0	0	0	0	0	0	0	0	0	0	0	0	0	0	0	0	0	0	0	0	0	0	1	0	0	0	1	0	0	0	0	0	0	0	0	0	0	0	0	0	0	0	0	0	0	0	0	0	0	0	0	0	0	0	0	0	0	0	0	0	0	0	0	0	0	0	0	0	0	0	0	0	0	0	0	0	1	0	0	0	0	1	0	0	0	0	0	0	0
K00859	0	0	0	0	0	0.260215	0	2.08817	0	0.651613	0.797849	3.365532	0	0	0.350538	0	0	0.473118	0	0	0.208602	0	0	0.322581	0.167742	0.71828	0	0.286022	0.322581	0	0	0	0.101075	0	0	0.597849	0.645161	0	0	0.322581	0	0.322581	0	1.93833	1.187097	1.821836	0	0	0	0.524731	0	3.763309	0	0.230769	0.124731	0.967742	0	0.322581	0	0	0.584946	0.460215	1.70968	0.645161	0	0	1.501073	0	0	0.588018	0	0	4.65466761	3.54409	0.696774	0.645161	0.322581	0.322581	1.273118	0.578495	0	0.554839	0	1.490323	0	4.28407	0	0	0.2107273	0	0.691176	0.208602	0.212903	2.222559	0	0	0	0	0	0	0	1.537784	0	0	0	0.275269	0	0	0	0	0	0	0.0344086	0.154839	0	0.582796	0	0.242138
K00991	0	0	0	0	0	0	0	0	0	0	0	0	0	0	0	0	0	0	0	0	0	0	0	0	0	0	0	0	0.295858	0	0	0	0	0	0	0	0	0	0	0.26178	0	0	0	0	0	0	0	0	0	0	0	0.262626	0	0	0	0	0	0	0	0	0	0	0	0	0	0	0.26178	0	0	0	0	0	0.303665	0	0	0	0	0	0	0	0	0	0.750436	0	0	0.445026	0	0	0	0	0	0	0	1.04712	0	0	0	0	0	0	0	1.415717	0	0	0	0	0	0	0	0	0	0	0	0.26178	0	0	0	0
K04486	0	0	0	0.259067	0	0	0	0.407563	0	0.210084	0.338935	0.137255	0	0	0	0	0	0	0	0	0	0	0	0	0.210084	0.107843	0	0	0.281046	0	0	0	0	0.240069	0	0	0.368347	0	0	0	0	0	0	0.840336	0.38326	0.00420168	0.220264	0	0	0	0	2.656426	0	0	0	1.055288	0	0	0.321705	0	0.4208791	0	0	0	0	0.210084	0.210084	0	0	0	0	0	9.18723	0	1.03891	0.752064	0	0	0.210084	0.210084	0	0	0	0	0.0620155	0.5977413	0	0	0	0	0	0	0	1.390757	0	0	0	0	0	0	0	2.949311	0	0	0	0	0	0	0	0	0	0	0	0.434174	0	0.120448	0	0
K01791	0.35335	0.286533	0	0.286533	0	0.534151	0	8.144919	0	0.7864625	3.509059	16.504909	4.161755	0	1.600256	0.429799	0	1.83125	0.753245	0.294323	0.0966767	0	0	4.9121431	0	0	0	0.316276	3.1861555	0	0.60423	0.143266	0.953188	0.565425	1.671546	0.454829	0.3843883	0.302114	0	0.741188	0.143266	0.742844	3.6352389	0.688408	0.934656	2.314836	0.616314	0	0.185291	0.737274	0	12.814858	0.361141	1.235816	0.28999321	3.006354	0.143266	1.049991	0.143266	0	1.374874	1.755185	0.167144	0.8058893	2.387198	1.858352	2.93678	2.213573	0.151515	0.761859	0	0.143266	9.484929	0.758309	1.465697	3.676963	0.143266	1.423263	4.9923368	1.023358	0.672	0.7105611	0.438066	1.290059	0.626182	15.590249	0.143266	0.143266	1.55173	0.2312862	0.151057	0.362803	0.2378761	3.1447708	0	0	0	0.0850048	0.302115	0.346021	0.2290213	13.808716	0	0.270896	0	0.43759	0	0	2.5154403	0.302115	0.968931	0.684143	0	2.2538334	0	0.435013	0	0.302114
K21498	0	0	0	0	0	0	0	0	0	0	0	0	0	0	0	0	0	0	0	0	0	0	0	0	0	0	0	0	0	0	0	0	0	0	0	0	0	0	0	0	0	0	0	0	0	0	0	0	0	0	0	0	0	0	0	0	0	0	0	0	0	0	0	0	0	0	0	0	0	0	0	0	0	0	0	0	0	0	0	0	0	0	0	0	0	0	0	0	0	0	0	0	0	0	0	0	0	0	0	0	0	1	0	0	0	0	0	0	0	0	0	0	0	0	0	0	0	0
K03216	0	0	0	0	0	0	0	0	0	0.446429	0.892857	0	2.67816	0	0	0	0	0	0	0	0	0	0	0	0	0	0	0	1.31034	0	0	0	0	0	0	0	0.16369	0	0	1.339286	0	0	0	0	0	0	0	0	0	0	0	0	0	0	0	0.422619	0	0	0	0	0	0	0	0	0	0	0	0.936782	0	0	0	0	0.946428	0	1	0	0	0	0	0.0176991	0	0	0	0.471698	0.914176	0.892858	0	0	0	0.446429	0	0	0.28869	1.098215	0	0	0	0	0	0	0	1.65097	0	0	0	0	0	0	0	0	0	0	0	0.294643	0	0	0	0
K07056	0	0	0	0	0	0.206009	0	0.214592	0	0.85837	1.276109	1.072961	0	0	0	0	0	0	0	0	0	0	0	0	0	0	0	0.0414878	0.489271	0	0	0	0	0	0	0	0.549356	0	0	0	0	0	0	0.429185	0	0	0	0	0	0	0	1.928467	0	0	0	0.459227	0	0.00286123	0	0	0	0	0	0	0	0	0	0.214592	0	0	0	0	2.811161	0	0.429184	0	0	0	0	0.214592	0.214592	0	0.0872675	0	0.214592	0	0	0	0.214592	0.203147	0	0.2103	0	1.20887	0	0	0	0	0	0	0	0.917024	0	0	0	0	0	0	0	0	0.429185	0	0	0.822604	0	0	0	0
K01923	0	0	0	0	0	0	0	0	0	0.259067	0.259067	0	0	0	0	0	0	0	0	0	0	0	0	0	0	0	0	0	0	0	0	0	1.5544	0	0	0	0	0	0	0	0	0	0	0	0	0	0	0	0	0	0	0	0	0	0	0	0	0	0	0	0	0	0	0	0.0880829	0.518135	0.384615	0	0	0	0	0	0	0	0	0	0	0	0	0	0	0	0	0	0	0	0	0	0	0	0	0	0.0811744	0	0	0	0	0	0	0	0	0	0	0	0	0	0	0	0	0	0	0	0	0	0	0	0	0
K07462	0	0	0	0	0	0.0786164	0	0	0	0	0	0	0	0	0	0	0	0	0	0	0.0786164	0	0	0	0	0	0	0	0	0	0	0	0	0	0	0	0	0	0	0	0	0	0	0	0	0	0	0	0	0	0	0	0	0	0	0.0885744	0	0.157233	0	0	0	0	0	0	0	0	0	0	0	0	0	0	0.628931	0	0	0	0	0	0	0.145702	0	0	0	0	0	0	0	0.0786164	0.0786164	0.323899	0	0	0.0786164	0	0	0	0	0	0	0	0	0	0	0	0	0	0	0	0	0	0	0	0	0.357442	0	0	0	0
K03315	0	0.120192	0	0.618371	0	0.240385	0	3.806218	0	0.244261	0.600962	2.1794563	0	0	0.8738852	0	0	0.824784	0.235849	0	0.0472756	0	0	1.105847	0	0.120192	0	0	0.479166	0	0	0.126263	0.245654	0.545589	0.480769	0	0	0	0	0.474359	0	0.1299008	0	0.120192	0.356627	0	0	0	0	0.490196	0	1.7450203	0.103853	0.120192	0.120192	1.2998648	0	0.178571	0	0	2.092935	0.469917	0	0.733295	2.15144	0.486205	0.994015	0.6795739	0.240384	0.239583	0	0	3.917472	0	0.546904	0.671407	0	0.63571	0.692584	0.372528	0.120192	0.4541085	0	0.808493	0.240384	2.7538643	0	0	0.0705128	0.205128	0	0.178571	0.0705128	1.288462	0	0.120192	0	0	0	0	0	3.300574	0	0	0	0	0	0.604838	0.251684	0	1.068991	0	0	0.956601	0	0.782946	0	0
K06206	0	0	0	0	0	0	0	0.731949	0	0	0.668076	0	0.207715	0	0	0	0	0	0	0	0	0	0	0.374532	0	0	0	0	0	0	0	0	0	0	0	0	0	0	0	0	0	0.114398	0	1.05153	0.296736	0	0	0	0	0	0	0	0	0.200803	0	0.410485	0	0.148368	0	0	0.186017	0.148368	0	0.6795254	0.203759	0	0.200803	0	0	0	0	0	0.2133835	0	0	0.148368	0.242718	0	0	0	0	0.295747	0.241546	0	0	0	0	0	0	0.148368	0	0	0.148368	0.445104	0	0	0	0	0	0	0	3.0635972	0	0	0	0	0	0	0	0	0	0	0	0	0	0	0	0
K02371	2.00126	0.232704	0	1.23396	0.377358	0.933333	0	7.056454	0	2.208803	10.8949233	15.271494	2.758495	0.377358	5.444146	0	0	2.665404	0.968553	0.4012579	0.188679	1.13082	0.932344	3.662893	0.251572	0.188679	0	2.319496	4.182386	0.377358	0.377358	0.144654	0.555975	0.116981	0	0.899371	4.61887	0	0	5.300463	0.0528302	1.875119	1.96101	3.4202692	2.12453	2.57107	0.36478	0.188679	3.413924	1.430632	0	13.341754	0.188679	0.841616	0.736137	9.4193726	0	0.649325	2.22979	0.221384	5.023896	3.137107	1.51069	6.017607	1.54088	10.213628	4.959741	1.3453066	0.806289	0.641509	0	0	17.2189471	0	3.832952	2.314469	0	0.840252	7.98616	0.942137	1.4125793	1.4	0.943395	3.358139	1.1841273	10.2358589	0.188679	0	0.879245	0.506918	0.188679	0.489308	1.535851	5.402996	0	0	0	0.579304	0	0	0	8.9254811	0	0	0	0.188679	0	0.220126	0.4641505	0.753459	0.426415	0.377358	0	3.3630761	0.188679	1.1223387	0	0.440251
K02600	0	0	0	0	0	0.7177359	0	1.6276872	0	1.147602	3.529587	1.904842	0.166667	0	0	0	0	0	0	0	0.166667	0	0	0	0	0	0	2.067602	2.166911	0	0	0	0	0	0	1.28205	1.196272	0	0	0.913391	0	0.333333	1.60694	0.5208333	0	0	0	0	0	0.317778	0	10.630599	0	0	0	2.457474	0	0.331141	0	0	0	0	0	0	0	0	2.155698	0.164474	0	0.333333	0	0	9.677993	0	0.596721	1.4375	0	1	4.313593	0.333334	0.3984286	0	0.4935231	1.665708	1.2599908	1.966337	0	0	0	1.75029	0.4033769	0.2335744	2.081124	6.301019	0	0	0	0.105664	0	0	0.203704	10.1130483	0	0.333333	0	1	0.077342	1.230765	0	0	0	0	0	2.370491	0	3.309695	0	0.333333
K23351	3	0	0	0	0	1	0	5.90909	0	1	3	11.8788	0	0	2	1	0	2	1	0	0	0	0	3.12121	0	2	1	0	0	0	0	1	9.51515	1	0	1	4	0	0	3	0	0	2	0	6	3	2	0	3	0	0	5.27273	0	0	0	1	0	0	0	3	7	1	2	8.12121	3	12	0	0	0	0	0	0	1.57576	0	0	16	1	0	5.48485	4.15152	0	3.78788	0	0	0	6.93939	2	0	0	0	0	1	0	1	0	0	0	0	0	0	0	0	0	0	0	1	0	0	0	0	0.878788	0	0	0	0	0	0	1
K06142	0	0	0	0	0	0.804348	0	0	0	0	0	0	0	0	0	0	0	0	0	0	0	0	0	0	0	0	0	0	0	0	0	0	0	0	0	1	0	0	0	0	0	0	0	0	0	0	0	0	0	0	0	6.72222	0	0	0	0	0	0	0	0	0	0	0	0	0	0	0	0	0	0	0	0	0	0	0.222222	0	0	0	0	0	0	0	0	1	0	0	0	0	0.811594	0	0	0	0	0.7528111	0	0	0	0	0	0	0	10.98718	0	0	0	0	0	0	0	0	0	0	0	0	0	1	0	1.4058
K09458	0	0	0	0	0	1.073973	0	2.0611874	0	0.835617	2.773274	0.936073	1.23288	0	0	0	0.478469	0	0	0.273973	1.122374	0	0.547945	0	0	0.290185	0	2.2951338	5.175018	0	0	0	0	0	0	0.88655	1.684881	0.909589	0.100457	3.013703	0	0.833199	0.803828	4.612458	0	0	0	0	0	0	0	14.151558	0	0	0.484673	8.032904	0	0.266667	0	0	0	0	0	0.136986	0	0	3.743375	0.821917	0.136986	0	0	2.80064	13.588007	0	3.853372	0.0109589	0	0	0	0.517808	0.6630131	0	2.121392	3.855265	0.421212	3.566813	0	0	0.67565	0.547945	0.136986	0.630137	1.995951	7.340407	0	0	0	0	0	0.273973	0.0703196	7.587846	0.136986	0.0520548	0	0	0	0.136986	0.505223	0	0	0	0	5.0357919	0	1.343379	0	0.547944
K01938	0	0	0	0	0	0	0	0.39382	0	0.4654833	0.6355956	0	0	0	0	0	0	0	0	0	0.0927022	0	0	0	0	0	0	0	0.667324	0.217391	0	0	0	0	0	0	0	0	0	0.295858	0	0	0	0.295858	0	0	0	0	0	0	0	0.679382	0.0986193	0	0	0.918629	0	0.1959237	0	0	0	0	0	0	0	0	0.480376	0.34714	0	0	0	0	0.197239	0	0.1957067	0	0	0	0	0	0.0979619	0	0	0.0979619	0	0.217391	0	0	0	0.0986193	0	0	0.591716	0.605928	0	0	0	0	0	0	0	0.8944275	0	0	0	0	0	0	0	0.217391	0	0	0	0	0	0	0	0
K00773	0	0	0	0	0	0.15528	0	0	0	1.10041	1.8895	0.295031	0	0	0	0	0	0.409836	0	0	0.621118	0	0	0	0	0	0	1.090914	1.175597	0	0	0	0	0	0	0	1.174846	0	0	1.36957	0	0.465839	6.65631	0	0	0.403226	0	0	0	0.492377	0	4.027832	0	0	0	1.38302	0	0	0	1.26389	0	0.15528	0	0.468944	0	0	1.35404	0.310559	0	0.465839	0	0	3.26915	0	1.22327	0.722222	0	0	0	0.15528	0.118012	0.15528	0.621118	0.746377	0	1.901659	0	0	0	0	0	0.310559	0.620334	3.223101	0	0	0	0	0	0	0	0.597309	0	0	0	0	0	0	0	0	0	0	0	0.363354	0	0.15528	0	0
K03816	0	0	0	0	0	0	0	0	0	0	0	0	0	0	0	0	0	0	0	0	0	0	0	0	0	0	0	0	0	0	0	0	0	0	0	0	0	0	0	0	0	0	0	0	0	0	0	0	0	0	0	0	0	0	0	0	0	0	0	0	0	0	0	0	0	0	0	0	0	0	0	0	0	0	0	0	0	0	0	0	0	0	0	0	0	0	0	0	0	0	0	0	0	0	0	0	0	0	0	0	0	0	0	0	0	0	0	0	0	0	0	0	0	0	0	0	0	0
K03703	0.514099	0	0	0.644114	0.188679	0.971805	0	5.882075	0	0.9301197	1.7863644	5.5170871	0	0.0894454	3.179611	0	0	0.9637927	0.178891	0.2377874	0.542677	0	0.421434	0.8486454	0.9152568	0	0	1.081041	0.5102974	0.0178891	0	0.0894454	0.941349	0	0	0.707627	2.0403563	0.178891	0	1.0303901	0	1.3976085	2.574831	0.4566606	0.3531195	1.1150513	0	0	0.292398	0.0553435	0	1.2212507	0	0.1950214	0.178891	2.1142318	0	0.0894454	0	0	5.1286578	1.0994324	0.541031	2.0475109	2.13596	0.4724184	2.9856072	1.1239557	0.87228	0.0745379	0	0	4.590255	0	3.2221476	0.51181	0.362739	2.5234629	1.225284	0.7106544	0.2683364	0.699301	0.8067533	0.814741	1.2552354	7.8327728	0.6709136	0.45045	0.146131	0.4329154	0.172193	0.362319	0.17452	6.0729676	0	0	0.205314	0	0	0.0894454	0	5.3196623	0.585122	0	0	0	0	0.176123	1.1050488	0.6730478	0.439308	0.7513334	0	0.6314074	0	0.219298	0	0
K04655	0	0	0	0	0	0.165563	0	1.98565	0	0.8184676	4.129252	0.45561	0	0	0	0	0	0	0	0.699301	0	0	0	0	0	0	0	1.072155	0.891608	0	0	0	0	0	0	0	0.120309	0	0	0.331126	0	1.289336	3.7328	0.131702	0	0	0.240385	0	0	0	0	6.31204	0	0	0	1.799267	0.131702	0.0651214	0.974359	0	0	0	0	1.37477	0	0	0.6254	0.318182	0	0.174825	0	0	4.597045	0	1.370815	0.480769	0	0	0	0	0.174825	0	0.524476	3.770461	0.524476	2.049501	0	0	0.171329	0.4102329	0	0	0.354312	1.70192	0	0	0	0.174825	0.165563	0	0.331126	3.782514	0.219114	0	0	0	0	0	0	0	0	0	0	1.361514	0	0	0	0.165563
K03550	0	0	0	0.08061	0.79085	0.322581	0	4.265228	0	0	0	1.474607	0	0	0.326797	0	0	0	0.326797	0	0	0	0	1.350763	0	0	0	0.757831	1.258621	0	0	0	0	0	0	0	0	0	0	0	0	0.32043	1.32903	0	0.429194	0.326797	0	0	0	0	0	1.83878	0.326797	0.326797	0	2.534049	0	0	0	0	1.43791	0.8102892	0	0.623093	0	0	0.971958	0.642701	0	0.443109	0	0	7.429331	0	0.329032	0.326797	0	0.8061	0	0.0718954	0	0	0	0.56129	0.266667	2.555555	0	0	0.804575	0.148387	0	0.00645161	0	3.10323	0	0	0	0	0	0	0	2.969921	0	0	0	0	0	0	0	0	0	0	0	1.78133	0	0.326797	0	0
K04095	0	0	0	0	0	0	0	0	0	0	0	0	0	0	0	0	0	0.584541	0	0	0	0	0	0	0	0	0	0	0	0	0	0	0	0	0	0	0	0	0	0	0	0	0	0	0	0	0	0	0	0	0	0	0	0	0	0	0	0	0	0.570048	0	0	0	0	0	0	0	0	0	0	0	0	0	0	0	0	0	0	0	0.734189	0	0	0	0	0	0.356061	0	0	0	0	0	0	0	0	0	0	0	0	0	0	0	0	0	0	0	0	0	0	0	0	0	0	0	0	0	0	0	0
K01810	0.1965811	0.11655	0	0.257187	0	0.399378	0	4.999224	0	0.58275	1.345766	3.756416	0	0	1.040404	0	0	0.982906	0.11655	0.03885	0	0	0	0.34965	0.9324	0	0	0.794072	1.49029	0	0.227661	0	0.592074	0	1.07382	0.25	2.0349641	0	0	0.932401	0.2331	0.590367	0.125874	0.212121	0.4662	1.501943	0	0	0.283605	0.0551671	0	3.937919	0.0559441	0.2331	0.2331	1.38617	0	0.2331	0	0	0.770008	1.71018	0	0.62228	0.696193	1.779332	3.565652	0	0.42735	0.4662	0	0	5.87179	0.932401	0.932401	1.011655	0	1.630148	2.83528	0.0761461	0	1.082168	0.896659	0.769231	0.34965	8.5906941	0	0	0.594308	0.2331	0	0.743009	0.11655	3.50272	0	0	0	0	0	0	0.125	3.13539	0	0	0	0	0.11655	0	0.970377	0	0.0916861	0.11655	0.11655	0.832945	0	0.36405	0	0.0831391
K01872	0.8428703	0.2247613	0	0.9786443	0	0.6162114	0	7.455457	0	1.3694583	2.969196	3.0160788	0.527303	0	2.3333495	0.308904	0	1.8849396	0.7881942	0.2725721	0.586911	0.0608273	0.321543	1.3308272	0.1824819	0	0.0608273	0.602023	3.3049913	0	0.100162	0	0.243309	0.6414372	0	0.5304632	2.2579453	0.3041373	0	1.3788222	0.4150815	0.977536	4.0466937	3.264257	1.2252175	3.0863792	0.0608273	0	0.3065207	0.0608273	0	10.849456	0.1041681	0.3297393	0.4744511	2.4494589	0.0429846	0.7148323	0	0	3.977881	1.1887166	0.0608273	2.1305394	1.7261368	1.2232363	3.6182745	0.870829	0.182076	0.637699	0	0	9.1182031	0.545823	2.6482043	2.8750412	0.2812594	0.688183	2.625608	0.7686384	0.5604752	1.0161395	0.6400608	3.1555896	0.180505	12.4765528	0.5936735	0	0.5633554	0.982157	0.1713193	0.15108	1.3871697	3.9310775	0.1451783	0	0	0.749851	0.252845	0.3057809	0.0723589	9.28686631	0.248077	0	0	0	0.293621	0.3708659	0.7005774	0.1412131	1.2321172	0.4403125	0.256978	1.2918063	0	1.1787277	0.528986	0.1731649
K02518	3.832302	1.66667	0	1.783122	1	7.27174	0	48.7707	0	16.01243	35.2376	59.869	5.07143	0	27.97986	0	0	8.58178	2.31884	2	1	0.702381	0	15.942	2	5.98344	0	14.64912	14.259307	3.5942	1	0	4.55383	3.53623	1.952381	6.04503	8.29762	3.32143	0.904762	8.94617	2	2.38095	4.91667	14.1905	5.01346	10.611285	2	0	5.18841	1	0	90.44622	0	4.797097	7.08903	29.0595	0	1.630952	1.90476	6.32505	32.8597	16.12479	5.93996	17.48241	8.44358	5.71221	18.08075	9.10455	0.478261	1.77381	0	2.53571	162.369	0	29.9881	19.646	0.782609	11.58804	10.3882	6.16408	8.00776	8.80435	1	6.21429	1.108695	15.41045	2.928571	0	3.50052	1	0.904762	2.11905	4.61905	17.369	0	0	0	0	0	1.94048	0	15.0476	0	0.75	0	2.62319	0.916667	0	1	1	3.63095	0.202381	0.904762	10.7381	0	5.04762	0	1
K02035	0.705646	0	0	1.842223	0.218341	1.823558	0	13.546291	0	1.46778	2.7678265	9.716795	4.111106	0.456454	6.262482	0.439419	0.328947	4.60582	1.8985528	0.527426	0.273743	0.833333	0	2.177806	0.4754207	0.263214	0	0.381529	2.693901	0	0	0.598146	9.36498	0.67685	0	0.362855	0.505995	0.315457	0	7.361517	0.297522	0.781658	2.0356122	0.830997	1.777098	9.64207	0.202429	0	1.846962	1.345294	0	4.050171	0.683557	1.487898	0.8772283	2.010142	0	0.367844	3.078586	1.9087	3.714421	1.334123	2.377804	12.058791	4.225489	5.374938	12.1362	1.551962	0.62859	0	0	0	8.200172	6.567281	3.193781	5.105909	0	2.864888	3.690771	2.026423	1.2375544	1.33931	0.162447	1.214502	0.444061	12.430565	0.847566	4.408166	2.923889	0.3167939	0	0.715231	0.4596766	2.288497	0	0	0	0.502396	0	0.2041361	0	1.429636	0.157729	0.7441255	0	0.766314	0.316456	6.348128	2.492298	0.483412	0.756064	0.9956762	0	4.773843	0	0.174825	0	0.105485
K10947	0.352564	0	0	0	0	2.701819	0	0	0	0	2.29845	0.63388	1.01053	0	0.878205	0.480769	0	3.434001	0	0.166667	0	0	0	0.474359	5.100155	0	0	1.437158	0	0	0	0	0	0	0	0	0	0	0	0.451923	0	0.414729	0.953325	2.828071	0	11.116542	0	0	2.345411	0.480769	0	1.16842	0	0.163462	0	0.64748	0	0	0	0.461111	0	2.424548	0	3.050539	4.946265	1.64103	5.142691	0	0	2.24031	0	0	0.957895	0	0	5.98397	1.000149	0.647436	0.480769	0.947368	0.791392	0	1.60932	4.09474	0.391473	13.143657	1.42628	1.44231	0	0.824561	0	0	0.971929	6.825142	0	0	0	0.599359	0.526316	0	0	7.718	0	0	0	0	0	0	1.62222	0	0.958333	0	0	0	0	2.867832	0	0
K00763	0	0	0	0	0	0.1443929	0	0.545315	0	0.0430108	0.286482	0	0	0	0	0	0	0	0	0	0.114439	0	0	0	0	0	0	0.115207	0.1720426	0	0	0	0	0	0	0	0	0	0	0.344086	0	0.230414	1.152073	0	0	0	0	0	0	0.115207	0	0.921659	0	0	0	0.805684	0	0.115207	0	0	0	0	0	0	0	0	0.3023347	0	0	0	0	0	0.734255	0	1.036866	0	0	0	0	0.205069	0	0.0168971	0.26738	0.230414	0.0806452	0	0	0	0.115207	0	0.115207	0	0	0.456221	0	0	0	0	0	0	0	1.242704	0	0	0	0	0	0.115207	0.230415	0	0	0	0	0	0	0.230415	0	0
K05919	0	0	0	0	0	2	0	0	0	0	0	0	0	0	0	0	0	0	0	0	0	0	0	0	0	0	0	0	0	0	0	0	3.49206	0	0	0	0	0	0	0	0	0	0	0	0	0	0	0	0	0	0	0	0	0	0	0.634921	0	0	0	0	0	0	0	0	0	0	0	0.888889	0	0	0	0	0	0	0	0	0	0	0	0	0	0	0	4.60317	0	10.0794	0	0	0	0	0	0	15.254	8.60317	0	0	0	0	0	0	0	1.56349	0	0	0	0	0	0	1.33333	0	0	0	0	0	0	0	0	0
K02519	2.68503728	0.992194	0	0.651542	0	3.514135	0	34.773758	0	3.6592067	10.7665265	24.3726492	7.596802	0	7.416976	0	0	3.4554504	1.0998512	1.0905015	1.057643	0.6384255	0.338378	6.0145382	1.7632697	0.719869	0	4.381316	7.8203205	0.564972	0	0.3066695	6.208285	1.0048572	0	0.880817	7.469994	0.657616	0.0830565	1.59125474	0.4386466	3.354393	3.519065	7.77767	4.6255968	14.391106	0.4592571	0	1.4505764	1.4406096	0	20.078383	0.1721775	2.8456675	0.3282725	8.2353889	0.2292057	1.8063386	0.1492521	0.3350562	6.99559	6.0804002	1.606877	17.484411	4.536643	1.8390181	22.0355014	1.278226	1.090406	0.7178886	0	0.160784	17.8690168	0	3.8290531	9.4293183	0.1754779	6.4595292	12.837054	1.5277498	0.379639	4.3596706	2.336132	8.5072538	2.272961	31.8043448	0.9863857	0	2.1699302	1.800718	1.07753	2.5472542	3.7284432	22.424045	0	0	0	0.653727	0.170648	0.2304307	0.684932	38.4403909	0.4963973	0.722349	0	0.4390707	2.225478	3.1490166	3.4541937	0.8809707	14.0900137	2.0588575	0.6856745	6.400492	0	10.9644065	0	1.0703902
K03106	0.248545	0	0	0.111663	0	0.374065	0	2.281639	0	0.78368153	1.5246362	9.9435506	0.248139	0	1.188907	0	0	1.0518371	0.249377	0.577722	0.124069	0	0	1.528429	0.728749	0.2689	0	0.784167	0	0	0	0	2.625031	0.249376	0	0.271739	0.466918	0	0.124688	0	0	0.124688	0	0.498753	0.814966	1.1898355	0	0	0.381016	0	0	2.948728	0	0.124069	0.259652	2.2749957	0	0.0523691	0	0	2.114637	1.053413	0.635079	0	2.078325	0.930094	5.786486	0.706892	0.118869	0	0	0	0.860349	0	0.9036871	0.8276735	0	0.4578806	3.0472236	0.124688	0	0.4128984	0.249377	3.54012	0.0322581	5.444244	0.313367	0	0.2111385	0.36741451	0.124688	0.124688	0.5349195	3.357439	0	0	0	0	0.249377	0	0	3.699785	0.747298	0	0	0	0	0.124069	0	0.2703739	0.124069	0.34414	0.372	0.747511	0	0.249377	0	0
K13923	0	0	0	0	0	0	0	0	0	0	0	0	0	0	0	0	0	0	0	0	0	0	0	0	0	0	0	0	0	0	0	0	0	0	0	0	0	0	0	0	0	0	0	0	0	0	0	0	0	0	0	0	0	0	0	0	0	0	0	0	0	0	0	0	0.0106157	0	0	0	0	0	0	0	0	0	0	1.509555	0	0	0	0.0382166	0	0.636943	0	0	0	0	0	0	0	0	0	0	0	0.35461	0	0	0	0	0	0	0	0	0	0	0	0	0	0	0	0	0	0	0	0	0	0	0	0
K01934	0.242206	0	0	0.0498866	0	0.92309	0	7.872866	0	0.870503	7.98437	8.842972	0	0	1.120239	0	0	1.795995	1.076567	1.014217	0.556355	0	0	2.143042	1.05036	0.58753	0	1.388318	2.489033	0.357143	0	0	2.095924	0	0	1.42857	3.675722	0	0.0191847	4.664268	0.206349	0.865707	1.39089	0.359712	0.264286	4.88923	0	0	1.795993	1.62143	0	3.221578	0.359712	0.359712	1.429256	3.465059	0	0.719424	0	0	1.997994	1.948874	0.357143	2.904013	1.852572	4.641827	3.306957	4.481031	0	0.359712	0	0	8.0671455	0	0.872901	2.235823	0.925773	2.726301	0.359712	1.76862	0.697842	1.35156	0.244604	2.539568	1.033419	4.145582	0	0	0.561526	0.194245	0.160671	0.359712	0.942446	2.761543	0	0	0	0	0	0	0.254197	1.733643	0.0362812	0	0	0.357143	0	0	0.786816	0	2.15238	0	0	0.292566	0.359712	0	0	0.357314
K07133	0	0	0	0	0	0	0	0	0	0	0	0	0	0	0	0	0	0	0	0	0	0	0	0	0	0	0	0	0	0	0	0	0	0.657895	0	0	0	0	0	0	0	0	0	0	0	0	0	0	0	0	0	0	0	0	0	0	0	0	0	0	0	0	0	0	0	0.373563	0	0	0	0	0	0	0	0	0	0.212644	0	0	0	0	0	0	0	0	0	0	0	0	0	0	0	0	0.136986	0.132184	0	0	0	0	0	0	0	0	0	0	0	0	0	0	0.27248	0	0	0	0	0	0	0	0	0
K00371	2.7067438	0	0.160734	1.6488138	0	3.3237938	0	38.77036	0	5.550051	16.1393878	40.7288801	0.469484	0	4.9587368	0.49984	1.344496	3.5298672	0.390294	0.606416	0.893583	1.07914	0	5.6992704	5.145967	0.31244	0	2.9712555	5.7231912	0	0	0	5.669685	0.942238	0.185545	1.635884	9.6613628	2.105421	0.117371	9.3887691	0.901873	4.083084	7.631719	5.156287	2.148782	3.642407	0.708676	0.117371	1.522493	1.1989161	0	41.6362118	0.243797	0.68391	1.702877	4.4257135	0	1.2769954	0.234742	0.359712	6.2975576	5.918052	2.2181449	17.92886	3.1181578	0.9121502	9.8006559	3.8222288	1.288391	1.0357038	0	0	20.2983983	1.75822	4.4841583	4.28258	0.784821	0.402973	9.9944711	1.5664591	3.646612	5.573658	4.126726	5.207439	0.8416028	23.398722	0.9986778	0.6116512	1.6034588	1.698752	0.117371	2.514721	3.853148	13.7918072	0	0	0	0.261049	0	0.154147	0	21.4217188	0.2588857	1.8670301	0	1.051644	0.117371	1.825731	8.023569	0.0140845	6.082167	1.2173621	0.469484	9.6627908	0	6.2997406	0	0.671362
K01939	3.5086388	0.12069	0	0.485313	0	1.456255	0	0.7891114	0	0	2.363315	0.847685	1.0582	0.231922	2.2092379	0	0	0.387703	1.112039	0	0.127551	0	0	1.202434	2.3449412	0.0197044	0	1.020031	0.669218	0	0	0	1.032822	0.262255	0	0	4.298073	0	0	0.831506	0.151057	0.226244	0.170251	0.873034	1.78367	6.117633	0.498468	0	1.2453504	0.8357601	0	6.25463	0.127551	1.405358	0.944888	2.2663	0	0.727694	0.255102	1.004744	2.3926216	3.4397523	0.539747	0.3474424	0.448542	3.904603	3.33608	0	0.0673235	0.302513	0	0	2.016197	0	0.938775	5.5912966	0.132275	0.680163	3.249732	1.094152	0.78101	1.035445	0.255102	2.615317	0.446429	7.945182	0.11552	0.247795	0.603741	0.127551	0	0.226244	0.961959	5.288913	0	0	0	0.222222	0	0	0	4.518105	0.407407	0	0	0	0	0.460641	1.5727983	0.239234	0.246385	0	0	0.420068	0	0.196078	0	0
K02835	0.160772	0	0	0	0.497512	0.716929	0.321543	2.099524	0	0.786709	4.295209	3.777443	0.87567	0	0.769561	0	0	1.139527	0	0.160772	0.199203	0	0	2.4061343	1.189853	0.409528	0	0.160772	0.562404	0	0	0	1.462142	0	0	0	1.571371	1.769743	0	0.96463	0.3297068	0.397642	1.28617	0.442543	0.915423	2.703493	0	0	0.8935918	0.599322	0	2.6542573	0	0.691414	0.452719	2.154995	0	0.160772	0.160772	0	1.903533	0.408602	0	1.9013916	1.998372	0.787782	2.3344011	0.160772	0	0.277599	0	0	6.18303	0	1.863913	2.83075	0	0.643087	2.625036	0.27738	0	0.6024533	0.404858	1.517565	0.523091	5.864977	0.160772	0.2072527	0.363344	0.642099	0.321544	0	0	1.300351	0	0	0	0.177305	0	0	0	5.851676	0.450161	0	0	0.160772	0.160772	0.320472	3.313737	0	1.586281	0	0	0.311428	0	0.691505	0	0.160772
K00600	0.995088	0	0	0.464451	0.103416	1.052245	0.207756	4.0437808	0	0.9935362	3.7769658	8.325423	0.951082	0.568182	0.268403	0	0	1.24964	0.0803324	0.293229	0.451713	0	0	1.7254669	0.667295	0.277008	0	1.4897143	1.733111	0.280112	0	0	2.22727	0.396122	0.554017	0	2.717127	0	0	0.757794	0	1.044113	3.033985	1.511052	0.9030472	4.687215	0.2963986	0	0.138504	0.599261	0	6.6519	0	0.831024	0.277008	2.503127	0	0.138504	0	0	1.188994	3.139772	0	0.581128	1.105263	1.004016	3.6008391	0.6272771	0	0.4116581	0	0	2.021248	0.406279	0.782087	1.765471	0.138504	1.818858	1.1714401	0.322502	0.432771	1.316162	0.571275	1.1737318	0.277008	4.3716396	0.199446	0	1.383098	0.669974	0	0.3003507	0.293878	3.0212104	0.138504	0	0	0	0	0	0	7.916746	0	0	0	0.298246	0	0.364226	1.711341	0.308403	0.132964	0.554017	0.432771	1.166167	0	0.638681	0	0.1403504
K02821	0	0	0	0	0	0	0	0	0	0	0	0	0	0	0	0	0	0	0	0	0	0	0	0	0	0	0	0	0	0	0	0	0	0	0	0	0	0	0	0	0	0	0	0	0	0	0	0	0	0	0	0	0	0	0	0	0	0	0	0	0	0	0	0	0	0	0	0	0	0	0	0	0	0	0	0	0	0	0	0	0	0	0	0	0	0	0	0	0	0	0	0	0	0	0	0	0	0	0	0	0	0	0	0	0	0	0	0	0	0	0	0	0	0	0	0	0	0
K09772	0	0	0	0	0	0	0	0	0	0.512195	0.886179	0	0	0	0	0	0	0	0	0	0	0	0	0	0	0	0	0	0	0	0	0	0	0	0	0	0	0	0	0	0	0	0	0	0	0	0	0	0	0	0	0	0	0	0	0.609756	0	0	0	0	0	0	0	0	0	0	0	0	0	0	0	0	0	0	0	0	0	0	0	0	0	0	0	0	0	0	0	0	0	0	0	0	0	0.544715	0	0	0	0	0	0	0	0	0	0	0	0	0	0	0	0	0	0	0	0	0	0	0	0
K09710	0.661972	0	0	0	0	1.40845	0	2.95775	0	0.375587	2.517333	6.076985	1.286385	0	1.328638	0	0	1.197183	0	0	0.704225	0	1.065728	0.849766	0	0.389671	0	0.0273973	0.684932	0	0	0	0.380282	0.553991	0	0	1.77343	0	0	1.68493	0	0	4.04225	1.6347	0	0.915493	0	0	0.309859	0	0	6.55354	0	1.300469	0.684932	4.909705	0	0	0	0	0.784038	0.85446	1.42723	1.20657	0	0.995305	1.755867	0	0.356808	0	0	0	10.9132	0	0.60274	0.28169	0	1.732394	2.136151	0	1.27397	0.441315	0.957746	1.57078	0.333333	3.483695	0	0	0.553991	1	0	0.375587	0	7.289725	0	0	0	0	0	0	0	0.18342	0	0	0	0	0	0	0.639269	0	0	0.328638	0	0	0	0	0	0
K00611	0	0	0	0	0	0	0	0	0	0	0	0	0	0	0	0	0	0	0	0	0	0	0	0	0	0	0	0	0	0	0	0	0	0	0	0	0	0	0	0	0	0	0	0	0	0	0	0	0	0	0	0	0	0	0	0	0	0	0	0	0	0	0	0	0	0	0	0	0	0	0	0	0	0	0	0	0	0	0	0	0	0	0	0	0	0	0	0	0	0	0	0	0	0	0	0	0	0	0	0	0	0	0	0	0	0	0	0	0	0	0	0	0	0	0	0	0	0
K09762	0	0.18797	0	0.37594	0	0.5	0	4.69674	0	2.590584	1.994846	1.604352	0	0	0.436335	0.736842	0	0.16792	0.298611	0.16416	0	0.25188	0	0.677945	0.18797	0.225397	0	0.3909776	1.21712543	0	0	0.203252	0.37594	0	0	0	0.4862154	0	0	1.206767	0.201897	0.9456576	0.18797	0.562657	0	1.83459	0.238095	0.238095	0.18797	0	0	5.824056	0.37594	0.260417	0.3362855	0.8408526	0	0.18797	0	0.8454137	2.25848	1.417294	0	0.56391	0.654135	0	3.867337	0.354637	0.426065	0.18797	0	0	9.3305	0	0.139098	0.56391	0.0914787	1.3335507	1.529077	0.37594	0.2897182	0.68797	0.835562	1.077865	0.261905	5.56984	0	0	0.189394	0	0.18797	0	0.6367626	3.4422877	0.122807	0	0	0	0	0	0	1.825647	0.37594	0	0	0	0.18797	0.18797	0.724555	0.260417	0.324561	0	0	0.8811238	0	0.3750442	0	0
K02358	3.286584	0	0	3.75431	0.121693	12.992506	0	9.800127	0	6.334576	9.423988	13.20794	3.018296	0	11.159304	1.031118	0.144509	2.45947	0.919018	0.96751	7.760005	1.006429	0.578035	6.430766	4.655701	1.056211	0	8.474947	5.592672	0.243902	0.985222	0.468632	3.180526	0.985222	3.644131	0.527686	3.995227	4.240866	0	17.456708	1.0582	5.389671	6.96541	25.210298	4.908466	14.322846	1.44111	0	8.152447	8.470851	0	40.097792	0.26455	2.473524	5.480603	24.667349	0	1.77788	3.311413	0.738916	0.358491	16.788816	0.468632	20.499291	0.0770713	3.159028	23.425761	2.101607	1.404743	1.456905	0	0	77.10572	2.1164	16.379242	16.399071	3.716458	3.911094	12.433138	3.934794	6.114961	3.713048	1.201896	6.059077	4.200835	12.497621	2.7447293	9.937405	5.144777	2.3464865	1.006871	0.821937	1.722877	26.678856	0.166113	0	0	0.829522	0	0	0.243902	34.979299	0.0423892	0.204082	0	2.208471	0.243902	0.879089	3.452681	0.408163	1.562705	3.430244	0.348591	8.411451	0	5.09929	0	1.461158
K01523	0	0	0	0	0	0	0	0	0	0	0	0	0	0	0	0	0	0	0	0	0	0	0	0	0	0	0	0	0	0	0	0	0	0	0	0	0	0	0	0	0	0	0	0	0	0	0	0	0	0	0	0	0	0	0	0	0	0	0	0	0	0	0	0	0	0	0	0	0	0	0	0	0	0	0	0	0	0	0	0	0	0	0	0	0	0	0	0	0	0	0	0	0	0	0	0	0	0	0	0	0	0	0	0	0	0	0	0	0	0	0	0	0	0	0	0	0	0
K03686	3.817462	0.0734127	0.573413	5.328865	1.470659	3.807245	0.209366	15.266461	0	2.5095429	2.581143	5.173691	4.4494706	0	12.164716	0.678289	0	3.646778	0	0.1928855	2.1192701	1.026786	0.777778	1.592831	2.3500979	0	0	1.173721	1.778316	0.9573216	0	0.2047902	5.659486	0.14881	0.251984	0.14881	7.860255	0.963294	0	9.667884	0	0.9916165	7.615018	8.972679	5.280615	9.4334658	0	0.14881	1.6966608	4.375464	0	15.9254363	1.31986	2.881582	7.6650229	9.9970103	0.0218254	0.4353741	1.526345	0.975843	2.9493815	10.02298	1.648563	3.2712648	2.46825	13.407598	2.459082	1.3898818	0.836187	0	0.564103	0	24.629631	8.935808	4.074634	9.110808	1.50541	1.078641	1.3498439	4.4789846	2.577006	0.4065527	2.6309296	2.7101689	0.6626907	10.114418	0.408619	0.3600079	1.135719	0.296185	0.446429	0	0.297619	6.9735638	0	0	0	0.14881	0	0	0.147817	1.779399	0	0	0	0.258929	0.14881	0	1.058065	0	0.154762	0.501934	0.0694444	1.794267	0	0.471083	0	0
K02503	0	0	0	0	0	0	0	0	0	0	0	0	0	0	0	0	0	0	0	0	0	0	0	0	0	0	0	0	0	0	0	0	0	0	0	0	0	0	0	0	0	0	0	0	0	0	0	0	0	0	0	0	0	0	0	0.459259	0	0	0	0	0	0	0	0	0	0	0	0	0	0	0	0	0	0	0	0	0	0	0	0	0	0	0	0	0	0	0	0	0	0	0	0	0	0	0	0	0	0	0	0	0	0	0	0	0	0	0	0	0	0	0	0	0	0	0	0	0	0
K00919	0	0	0	0.0990629	0	0.200803	0	0	0	0	0.200803	0	0	0	0	0	0.0348059	0	0	0.200803	0.200803	0	0	0	0	0	0	0	0	0	0	0	0.401606	0	0	0	0	0	0	0.200803	0	0	0	0	0	0	0	0	0	0	0	2.587408	0	0	0	0	0	0	0	0	0	0	0	0	0	0	0	0	0	0	0	0	4.819273	0	0	0	0	0	0	0	0	0	0	0.5904944	0	0.402827	0	0	0	0.401606	0	0	0	0.301205	0	0	0	0	0	0	0	4.070839	0	0	0	0	0	0.200803	0	0	0	0	0	0.0548862	0	0.862583	0	0
K07043	0	0	0	0	0	0.242718	0.473064	0.0517799	0	0.252525	0.158576	0.423948	0	0	0	0	0	0.664983	0	0	0	0	0	0.503018	0	0	0	0.778317	0	0	0	0	1.220259	0	0	0	0	0	0	1.24074	0	0.252525	0	1.515155	0	0	0	0	0	0	0	0	0	0.0873786	0	0.830303	0	0	0	0	0.50505	0.553398	0.580556	0	0.708738	0	0.1633	0	0	0	0	0	0.237374	0	0	0.533424	0	0.175084	0.242718	0	0	0.252525	0	0	0.252525	0.830647	0	0	1	0	0	0	0.50505	0.485437	0	0	0	0	0	0	0	0.584846	0	0	0	0.337838	0	0	0	0.446602	0	0	0	0.176375	0	0	0	0
K07223	0.811869	0	0	0.21645	0.356061	0.467172	0	2.0925109	0	0.218341	4.385017	1.532908	0.882576	0	1.062258	0	0	3.107556	0.593725	0	0.378788	0	0	0.939394	0.639614	0	0	0	0.131313	0	0	0	0.378788	0.189394	0	0	0.369856	0	0	0.15404	0	0.2411617	0.384615	0.218341	0	2.747478	0	0	0.583333	0.378788	0	6.15909	0	1.13636	0	1.1335367	0.188131	0.407735	0.0517677	0	0.467172	2.891231	0.550505	0.378788	1.076881	4.280384	2.0080729	0	0.189394	0.133838	0	0	0.4040405	0	0	8.085523	0.840333	0.568182	2.349261	0.189394	0.16885	0.25631351	0.670132	1.373266	1.026515	3.327169	0.378788	0	0.503607	0.406279	0	0.189394	0.218341	1.9543311	0	0.189394	0	0	0	0.189394	0	6.91162	0.146465	0	0	1.267884	0	0.615886	0.973443	0.625103	0.568182	0.21645	0.501282	0.568182	0	0.0805167	0	0
K00567	0.267241	0	0	0	0	1.94372	0	0	0	0	0.172414	0	0	0	0	0	0	2.020376	0.888079	0.117816	0.307471	0	0	0	1.47222	0	0	0.5	0	0	0	0.201149	0	0	0	0.275862	0.525862	0	0.112069	0.623563	0	0	0	0	0.47619	0.988692	0	0	0.0545977	0	0	1.051724	0	0.431034	0	0.4281607	0	0	0.172414	0	0	0.471264	0	2.5862	0	1.966543	0.25	0.431034	0	0.241379	0	0	2.4080499	0	0	3.261866	0	1.080993	0.198276	0	0	1.933313	0	0	0	1.736973	0.406926	0.359195	0	0.926857	0	0	0.406729	4.16207	0	0	0	0	0	0	0	6.318966	0	0	0	0.431034	0	0	0	0	0	1.131129	0.623563	0.431034	0	1.301724	0	0
K14540	0	0	0	0.621954	0	0.806661	0	2.168228	0	0	0.18254	0.995223	0.424125	0	0.718254	0	0	0.396825	0	0	0	0.198413	0	0.606879	0.198413	0.319672	0	0	0.0810458	0	0	0	0.958836	0	0	0.198413	0	0	0	1.66013	0.198413	0.198413	0	0.198413	0.65979616	0.932	0	0	0	0	0	8.523773	0.0856031	0	0	2.548551	0	1.507156	0	0	0.779101	0.830616	0	1.36376	0.2607354	0.793651	1.373016	0	0	0	0	0	0.198413	0	1.281421	0.261708	0.198413	0	0.9425044	0	0	0.523995	2.481568	0.374339	0	2.451628	0	0	0	0.198413	0.0933852	0	0	1.421908	0	0	0	0	0	0	0	0.980392	0	0.198413	0	0	0	0	0	0	0	0	0	0.470899	0	0.2933543	0	0.194553
K00821	0	0	0	0	0	0	0	0	0	0	0	0	0	0	0	0	0	0	0	0	0	0	0	0.611111	0	0	0	0	0	0	0	0	0	0	0	0	0	0	0	0	0	0	0	0	0	0	0	0	0	0	0	0	0	0	0	0	0	0	0	0	0	0	0	0	0	0	0	0	0	0	0	0	0	0	0	0	0	0	0	0	0	0	0	0	0	0	0	0	0	0	0	0	0	0	0	0	0	0	0	0	0	0	0	0	0	0	0	0	0	0	0	0	0	0	0	0	0	0
K10036	0	0	0	0	0	0	0	0	0	0	0	0	0	0	0	0	0	0	0	0	0	0	0	0	0	0	0	0	0	0	0	0	0	0	0	0	0	0	0	0	0	0	0	0	0	0	0	0	0	0	0	0	0	0	0	0	0	0	0	0	0	0	0	0	0	0	0	0	0	0	0	0	0	0	0	0	0	0	0	0	0	0	0	0	0	0	0	0	0	0	0	0	0	0	0	0	0	0	0	0	0	0	0	0	0	0	0	0	0	0	0	0	0	0	0	0	0	0
K01956	0	0	0	0	0	0.490196	0	1.10893	0	0.100218	0.163399	0.163399	0.490196	0	0	0	0	0	0	0.163399	0.26178	0	0	0	0	0	0	0.58061	0.254902	0	0	0	0	0	0	0	0	0	0	0.197168	0	0.148148	0.979303	0.542484	0	0	0	0	0	0	0	4.29049	0	0	0	0.980392	0.25641	0.315904	0	0	0	0	0	0	0	0	0.689116	0.454701	0	0	0	0	0	0	0.653595	0	0	0	0	0	0.163399	0	0	2.00361	0.402624	0.444444	0	0	0	0.163399	0	0.0729847	0	1.20697	0	0	0	0	0	0	0	4.226794	0	0	0	0	0	0.238562	0.0577342	0	0	0.153595	0	0.308279	0	0	0	0.143791
K00145	0	0	0	0	0	0	0	0	0	0	0	0	0	0	0	0	0	0	0	0	0	0	0	0	0	0	0	0	0	0	0	0	0	0	0	0	0	0	0	0	0	0	0	0	0	0	0	0	0	0	0	0	0	0	0	0	0	0	0	0	0	0	0	0	0	0	0	0	0	0	0	0	0	0	0	0	0	0	0	0	0	0	0	0	0	0	0	0	0	0	0	0	0	0	0	0	0	0	0	0	0	0	0	0	0	0	0	0	0	0	0	0	0	0	0	0	0	0
K19689	0.138889	0.277778	0	0	0	0.263889	0	1.110185	0	0.3009261	6.882633	5.596517	0	0	0.825	0	0	2.340819	0.382408	0	0.138889	0	0	0.138889	0.686683	0	0	0.605891	0.125	0	0	0.676056	0	0	0	1.27878	2.9471303	1.352777	0	2.476398	0.314945	0.299074	2.88889	0.635463	0.137963	0.138889	0.286382	0	0.378788	0.138889	0	4.01789	0	0.138889	0.147493	1.047222	0	0.260417	0.277778	0	1.481852	0	0.555556	1.82984756	0.138889	0	4.8639039	0.26647	0	0.37037	0	0	1.156565	0	0.441495	0.314019	0.277778	0.308081	1.248209	0.138889	0	0.12963	1.551628	2.3026027	0.138889	10.55886	0	0	0.953936	0.269445	0.190114	0.628049	0.832136	4.345029	0.138889	0	0	0	0	1.04167	0	12.009078	0.138889	0.380228	0	2.165363	0	0.498084	2.861206	0.062963	1.203703	0.509259	0.345248	1.987459	0	1.21429	0	0.703583
K03282	0	0	0	0	0	0	0	0	0	0	0	0	0	0	0	0	0	0	0	0	0	0	0	0	0	0	0	0	0	0	0	0	0	0	0	0	0	0	0	0	0	0	0	0	0	0	0	0	0	0	0	0	0	0	0	0	0	0	0	0	0	0	0	0	0	0	0	0	0	0	0	0	0	0	0	0	0	0	0	0	0	0	0	0	0	0	0	0	0	0	0	0	0	0	0	0	0	0	0	0	0	0	0	0	0	0	0	0	0	0	0	0	0	0	0	0	0	0
K03555	0.1999306	0	0	0.399995	0	0	0	1.6181499	0	1.0803555	1.8443762	3.5464141	0.181159	0	0.362319	0	0	0.153936876	0.179211	0	0.0603865	0	0	0.887025153	0.4787808	1.263267	0	0.1811595	1.035672	0	0.578325	0	0.111449	0.115539	0	0.12037	0.886868	0	0	0.711353	0.0603865	0.3568769	0	0.1811595	0.437569	3.0816475	0	0	0	0	0	1.3837498	0.0599839	0.0603865	0	1.8895395	0	0	0	0	1.6006995	0.570345	0	2.9057465	0.352254	1.1218109	1.4038295	0.59965	0.120773	0.459887	0	0	3.322324	0	0.2012315	0.9895618	0	1.1053506	0.8916535	0.151369	0.0217391	0.8933285	0.362319	0.496377	0.120773	3.32354	0.395778	0	0.313085	0.120773	0.153374	0.4630345	0.512899	1.4953915	0.120773	0	0	0.257069	0	0	0	0.945047	0	0	0	0.3249365	0.598485	0	1.001993	0.1616929	0.350478	0.0603865	0	0.7880338	0	0.523724	0	0
K01534	0	0	0	0	0	0	0	0	0	0	0.8	0	0	0	0	0	0	0	0	0	0	0	0	0	0	0	0	0	0	0	0	0	0	0	0	0	0	0	0	0	0	0	0	0	0	0	0	0	0	0	0	0	0	0	0	0	0	0	0	0	0	0	0	0	0	0	0	0	0	0	0	0	0	0	0	0	0	0	0	0	0	0	2	0	0	0	0	0	0	0	0	0	0	1	0	0	0	0	0	0	0	0	0	0	0	0	0	0	0	0	0	0	0	0	0	0	0	0
K15738	0	0	0	0	0	0.128205	0	0	0	0	0.128205	0	0.282932	0	0	0	0	0	0	0	0	0	0	0	0	0	0	0.4012242	1.1277069	0	0	0	0	0	0	0.278552	0	0	0	0.29703	0	0	0	0	0	0	0.278552	0	0	0	0	0.2933797	0	0	0	0.323965	0	0	0.167224	0	0	1.09489	0	0.128205	0	0	0	0	0	0.0851789	0	0	0.321986	0	0.3847739	0	0	0	0	0	0	0	0.0859107	0.0807754	0	0	0	0	0.364964	0.161551	0	0	0	0.5762467	0	0	0	0	0	0	0	0.58533	0	0	0	0	0.0859107	0	0.120513	0	0	0	0	0.210259	0	0.0859107	0.251889	0
K00241	0.784314	0	0	0	0	0	0	3.08824	0	0	0	0	0	0	0	0	0	0	0	0	0	0	0	0	0	0	0	0	0	0	0	0	0	0	0	0	0	0	0	0	0	0	0	0	0	0	0	0	0	0	0	0	0	0	0.75	1	0	0	0	0	0	0	0	0	0	0	0	0	0	0	0	0	0	0	0	0	0	0	0	0	0	0	0	0	0	0	0	0	0	0	0	0	0	0	0	0	0	0	0	0	0	0	0	0	0	0	0	0	0	0	0	0	0	0	0	0	0	0
K02030	0	0	0	0.684932	0	3.101056	0	0	0	0	2.171183	0.385788	0.452489	0	0.515982	0	0	0	0	0.38914	1.253393	0	0	0	1.265432	0	0	0.482131	1.273001	0	0	0	0.452489	0	0	0	1.289425	0	0	2.82607	0	0.45098	0	7.505255	0.298354	0	0.308642	0	0.211934	0.291101	0	10.2578982	0	0	0.0648567	8.945784	0.300412	0	0	0	0.0226337	0.589744	0	0.56871	0	0	2.278054	0	0	0.452488	0	0	4.2360282	0	0.299401	1.515982	0.308642	0.308642	0	1.01374	3.2739114	0.153846	0.904977	3.668954	0.173653	3.073613	0.308642	0	0	0	0	0.219561	0.604826	2.850682	0	0	0	0	0	0	0	12.044167	0.242836	0	0	0	0	1.073906	0.191358	0	0	0	0	0.904978	0	0.912519	0	0.0226244
K11719	0	0	0	0	0	0	0	2	0	0	0	0	0	0	0	0	0	0	0	0	0	0	0	0	0	0	0	0	0	0	0	0	0	0	0	0	0	0	0	0	0	0	0	0	0	0	0	0	0	0	0	0	0	0	0	1	0	0	0	0	0	0	0	0	0	0	0	0	0	0	0	0	0.447917	0	0	0	0	0	0	0	0	0	0	0	0	3	0	0	0	0	0	0	0	0	0	0	0	0	0	0.8125	0	8.61458	0	0	0	0	0	0	0	0	0	0	0	0	0	0	0	0
K18928	0.5170073	0	0	0.255102	0	0.765054	0	5.833435	0	0.0987654	1.706769	2.041563	0.513457	0.166667	3.053324	0	0	2.033433	0.47449	0	0	0	0	0.60915	1.174272	0.449123	0	0.0123457	0.581395	0	0	0	0.248299	0.255102	0	0.925926	1.512668	0	0	1.097947	0	0.239198	5.603607	2.475769	1.179485	1.789953	0.578232	0	0.384202	0	0	6.095502	0	0.961734	1.785218	5.0568146	0	0.147959	0.0408163	0.268519	1.275101	3.478727	1.219217	2.1863185	1.995091	2.2301006	0.836559	0.197133	0	0.872762	0	0	9.111975	0	0.692901	4.542436	1.161565	1.8214414	8.2624042	0.549278	0	3.562638	0.534749	5.13771	1.7867607	36.699299	1.401467	0.118827	1.149631	0.0138889	0	0.585254	2.766972	8.070133	0	0	0	0	0	0	0.543981	16.06588	0	0.948003	0	0.574522	0.234767	0.529827	3.056823	0.566606	2.230559	1.79975	0.290698	2.695547	0	2.477741	0	0
K12527	0	0	0	0.13089	0	0.1945526	0	0	0	0.0972763	1.008455	0.0155642	2.536827	0	0.487805	0	0	0.243902	0.300958	0	0	0	0	0.242276	0.210084	0	0	0.2101172	2.4807781	0	0.26178	0	0.657837	0	0	0	0.1494025	0.135538	0	0.0972763	0	0.0972763	0.345655	2.5823107	0	0.972358	0	0	0.374792	0.0966278	0	3.394863	0	0.467541	0	2.522811	0	0	0	0	0	2.939909	0	0.453986	0	0.13089	0.6412943	0.0499352	0	0.2114313	0	0	20.674084	0.358423	1.209649	3.610257	0	1.722894	0.7904978	2.7894123	0.969662	0.3033625	3.20448	0.0298686	0.8308573	3.0101923	1.640055	0.217886	1.1581003	2.262164	0	0.639935	1.8734803	5.624536	0	0	0	0	0	0	0.367647	1.574442	0	0	0	0	0	0	0.523046	0	0	0	0	3.151183	0	0.245098	0	0
K02836	0	0	0	0	0	0.338078	0	0.640569	0	0	1.067616	0.2313168	0.241993	0	0	0	0	0	0	0.130486	0	0	0	0	0	0	0	0	0.177936	0	0	0	0	0	0	0	0.177936	0.0771056	0	0.355872	0	0.5741401	1.37011	0.126928	0	0	0.177936	0	0	0.177936	0	0	0	0	0.355872	2.285886	0	0	0	0	0	0	0	0.164887	0	0	1.2242005	0	0	0	0	0	4.74378	0	0.177936	0	0	0	0	0	0	0	0.480427	0.711744	0.177936	1.551602	0	0	0.0818505	0.109134	0	0	0.355872	2.166069	0	0	0	0	0	0	0.177936	4.3618	0	0.177936	0	0	0	0	0.177936	0	0	0	0	0.355872	0	0.592593	0	0.177936
K02071	0	0	0	0	0	1.387669	0	0	0	1.3544589	3.55163	1.175969	2.15162	0	0	0	0	0	0	0.746269	0.334448	0	0.300107	0	0	0.320472	0	0.926299	3.399093	0	0	0	0.289855	0	0	0	0.2608695	0	0	1.13949	0	0.501672	0.7554	0.171429	0	0.255238	0	0	0.167224	0	0	7.979301	0	0	0.342497	1.319692	0	0.321543	0.298774	0	0	0.203704	0	2.452233	0	0	1.153476	0.680272	0	0	0	0	9.652491	0	1.509613	0.346095	0.0724638	0	0.782422	0	0.167224	0.167224	3.670092	1.765978	0.815476	7.036309	0	0	0.825205	1.318365	0.506269	1.30783	0.88672	8.2601298	0	0	0	0	0	0	0.513586	6.889213	0.656633	0	0	0	0.594104	0.167224	0.160772	0	0	0	0	2.772009	0	0.167224	0.167224	0
K01653	0	0	0	0	0	0	0	0	0	0.224189	0.666667	0	0	0	0	0	0	0	0	0	0	0	0	1.61905	0	0	0	1.014162	2.065922	0	0	0	0	0	0	0	1.357378	0	0	1.92562	0	0	5.019263	0.20059	0.126722	0.413223	0	0	0	0	0	6.585594	0	0	0	1.063069	0.209366	1.24444	0	0	0	0	0	0	0	0	0.84651	0	0	0	0	0	6.775495	0	0	0	0	0	0.818182	0.413223	0	0.789116	0	1.625783	1.227656	0.811754	0	0	0	0.261708	0.261708	0	0.203857	5.698809	0	0	0	0	0	0.636364	0	3.637008	0	0	0	0	0	0	0	0	0	0	0.0483092	1.336844	0	0	0	0.316804
K00175	0	0	0	0	0	0	0	0	0	0	0	0	0	0	0	0	0	0	0	0	0	0	0	0	0	0	0	0	0	0	0	0	0	0	0	0	0	0	0	0	0	0	0	0	0	0	0	0	0	0	0	0	0	0	0	0	0	0	0	0	0	0	0	0	0	0	0	0	0	0	0	0	0	0	0	0	0	0	0	0	0	0	0	0	0	0	0	0	0	0	0	0	0	0	0	0	0	0	0	0	0	0	0	0	0	0	0	0	0	0	0	0	0	0	0	0	0	0
K03439	0	0	0	0	0	0	0	0	0	0.294118	0.294118	0.072549	0.294118	0	0	0	0	0	0.188235	0	0	0	0	2.058828	0	0	0	0	0.235294	0	0	0	2.16274	0	0	0	0.583135	0	0	0	0	0	0	0	0	1.049019	0	0	0	0.294118	0	2.206171	0	0.570589	0	0.415686	0	0	0	0	0	0	0	0.7098042	0.880392	0.460317	0.52353	0	0	0	0	0	0	0	0	0.7745101	0	0	0.588236	0	0	0.2	0	0.072549	0	1.397966	0	0	0.0960784	0.105882	0	0.22549	0	0.166667	0	0	0	0	0	0	0	1.250099	0	0	0	0	0	0	0.294118	0	0	0	0	0.294118	0	0	0	0
K03322	0	0	0	0	0	0.135135	0	0	0	0.500901	1.284004	0.88870367	1.35135	0	0	0	0	0	0	0	0.287511	0	1.066281	0	0	0.8873422	0	0.652906	0	0	0	0	0	0	0	0	0	0	0	1.502926	0	0.135135	0	0	0	0	0.2070128	0	0	0	0	1.483286	0	0	0.519231	0.663441	0	0.134771	0	0	0	0.418909	0	0	0	0	1.3009	0	0	0	0	0	13.385101	0	5.32921	0	0	0	0	0	0.27027	0.280544	0.38814	1.228657	0.268104	3.897266	0	0	0.134771	0.772686	0	0.134771	1.305459	9.30037	0	0	0	0	0	0	0	3.879072	0	0	0	0	0	0.134771	0.0431267	0	0	0	0	0	0	0.269906	0	0
K03438	0.190294	0	0	0.566158	0.722861	0.383142	0	0.571247	0	1.938558	1.41995	1.995012	0	0	0.191571	0	0	1.054411	0.2653623	0.61018	0	0	0	0.89272	0	0	0	1.216384	1.09489	0	0	0	0	0.168582	0	0.363985	0.9808427	0	0	0.86129	0	0.4419552	0.309598	0.191571	0	0.191571	0	0	0.19084	0	0	6.954302	0.123883	1.191571	0.574713	0.268199	0	0.1777875	0	0	0.494589	0.146505	0.2	0.74638	0.191571	1.265645	3.522462	0	0.383142	0	0	0	5.005858	0	0	2.245087	0	0.191571	0.864448	0.249043	0	0.3770522	1.553693	1.413725	0.43771	6.966945	0	0	0	0.227331	0	0.828712	0.3849492	1.33743	0.156746	0	0	0	0	0	0	0.111455	0	0	0	0	0.191571	0.054917	0.4	0	0.969063	0	0	1.191571	0	0.756165	0	0.191571
K03787	0	0	0	0.138889	0	0.648324	0	0.973856	0	0.403226	1.694444	2.899476	0	0	0.109477	0.0490196	0	0.444444	0	0	0.0375817	1.44271	0	0.0539216	0.398693	0	0	0.797386	0	0	0	0	0	0	0	0.0375817	0.490196	0	0	0.245098	0	0.627082	0.388889	0	0.138889	1.2945146	0.168301	0	0	0.312057	0	2.042632	0	0.2941176	0.245098	0.5392156	0	0.485839	0	0	0.245098	0.0898693	0	0.644608	0.321895	0.395425	1.957148	0.0277778	0	0	0	0	1.655181	0	0	2.126667	0	1.232656	3.062139	0.19281	0.227124	0	0	0.826797	0.545383	0.81127395	0	0	0.0408497	0	0	0	0.245098	1.609477	0	0	0	0	0	0	0	4.132285	0	0	0	0.661765	0	0.40264	0.602941	0.245098	0.0915033	0	0	0.630719	0	0.490196	0	0
K04096	0	0	0	0	0	0	0	0	0	0	0.102136	0.0557103	0	0	0	0	0	0	0	0	0	0	0	0	0	0	0	0.0938069	0	0	0	0	0	0	0	0	0	0	0	0	0	0	0	0	0	0.200557	0	0	0	0	0	0	0	0	0	0.0837887	0	0	0	0	0	0	0	0	0	0	0.162488	0	0	0	0	0	0	0	0	0.0286533	0	0	0	0	0	0.082637	0	0	0.097493	0.376338	0	0	0	0	0	0.0637523	0	0.136612	0	0	0	0	0	0	0	0.622098	0	0	0	0	0	0	0.243745	0	0	0	0	0	0	0.084494	0	0
K04656	0	0	0	0	0.140376	0.217391	0	0.6152252	0	1.1597402	3.824537	3.2441695	0	0	0.2901772	0	0	0.9335499	0.0618847	0	0.0703235	0	0	1.057341	0	0.332594	0	0.2672725	1.251837	0	0	0	0	0	0	0	0.7474295	0.221729	0	0.8892875	0	0.4845645	2.531543	0.8862115	0	2.164827	0	0	0.434783	0	0	4.4480595	0.0703235	0	0.0354767	0.9004149	0	0.211268	0	0	0.140647	0.140647	0	0.519207	0.21097	0	2.2335504	0.140845	0.0703235	0.19685	0	0	2.0837641	0	1.1988	0.0703235	0	0.1405372	0.0937646	0.39219	0.0704225	0	0.21097	0.4739876	0	5.2089175	0.5557605	0	0.6868926	0.422066	0	0.192308	0.465839	2.3330174	0	0	0	0	0	0	0	1.7225845	0	0	0	0	0.0704225	0	0.1678388	0	0.214493	0.31083	0	0.950684	0	0.143139	0	0.34965
K00261	0	0	0	0	0	0	0	0	0	0	0	0	0	0	0	0	0	0	0	0	0	0	0	0	0	0	0	0	0	0	0	0	0	0	0	0	0	0	0	0	0	0	0	0	0	0	0	0	0	0	0	0	0	0	0	0	0	0	0	0	0	0	0	0	0	0	0	0	0	0	0	0	0	0	0	0	0	0	0	0	0	0	0	0	0	0	0	0	0	0	0	0	0	0	0	0	0	0	0	0	0	0	0	0	0	0	0	0	0	0	0	0	0	0	0	0	0	0
K00756	0	0	0	0	0	0.0173611	0	0	0.078125	0	0.130208	0	0	0	0	0	0	0	0	0	0	0	0	0	0	0	0	0	0	0	0	0	0	0	0	0	0	0	0	0	0	0	0	0.260417	0	0	0	0	0	0	0	0	0	0	0	0.130208	0	0	0	0	0	0	0	0	0	0	0	0	0	0	0	0	0.0868056	0	0	0	0	0	0	0	0	0	0	0.0998264	0	0.425347	0	0	0	0	0	0	0	0.708334	0	0	0	0	0	0	0	0	0	0	0	0	0	0	0	0	0	0	0	0.390625	0	0	0	0
K03523	0.335731	0	0	5.670582	0	1.430843	0	4.393286	0	2.042417	10.563238	20.250388	0	0	6.367261	0	0	2.554524	0	0	0.413223	0.165468	0	1.345324	1.46283	0	0	0.360882	0	0	0	0.4578445	0.990407	0.936072	0	0	1.25899	0.508772	0	3.281393	0.0623501	3.954424	0	0.359712	0	0.896882	0.173554	0	0.206612	0.153477	0	5.80143	0.316547	1.07914	0	0	0	0.556355	0	0.357314	1.366906	4.033585	2.119972	3.822545	1.64988	1.23981	5.243061	0.719424	0	0.413223	0	0	1.220762	0.450839	2.38017	4.141702	0	5.968415	6.0188775	0.383693	0	3.8895082	0	2.6199019	0.232614	74.9881443	2.428807	0	1.49236	0	0	1.117572	1.74911	11.104411	0.347722	0	0	0	0.335731	0	0	1.921198	0	0	0	1.1366908	0	0	4.588953	0.359712	0.470024	4.010676	1.017607	1.657736	0	1.60606	0	1.392465
K03111	0	0	0	0	0	1.524823	0	0	0	0	4.20175	2.75439	0.702128	0	0	0	0	0	0	0	0	0	0	0	0	0	0	0	0	0	0	0	1.13475	0	0	0	0.842105	0	0	0	0	0	0	1.26316	0	0	0	0	0	0	0	70.4496	0	0	0	11.2368	0.833333	0	0	0	0	0	0	0	0	0	0	0	0	0	0	0	0	0	0	0	0	0	0	0	1.90351	0.482269	0	0	0	0	0.347518	0	0	5.0922	0	3.0614	0	1.38596	0	0	0	0	0	0	0	2.19298	0.758865	0	0	0	0	0	0	0	0	0	0	0	0	0.276596	0	0
K01714	0	0	0	0	0	0.203252	0	0.47079	0	0.758732	1.876698	0.406504	0	0.406504	0	0	0	0	0	0	0.596206	0.0569106	0	0	0	0	0	1.0196639	0.61906	0	0	0	0	0	0	0	0.406504	0	0	0.87162	0	1.095368	0	0	0	0	0	0	0	0.232558	0	3.012566	0	0	0	2.095393	0	0.201897	0.406504	0	2.7466107	0.331978	0	0.256014	1.16396	0	2.566429	0.420054	0	0.406504	0	0	4.77144	0	1.102628	0	0	0	0	0.256014	0.3617886	0	0	2.201456	0	3.6787456	0.203252	0	0.363994	0.707317	0.490515	0.858512	2.1815676	8.261788	0	0	0	0	0	0	0	4.082306	0	0	0	0	0.53252	0	0.364499	0.813008	0.311111	0	0	2.670471	0	0.126016	0	0.488889
K06949	0	0	0	0	0	0.748703	0	1.474745	0	1.490906	4.791099	7.598634	3.47915	0	0.928525	0	0	0.117486	0	0.236695	0.210084	0	0	0	0	0.145658	0	2.827782	2.188519	0	0	0	0.383754	0	0	0.229596	1.32213	0	0	1.46919	0	1.302695	2.152837	0.420168	0	0	0	0	0.184801	0.210084	0	11.629233	0	0	0.210084	4.681244	0	0.862844	0	0	0.333035	0.3812325	0.684932	0.859944	0	0	2.739951	0.820728	0	1.164116	0	0	13.340118	0	0.896358	0	0	0	0.804167	0.679568	0.210084	0	1.087305	4.305852	1.033164	5.283139	0.19883	0	0	0.176471	0.64868	0.466036	4.281093	8.9699288	0	0	0	0	0.113445	0	0	19.688223	0	0.210084	0	0.200617	0	0.453175	0.822092	0	1.582175	0	0.664103	2.755821	0.0985916	2.886295	0	0.3464987
K05606	0	0	0	0	0	0	0	0	0	0	1	0	0	0	0	0	0	0	0.315315	0	0	0	0	0	0	0	0	0	0	0	0	0	0	0	0	0	0	0	0	0	0	0	0	0	0	0	0	0	0	0.243243	0	0	0	0	0	0	0	0	0	0	0	0	0	0	0	0	0	0	0.486111	0	0	0	0	0	0	0	0	0	0	1	0	0	0	0	0	0	0	0	0	0	0	0	1	0	0	0	0	1	0	0	0	0	0	0	0	0	0	0	0	0	0	0	0	0	0	0	0	0
K02527	0	0	0	0	0	0	0	0	0	0.2652221	0.530858	0.178355	0	0	0	0	0	0	0	0.102164	0.207469	0	0	0	0	0	0	0	1.72727	0	0	0	0	0	0	0	0.891775	0	0	0.702165	0	0.412841	0	0.658874	0	0	0	0	0	0.258009	0	2.50563	0	0	0.174892	1.513405	0	0.153374	0	0	0	0.64935	0	0	0	0	0.519481	0.648485	0.12987	0.25974	0	0	5.54502	0	0	0	0	0	0	0.283244	0.153374	0	0	0.493506	0.12987	1.076589	0	0	0	0	0.118615	0.297619	0	1.793239	0	0	0	0	0	0	0	3.293717	0	0	0	0	0	0.12987	0.25974	0	0	0	0	1.115149	0	0.207792	0	0
K17759	0	0	0	0.2932485	0	0.2956352	0	1.232068	0	0.3721698	0.9883084	1.3128703	0	0	1.598156	0.0886076	0	0.529409	0.21097	0	0.1969055	0	0	0.579194	0.21097	0	0	0.674967	0	0	0	0	1.925453	0.105485	0	0.0154712	0.425388	0	0	0.105485	0.105485	0.105042	0.142757	0.888889	0.25879	0.619278	0	0	0	0.105485	0	2.001146	0	0.234811	0.105485	0.7471079	0	0.21097	0	0	0.573125	0.105485	0.21097	0	0.515471	0.757599	0.6852654	0.105485	0	0.1898732	0	0	1.587201	0	0.21097	0.693389	0	0.941478	0.21097	0	0.21097	0.237206	0.21097	1.0895748	0	2.046142	0.21097	0	0.0541491	0.226442	0.108932	0.102672	0.256087	1.216596	0	0	0	0	0	0.21097	0	1.605839	0	0	0	0.105485	0	0	0.4774956	0	0	0	0.105485	1.103871	0	0.315049	0	0
K02335	0	0	0	0	0	0.0606796	0	0.0606796	0	0.1213592	0.821367	0.5327621	0	0	0	0	0	0	0	0.0606796	0.121057	0	0	0	0	0	0	0.445633	0.3554335	0	0	0	0	0	0	0	0.495573	0	0	0.0275081	0	0	0.484628	0.485436	0	1.576477	0	0	0	0.2128866	0	0.3188217	0	0	0.121359	0.9940532	0	0.1820386	0	0	0.362319	0.446429	0	0	0	0	0.54652059	0	0	0	0	0	3.082013	0	0.7760812	0.443452	0.0606796	0	0.875	0	0.2423136	0.4729606	0.181634	1.696697	0.8850446	1.84717528	0	0	0.0113269	0.363673	0	0.4103296	1.026626	2.883047	0	0	0	0	0	0	0	3.9929907	0	0	0	0	0	0.121359	0	0	0	0	0.9927786	0.4543806	0	0.180633	0	0
K15977	0	0	0	0	0	0	0	0	0	0	0	0	0	0	0	0	0	0	0	0	0	0	0	0	0	0	0	0	0	0	0	0	0	0	0	0	0	0	0	0	0	0	0	0	0	0	0	0	0	0	0	0	0	0	0	0	0	0	0	0	0	0	0	0	0	0	0	0	0	0	0	0	0	0	0	0	0	0	0	0	0	0	0	0	0	0.876812	0	0	0	0	0	0	0	0	0	0	0	0	0	0	0	2.60526	0	0	0	0	0	0	0	0	0	0	0	0	0	0	0	0
K00783	0	0	0	0	0	0	0	0	0	0	0	0	0	0	0	0	0	0.875	0	0	0	0	0	0	0	0	0	0	0	0	0	0	0	0	0	0	0	0	0	0	0	0	0	0	0	0	0	0	0	0	0	0	0	0	0	0	0	0	0	0	0	0	0	0	0	0	0	0	0	0	0	0	0	0	0	0	0	0	0	0	0	0	0	0	0	0	0	0	0	0	0	0	0	0	0	0	0	0	0	0	0	0	0	0	0	0	0	0	0	0	0	0	0	0	0	0	0	0
K00547	0	0	0	0	0	0	0	0	0	0	0	0	0	0	0	0	0	0	0	0	0	0	0	0	0	0	0	0	0	0	0	0	0	0	0	0	0	0	0	0	0	0	0	0	0	0	0	0	0	0	0	0	0	0	0	0	0	0	0	0	0	0	0	0	0	0	0.136986	0	0	0	0	0	0	0	0	0	0	0	0	0	0	0	0	0	0	0	0	0	0	0	0	0	0	0	0	0	0	0	0	0	0	0	0	0	0	0	0	0	0	0	0	0	0	0	0	0	0	0
K03215	0	0	0	0	0	0.224215	0	0	0.112108	0.526246	1.14898	0.916767	0.543297	0	0.0367232	0	0	0.690098	0.225225	0	0	0	0	0.987889	0.575344	0	0	0.4601525	2.462538	0	0	0	1.209177	0	0	0	1.118158	0	0	0.269806	0.128114	0.8276049	0.896861	0.132937	0	1.656073	0	0	0	0.176678	0	2.7116684	0	0	0	1.442895	0	0.203252	0.115207	0	0.403742	0	0	0.806449	0.234234	0	1.7054561	0.424203	0	0	0	0	3.327393	0	0.220471	0.7218797	0	0.448686	0.668658	0.289238	0.217489	0	3.511434	0.450777	0.359712	4.26958	0	0	0	0.270553	0.201613	0	0.406504	2.193728	0.458824	0	0	0	0	0	0	1.303775	0	0	0	0.34631	0.223965	0.428477	0.254962	0	0.22447	1.4165351	0.112613	0.672645	0	0.868341	0	0
K04485	0.122549	0	0	0.367647	0.689655	0.122549	0	2.077353	0	0.23366	0.367647	1.2034322	2.16615	0	1.104733	0	0	0.36683	0	0	0	0	0	1.03431	0	0	0	0	0.292054	0	0	0	0	0.122549	0	1.10753	0.590686	0.0392157	0	0.113562	0.122549	0.121732	0.245098	0	0.387099	0.367647	0.0972222	0	0.696364	0.853439	0	2.6498	0	0.449346	1.2255462	0.7063795	0	0.122549	0.0980392	0	0.458165	0	0.1741486	0.35866	1.27941	0.335139	0.6756535	0	0	0	0	0	0.620098	0	0.183824	1.257089	0	0.380719	1.391849	0.584967	0	0.789041	0.490196	0.92814	0.562795	6.153734	0.392819	0	0.122549	0.756536	0	0.122549	0.4618499	2.501057	0	0	0	0	0	0	0	1.964329	0	0	0	0	0	0.154799	0.1781046	0	0.245098	0	0	0.761935	0	0.247863	0	0
K01916	0	0	0	0.485437	0	0.485437	0	0.220065	0	0.334951	0.0647249	0	0	0	0.917431	0	0	0.242718	0	0.210356	0	0	0	0.0711974	0.242718	0	0	0	0.393519	0	0	0	0	0	0	0.490196	0	0	0	1.21359	0	0	0.485437	0	0	0.485437	0	0	0.68932	0	0	1.211974	0	0.485437	0	0.733143	0	0	0	0	1.25243	0	0	0.485437	0.485437	0	0	0	0	0.3009704	0	0	1.080906	0.273463	0.485437	0.108414	0	0	0	0	0.0873786	0.5517798	0.174757	0	0	0.242718	0	0	0	0.242718	0	0.242718	0	0.970874	0	0	0	0	0	0	0	1.333491	0	0	0	0.884956	0	0	0	0	0	0.242718	0	0	0	0.242718	0.325243	0
K13922	0	0	0	0	0	0	0	0	0	0	0.117096	0	0	0	0	0	0	0	0	0	0	0	0	0.117096	0	0	0	0	0	0	0	0	0	0	0	0	0	0	0	0	0	0	0	0	0	0	0	0	0	0	0	0	0.117096	0	0	0	0	0	0	0	0	0	0	0	0	0	0	0.35461	0	0	0	0	1.07143	0	0	0.25	0	0	0	0	0	0	0	0	0	0	0	0	0	0	0	0	0.234192	0.345043	0	0	0	0	0	0	0	0	0	0	0	0	0	0	0.117096	0	0	0	0	0	0	0	0	0
K02227	0	0	0	0	0	0	0	0	0	0.181495	0.729538	0	0	0	0	0	0	0	0	0.177936	0	0	0	0	0	0	0	0.646501	0.177936	0	0	0	0	0	0	0	1.677668	0	0	0.715789	0	0.177936	1.56465	0.177936	0	0	0.339265	0	0	0	0	3.74733	0	0	0	0.533808	0	0	0	0	0	0	0	0	0	0	0.432977	0	0	0.177936	0	0	7.560777	0	0.355872	0	0	0	0	0	0	0	0	0.355872	0	0.177936	0	0.343643	0	0	0	0.177936	0.115789	1.705812	0	0	0	0	0	0	0	0.674971	0	0.177936	0	0	0	0	0	0	0	0	0	0.446026	0	0.177936	0	0.177936
K01493	0	0	0	0	0	0	0	0	0	0	0	0	0	0	0	0	0	0	0	0	0	0	0	0	0	0	0	0	0	0	0	0	0	0	0	0	0	0	0	0	0	0	0	0	0	0	1.65833	0	0	0	0	1	0	0	0	0	0	0	0	0	0	0	0	0	0	0	0	0	0	0	0	0	0	0	0	0	0	0	0	0	0	0	0	0	0	0	0	0	0	0	0	0	0	0	0	0	0	0	0	0	0	0	0	0	0	0	0	0	0	0	0	0	0	0	0	0	0	0
K01695	0.386293	0	0	0	0	0.233645	0	1.926054	0	0.14486	0.757205	0.6345333	0	0	0	0	0	0	0	0	0	0.703876	0	0	0	0	0	0.0965732	0.232558	0.46729	0	0	0.46729	0	0	0	0	0	0	1.04712	0	0	0	1.80218	0	0	0	0	0	0.233645	0	0.109034	0.140187	0	0	1.998426	0	0	0	0	0	0.276243	0	1.610264	0	0	0.213675	0.233645	0	0	0	0	7.636456	0	0.232558	0.160436	0	0	0	0.217054	0	0.123053	0	1.425234	1.16822	0.393701	0.169782	0.649123	0	0.682243	0	0	2.336205	2.973252	0	0	0	0	0.233645	0	0	4.400788	0	0	0	0	0	0.233645	0	0	0	0	0	0.233645	0	0.233645	0	0
K02536	0	0	0	0	0	0	0	0	0	0	0	0	0	0	0	0	0	0	0	0	0	0	0	0	0	0	0	0	0	0	0	0	0	0	0	0	0	0	0	0	0	0	0	0	0	0	0	0	0	0	0	0	0	0	0	0	0	0	0	0	0	0	0	0	0	0	0	0	0	0	0	0	0	0	0	0	0	0	0	0	0	0	0	0	0	0	0	0	0	0	0	0	0	0	0	0	0	0	0	0	0	0	0	0	0	0	0	0	0	0	0	0	0	0	0	0	0	0
K15581	0	0	0	0	0	0.33585	0	0.191571	0	0.2213225	0.904215	0	0	0	0	0	0	0	0	0	0	0	0	0	0	0	0	0.489145	1.170614	0	0	0	0	0	0.191571	0	0	0	0	0	0	0.390774	0.766284	0.212121	0	0	0	0	0	0	0	1.3434	0	0	0	1.509579	0	0	0	0	0	0	0	0	0	0	0.4765763	0.27933	0	0	0	0	1.414911	0	0.720672	0	0	0	0	0.190294	0	0.248756	0	1.06769	0	1.489145	0	0	0	0.383142	0	0.218341	0.383142	1.452648	0	0	0	0	0	0	0	1.523541	0	0	0	0	0	0	0.365262	0	0	0	0	0.296296	0	0.191571	0	0.185185
K03043	0.218579	0	0	1.300443	0	1.9336685	0	5.134465	0	1.6545361	3.2449917	4.7601869	1.5429217	0	1.6019405	0.111276	0.08726	0	0.6985775	0.6115625	0.2176162	0	0.1600209	0.6208	0.3987654	0.7210394	0	1.1784955	4.6653532	0	0.600858	0	2.620834	0	0	0.252853	2.0622472	0.675617	0	4.770124	0	1.3558008	3.856285	5.247574	0.204007	0.612903	0.0539374	0	0.1747041	0.2567815	0	10.9206864	0	0.226244	0.841785	9.6150231	0	0.102146	2.0155254	0.672029	1.0640374	0.7930481	0.0939664	1.7759583	0.247525	0.234742	1.8367101	0.7358488	0	0.5955579	0	0	17.2744004	0	7.02933	0.5005935	0	0.273224	2.1199805	0.289344	0.8169044	1.7089332	0.652077	4.8260224	0.9599688	8.387802	0.5596453	0.980937	0.9144612	0.6945637	0	0.8795005	0.8370509	6.3542512	0.121065	0	0	0.179856	0.3485711	0	0	10.637913	0.114679	0.1113299	0	0	0.0736894	3.447611	1.3711284	0	0.1923345	0	0.298851	4.00124	0.0688705	1.3933445	0	0
K04031	0	0	0	0	0	0	0	0	0	0	0	0.568627	0	0	0	0	0	0	0	0	0	0	0	0	0	0	0	0	0	0	0	0	0	0	0	0	0	0	0	0	0	0	0	0	0	0	0	0	0	0	0	0	0	0	0	0	0	0	0	0	0	0	0	0	0	0	0	0	1	0	0	0	0	0	0	0	0	0	0	0	0	0	0	0	0	0	0	0	0	0	0	0	0	0	0	0	0	0	0	0	0	0	0	0	0	0	0	0	0	0	0	0	0	0	0	0	0	0
K12267	0	0	0	0	0	0.190114	0	0	0	1.5900021	0.7591885	0.190114	0.380228	0	0	0	0	0	0	0.190114	0	0	0	0	0	0	0	0	0	0	0	0	0	0	0	0	0.190114	0	0	0.380228	0	0	1.90114	0	0	0	0	0	0	0	0	0.121673	0	0	0	0.613435	0	0	0	0	0	0	0	0	0	0	0.0798479	0	0	0	0	0	0	0	0	0	0	0	0	0	0	0	1.242078	0.669201	2.46768	4.780393	0	0	0.311787	2.266163	0	0	0.481622	7.33912	0	0	0	0	0	0.380228	0	0.202788	0	0	0	0	0	0	0	0	0	0	0	4.037287	0	0	0	0
K10441	0	0	0	0	0.442025	0.255102	0	0	0	0	0.222756	0.117647	0	0	0	0	0	0	0	0	0	0	0	0	0	0	0	0	0	0	0	0	0	0	0	0	0.240385	0	0	0.60241	0	0	0	0.151913	0	0	0	0	0	0	0	0.226799	0	0	0	0.240385	0	0	0	0	0	0	0	0.45045	0	0	0	0	0	0	0	0	0.43018	0	0	0	0	0	0	0	0	0	0	0	0.120192	0.264052	0	0	0	0.235294	0	0	0	0.0750751	0.163934	0	0	0	0	0	0	0.671701	0	0	0	0	0	0	0	0	0	0	0	0.284126	0	0	0	0
K01873	0.295139	0.240385	0	1.309831	0.176389	1.1887692	0	20.120283	0	3.943723	10.3107408	12.87021	2.710099	0.208333	1.477518	0	0.119617	1.434484	0	0.436603	0.6001336	0.208333	0.637349	2.38681	1.148341	1.0526006	0	2.4630133	8.1074918	0	0	0.104167	2.735138	0.753473	0	0.3517655	3.3499549	0.2990426	0.1493919	3.6327849	1.785587	1.558382	3.437283	1.4897672	1.798506	4.299275	0.119617	0	0.360181	1.321175	0	31.342231	0	1.334766	1.5547196	7.8200334	0	1.4379413	0.2272726	0	2.942736	0.3394146	0	9.8926968	0.0015949	1.163615	10.308639	1.2783986	0.454349	0.9444899	0	0	30.715044	0.345619	4.734701	0.645246	0	5.241286	0.383772	0.756314	0.584077	0.966038	3.130224	6.9855927	1.238616	22.311167	0.186111	0	2.372731	0.689394	0.1196172	1.9726456	5.1587214	12.632572	0.256014	0	0	0.254023	0	0.212766	0	35.47859	0	0.223205	0	0.76295	0.840608	0.3375866	1.3687712	0.339881	1.890232	0.223205	0.0598086	4.1131781	0	3.3447969	0.119617	1.424718
K03702	0	0	0	0	0.1984521	0.4014195	0	3.6750003	0	0.590009	1.98159	5.0153263	0	0	0.8951732	0	0	1.146645	0.124378	0.147929	0	0	0	1.371876	0.46142	0.295858	0	0.7920471	0.8739381	0	0	0	0.506757	0.2391708	0	0	0.894418	0	0	0.190828	0	1.5819056	0.724205	0	0.27183	0.8201317	0.2383292	0	0.5017796	0.6179605	0	4.5555611	0	0.6026221	0	1.2751768	0	0.0826446	0	0	0.9211725	1.024273	0.1982857	2.1139356	0.902222	0.4625956	0.3150331	0.0826446	0	0.2591495	0	0	6.325208	0.157978	1.189598	1.0893568	0	0.3614574	1.6744225	0.3668541	0	0.3066816	0.0739645	0.4553579	0.471359	5.0420365	0.253378	0.252336	0.6455465	0.14771	0.217391	0	0.928816	2.41023	0.421739	0	0	0.0508642	0	0	0	7.531906	0	0.6709419	0	0.3395615	0.21097	0.185185	0.761369	0.0740741	1.8007812	0.0740741	0	0.948302	0	0.3501682	0	0.370717
K00027	0	0	0	0	0	0	0	0	0	0.643411	0.651163	0.906977	0	0	0.906977	0	0	0	0	0	0	0	0	0	0.922481	0.875969	0	0	0	0	0	0	0	0	0	0	0	0	0	1.68992	0	0.922481	0	0.635659	0	0	0	0	0	0	0	0	0	0	0	0.705426	0	0	0	0.604651	0	0	0	0	0	0	0	0	0	0	0	0	0	0	0	0.689922	0	0	0.775194	0	0	0	0	0	0	20.9302	0	0	0	0	0	0	0	19.031	0	0	0	0	0	0.821705	0	0	0	0	0	0	0	0	0	0	0	0	0	0	0	0	0	0
K11754	0	0	0	0	0	0	0	0	0	0.259067	0.250432	1.5544	0	0	0.015544	0	0	0	0	0	0	0.518135	0	2	0	0	0	0	0	0	0	0	0	0	0	0.129534	0	0	0	0	0	0	0	0	0	0.129534	0	0	0	0	0	0	0	0	0.129534	0	0	0	0	0	2	0.865285	0	1.19948	0	0.129534	0	0	0.129534	0	0	0	0	0	0	0	0	0	0.622625	0	0	0	0	0	0	0.0785838	0	0	0	0	0	0	0	0.61658	0	0	0	0	0	0	0	0	0	0	0	0	0	0	0.386874	0	0.129534	0	0	0	0	0	0	0
K00772	0	0	0	0	0	0	0	0.696124	0	0.0914729	1.065548	0	0	0	0	0	0	0	0	0	0	0	0	0	0	0	0	0.487805	0.232932	0	0	0	0	0	0	0	0	0.465116	0	0	0.82906	0	0	0	0	0	0	0	0	0	0	0.391026	0	0	0	0.606838	0	0.232558	0	0	0	0	0	0.480287	0	0	0.708366	0.465116	0	0	0	0	1.145737	0	0	0	0	0	0.122481	0	0	0.5354355	0	0.851163	0.232558	4.574254	0	0	0.2	0	0	0.3125	0.261044	2.424469	0	0	0	0.243902	0	0	0	1.776238	0	0	0	0.430108	0.3125	0	0	0	0	0	0	0.209302	0	0	0	0
K04066	0.2435927	0	0	0.0730994	0.190265	0.140838	0	0.584795	0	0.3680844	0.3921087	1.0548093	0.294985	0	0.7357516	0.362573	0.0730994	0.497898	0.460569	0	0	0	0	0.5030219	1.100934	0.0730994	0	0.4895646	0.8944716	0	0	0	0.1565456	0.4298244	0	0	0.294985	0	0	0.419614	0	0.2573826	0	0	0.122807	0.5060425	0	0	0.0706628	0.0737463	0	1.199574	0.0737463	0	0.0730994	0.7994489	0	0.0516224	0	0.312821	0.3726794	0.6635298	0.319201	0	0.6024813	0.365497	1.5644066	0.1106195	0	0	0	0	0.129794	0	0.10989	1.1141865	0	0.48076907	0.1930792	0.4511373	0	0.2748543	0.5180373	0.3180922	0.2880451	2.361301	0.0730994	0	0.1474926	0.0889872	0	0.0730994	0.21978	1.2847694	0	0	0	0	0	0	0	1.7915183	0	0	0	0	0	0	0.123294	0	0.0737463	0.0730994	0	0.0737463	0	0.459831	0	0
K16785	0	0	0	0	0	0	0	0	0	0	0	0	0	0	0	0	0	0	0	0	0	0	0	0	0	0	0	0	0	0	0	0	0	0	0	0	0	0	0	0	0	0.510638	0	0	0	0	0	0	0	0	0	1	0	0	0	0	0	0	0	0	0	0	0	0	0	0	0.761905	0	0	0	0	0	0	0	0	0	0	0	0	0	0	0	0	0	0	0	0	0	0	0	0	0	0	0	0	0	0	0	0	0	0	0	0	0	0	0	0	0	0	0	0	0	0	0	0	0	0	0
K05936	0	0	0	0	0	0	0	0.822222	0	0	0	0	0	0	0	0	0	0	0	0	0	0	0	0	0	0	0	0	0	0	0	0	0	0	0	0	0	0	0	0	0	0	0	0	0	0	0	0	0	0	0	0	0	0	0	0	0	0	0	0	0	0	0	0	0	0	0	0	0	0	0	0	0	0	3.98889	0	0	0	0	0	0	0	0.822222	0	0	0	0	0	0	0	0	0	0	0	0	0	0	0	0	0	0	1	0	0	0	0	0	0	0	0	0	0	0	0	0	0	0	0
K01207	0	0	0	0	0	0	0	0	0	0	0	0	0	0	0	0	0	0.577519	0	0	0	0	0	0.224806	0	0	0	0	0	0	0	0	0	0	0	0	0	0	0	0	0	0	0	0	0	0	0	0	0	0	0	0	0	0	0	0	0	0	0	0	0.406977	0	0	0	0	0	0	0	0	0	0	0	0	0	0	0	0	0	0	0	0	0	0	0	0	0	0	0	0	0	0	0	0	0	0	0	0	0	0	0	0	0	0	0	0	0	0	0	0	0	0	0	0	0	0	0	0	0
K00762	0.834808	0	0	0.100457	2	0	0	1.36986	0	0	2.225098	3.097658	0	0	0.255708	0	0	0	0	0	0	0	0	0.289954	0	0	0	0.74967	0	0	0	0	3.81735	0	0	0	0.543379	0	0	0.317352	0	0	0	0	2.21239	1.820496	0	0	0	1.952267	0	0.873156	0	0	0	0.63927	0	0	0	0.722222	2.378992	0.781711	0	0	0	1.658103	1.429414	0.223744	0	0	0	0	0	0	0	1.770167	0	0.7146124	2.174749	0	0	0	0	0	0	0.4954542	0	0	1.242284	0	0	0	0.442478	0	0	0	0	0	0	0	0	1.5274	0	0	0	0	0	0	0.439528	0.173516	0	0	0	0.325671	0	0.303653	0	0.684932
K07082	0	0	0	0	0	1.036487	0	7.037345	0	0.509667	4.794638	0.628203	0	0	0	0	0	0.531915	0	1.119332	0.525836	0.497297	0	0	0.25641	0.613159	0	1.137741	2.199296	0.238664	0	0	0.118536	0	0	0.238663	0.978456	0	0	1.60108	0	0.900582	6.492347	0.119332	0	0.531915	0	0	0	0.468254	0	7.627135	0	0.25641	0	4.283382	0	0.693547	0	0	0.531915	0	0	0.275482	0	0	2.924599	0.119332	0	0.462963	0	0	8.205871	0.119332	2.559567	0	0	0.174345	0	0	0.257073	0	2.74167	2.3317395	1.221917	4.425083	0	0	0.503214	0.791567	0.119332	0.67034	0.545455	4.257953	0	0	0	0	0	0.840515	0	11.125972	0	0.477327	0	0	0	0	0.110581	0	0	0.119332	0	2.144901	0	0.378938	0	0.1821801
K00651	0	0	0	0	0	0	0	1.591145	0	0	0	0	0	0	0	0	0	0	0	0	0	0	0	0	0	0	0	0	0	0	0	0	0	0	0	0	0	0.185185	0	0	0	0	0	0	0	0	0	0	0	0	0	0	0	0	0	0	0	0	0	0	0	0	0	0	0	0	0	0	0	0	0	0	0	0	0.0839506	0	0	0	1	0	0	0.935782	0	0.745394	0	14.94427	0	0	0	0	0	0.185185	0.555556	8.41034	0	0	0	0	0	0	0	0	0	0	0	0	0	0	0	0	0	0	0	0	0	0	0	0
K01356	0	0	0	0.218391	1.72414	1.457046	0	0.957854	0	0	3.278142	2.826902	0	0.574713	0.45977	0	0	1.216475	0	0	0.508982	0	0	1.293104	3.9660912	0	0	0.861917	1.64035	0	0.675676	0.10728	0	0	0	0.764368	0.599617	0.574713	0	0.427203	0	0.331081	0	0.287356	3.924942	4.540235	0.287356	0	0.574713	0.287356	0	4.399469	0	0.287356	0.862069	1.710868	0.287356	0.16092	0	0	1.007663	0.64751	0.128352	0.714559	0.574713	0	4.704511	1.113027	0	0	0	0	4.7936479	0	1.718391	2.821843	0.164751	0.327586	7.189124	0.103448	0	0.287356	1.23563	5.69626	1.0977054	37.712667	0.716475	0	1	0	0.164751	2.072862	3.917546	14.2590359	0	0	0	0	0	0.574713	0	23.03645	0	0	0	0.197318	0	0	1.9367799	0.49505	0.268199	0	0	1.197655	0	1.232211	0	0.287356
K15633	0	0	0	0	0	0.108932	0	0	0	0.762527	1.140159	0.458713	0.886762	0	0.570328	0	0	0	0	0.108932	0.00653595	0	0.217865	0.239234	0	0.409586	0	0.44371738	1.942629	0	0	0	0	0	0	0.217865	0.695264	0.0573711	0	1.239926	0	0.8746905	1.435004	0.217865	0	0	0.326071	0	0	0.108932	0	1.11837	0	0	0.217865	1.473939	0	0	0	0	0	0	0	0.108932	0	0	0.217865	0.211329	0	0	0	0	3.379236	0	0.217865	0.441176	0	0	0.546428	0.217864	0.13253	0	0	0.49499	0	2.114019	0	0	0.444753	0.326797	0	0.435729	0.410173	6.331646	0	0	0	0	0	0	0	2.473403	0	0	0	0.470588	0	0	0.312139	0	0	0	0	2.254076	0	0.306748	0	0
K03823	0	0	0	0	0	0	0	0	0	0	0	0	0	0	0	0	0	0	0	0	0	0	0	0	0	0	0	0	0	0	0	0	0	0	0	0	0	0	0	0	0	0	0	0	0	0	0	0	0	0	0	0	0	0	0	0	0	0	0	0	0	0	0	0	0	0	0	0	0	0	0	0	0	0	0	0	0	0	0	0	0	0	0	0	0	0	0	0	0	0	0	0	0	0	0	0	0	0	0	0	0	0	0	0	0	0	0	0	0	0	0	0	0	0	0	0	0	0
K01735	0.988506	0	0	0.0542636	0	0	0	0	0	0	0	0.0775194	0	0	0.500011	0	0	0	0	0	0	0	0	0.0797342	0	0	0	0	0	0	0	0	0	0	0	0	0	0	0	0	0	0	0	0	0.167785	0	0	0	0.1782946	0	0	0.6367659	0	0	0	0.256014	0	0	0.166113	0	0	0.0143965	0	1.573539	0.332226	0	0	0	0	0	0	0	2.633196	0	0	0.635597	0	0.242525	0	0.166113	0	0.0852713	0	0.100775	0	0.166113	0.402527	0	0	0.166113	0	0	0	0.166113	0	0	0	0	0	0	0	0	0	0	0	0	0	0	0.166113	0	0	0	0	0	0	0.166113	0	0
K01151	0	0.218341	0	1.390723	0	0.968596	0	1.574342	0	0	0.762736	0	0	0	0.218341	0	0	1.00247	0.20524	0	0	0	0	0.596798	0	0	0	0.19214	0.218341	0	0	0	0.873363	0	0	0	0.558952	0	0	0.218341	0	0.67143	0	0.218341	0.218341	0.839884	0	0	0	0.218341	0	0	0	0	0	0.190684	0	0	0	0	1.526932	0.436681	0	1.062591	0.655022	0	0.218341	0.13246	0	0	0	0	3.69578	0	0.390102	0.655022	0	0.785639	0.0378457	0.54341	0.218341	0.655022	0	0.333333	0.218341	1.058796	0	0	0	0.161572	0	0	0.218341	1.659885	0	0	0	0	0	0	0	0.873362	0	0	0	0	0	0	0	0	0.649351	0	0	0.218341	0	0.125182	0	0
K01007	0	0	0	0.0672043	0	1.1822195	0	2.9268921	0	0.526889	1.4959802	1.2752635	0	0	1.224362	0	0	0.0904159	0.131579	0	0.6621413	0	0	0.0210573	0.0458107	0	0	0.4366725	0.6180333	0	0	0	0.717148	0	0	0	1.841183	0	0	0	0	0.7965744	1.508136	0.105735	0	1.19202	0.062276	0	0	0.0672043	0	0.8396952	0.0672043	0.0904159	0.0672043	4.1891962	0	0.239234	0	0	0	0.7313694	0.0672043	0	0	0.5810498	2.657893	0.079566	0	0.3339	0	0	2.658915	0	0.335584	2.953106	0	0.1852263	2.8998337	1.0512926	0	0	0	1.9414663	0.0201613	6.713721	0.264698	0	0.239234	0.336022	0	0.599156	0.8354126	4.69064337	0	0	0	0.0672043	0	0	0.0772798	4.0021701	0	0	0	0	0	0.250591	0	0.0672043	0.3183772	0.263333	0.0672043	1.7074983	0	0.2305628	0.0751445	0
K01273	0	0	0	0	0	0	0	2.702701	0	0	0	0.249678	0	0	0.774169	0	0	0	0.18018	0	0	0	0	0.140283	0	0	0	0	0	0	0	0	0.578035	0.148362	0	0	1.513453	0	0	0	0	0	0	0	1.02132	1.375804	0	0	0	0	0	0.19305	0	0.0617761	0	0	0	0.119691	0	0	0.294723	0.171171	0.19305	0.740061	0.7426	0.19305	2.4123671	0	0	0	0	0	0	0	0	0.668555	0.19305	0.19305	0.851129	0.0862291	0	0.19305	0	0	0	1.175157	0	0	0	0	0	0	0	0.460141	0	0	0	0	0	0	0	0	0	0	0	0.19305	0	0	0.19305	0	0.19305	0	0	0	0	0.437158	0	0
K07473	0	0	0	0	0	1	0	0	0	0	0	0	0	0	0	0	0	0	0	0	0	0	0	0.363636	0	0	0	0	0	0	0	0	0	0.300813	0	0	0.590909	0	0	0	0	0	0	0	0	0.924242	0	0	0	0	0	0	0	0.30303	1.69697	1.27273	0	0	0	0	0	0	0	0	2.37121	0	0	0	0	0	0	0	0	0	0	0	0	0	0	0	0	0	0	0	0	0	0	0.924242	0	0	0	0	0	0.934959	0	0	0	0.727273	0	0	0	0.0606061	0	0	0	0	0	0	0	0	0	0	0	0	0	0	0	0
K06726	0	0	0	0	0	0	0	0	0	0	0	0	0	0	0	0	0	0	0	0	0	0	0	0	0	0	0	0	0	0	0	0	0	0	0	0	0	0	0	0	0	0	0	0	0	0	0	0	0	0	0	0	0	0	0	0	0	0	0	0	0	0	0	0	0	0	0	0	0	0	0	0	0	0	0	0	0	0	0	0	0	0	0	0	0	0	0	0	0	0	0	0	0	0	0	0	0	0	0	0	0	0	0	0	0	0	0	0	0	0	0	0	0	0	0	0	0	0
K00891	0	0	0	0	0	0.789573	0	0.526829	0	3.67249	3.518367	1.717183	2.552222	0	0	0	0	0	0	0.188618	0.525657	0	0.352846	0	0.204082	0.193798	0	0.706349	1.21789	0	0	0	0.243902	0	0	0	1.455281	0	0	0.3089426	0	1.152914	0.897561	0	0	0	0	0	0	0	0	3.867128	0.124113	0	0.243902	3.736528	0	0.41626	0.170213	0	0	0	0	0.243902	0	0	2.19866	0.00325203	0	0.469994	0	0	6.73984	0	1.168814	0	0	0	0	0	0	0	2.471545	3.670912	0	1.2535682	0	0	0.740741	1.028216	0.0910569	0.156331	1.0393209	6.0221686	0	0	0.177305	0	0	0.696296	0	8.0774327	0	0	0	0	0	0.838879	0.242276	0	0	0	0	1.230224	0	2.9328775	0	0
K00954	0	0.438596	0	0	0	2.491229	0	0.80117	0	0.654971	4.6578977	1.143275	0.210526	0	0	0	0	0	0.438596	0.204678	0	0	0.517544	0.877193	0	0	0	2.225151	6.154969	0	0	0	0	0	0	1.69136	3.63743	0.877193	0	0.619883	0	2.438598	4.51462	2.938597	0	0.877193	0	0	0.21345	0	0	12.356612	0	0	0.438596	2.994144	0	1.093567	0.400585	0	0.853801	0	0	1.935676	0	0	3.3304138	1.16667	0.0204678	0	0	0	9.230995	0	0.923977	1.438596	0	0.245614	0	0.988304	0.438596	0	1.239766	6.925352	1.45614	8.190062	0	0	0.877193	0.926901	0	1.824561	2.900584	13.44153	0	0	0.391813	0	0	1.390838	0	24.5644464	0	0.48538	0	0	0.657895	2.284602	0.567767	0.877193	2.60819	0	0.274854	3.213453	0	2.07895	0	0.506173
K02314	0.0909843	0	0	0.281746	0	0.524476	0	6.638206	0	0.94953354	1.3405966	7.838019	0.842319	0	1.514255	0	0	0.99783	0	0	0.124069	0.0478469	0	0.6796978	0.392568	0	0	0.807333	1.041907	0	0.226475	0	2.911563	0.124069	1.225326	0.478469	1.6240566	0.713882	0	1.179675	0.4781802	0.0652347	0.0780886	0	0.656558	0.7347757	0	0	0.272554	0.239234	0	15.7186286	0	0.7705831	1.087519	1.37101647	0	0	0.225185	0	1.805124	0.43637	0.278552	2.66267	1.15072	1.38198	3.8680045	1.0927028	0.229885	0.124069	0.952381	0	10.16002979	0	2.653165	1.5064877	0	1.48628	0.779234	0.6597581	1.001188	1.021279	0.8043414	1.5483112	0.515528	7.11636	0	0	0.263345	0.513557	0	0.248139	0.119617	1.89295	0	0	0	0	0	0	0	2.235246	0	0	0	0	0	0	0.4100208	0	1.389809	0	0	0.765511	0	0.239234	0	0.1547047
K03501	0	0.248756	0	0.401326	0	0.74461	0	0.248756	0.248756	0	1.383155	0.592981	0	0	0.185738	0	0	0.288557	0	0	0	0	0	0	0.494196	0	0	0	0	0	0	0	0.418403	0	0	0	0.0480929	0	0	0	0	0	0.495854	0.248756	0	0.922056	0	0	0	0	0	0	0	0	0	0.661979	0	0	0	0	0.190713	0	0	0.328358	0.497512	1.26115	0.767827	0.367647	0	0	0	0	0.811977	0	0	0.134328	0	0.367647	0.555556	0.248756	0	0.314465	0	0.630182	0	9.576867	0.267516	0	0	0	0	0	0	1.628135	0	0	0	0.311774	0	0	0	3.304176	0	0	0	0	0	0.401326	0.248756	0	0.562189	0	0.223039	0.38292	0	1.076286	0	0.248756
K17686	0	0	0	0	0	0.1308642	0	0.9116051	0	0.2962961	2.1359191	0.3289152	0	0	0.211864	0	0.094321	0.211864	0	0.296296	0.222222	0	0	0	0	0	0	0.5673706	1.030898	0	0	0	0	0	0	0	0.65046	0	0	1.793003	0	0.5526244	2.30702	0.4992631	1	0	0.148148	0	1.211864	0.6588691	0	7.7809753	0.449643	0.0740741	0.222222	1.4770741	0	0.1858873	0	0	0	0	0	0.0740741	0	0	0.5599996	0.146199	0.00395062	0.0612346	0	0	6.874204	0	0.5082256	0	0	0	0	0	0.1481482	0.210452	0.0740741	5.2765251	0.125	3.3422831	0	0	0.3390821	0.148148	0.148148	0.25731	0.834568	3.48381	0	0	0	0	0.423729	0	0.284091	6.373823	0.3581651	0.148148	0	0	0.0740741	0.675926	0.151235	0	0	0.2004941	0	1.0434568	0	0.5002101	0	0.0565302
K21636	1.919019	0.0304848	0.149925	1.168559	0	1.665198	0	6.365863	0	1.0413716	4.3030956	5.6552325	0.967367	0	4.2503016	0.4497755	0	5.527803	1.1703833	0.0454773	0.265882	0	0	3.188435	3.07592	0.200501	0.126263	2.34965	2.3592683	0	0.045977	0.4256133	4.086367	0.82291	0.0344828	1.7671603	4.333388	0.791307	0	1.8827718	0.967016	1.75461	1.688976	1.4865878	4.131108	11.172706	0.0814593	0	1.076934	3.6582858	0	3.308391	0	1.1341395	0.7080178	3.071384	0	0.443073	0	0.275238	4.659136	2.4834543	0.4689078	3.684411	3.326278	1.346831	7.9484363	1.619394	0.173913	0.1917845	0	0	12.000569	1.349325	1.6927075	3.667507	0.2688261	4.612276	4.915149	0.9435242	0.5734013	2.5015395	1.0383705	4.610406	1.8325485	26.2185385	1.189109	0	0.6137223	0.0749625	0.224388	1.5559601	4.0249836	14.0844688	0.3466588	0	0	0.374813	0	0	0	5.778134	0.5031551	0	0	2.163259	0.9147715	0.92926	1.770199	0.4166725	0.7592864	4.462722	0.2660365	1.3344693	0	2.728912	0	0.75059
K19302	0	0	0	0	0	0	0	0	0	0	0.320513	0.566667	0	0	0	0	0	0	0	0	0	0	0	0	0	0	0	0	0	0	0	0	0	0	0	0	0	0	0	0	0	0	0	0	0	0.121795	0	0	0	0	0	0	0	0	0	0.17735	0	0	0	0	0	0	0	0	0	0	2.95833	0	0	1	0	0	0	0	0	0	0	0	0	0	0.145299	0	0	0	0	0	0	0	0	0	0	0	0	2.07639	0	0	0	0	0	0	0	6	0	0	0	0	0	0	0	0	0	0	0	0	0	0	0	0
K19221	0	0	0	0	0	0	0	0	0	0	0.680652	0	0	0	0	0	0	0	0	0.298368	0	0	0	0	0.34965	0	0	0.503496	0	0	0	0	0	0	0	0	0.321678	0	0	0.710956	0	0	1.065268	0.2937061	0	0	0	0	0	0	0	5.118879	0	1	0	1.592074	0	0	0	0	0	0.280556	0.833333	0	0	0	0	0	0	0	0	0	0.123543	0	0	0	0	0	0	0	0	0	0	0.2331	0.319347	0.167832	0	0	0	0.34965	0	0.606061	0.461538	0.510489	0	0	0	0	0	0	0.177156	0.258741	0	0	0	0	0	0	0	0	0	0	0	0.967365	0	0.34965	0	0
K01754	0	0	0	0.0718954	0	0	0	0	0	0.238361	0	0	0	0	0	0.00931099	0	0	0	0	0.166667	0	0	0.409684099	0.152439	0	0	0	0.417132	0	0	0.0642458	0	0	0	0	0.655902	0	0	0.121043	0	0	0.668498	1.20793	0	0	0	0	0	0	0	0.810606	0	0	0	0.139665	0	0	0	0	0	0.27933	0	0	0	0	0.139665	0	0	0.175047	0	0	1.927379	0	0.567412	0	0	0	0	0	0	0	0.139665	0	0	0.783055	0	0	0.247525	0	0	0	0.0931099	0.418995	0	0	0	0	0	0	0	1.451365	0	0	0	0	0	0	0	0	0	0	0	0.236499	0	0	0	0
K01759	0	0	0	0	0	0	0	0	0	0	0	0	0	0	0	0	0	0	0	0	0	0	0	0	0	0	0	0	0	0	0	0	0	0	0	0	0	0	0	0	0	0	0	0.96124	0	0	0	0	0	0	0	0.624114	0	0	0	0	0	0	0	0	0	0	0	0	0	0	0	0	0	0	0	0	0	0	0	0	0	0	0	0	0	0	0	0	0	0	0	0	0	0	0	0	0	0	0	0	0	0	0	0	0	0	0	0	0	0	0	0.93617	0	0	0	0	0	0.141844	0	0	0	0
K02113	0	0	0	0	0	0	0	0.393035	0	0	1.546858	0.325871	0	0	0	0	0	0	0	0	0	0	0	0	0	1.87811	0	0	1.34577	0	0	0	0.360697	0	0	0	0.686157	0	0	0.228856	0	0.174129	0.38806	1.631431	0	0	0	0	0	0	0	5.33844	0	0	0	1.654228	0	0	0	0	0	0	0	4.03828	0	0	0.788557	0.497512	0	0	0	0.865672	2.00746	0	0	0	0	0	0	0.373134	0.460199	0.0771144	0.711443	1.32338	1.10697	1.48756	0	0	0.743781	0.81592	0	0.512028	0.221393	4.443655	0	0	0	0	0.373134	0	0	4.348311	0	0	0	0	0	0.373134	0.0447761	0	0	0	0	1.345361	0	0	0	0
K02003	0.26178	0	0	0.4572422	0	0.3463571	0	0	0	0.176265	1.970071	1.860389	0	0.150097	1.848167	0.465969	0.21466	2.28599	0.26178	0.26178	0.190227	0	0	0.24971625	1.134237	0.6480516	0	0.890052	0	0	0	0	0.394415	0	0	0	0.539558	1.0733	0	0.876091	0.188482	0.26178	1.42234	0.78534	1.106457	1.486354	0	0	0.6024722	0.476275	0	3.2626896	0	1.2984296	0.99651	5.01222	0	0	0	0	1.233857	0.77836	0.277778	1.57068	0.233857	4.600351	1.082024	0.26178	0	0.26178	0	0	4.069539	0.571302	1.706858	3.5377046	0.287958	0.26178	1.085515	1.499127	0.342426	0.26178	0.659686	0.061082	0.26178	5.774937	0.26178	0	0	0.335079	0	0	1.04712	2.986333	0	0	0	0	0.408377	0	0	1.549366	0	0	0	0	0	0	0	0	0.0191972	0.26178	0	0	0	0.26178	0	0
K03273	0	0	0	0	0	0	0	0	0	0	1	0	0	0	0	0	0	0	0	0	0	0	0	0	0	0	0	1	0	0	0	0	0	0	0	0	0	0	0	0	0	0	0	0	0	0	0	0	0	0	0	0	0	0	0	0	0	0	0	0	0	0	0	0	0	0	0	0	0	0	0	0	0	0	0	0	0	0	0	0	0	0	0	0	0	0	0	0	0	0	0	0	0	0	0	0	0	0	0	0	0	0	0	0	0	0	0	0	0	0	0	0	0	0	0	0	0	0
K01613	0	0	0	0	0	0.140244	0	0	0	0	1.642435	0	0.577295	0	0	0	0	0	0	0	0	0	0	0	0	0	0	0	0.304878	0	0	0	0	0	0	0	0	0	0	0	0	0	0	0.304878	0	0	0	0	0	0	0	0.304878	0	0	0	0.757576	0	0	0.724638	0	0	0	0	0.182927	0	0	0.0792683	0	0	0.719513	0	0	2.605695	0	0.388211	1.08696	0	0	0	0.304878	0	0	0.752772	0.853659	0	0	0	0	0	0.605691	0	0.839381	0	0.943829	0	0	0	0	0	0	0	2.065036	0	0	0	0	0	0	0	0	0	0	0.302846	0.378788	0	0.609756	0	0
K18889	0	0	0	0	0	0	0	0	0	0	0	0	0	0	0	0	0	0.494737	0	0	0	0	0	0	0.316456	0	0	0	0.329114	0	0	0	0	0	0	0	0.095057	0	0	0	0	0	0	0.285623	0	0	0	0	0	0	0	1.32743	0	0	0	0.603376	0	0	0	0	0	0	0	0	0	0	0	0.337553	0	0	0	0	0.185185	0	0	0	0	0	0	0	0.0475285	0	0	0.5593438	0	0.141952	0	0	0	0	0	0.190114	0	0.19084	0	0	0	0	0	0	0	0.855331	0	0	0	0	0	0	0	0	0	0	0.0954198	0.095057	0	0.494637	0	0
K00981	0	0	0.729927	0	0	0.634343	0.222222	5.184299	0.444444	0.465424	0.5125922	4.325587	0	0	0.871794	0.444444	0	1.03163	0.222222	0.176296	0	0	0	1.402963	0	0	0	0.998519	0.444444	0	0	0.157037	1.33333	0.364964	0	0	1.887567	0.345499	0.222222	0.241481	0.0577778	0.326754	0.877154	0	0.367407	4.741532	0	0	0	1.165618	0	3.011053	0.220741	0	0.222222	0.764088	0	0.148148	0.943396	0	0.70963	0.666666	0	0.222222	0.863704	0.53037	3.198986	0.301703	0	0.222222	0	0	6.166141	0	0.798909	1.146749	0	2.13237	3.321473	0.186667	0.222222	0.906862	0.271111	0.918909	0	7.618219	0.898971	0	0.449495	0	0	0	0	4.019356	0	0	0	0	0	0.189744	0	3.375127	0	0	0	0.145185	0.382222	0	0.222222	0.222222	0	0	0	0.61037	0	0.189744	0	0
K09861	0.252525	0	0	0	0	0.715243	0	0	0	0.252525	1.871363	0	0	0	1.092861	0	0	0	0.249158	0.351759	0	0	0	1.237934	0	0	0	0	0	0.240741	0	0	0	0.595238	0	0	0.360856	0	0	0.237374	0	0.211055	0	1.22917	1.32222	0	0	0	0	0	0	2.391178	0.442478	0.252525	0	1.838793	0	0.252525	0	0	0	1.42379	0	0.639731	2.01515	0	2.663072	0	0.181818	0.239057	0	0	0.441492	0	0.467337	0.477778	0	1.423155	1.745791	0.277778	0	0.249158	1.17253	0.502513	0.358459	3.880308	0	0	0	0	0	0.185185	0	0.749146	0	0	0	0	0	0	0	0.458716	0	0	0	0	0	0	0.252525	0.252525	0	0	0	0	0	0.251256	0	0
K02067	0.0117117	0	0	0	0	0.3169367	0	1.4226088	0	3.287217	5.754117	7.031931	2.342773	0.143678	0.40986	0	0	0.135135	0	0.518018	0.615021	0	0	0	0.134234	0.574774	0	2.320556	5.937851	0	0	0	0	0	0	0	1.097003	0.842656	0	3.0595415	0	2.073624	11.792882	1.620177	0.90351	0.360806	0.824375	0	0	0.866442	0	6.595837	0	0.0929714	0.822181	7.493745	0	0.595495	0.405405	0	0.2214438	0.135135	0	1.258258	0.675676	0.6421325	2.526577	0.951651	0.151351	0.737838	0	0	21.250159	0	3.790634	0.81882	0	0.99062	1.303505	0.212613	0.687207	0.142857	1.208308	5.09983	1.132432	6.005535	0	0	0.539639	1.366367	0.146847	0.453172	1.8580639	18.221	0.383784	0	0	0	0.269369	0	0	19.1659641	0	0.121622	0	0	0	0.333333	1.188489	0	0.135135	0	0	2.149257	0	0.977206	0	0
K06217	0	0	0	0	0	0.171617	0	0	0	0.747967	0.1921295	0.144676	1.33945	0	0	0.103009	0	0	0	0	0	0	0	0	0	0	0	0.212766	0	0	0	0	0.671296	0	0	0	0	0	0	0.8142303	0	0.173611	0	1.109665	0	0.143519	0	0	0	0	0	2.537114	0	0	0	2.813303	0	0	0	0	0.027027	0	0	0	0	0	2.388411	0.173611	0	0	0	0	0.519043	0	0.540541	0.614583	0	0.173611	0	0.500322	0	0	0	1.352319	0.337963	1.5952764	0	0	0.140046	0.381443	0.068287	0	0	2.5952022	0	0	0	0	0	0	0.171821	1.241081	0	0	0	0	0	0	0	0	0	0	0	0.971972	0	1.385128	0	0
K03073	0.194444	0	0	0	0	6.48611	0	7.125	0	11.73611	12.027776	4.791662	2.29167	0	0	0	0	0	0	1.5	1.097223	0	0	0.5	0	0	0	9.95833	6.56944	0	1.47222	0	0	0.25	0	0.236111	9.361113	0.875	0	16.9306	0	10.805589	6.34722	10.999994	0.236111	0.0972222	0.777778	0	0	1.916667	0	41.30556	0	0.430556	2.75	13.16667	0	3.569449	0	0	0.458333	4.027782	0	2	0.236111	0	25.18057	1	0	0	0	0	80.54171	0	11.2083	0	0.236111	0	0.180556	0	1	0.875	18.04171	16.958356	3.48611	8.90278	0	0	1.05556	8.70834	0	0	4.930552	22.388933	0	0	0	0	0	0.819444	0.291667	68.4028	0	1.90278	0	0	0	4.44444	1.94444	0.236111	0	0	1	4.23611	0	4.569449	1	2.805551
K00003	0	0	0	0	0	0.996025	0	0.4347377	0	0	0.131579	0.657895	0.688073	0	0	0	0	0	0	0	0.131579	0	0	0	0	0	0	0.131579	1.061404	0	0	0	0	0	0	0	0	0	0	0.131579	0	0.131579	0	0	0	0	0	0	0	0	0	1.184211	0	0	0	0.131579	0	0.131579	0	0	0	0	0	0	0	0.20979	0.184211	0	0.129825	0	0	0	3.81842	0	0.526316	0	0	0	0	0.131579	0.131579	0.119298	0.525439	0.3526317	0.262281	0.664912	0	0	0.131579	0.131579	0.131579	0.262281	0.394737	1.6583051	0.131579	0	0	0	0	0	0.131579	2.514943	0	0	0	0	0	0.614107	0	0	0	0	0	1.4236847	0	0.355024	0	0
K01972	0.786607	0	0	0.0809061	0	0.0809061	0	1.6161953	0	1.7394352	1.0730753	4.1600269	0	0	0.6272681	0	0	0.2852508	0.365894	0.074973	0	0	0	0.588736	0.7489969	0	0	0.4988691	0.796565	0	0	0.0809061	0.680021	0.3645396	0	0	2.746796	0.37037	0	1.3106505	0.5320841	0.536871	0	0.117647	0.2141311	1.1233695	0	0	0.0360183	0.161797	0	3.994801	0	0.3014328	0	1.304627	0	0.1337648	0	0	1.463645	1.907077	0.204082	0.327806	1.73625	0	1.9961511	0.346464	0	0.359362	0	0.0809061	6.1179792	0	0.243257374	0.9663716	0	0.382215	0.4234921	0.220065	0.117647	0.161812	0.340426	0.7814143	0	1.7822656	0.202429	0	0.3820762	0.161812	0.0809061	0.1791379	0.328814	2.2682662	0	0.194558	0	0.0811688	0	0	0	2.36138	0	0	0	0	0	0	0	0.204082	0	0	0	0.7356002	0	1.8268201	0	0.0809061
K03781	0	0.429185	0	0	0	3.43753828	0	5.037651	0.102273	2.9211	14.568688	13.297049	2.610763	0	0.742574	0	0	0.564588	2.652955	0	1.771631	0.0768645	0	27.423308	0.174216	1.5978475	0	12.433267	16.595908	0	0	0	0.22831	0.575035	0.529924	0.49505	0.226788	0.851878	0	14.914633	0.206612	0.0517504	2.81037	5.8409677	0.9627148	16.565896	1.324104	0	3.376941	0.545383	0	23.395476	0	0.404313	3.04228317	5.940257	0	1.1474123	0.265957	5.60019	0	3.204513	0.2609856	7.258525	0	0	4.903104	2.915074	0	0.0555556	0	0	16.413278	0.227273	7.987595	5.830935	0.875877	4.819443	1.600147	2.563572	1.643825	3.195509	4.87522438	13.1271845	5.9195462	179.416032	0	0	2.0790744	1.5825642	0.22831	4.428005	6.311949	44.678992	0.497525	0	0	0	0.114155	0	0.323625	79.805183	0.719512	1.738079	0.227273	2.31815	1.7980486	4.486173	3.286629	0	0	1.501482	0.342466	0.264228	0.114155	1.969589	0	1.756559
K01839	0.666667	0.238532	0	0.384164	0	0.163245	0	2.477328	0	0	0.506931	0.8773697	0	0	0.0410557	0	0	0.3734114	0	0	0.146628	0	0	0.290698	0.7987345	0	0	0	0	0	0	0.149573	0.293255	0.293255	0	0.290698	0.255132	0	0	0	0	0.293256	3.856359	0.733138	0.438604	1.401547	0.293255	0	0	0.146628	0	1.4432334	0	0.293255	0.293255	0.293255	0	0.333894	0.146628	0	0.6514299	0	0	0	1.17302	0.146628	3.516262	0	0	0	0	0	0.993157	0	0.586511	0.801682	0	1.121893	1.386592	0.42364	0.136852	0.879766	0.293255	0.439883	0	2.00634	0.146628	0	0.412373	0	0.146628	0	0.642036	2.562904	0	0.146628	0	0	0	0.27933	0	2.915753	0	0	0	0.146628	0	0.363078	0.8732206	0.293255	0.747815	0.373283	0.526115	0.98045	0	1.462989	0	0
K06173	0	0	0	0	0	0	0	0	0	0	0	0	0	0	0	0	0	0	0	0	0	0	0	0	0	0	0	0	0	0	0	0	0	0	0	0	0	0	0	0	0	0	0	0	0	0	0	0	0	0	0	7.36782	0	0	0	0	0	0	0	0	0	0	0	0	0	0	0	0	0	0	0	0	0	0	0	0	0	0	0	0	0	0	0	0	0	0	0	0	0	0	0	0	0	0	0	0	0	0	0	0	0	0	0	0	0	0	0	0	0	0	0	0	0	0	0	0	0	0
K01515	0	0	0	0	0	0	0	0	0	0	0	0	0	0	0	0	0	0	0	0	0	0	0	0	1	0	0	0	0	0	0	0	0	0	0	0	0	0	0	0	0	0	0	0	0	0	0	0	0	0	0	0	0	0	0	1	0	0	0	0	0	0	0	2.74074	0	0	0	0	0	0	0	0	0	0	0.81746	1	0	0	1	0	0	0	0	0.595238	0	0.962963	0	0	0	0	0	0	0	0	0	0	0	0	0	0	0	2.90476	0	0	0	0	0	0	0	0	0	0	0	0	0	0	0	1
K08309	1.04691	0	0	1.9634294	0.740741	1.532285	0	9.567156	0	0.516355	1.466158	4.18444	1.834595	0	1.41037	0	0	1.763846	0.4827251	0.290598	0.205128	0	0	0.180247	1.082828	0	0	1.317483	0.37037	0	0	0.304136	1.977781	0	0	0	0.202469	0	0	0.34965	0	0.824915	0.184848	0.466667	2.629277	2.275842	0	0.37037	0.301235	1.310265	0	2.250508	0	1.232098	0.624691	2.480987	0	0	0.257576	0.37037	2.241974	0.805353	0	2.481913	1.01235	2.119869	4.385583	0	0.4	0.320513	0	0	1.757238	0	2.171108	3.475198	0.284672	1.69185	2.89986	0.37037	0	1.239506	0.573646	1.274965	1.034093	19.982022	0.740741	0	0.753046	0.641026	0	0.718518	0.990676	4.387596	0	0	0	0	0	0	0	5.192258	0	0	0	0.37037	0	0.37037	0.502604	0.364964	1.175182	0	0	3.991821	0	1.33636	0	0
K19157	0	0	0	0	0	0	0	0	0	0	0	0	0	0	0	0	0	0	0	0	0	0	0	0	0	0	0	0	0	0	0	0	0	0	0	0	0	0	0	0	0	0	0	0	0	0	0	0	0	0	0	0	0	0	0	0	0	0	0.569106	0	0	0	0	0	0	0	0	0	0	0	0	0	0	0	0	1	0	0	0	0	0	0	0	0	0	0	0	0.528455	0	0	0	0	0	0	0	0	0	0.910569	0	0	0	0	0	0	0	0	0	0	0	0	0	0	0	0.373984	0	0.861789	0	0
K02034	0	0	0	0	0	0.223214	0	5.970911	0	0.715968	1.662203	1.369048	0	0	0	0	0	0	0	0.223214	0.669643	0	0.425595	0.222222	0.282486	0.73823	0	1.114583	7.357124	0	0	0	0	0	0	0	0	0.444444	0	0.444444	0	0.588562	0.153274	0	0.709981	0	0.180741	0	0.266177	0	0	6.72468	0	0.208333	0	1.212669	0	0	0.44494	1.451271	0.916667	0	0	1.62202	0	0.888889	0.996335	0	0.222222	0	0	0	4.319537	0	3.023805	1.52	0	0	0.0622222	0.223214	0.482143	0.813333	0.0342262	1.223214	0.427083	4.1287801	0	0	0	0.505952	0	0	0	0.115942	0	0	0	0	0	0	0.0372024	1.11161	0	0	0	0	0.564972	0.039548	0	0	0	0	0.20904	1.14286	0	0.197917	0	0.669643
K03091	0	0	0	0	0	0.542857	0	0	0	2.6019	8.121904	3.748378	2.01905	0	0	0	0	0	0	0	0	0	0	0	0.571429	0	0	1.175238	3.67619	0	0	0	0.285714	0.285714	0	1.71429	2.13714	1.01524	0	0.409524	0	2.8651486	0	0.285714	0	0	0	0	0	0	0	6.795536	0	0	0.609524	1.81714	0	0.285714	0	0	0	0	0	0.495238	0	0	4.459045	0.247619	0	0	0	0	2.2819	0	2.387788	0.27619	0	0	0	0	0	0	3.53935	3.67619	0.510217	1.059048	0	0	0	1.556194	0.285714	0.857143	2.443564	12.1219	0	0	0	0	0	0	0	12.445073	0	0	0	0	0	0.699048	0.571429	0	0	0	0.285714	2.634915	0	4.659755	0	0.175238
K17836	0	0	0	0	0	0.688525	0	1.26093	0	0.956652	0.9267558	0.672645	0	0	0	0	0	0	0	0	0.224215	0	0	0	0	0.446936	0	0	0.792227	0	0	0	0	0	0	0	2.07589	0	0	0.19133	0	0.224215	3.27354	0.44843	0	0	0	0	0	0	0	10.475009	0	0	0.44843	1.6666673	0.44843	0	0	0	0	0	0	0.44843	0	0	0.563528	0	0	0	0	0	6.573987	0	0.224215	0	0	0	0	0	0.51719	0	0.44843	0.772795	0.631505	0.763827	0	0	0	0.254111	0	0	0.581465	1.576978	0	0	0	0	0	0	0	7.316845	0	0.224215	0	0	0	1.21026	0	0	0.224215	0.224215	0	0.224215	0	0.672645	0	0.0538117
K11710	0	0	0	0	0	0	0	0.92517	0	0	0	0	0	0	0	0	0	0.605442	0	0	0	0	0	0	0	1	0	0	0	0	0	0	0.20202	0	0	0	0	0	0	2.118658	0	0	1.28034	0	0	0	0	0	0	0	0	0	0	0	0.888158	0	0	0	0	0	0	0	0.211966	0.447415	0	0	0	0	0	0	0	0	2.051281	0	0	0	0	0	0.17094	0.25641	0.0495727	0	0	0	0	0.328947	0.25641	0	0.829932	0	0	0	0	0.403469	0	0	0	0	0	0	0	0	0	0	0	0	0	0	0	0	0	0	0	0.1572647	0	0	0	0
K03536	0	0	0	0	0	0	0	1	0	0	0	0	0	0	1	0	1	0	0	0	0	0	0	0	0	0	0	1	0	0	0	0	0	0	0	0	0	0	0	0	0	0	0	0	0	0	2	0	0	0	0	0	0	0	0	0	0	0	0	0	0	2	0	0	0	0	0	0	0	0	0	0	0	0	0	3	0	3	0	0	0	5	0	0	0	1	1	0	0	0	0	0	0	0	0	0	0	0	0	0	0	0	0	0	0	1	0	0	0	0	0	0	0	0	0	0	0	0
K04654	1.820024	0.154799	0.619195	0.3936402	0.19711	0	0	1.78569	0	1.079463	3.583588	7.877205	0.535604	0	2.3930593	0	0	3.548446	0.5419244	0	0.260062	0	0	1.395254	0.6804245	0.64822	0	1.417256	0.567596	0	0.236326	0.319273	0.619196	0.3553927	0	0.783669	1.2592294	0	0.154799	2.6181079	0	0.938469	1.752318	0	0	0.8070177	0.453045	0	0.2177505	0.0980392	0	9.6323477	0	0.455109	1.5872043	1.211559	0.154799	0.154799	0	0.879257	2.050898	0.154799	0.154799	1.773994	1.44582	0.2177505	3.6243538	1.496899	0	0.619196	0	0	2.631584	0	1.015743	1.90196	0.505676	5.364412	3.10665	0	0.154799	1.228069	1.013416	2.011353	0.5087723	11.532702	0.438597	0	1.0488907	0.382869	0	1.3034055	1.180599	6.995874	0	0.154799	0	0	0	0.0866873	0	9.4045424	0.237358	0	0	1.0922353	0	0	1.587716	0.2476783	0.291022	2.04231	0.0856553	0.7409708	0	0.773994	0	0
K02188	0	0	0	0	0.309598	0	0	4.041428	0	1.4070228	2.889031	2.662848	0.116827	0	1.0384923	0	0	1.8971717	0.389937	0	0	0	0	1.547988	0	0	0	0.2301344	1.2105583	0	0	0.103966	1.437565	0	0	0	0.868525	0	0	0.906707	0.497568	0.3964845	2.264878	0	1.083592	1.0021359	0.0835913	0	0.309598	0.309598	0	5.6712607	0	0.4958435	0.175	1.4424443	0	0.153767	0	0	2.864329	0.536636	0.309598	3.91029158	0.435501	1.006753	0.60240646	0.309598	0.154799	0.464397	0	0.925697	4.619254	0	0.482315	1.3798024	0	0.7362783	2.265478	0.622089	0.280414	0.916409	0.545558	0.280201	0.797886	2.6792823	0.25387	0	0.655657	0.6284835	0.102167	0	0.285862	1.3430978	0	0	0	0	0	0	0	3.5009395	0	0	0	0.154799	0	0.688339	0.375661	0	0.619871	0.154799	0	0.409002	0	0.4250614	0	0
K04094	0.120482	0	0	0.347222	0	0.253848	0	3.19795	0	0.764235	0.5869188	2.281067	0.774475	0	0.788964	0	0	0.5352424	0.497076	0.13587	0	0	0	0.318363	0.1734211	0.458333	0	0.25585	1.013461	0	0	0.0885668	1.093339	0.140283	0	0	2.328399	0	0	1.166546	0.241255	0.170648	0.520833	0.2605524	0.997966	3.556377	0.0599829	0	0	0.175439	0	5.24398	0	0.434014	0.240964	0.6770946	0	0.19305	1.04094	0	0.2963142	0.312536	0	0.13587	0.628916	0.454331	2.010263	0.308642	0.245795	0.776764	0	0	1.46787	0	3.068048	1.386005	0	0.911439	2.599504	0.25707	0.253848	0.489223	0.257069	0.686652	0.245977	2.9153497	0	0	0	0.560411	0	0.602339	0.367087	1.618808	0	0	0	0	0	0	0	4.352269	0.412466	0	0	0.659404	0	0	0.256643	0	0.581678	0.19305	0.12867	1.232253	0	0.4407548	0.128535	0
K23360	1	0	0	7	2.66667	7.5	0	29.444479	0	2	5	16.61111	2.222222	0	14	12	0	5.22222	2	0	2	0	0	1.777778	1	0	0	1	10	0	0	0	7	0	0	2	7	3	0	8.16667	0	1	4	13	3.38889	4.333333	0	0	3.444444	4	0	18	0	0	1	9.277778	0	0	1	0	11.944433	14.16667	1	19.11111	2	5	1	3	0	1.222222	0	0	46.38888	0	5	27	0	4	4	4	3.055558	8.0555556	0.944444	1	2.44444	12.61111	0	0	4	2	0	1	1	9.111111	0	0	0	0	0	0	0	7.05556	0	0	0	1	1	0	2	0	1	1	0	13.5	0	2	0	0
K02834	0	0	0	0	0	2.336712	0	2.17391	0	3.768117	5.28502	4.763288	0	0	0	0	0	0	0	0	0	0	0	0	0	0	0	5.5942	0.111111	0	0	0	0	1.477778	0	1.21256	0.391304	0.323671	0	0.68599	0	1.29469	0	1.342991	0.68599	0	0	0	0	0	0	29.57005	0	0	0	4.908207	0	0	1.57778	0	0	0	0	0	0	0	5.170049	0	1.44928	0.285024	0	0	12.29469	0	1.671498	0	0	0.724638	1	0	0.536232	0	2.289856	3.47826	0.869565	4.768125	0	0	0.628019	0.628019	0	0.724638	2.27536	17.29469	0	0	0	0	0	0	0.603865	32.91739	0	0	0	0	0	0.724638	1.628019	0	0	0.0531401	0.681159	4.87923	0	2.280194	0	1.05314
K02189	0	0	0	0.3699	0.483092	0.300752	0	1.207271	0	0.955711	1.199234	2.691435	0.318318	0	0.479566	0	0	0.644949	0.372907	0	0	0	0	1.33038	0	0.185185	0	0	1.068871	0.145804	0	0	1.934122	0	0.301205	0.273092	0.0840841	0	0	0.8493	0.150602	0	0.60241	0	0.545425	0.695963	0.17017	0	0.0570571	0.108108	0	3.105252	0	0.15015	0.657895	0.753248	0	0.34965	0	0	0.701966	0.0870871	0.629371	2.718118	1.20482	0	0.316817	0.15015	0.0333333	0.0903614	0	0	5.0626	0.301205	0.451807	2.2687931	0.219298	0.372372	1.321883	1.008835	0	0.15015	0.458639	1.05422	0.151057	2.2138654	0.151057	0	0.450902	0.451807	0.15015	0	0	1.582486	0	0	0	0	0	0.0660661	0	3.63885	0	0	0	0.301204	0.203704	0.150602	0.254254	0	0.5097961	0.34965	0	0.106426	0	0.131526	0	0
K03561	0	0	0	0	0	0	0	0	0	0	0	0.328947	0	0	0	0	0	0.149123	0	0	0	0	0	0	0	0	0	0.382051	0.111111	0	0	0	0	0	0	0	0.201754	0	0	0.184685	0	0	0	0	0	0.307018	0	0	0	0	0	0	0	0	0	1.0307	0	0	0	0	1.91026	0	0.269737	0.0657895	0.100877	0.302632	0.9956136	0	0	0	0	0	2.243425	0	0.155702	0.865179	0	0	0	0.103604	0	0	0	0.894736	0.328947	3.127197	0.328947	0	0.367965	0.140351	0	0	0.657894	0.337838	0	0	0	0	0	0	0	4.089268	0	0	0	0.657895	0	0	0	0	0.804825	0	0	0.787382	0	0	0	0
K01867	0	0.23178	0	0.355889	0	1.220314	0	3.323594	0	0.739247	0.882777	1.254481	0.179211	0	0.442055	0	0	0.196815	0	0	0.746253	0	0	1.3366312	0.759832	0	0	0.6045396	1.5993001	0	0	0	0.724638	0.179211	0.664277	0.358423	1.763885	0.358422	0	0.9493386	0	2.3582	2.659127	2.202725	1.593835	2.037864	0.179211	0	0	0	0	2.3376451	0	0.537634	0.1923532	2.253184	0	0.220264	0	0	0.412424	0.0919952	0.213675	0	1.05018	1.459523	5.283916	0.537634	0.468385	0.674524	0	0	6.367104	0	2.510557	1.645691	0	0.213675	0.358422	0.654719	0.380824	0.6628985	0.716845	2.611817	0.179211	4.8739941	0	0.13859	0.52698	0.179211	0	0.702022	0.885303	4.508817	0.179211	0	0	0	0	0	0	8.639849	0	0.246305	0	0	0.357228	0.630565	0.6030468	0	0.1962758	0.239234	0.179211	2.9617738	0	1.714557	0	0.176678
K00239	0	0	0	0	0	0	0	0	0	0	0	0	0	0	0	0	0	0	0	0	0	0	0	0	0	0	0	0	0	0	0	0	0	0	0	0	0	0	0	0	0	0	0	0	0	0	0	0	0	0	0	0	0	0	0	0	0	0	0	0	0	0	0	0	0	0	0	0	0	0	0	0	0	0	0	0	0	0	0	0	0	0	0	0	0	0	0	0	0	0	0	0	0	0	0	0	0	0	0	0	0	0	0	0	0	0	0	0	0	0	0	0	0	0	0	0	0	0
K03571	0	0	0	0	0	0	0	0	0	0	0	0.4375	0	0	0	0	0	0	0	0	0	0	0	0	0	0	0	0	0	0	0	0	0	0	0	0	0	0	0	0	0	0	0	0.774854	0	0	0	0	0	0	0	0	0	0	0	0	0	0	0	0	0	0	0	0	0	0	0	0	0	0	0	0	0	0	0	0	0	0	0	0	0	0	0	0	0	0.531915	0	0	0	0	0	0	0	0	0	0	0	0	0	0	0	0	0	0	0	0	0	0	0	0	0	0	0	0	0	0	0	0
K02843	0	0	0	0	0	0.16835	0	5.11672	0	0	0.621142	3.479658	0	0	0.7211071	0	0	0	0	0	0	0	1.3468	0.050505	0	0.140292	0	0.503928	0.467332	0	0	0	0	0	0	0	0.63973	0	0	0.427609	0	0	0	0.309764	0.468013	0.2823698	0.16835	0	0	0	0	7.669866	0	0	0	1.154251	0	0.239057	0	0	0	0.3125	0	0.673401	1.96633	0	1.019314	0.323232	0	0.112233	0	0	6.732879	0	1.0353864	0	0.208333	0	0.701664	0.1997754	0	0	0.730639	0.3367	0.16835	1.0092784	0	0	0.167228	0	0.16835	0	0	1.743477	0	0	0	0	0	0	0	1.8863143	0	0	0	0	0	0	0.434343	0	0	0	0	0.840628	0	0.16835	0	0
K00243	0.31357	0	0	0.592885	0	0.335731	0	3.590246	0	0.973907	3.433429	5.094166	1.58103	0	1.921923	0	0	0.889328	0.197628	0.197628	0	0	0	1.772598	0.980045	0	0	0.0527009	0.918314	0	0	0.104869	3.2490165	0.642804	0	0	1.887281	0	0	0.790514	0.592885	0.338603	0	1.77734	1.220028	1.568696	0	0	0.345191	0.0144928	0	5.729192	0	0.790514	0	2.684439	0	0	0.434783	0	1.68775	0.839113	0.197628	2.055337	1.51779	1.835454	2.158105	0.197628	0	0.592885	0	0	5.72069	0	0.7270206	1.771785	0	1.592496	1.162055	0	0.585008	0.196311	0	0.790513	0.231884	1.184453	0	0	0.00790514	0.197628	0.197628	0.762846	0.501976	1.881423	0	0	0	0	0	0	0	4.433468	0.285903	0	0	0	0	0	0.507	0	0	0.591568	0	1.168753	0	0.00658762	0	0
K01935	0	0	0	0	0	0	0	0	0	0	0	0	0	0	0	0	0	0	0	0	0	0	0	0	0	0	0	0	0	0	0	0	0	0	0	0	0	0	0	0	0	0	0	0	0	0	0	0	0	0	0	0	0	0	0	0	0	0	0	0	0	0	0	0	0	0	0	0	0	0	0	0	0	0	0	0	0	0	0	0	0	0	0	0	0	0	0	0	0	0	0	0	0	0	0	0	0	0	0	0	0	0	0	0	0	0	0	0	0	0	0	0	0	0	0	0	0	0
K06147	0	0	0	0	0	0	0	0.207469	0	0	0	0.2212436	0.22523	0	0.2693396	0	0	0	0	0	0	0	0	0	0	0	0	0	1.884843	0	0	0	0	0	0	0	0	0	0	0	0	0	0	0	0	0	0	0	0	0.0932836	0	0	0	0	0	0.174216	0	0.113122	0	0	0	0.7274233	0	0.0845324	0	1.102043	0	0	0	0	0	0	1.590759	0	0.491256	0.184502	0	0	0	0	0	0.1528569	0	0.166667	0.112108	2.44484	0.0886525	0	0	0	0.474638	0	0	1.2121525	0	0	0	0	0	0	0	0.9006617	0	0	0	0	0.0723982	0	0	0	0	0	0	0.3882338	0	0.0925373	0	0
K02238	0	0	0	0	0	0.240647	0	2.066849	0	0	0.5891192	0	0	0	0	0	0	0	0	0	0.0732064	0	0	0.112867	0	0	0	0	0	0	0	0	0	0	0	0	0	0	0	0	0	0	0	0	0	1.23002	0	0	0	0	0	0	0	0	0	0.1367265	0	0	0	0	0	0	0	0	0	0	0	0	0	0	0	0	1.62866	0	0.144718	0	0	0	0	0.0748503	0	0	0	0	0	0.223529	0	0	0	0	0	0	0	0.2377163	0	0	0	0	0	0	0	0.0519187	0	0	0	0	0	0	0	0	0	0	0	0	0	0	0	0
K06895	0	0	0	0	0	0.145299	0	0.221505	0	0	0.843537	0	0	0	0.322581	0	0	0.174194	0	0	0	0	0	0	0.337868	0	0	0	0	0	0	0	0	0	0	0	0.429825	0	0	0	0	0	0	0	0	0	0	0	0.9374081	0	0	0.148387	0	0.00860215	0.119658	0.160256	0	0.230108	0	0	0	0	0	0	0	0	0.227957	0	0	0	0	0	1.6129	0	0	0.283871	0	0	1.32776	0	0	0	0	0.689655	0	1.879571	0	0	0	0.208602	0	0.322581	0.322581	1.07906	0	0	0	0	0	0	0	0.645161	0	0	0	0	0.322581	0	0	0	0	0	0	0	0	0	0	0
K00962	0.502607	0.3336221	0.155729	1.381087	0	2.6385112	0	8.0383	0	2.9136479	6.602863	6.475229	2.3285475	0.23832757	1.7903282	1.22951	0.0567708	2.6751343	0.1716691	0.283043	0.3082783	0.143939	0	1.075192	1.5302425	0	0	3.3049129	3.4658102	0	0	0.0760073	4.5618037	0.1354167	0.666667	0.545312	5.350072	0.9251473	0	2.2046112	0.165563	0.9034682	1.2123342	2.0273083	1.169122	3.3612325	0.259556	0	0.491477	0.859127	0	19.6080034	0	0.7204724	0.0239583	7.20534713	0	1.4475442	0.314371	0	2.204408	2.66372	0.625	2.9592477	1.5625	0.567708	12.317525	0.934859	0.15625	0.664073	0	0	10.29886	0	2.947913	9.4678577	0.15625	1.883249	9.373881	2.83403	1.8898248	1.3658911	2.293769	4.702961	0.9005794	23.6518816	0.394792	0.229224	1.7235828	1.11771	0.715126	1.6795321	2.720696	11.0559982	0	0	0.0479167	0.252033	0	0.404312	0	30.3454977	0.513142	0.388601	0	1.222841	0	0.3623024	3.6230123	0.422768	1.5041378	0.7112852	0.9512251	4.588361	0.104167	4.2500922	0	0.5863312
K02823	0	0	0	0	0	0.00323625	0	1.719124	0	0.200647	1.699323	5.394757	0.485437	0	0.242718	0	0	0.553736	0	0	0	0	0.485437	0.718447	0.3284785	0	0	0.454692	1.456311	0	0	0	0.401294	0.34965	0	0	0.478964	0	0	1.449838	0.00970874	0.190939	0.485437	0	0	2.058248	0	0	0.485437	1.006608	0	3.40453	0	0.228155	1.432776	1.4715213	0	1.010492	0	0	0.624595	2.380288	0	1.398058	1.21359	1.05987	4.285343	0	2.048376	0.2411	0	0	4.580906	0	0.79288012	0.728155	0.131068	5.010133	2.5436864	0.399676	0	0.324619	0	3.129917	0.226537	8.516968	0	0	0.106796	1.02265	0	0.482201	0	1.2815543	0	0	0	0	0	0	0	6.859038	0.231392	0	0	0.242718	0.109127	1.829356	0.485436	0	0.406746	0	0	0.7912616	0	0	0	0
K03319	0	0	0	0	0	0	0	0	0	0	1	0	0	0	0	0	0	0	0	0	0	0	0	0	0	0	0	1	0	0	0	0	0	0	0	0	0	0	0	0	0	0	0	0	0	0	0	0	0	0	0	0	0	0	0	0	0	0	0	0	0	0	0	0	0	0	0	0	0	0	0	0	0	0	0	1	0	0	0	0	0	0	0	0	0	0	0	0	0	0	0	0	0	0	0	0	0	0	0	0	0	0	0	0	0	0	0	0	0	0	0	0	0	0	0	0	0	0
K01803	0	0	0	0	0	0	0	0	0	0	0	0	0	0	0	0	0	0	0	0	0	0	0	0	0	0	0	0	0	0	0	0	0	0	0	0	0	0	0	0	0	0	0	0	0	0	0	0	0	0	0	0	0	0	0	0	0	0	0	0	0	0	0	0	0	0	0	0	0	0	0	0	0	0	0	0	0	0	0	0	0	0	0	0	0	0	0	0	0	0	0	0	0	0	0	0	0	0	0	0	0	0	0	0	0	0	0	0	0	0	0	0	0	0	0	0	0	0
K01267	0.125	0	0	0	0	0.374794	0	0	0	0	0.350538	0.180036	0	0	0.5508867	0.0133333	0	0	0	0	0	0	0	0.185874	0.454097	0	0	0	0	0	0	0	0	0.25	0	0	0.1911323	0	0	0	0	0.12286411	0.75188	0	0.365833	0.193333	0	0	0.125	0.125	0	0.0325	0	0	0.15873	0.1788946	0	0	0	0	0.55463	0.8187383	0	0.125	0	0.708055	0.546854	0.1125	0	0	0	0	0.524301	0	0	0.535266	0	0	0.2208333	0.139276	0.173482	0	0	0	0.550633	0.678232	0.26738	0	0	0	0	0.06	0.430278	0.50094	0	0	0	0	0	0	0	2.626901	0	0	0	0	0.125313	0.375627	0.251895	0	0	0	0	0.251576	0	0	0	0
K01689	0	0	0	0	0	0	0	0	0	0	0	0	0	0	0	0	0	0	0	0	0	0	0	0	0	0	0	0	0	0	0	0	0	0	0	0	0	0	0	0	0	0	0	0	0	0	0	0	0	0	0	0	0	0	0	0.576577	0	0	0	0	0	0	0	0	0.503546	0	0.419679	0	0	0	0	0	0	0	0	0	0	0	0	0	0	0	0	0	0	0	0	0	0	0	0	0	0	0.963964	0	0	0	0	0	0	0	0	0	0	0	0	0	0	0	0	0	0	0	0	0	0	0	0
K02501	0	0.308176	0	2.6478	0.534591	0.366876	0	3.59539	0	0	0.628931	0	0	0	0.851153	0	0	0.448637	0	0	0	0	0	0.144654	0.192872	0.106918	0	0	0	0	0	0	0	0	0	0	0.628931	0	0	0	0	0	0	0	0.484277	2.264151	0	0	1.42348	0.0859539	0	0.702306	0.314465	0	0	0.943396	0	0	0	0	0	2.7987425	0	2.27254	0	3.2956	0	0	0	0	0	0	1.628787	0	0	0.943396	0	0	0	0	0	0.354298	0	0	0.314465	0.9413	0.2410901	0	0	0	0.0272537	0	0	0	0	0	0	0	0	0	0	0.146751	0	0	0	0	0	0	0.354298	0	0	0	0	0.205451	0	0	0	0
K00942	0	0	0	0	0	0	0	0	0	0	0	0	0	0	0	0	0	0	0	0	0	0	0	0	0	0	0	0	0	0	0	0	0	0	0	0	0	0	0	0	0	0	0	0	0	0	0	0	0	0	0	0.858156	0	0	0	0	0	0	0	0	0	0	0	0	0	0	0	0	0	0	0	0	0	0	0	0	0	0	0	0	0	0	0	0	0	0	0	0	0	0	0	0	0	0.829787	0	0	0	0	0	0	0	0.971631	0	0	0	0	0	0	0	0	0	0	0	0	0	0	0	0
K02356	0	0	0	0	0	0	0	0	0	0	0	0	0	0	0	0	0	0	0	0	0	0	0	0	0	0	0	0	0	0	0	0	0	0	0	0	0	0	0	0	0	0	0	0	0	0	0	0	0	0	0	0	0	0	0	0	0	0	0	0	0	0	0	0	0	0	0.0921986	0	0	0	0	0	0	0	0	0	0	0	0	0	0	0.510638	0	0	0	0	0	0	0	0	0	0	0	0	0	0	0	0	0	0	0	0	0	0	0	0	0	0	0	0	0	0	0	0	0	0	0	0
K18475	0.199203	0	0	0.596282	0	0	0	0.594954	0	0.0849673	0	0.398406	0	0	0	0	0	0	0	0	0	0	0	0	0	0	0	0	0	0	0	0	0	0.199203	0	0	0	0	0	0	0	0.173275	0	0	0	0.140952	0	0	0	0	0	0	0.0544489	0	0	0.622954	0	0	0	0	0.365206	0	0	0	0.0876494	0	0.398406	0	0	0	0	0	0.39085	0	0.220264	0.0969456	0	0.398406	0	0.196078	0	0	0.660793	0.259067	0	1.077407	0	0	0	0	0	0	0	0.674642	0	0	0	0	0	0	0	2.33856	0	0	0	0	0	0	0.532685	0	0.934927	0	0	0	0	0.282486	0	0
K09157	0	0	0	0	0	0	0	0	0	0	0	0	0	0	0	0	0	0	0	0	0	0	0	0	0	0	0	0	0	0	0	0	0	0	0	0	0	0	0	0	0	0	0	0	0	0	0	0	0	0	0	0	0	0	0	0	0	0	0	0	0	0	0	0	0	0	0	0	0	0	0	0	0	0	0	0	0	0	0	0	0	0	0	0	0	0	0	0	0	0	0	0	0	0	0	0	0	0	0	0	0	0	0	0	0	0	0	0	0	0	2	0	0	0	0	0	0	0
K03742	0.628931	0	0	0.850898	1.7338842	0.0455373	0	6.917906	0	1.8552882	5.5103567	9.7860973	1.345998	0	0.555493	0.576923	0	1.765565	0.252277	0.127505	0.4489982	0	0.546448	1.971765	1.03436	0	0	0.71820797	1.0929	0	0	0.411337	3.7092	0.414467	0	0	1.120758	0.628931	0	2.72198	0.273224	1.232579	4.633874	0.957195	1.94295	1.4922993	0	0	0.4318242	0.1111111	0	12.82128	0.136612	0.141243	1.1857337	4.252585	0	0.867369	0	0	1.949252	1.95916	0	3.6283648	2.18397	0.855359	2.971915	1.848323	0.587689	0.569903	0	0.273224	18.31558	3.55714	3.2258694	1.4782216	0	2.7088975	2.4187318	0.6020033	0.345173	1.635731	0.998178	1.768964	1.9943002	11.352513	0.47913	0	0.409836	0.8898	0.136612	0.273224	0.558332	4.082392	0.136612	0	0.537634	0	0	0	0	4.028432	0	0.273224	0	0	0	0.136612	0.702091	0	0.117904	0.273224	0	1.439891	0	0.567431	0.126594	0
K08177	0	0	0	0	0	0.141243	0	0.3656803	0	0.141243	0.140056	0.282486	0.0960452	0	0	0	0	0	0	0	0	0	0.55929	0.141243	0.282486	0	0	0.140056	0.480769	0	0	0	0	0	0	0	0	0	0	0	0	0	0.519141	0.129785	0.141243	0	0.280112	0	0	0.185185	0	0.373389	0	0	0	0	0	0	0	0	0	0	0	0.0913371	0.706215	0	0	0	0	0.129785	0	0	0.581699	0.465517	0.140056	0	0	0.141243	0	0	0	0	0	0.78603	0.140056	2.4761227	0	0	0.140056	0.140056	0	0	0	0.6754682	0	0	0	0	0	0	0	8.521852	0	0	0	0	0	0.281299	0.13371	0	0	0	0	0.423729	0	0.160256	0	0.191571
K00873	0	0	0	0	0	0	0	0.390374	0	0.105708	0	0.434663	0	0	0	0	0	0	0	0	0	0	0	0.127154	0	0	0	0.395128	0.25641	0	0	0	0	0	0	0	0	0	0	0.77828	0	0	0.205585	0.802139	0	0	0.0885324	0	0	0.178253	0	0.211416	0	0	0.31642	0	0	0	0	0	0	0.0891266	0	0.105708	0	0	0	0	0	0	0	0	0.364686	0	2.336706	0.0979563	0	0	0.499145	0.26738	0	0	0	0.504274	0.26738	0.5954116	0	0	0	0	0	0	0.25641	0	0	0	0	0	0	0	0	0.0891266	0	0	0	0	0	0	0	0	0	0	0	0.245875	0	0	0	0
K07491	0	0	0	0	0	0	0	0	0	0	0	0	0	0	0	0	0	0	0	0	0	0	0	0	0	0	0	0	0	0	0	0	0	0	0	0	0	0	0	0	0	0	0	0	0	0	0	0	0	0	0	0	0	0	0	0	0	0	0	0	0	0	0	0	0	0	0	0	0	0	0	0	0	0	0	0.588235	0	0	0	0	0	0	0	2.665596	0	0	0	0	0	0.577778	0	0	0	0.818841	0	0	0	0	0	0	0	0	0	0	0	0	0	0	0	0	0	0	0	0	0	0	0	0
K01772	0	0	0	0	0	0.314613	0	3.5350089	0	0	1.7249439	4.919159	0.135006	0.193548	1.806848	0	0	0.179211	0.358423	0	0	0	0	0.8044329	0	0	0	0.470949	1.092786	0	0	0	0.378788	0.5848888	0	0	0.892284	0.475022	0	0.18797	0	0	0	0.56391	0.6117085	0.2771799	0	0	0.179211	0	0	2.89183	0	0	0.178017	0.2957396	0	2.240003	0	0	2.3243393	0.5901742	0	2.127487	2.049202	1.751473	0.9454362	0.179211	0.809982	0.629713	0	0	7.8700451	0	2.563528	1.0728073	0	0.7581934	0.77598	0.0633214	0.18797	1.47192	0	0.37844627	0.555995	4.9534368	0	0	0.357228	0.109023	0.179211	0.2	0.6240602	1.510587	0	0	0	0	0	0	0	7.96459	0.179211	0	0	0	0	0.0955795	1.046633	0	0	0.340501	0.296296	1.7178891	0	0.2	0	0.0848268
K07447	0	0.442177	0	0	0	2.938881	0.035461	2.03889	0	1.171777	5.48477	1.724294	0	0	0.95	0	0	2.55556	0.827777	0.735294	0	0	0	2.17778	0.820513	0	0	1.83187	1.34804	0	0	0	4.72222	0	0	0	0.684397	0.397163	0	2.695748	0	0.109929	0.237589	1.275729	0	0	1.763663	0	1.01667	0	0	19.96854	0	0	1.7446842	1.51679	0	0	0.574468	0	2.66111	0.561111	0	0.705556	0.95	2.16667	8.92875	0	0.375887	0.735294	0	0	5.81831	0	4.364539	2.577778	0	1.87778	1	1.704613	1.25887	0	4.60823	0	2.28014	19.880367	0	0	2.030245	3.498335	0	0.0638298	0.0602837	0.304965	0	0	0	0.75	0.343972	0	1.41667	54.90558	0	0	0	1.29444	0.492908	1.680707	0.891644	1	2.18333	0.647685	0	2.869826	0	3.90642	0	1.300405
K09787	0	0	0	0	0	0	0	0	0	0	0	0	0	0	0	0	0	0	0	0	0	0	0	0	0	0	0	0	0	0	0	0	0	0	0	0	0	0	0	0	0	0	0	0	0	0	0	0	0	0	0	0	0	0	0	0	0	0	0	0	0	0	0	0	0	0	0	0	0	0	0	0	0	0	0	0	0	0	0	0	0	0.744444	0	0	0	0	0	0	0	0	0	0	0	0	0	0	0	0	0	0	0	0	0	0	0	0	0	0	0	0	0	0	0	0	0	0	0	0
K16960	0	0	0	0	0	0	0	0	0	0	0.209936	1.373398	0	0	0	0	0	0	0	0	0	0	0	0	0	0	0	0	0	0	0	0	0	0	0	0	0.461075	0	0	0	0	0	0	1.580665	0	0	0	0	0	0	0	0.483974	0	0	0	0	0	0.894231	0	0	0	0	0	0	0	0	0	0	0.240385	0	0	0	0	0	0	0.480769	0	0	0	0	0	0	0	0	0	4.351814	0	0	0	0	0	0.240385	0.240385	5.715321	0	0	0	0	0	0	0	0	0	0	0	0	0	0.203333	0	0	0	0	0.240385	0.13141	0	0	0	0
K03497	0.365385	0	0	0	0	0.557333	0	0	0	0.115242	1.257692	0.535898	1.550701	0	0	0	0	0	0.647343	0	0	0	0	0	0.585874	0	0	0.192308	0.984616	0	0	0	0.364312	0	0	0	0.702841	0	0	0.543589	0	0.7338458	0	0.607692	0.192308	0.0978934	0	0	0	0.142308	0	1.334592	0.192308	0	0.783692	2.269229	0	0	0.192308	0	0.439901	1.5101	0.218092	1.386093	0	0	0.576923	0	0	0.239024	0	0	3.411538	0	0.4153843	0.131351	0	0	0.185874	0.756362	0.192308	0	0	0.2294875	0	0.116481	0	0	0	0.192308	0	0.384615	0.63621	1.380936	0	0	0	0	0.166667	0	0	5.514455	0	0	0	0.299517	0	0	0.384615	0	0	0	0	0.526923	0	1.1	0.192308	0
K10038	1.63043	0	0	0	0	0.789474	0	1.41053	0	0	0.675439	0	0.526316	0	0	0	0	1.78986	0.532609	0	0	0	0	1.54348	0	0	0	0.149123	0	0	0	0	0	0	0	0	0.596491	0	0	0.24386	0	0.633334	1.064531	0.440351	0.632723	0	0	0	0	0	0	0.521053	0	0	0	4.189638	0	0.44386	0	0	0	0.526316	0	2.83333	0	0	2.36842	0.764912	0	1.090287	0	0	3.731284	0	0	2.68841	0	0	0	0	0.263158	0	0.526316	1.410389	0.526316	2.814381	0	0	0.110526	0.526316	0	0.263158	1.778946	1.708259	0	0	0	0	0	0	0	5.264914	0	0	0	0.543478	0	0	0.51579	0	0	0	0	0.866452	0	0.263158	0	0
K01958	0	0.125945	0.136986	0	0	1.5158222	0	1.544278	0	0.3800088	1.223344	0.7349244	0.181984	0	0	0	0	0.1534569	0	0	0.2393233	0.3639668	0.653595	0	0.2973849	0.102517	0	0.4992703	0.7862749	0	0	0	0.0909918	0	0	0	1.163116	0.155695	0	1.5268089	0	0.9287368	4.2876308	1.4903489	0	0.627834	0	0	0	1.0724678	0	3.0876073	0.0909918	0	0.2895943	7.4915331	0	0	1.061306	0	0	1.0636703	0	1.021579	0	0	1.7125376	0	0	1.5422399	0	0	5.4150055	0	1.749347	0.0182648	0	0.0456621	0.3340422	0.610758	0.7543266	0.6651657	1.3024619	0.774677	0.3362811	2.485633	0	0	0.1821501	0.0909918	0.0456621	0.1526359	0.638554	2.8310175	0	0	0	0	0	0	0	8.291286	0	0	0	0	0	0.091158	0.8406038	0	0.42735	0.0909918	0.0454959	1.5433335	0	0.5619781	0	0
K06920	0	0	0	0	0	0	0	0	0	0	0	0	0	0	0	0	0	0	0	0	0	0	0	0	0	0	0	0	0.277778	0	0	0	0	0	0	0	0.277778	0	0	0.133333	0	0	0	0	0	0	0	0	0	0	0	0.796296	0.555556	0	0	0.218519	0	0	0	0	0	0	0	0	0	0	0	0	0	0	0	0	0	0	0	0	0	0	0	0	0	0	0	0	0	0	0	0	0	0	0	0	0	0	0	0	0	0	0	0	0	0.277778	0	0	0	0	0	0	0	0	0	0	0	0	0	0	0	0
K01091	0	0.318471	0	0	0	0.318471	0	0	0	1.68539	0	2	0	0	0	0	0	0	0	1.11985	0	0	0	0	0.548611	0	0	0.318471	0	0	0	0	0.280899	0	0	0	0	0.602996	0	0	0	0.649813	0.801498	0	0	0	0.314607	0	0	0	0	0	0	0	0	0.561798	0	0	0	0	1.280899	0	0	0	0	0	3.593876	0.106742	0.518519	0.3239702	0	0	2.80712	0	0.559925	1	0	0	1	0	0	0	0.561798	11.150473	0	10.323261	0	0	0	0	0.561798	4.433389	4.960679	29.9007	0	0	0	0	0	0	0	0.11985	0	0	0	0	0	0	0	0	0	0.280899	0	0.280899	0	0	0	0.280899
K02493	0	0	0	0	0	0	0	1.21806	0	0.868471	0	0.625	0	0	0	0	0	0	0	0	0	0	0	0	0	0	0	0.8219497	0.78347	0	0	0	0	0	0	0	0	0	0	1.179938	0	0.208333	0	0	0	0	0	0	0	0.169935	0	2.25417	0.208333	0	0	1.126894	0	0	0.295117	0	0	0	0	0.106996	0	0	0.502451	0	0.108333	0.208333	0	0	7.42639	0.233546	0.735138	0	0.206944	0	0	0	0	0	1.22639	0.0986111	0.115278	0	0	0	0.416666	0	0	0	0	1.353653	0	0	0	0	0	0	0	2.081943	0	0.208333	0	0	0	0	0.208333	0	0	0	0	0.7920824	0	0	0	0.294118
K07271	0	0	0	0	0	1	0	1.471408	0	0.0893617	0.950019	0.953704	0	0	0	0	0	0.787023	0.275281	0	0	0	1.27518	0.209205	0.657157	0	0	0	0.992908	0	0	0	0.867465	0.0111576	0	0	1.22785	0	0	0.7867631	0	0.488581	0	0	0.544944	0.561798	0.212766	0	0	0.225225	0	4.24302	0	0	0	0.8004435	0	0	0	0	0.279026	3.237235	0	1.059147	0.41841	0.209205	0.414555	0.58736	0	0	0	0	3.165017	0	0	0	0	1.484975	0.8229536	0.3629685	0.180441	2.364344	2.64183	1.20067182	0.4777371	4.4008259	0	0	0.187234	0.437991	0	0	0.142643	3.950555	0	0	0	0	0	0	0.184397	4.595191	0	0.0964539	0	0	0	0.166667	0	0	0	0	0.212766	0.863673	0	0.38496967	0	0
K02073	0	0	0	0	0	0	0	0	0	0	0	0	0	0	0	0	0	0	0	0	0	0	0	0	0	0	0	0	0	0	0	0	0	0	0	0	0	0	0	0	0	0	0	0	0	0	0	0	0	0	0	0	0	0	0	0	0	0	0	0	0	0	0	0	0	0	0	0	0	0	0	0	0	0	0	0	0	0	0	0.151786	0	0	0	0	3	1.02222	0	0	0.223214	0	0	0	0	0.696296	0	0	0	0	0	0	0	0.197917	0	0	0	0	0	0	0	0	0	0	0	0.221726	0	0	0	0
K09815	0	0	0	0	0	0	0	0	0	0	0.183824	0	0	0	0	0	0	0	0	0	0	0	0	0	0	0	0	0	0	0	0	0	0	0	0	0	0	0	0	0	0	0.183824	0	0.367647	0	0	0	0	0	0	0	1.10294	0	0	0	0.183824	0	0	0	0	0	0	0	0	0	0	0.183824	0	0	0	0	0	1.70711	0	0	0.280303	0	0	0.182598	0	0	0	0	0	0	0	0	0	0	0	0	0	0	0	0	0	0	0	0	0	0	0	0	0	0	0	0	0	0	0	0	0.183824	0	0	0	0	0	0
K01571	2.9585665	1.327465	0	0	0.978473	6.890446	0	0.176056	0.124688	0.0565254	0.484621	0.732603	2.177053	0.590786	0.509429	0.30717	0.124688	1.527014	0.124688	0	1.270581	0	0	0.304878	0.190357	0.385756	0.0532003	0.989501	0.74813	0	0	0	2.340553	0	0	0	0.981712	1.498022	0	3.850689	0.409836	0.3953291	1.611016	7.723951	3.098177	9.835494	1.243712	0	4.845647	3.869887	0	7.574167	0	3.382828	2.680142	14.307647	0	0.933268	0	0.658257	0	5.910196	0.282238	4.07569	0	3.814461	0.850867	0	0	0.374065	0	0	7.81341	0.214112	0.623441	4.272248	0.30717	0.124688	0.0507066	4.706126	1.620961	0.974723	0.431859	1.364921	0.991349	5.31409	0.585892	0.176056	0.249377	0	0	0.498753	0.827573	6.354443	0	0	0	0.5835838	0	0	0.124688	11.614905	0.748518	0	0	0	0	0	0.36046	0	1.034664	2.759342	0	2.266604	0	1.029531	0	0.176056
K01847	0.395876	0	0.441176	0.0735294	0.1416667	0.0720588	0	0.9567481	0	0.8784314	1.2218304	2.9487	0.881863	0	0.1770494	0.207039	0	0.1470588	0.174216	0.0735294	0	0	0	1.780089	0	0	0	0	2.7461697	0.0426471	0	0	1.670268	0	0.147059	0.480614	4.512997	0.147059	0	2.2298376	0.352598	0.0730392	1.308515	0	0.1757784	0.2205884	0	0	1.048738	0.348432	0	5.1275822	0.852805	0.2548482	0	0.2823529	0.322581	0.10352	0	0	1.5257531	0	0.0735294	4.228668	1.74657	1.8298975	0.4983194	0.1726377	0	0.279554	0	0	0.3178965	0	1.6705714	2.88122583	0	0.3961104	0.2205884	1.390769	0.187266	1.0620074	0	0.0735294	1.2994878	0	0.0735294	0.0735294	0.2180384	0	0	0.187266	0	5.896279	0	0.0730392	0	0	0	0.101961	0	3.7877434	0	0	0	0.395365	0.977669	0	0.251256	0	0.102249	0.9519169	0	0.1470588	0	0	0	0.3028874
K02372	1.08696	0	0	0.351449	0.34058	2.020009	1.15942	12.752834	0	2.284044	4.634332	7.472997	1.446336	0	2.13043	0	0.485507	2.22464	0.543478	1.920029	0	0	0	2.547102	0.532609	1.284523	0	4.636953	3.52253	0	0	0	5.09058	0.543478	0.298246	0	5.204736	0.858696	0	6.48236	0	2.84782	9.568842	3.987014	1.21739	0.800725	2.981307	0	1.71377	0.891304	0	11.63549	0	0.376812	0	8.356098	0	2.40416	1.63043	4.3442	2.16667	2.959942	0.652174	4.425276	6.06884	8.62777	7.453306	1.40566	0	0.891988	0	0	11.355958	0	5.500068	6.043478	2.526048	2.37681	9.72826	0.676306	0.4861908	1.94928	0.279874	5.249664	0.871069	25.103254	1.7029	0	3.101316	2.657707	0.471698	0.9080529	2.687175	14.71008	0	0	0	0.543478	0	0	0.213768	15.647017	0.427536	0	0	0.431159	0	1.764489	2.9021706	0.445652	1.76812	0.376812	1.966231	2.908804	0	2.749793	0	0.521739
K00950	0	0	0	0	0	0	0	0.216049	0	0	0.810373	0.188679	2.41975	0	0	0	0	0.0833333	0	0	0.0185185	0	0	0	0	0	0	0.925926	0.898148	0	0	0	0.925926	0	0	0	0.358025	0	0	0	0	0.462963	1.32099	0.200617	0.101852	0	0	0	0	0	0	5.630075	0	0	0.0771605	0.462963	0	0	0.0216049	0	0	0	0	1.0679	0	0	0.996913	0.277778	0	0	0	0	6.632713	0	1.40566	0	0	0	0	0.891534	0	0	0.459877	0.234568	0.361111	0.388889	0	0	0.9484	0	0	0	0	0.462963	0	0	0	0	0	0	0	2.06462	0	0	0	0	0.585366	0	0	0	0.209877	0	0	0.904246	0	1.641904	0	0
K01153	0	0	0	0.0496667	0	0.241546	0	0	0	0	1.88889	0.05	0	0	0	0	0	0	0	0	0	0	0	0.037	0	0	0	0	0	0	0	0	0	0	0	0	0.34528	0	0	0	1.20612	0.0502513	0	0	0.0854271	0	0.100503	0	0	0.1005026	0	0	0	0	0	0.7245723	0	0	0	0	0	3.4567386	0	0	0.0906667	0.0965662	1.7547053	0	0	0	0	0	1.69082	0	0	0	0	0	0	0	0	0	0.0506586	0	0	0	0	0.103734	0	0	0.103734	0	0	1.50697	0	0	0	0.483092	0	0	0	0.604613	0.100503	0.0502513	0	0	0	0.0502513	0	0.520833	0	0	0	0.241546	0	0.284422	0	0
K07571	0.388889	0	0	0	0	0.595238	0	0.230159	0	0.452107	2.580957	3.069767	4.96032	0	0.103175	0	0	0.884921	0.420635	0	0.357143	0	0	2.84524	0.595238	0	0	0.789272	0.429119	0	0	0.595238	1.19048	0	0	1.9127	3.83333	0	0	1.72222	0	1.562671	0	0.353175	0.527778	2.166671	0	0	1.031746	0	0	0.951012	0	0.5039683	1.15476	3.427068	0	0	0	0	0	0	3.77381	0	0	1.41667	6.6059028	0.384921	0	0.67433	0	0	4.580325	0.111111	0.329365	7.087302	0	1.154378	2.09127	0	0.574713	0.52381	1.88506	2.559386	1.412311	9.467817	0.428571	0	0	0.964286	0	0.43295	0.968254	6.55036	0	0	0	0	0	0	0	7.39266	0	0	0	0	0	0	0	0	0	0.595238	0	2.27804	0	0.261905	0	0.97619
K03605	0.58648	0	0	1.0624029	0	0.34965	0	2.24306	0	0.696775	1.462461	1.9615062	0	0	0.34965	0	0	1.052531	0	0.4	0	0	0.221445	2.009127	0.293706	0.423729	0	2.183105	0.300699	0	0	0.34965	0	0.324074	0	0.779614	0.5844292	0	0	0.536131	0.34965	0.7525991	0	1.223776	2.294385	2.248951	0	0	0.0740741	0.407925	0	11.643783	0	0	0	1.385886	0	0.34965	0	0	1.484382	0	0.177156	1.4559441	1.3986	1.189957	4.38368	1.099554	0	0	0	0	2.7972	0	1.341382	2.473569	0	1.211232	3.007884	0.613053	0.263403	0.34965	2.262558	0.86247	0.275058	6.001333	0	0	0	0.13986	0.27972	0.263403	0.86014	2.505126	0	0	0	0	0.34965	0	0	5.46469	0.373333	0	0	0.755245	0	0.5021347	0.598135	0.0862471	2.602076	0	0	0.99004	0	0.413223	0	0.4289041
K19055	0	0	0	0	0	0	0	2.22321	0	0	0.306548	1	0	0	0	0	0	0.446429	0	0	0	0	0	0	0.892858	0	0	0	0	0	0	0	0.363636	0	0	0	1.366075	0	0	0	0	0	0	0	0.547619	1.574405	0	0	0	0	0	0	0	0.0119048	0	0.407738	0	0	0	0	0	0.989907	0	0	0	0.652174	1.178572	0.669643	0	0	0	0	2.22619	0	0	0.5119052	0.372024	0.446429	0.0238095	0.598215	0.267857	0	0	0.83631	0.446429	4.270836	0	0	0	1.9375	0	0.0267857	0	4.184525	0.25	0	0	0.904762	0	0	0.321429	3.002979	0	0	0	0.160714	0	0	0	0	0	0	0	0.892858	0	0	0	0.446429
K07461	0	0	0	0	0	0	0	0	0	0	0.829787	0.106383	0	0	0	0	0	0	0	0	0	0	0	0	0.30303	0.2263598	0	0	0.840278	0	0	0	0	0	0	0	0	0	0	0	0	0	0	0	0	0	0	0	0	0	0	3.146372	0	0	0	0	0	0	0	0	0	0	0	0	0	0	0.390071	0	0	0	0	0	0.783097	0	0	0	0	0	0	0	1.384013	0	0	0.965278	0	1.80851	0	0	0	0	0	0	0	0.106383	0	0	0	0	0	0	0	2.248822	0	0	0	0	0	0	0	0	0	0	0	0	0	0.631944	0	0
K03297	0	0	0	0	0	0	0	0	0	0	0	0	0	0	0	0	0	0	0	0	0	0	0	0	0	0	0	0	0	0	0	0	1	0	0	0	0	0	0	0	0	0	0	0	0	0	0	0	0	0	0	0	0	0	0	0	0	0	0	0	0	0	0	0	0	0	0	0	0	0	0	0	0	0	0	0	0	0	0	0	0	0	0	0	0	1.95833	0	0	0	0	0	0	0	0	0	0	0	0	0	0	0	1.48718	0	0	0	0	0	0	0	0	0	0	0	0	0	0	0	0
K01756	0.26178	0	0	0	0	0.701219	0	1.68723	0	0.034904	0.2286212	0.391798	2.61943	0.26178	0.1858638	0	0	0.39827	0	0	0	0	0.0837696	1.325997	0.44339	0	0	0	0.893745	0	0	0	0.26178	0.0924956	0	0	1.070735	0.26178	0	0.5890056	0	0.694444	0	0.8229274	0	0.4877834	0	0	0.26178	0.5453022	0	2.971924	0	0.26178	0.366314	1.220099	0	0.13089	0	0	0.4999994	1.378785	0.39267	1.0585234	0.65445	1.170157	0.527737	0	0	0.595335	0	0	1.94519	0	1.027065	0.582024	0	0.519011	1.172775	0.28714	0.13089	0.7607036	0.52356	0.309624	1.00525	4.459628	0	0.0471204	0.995316	0.311518	0	0.39267	0.800898	1.7118076	0	0	0	0	0	0	0	2.662372	0	0	0	0	0	0.13089	0.4863732	0	1.0550722	0	0.10733	0.6186736	0	0.421588	0	0
K03750	0	0	0	0	0	0	0	0	0	0.276243	0.406998	0.276244	0	0	0	0	0	0	0	0	0.138122	0	0	0	0	0	0	0.226244	1.07366	0	0	0	0	0	0	0.276243	0	0	0	0.690608	0	0	0	0	0	0	0	0	0	0.138122	0	0.708474	0	0	0	0.690608	0	0	0	0	0	0	0	0	0	0	0.680479	0.138122	0	0.138122	0	0	0.138122	0	1.104972	0	0.127993	0	0	0	0	0	0.138122	0	1.420536	0.806721	0	0	0.20442	0	0	0	0.234783	1.242512	0	0	0	0	0	0	0	2.183614	0	0	0	0	0	0	0	0	0	0	0	0.519337	0	0	0	0
K04029	0	0	0	0	0	0	0	0	0	0	0	0	0	0	0	0	0	0	0	0	0	0	0	0	0	0	0	0	0	0	0	0	0	0	0	0	0	0	0	0	0	0	0	0	0	0	0	0	0	0	0	0	0	0	0	0	0	0	0	0	0	0	0	0	0	0	0	0	0	0	0	0	0	0	0	0	0	0	0	0	0	0	0	0	0	0	0	0	0	0	0	0	0	0	0	0	0	0	0	0	0	0	0	0	0	0	0	0	0	0	0	0	0	0	0	0	0	0
K04024	0	0	0	0	0	0	0	1.0917	0	0	0	0	0	0	0	0	0	0	0	0	0	0	0	0.218341	0	0	0	0	0	0	0	0	0	0	0	0	0	0	0	0	0.084425	0	0	0.404658	0	0	0	0	0	0	0	0	0	0	0	0	0	0	0	0	0	0.557496	0	0.436681	0	0	0.218341	0	0	0	0	0	0	0	0	0.885756	0	0	0	0.436681	0	0.384279	0.769231	0	0	0.218341	0	0	0	0	0	0	0	1.9053858	0	0	0	0	0	0	0	0	0	0	0	0	0	0	0	0	0.436681	0	0	0.985444	0	0	0	0
K18682	1	0	0	0	0	7.677378	0	2.822379	0	7.210039	8.318897	4.153034	6.59857	0	0.144092	0	0	1	3.367875	0.107527	0.541219	0	1.07455	0	1.107527	0.107527	0	6.15035	3.674904	0	0.967742	0.0662824	0.854	1	0	0.463082	7.202727	0.524539	0.107527	2.63688	0.213256	4.1091913	9.823368	1.94745169	3.230548	3.251619	0.377778	0	0.0430108	3.53911	0	28.013709	0	0.134486	0.107527	10.954901	0	0.789253	0.728983	2	0	2.257361	0	0.1713263	0	2.420084	15.540638	2.30036	0.826087	0.7223	0	0	23.27048	0	2.84732	9.7370265	1.582165	1.107527	3	1.594886	0.215054	0.214337	1.961294	8.600365	3.087134	11.357149	1	0.952899	1.937635	1.822995	0.165591	1.30609	6.450809	31.169824	0	0.144092	0	0.0979827	0.346761	1.02536	0.322581	14.034444	0	1.537634	0	1	0	3.452753	2.79581	0.144092	0.119617	0.322581	2.107527	10.572579	0	7.958345	0	0.645161
K03657	1.3297234	0.153374	0	0	0	0.0392682	0	4.1849997	0	0.0677507	1.5170003	9.30774361	0.416915	0	0.6698316	0.680272	0	0.0487905	0	0	0.0677507	0	0	0.3465358	0	0	0	0.134598	0.1124237	0.779935	0	0	3.556388	0.0615006	0	0.7509138	0.164619	0	0.333333	0.589133	0.0615006	0	0.134409	0	0.6191056	0.5654073	0.3606806	0	0.0195531	0.519048	0	4.4144153	0.1597324	0.0982318	0.153374	1.342484	0	0.134409	0.290476	0.0184502	0.53616391	0.12285	0.0742067	1.64763	1.04538	0.875333	0.9750463	0.7725241	0.1407902	0.9407568	0	0	7.8613336	0	1.2205324	1.400494	0	0.877709	0.3278338	0.837493	0.0614251	0.884833	0	0.9357171	0.107775	1.4828375	0	0	0.0333333	0	0	0	0.2233431	0.694444	0	0	0	0.248756	0	0	0	4.5289866	0.15625	0	0	0	0	0	0.7114072	0	0	0	0.1380452	0.0706215	0	0.1650262	0	0.134409
K15583	0.180505	0	0	0	0.361011	0.656429	0	6.908195	0	0.180505	1.845969	4.141979	0	0	0.525872	0	0	0.1949454	0.180505	0	0.166065	0	0	0.475331	0.4308054	0	0	0.717208	1.56077	0	0	0.180505	2.425946	0	0	0	0.516989	0.361011	0	5.350005	0	0.361011	0	0	0.844765	1.387484	0	0	0.36101	0	0	2.494388	0.0854392	0.180505	0	1.211566	0	0	0	0	1.66065	0	0.36101	0.541516	1.058965	0.541516	2.173262	0.541516	0.180505	0	0	0	9.304431	0	1.3923	0.36101	0	0.722021	0.167268	0.628158	0.180505	0.516245	0.541516	0.359807	0	1.607317	0	0	0.65704	0.5655834	0	0	0	1.140794	0	0	0	0	0	0	0	4.418135	0	0	0	0	0	0	0.338146	0.180505	0.102286	0	0	1.363515	0	0	0	0.277778
K06909	0	0	0	0	0	0	0	0	0	0	0	0	0	0	0.137741	0	0	0	0	0	0	0	0	0	0	0	0	0	0	0	0	0	0	0	0	0	0	0	0	0	0	0	0	0	0	0	0	0	0	0	0	0	0	0.294118	0	0	0	0	0	0	0	0	0	0	0	0	0	0	0	0	0	0	0	0	0	0	0	0	0	0	0	0.137741	0	0	0	0	0	0	0	0	0	0	0	0	0	0	0	0	0	0	0	0	0	0	0	0	0	0	0	0	0	0	0	0	0	0	0	0
K07027	0	0	0	0.288256	0	0	0	0.894226	0	0	0.166074	1.423289	0.253855	0	0.177936	0	0	0.177936	0	0	0	0	0	0	0.338078	0	0	0	0	0	0.364964	0	0	0	0	0.187421	0.863583	0	0	0	0	0	0	0	0	0.980821	0	0	0	0	0	0.0984579	0.177936	0.30605	0	0.2597865	0	0	0	0	0.177936	0.177936	0	0	0.276394	0.466192	0.7792275	0	0	0.177936	0	0	2.489922	0	0.784314	0	0	0.5480422	0.711744	0.135231	0	0.215517	0.161329	0	0	0.81850572	0	0	0.177936	0.0984579	0	0	0.772603	1.540434	0	0	0	0	0	0	0	2.7325	0	0	0	0	0.1293	0	0.255042	0.177936	0	0.153025	0	0	0	0	0	0
K02653	0	0	0	0	0	0	0	0	0	0	0	0	0	0	0	0	0	0	0	0	0	0	0	0	0	0	0	0	0	0	0	0	0	0	0	0	0	0	0	0	0	0	0	0	0	0	0	0	0	0	0	0	0	0	0	0	0	0	0	0	0	0	0	0	0	0	0	0	0	0	0	0	0	0	0	0	0	0	0	0	0	0	0	0	0	0	0	0	0	0	0	0	0	0	0	0	0	0	0	0	0	0	0	0	0	0	0	0	0	0	0	0	0	0	0	0	0	0
K11145	0	0	0	0	0	0	0	0	0	0	0	0	0	0	0	0	0	0	0	0	0	0	0	0	0	0	0	0.794326	0	0	0	0	0	0	0	0	0	0	0	0.921986	0	0	0	0	0	0	0	0	0	0	0	0	0	0	0	0	0	0	0	0	0	0	0	0	0	0	0.893617	0	0	0	0	0	3	0	0	0	0	0	0	0	0	0	0	0	0	5	0	0	0	0	0	1	0	0	0	0	0	0	0	0	0	0	0	0	0	0	0	0	1	0	0	0	0	0	0	0	0	0
K06346	2.284752	0.877496	0	0	0.641667	4.526351	0	9.085353	0	2.429358	8.620445	6.3985375	1.9308778	0	11.349378	0	0.665246	3.841066	2.381142	0.341014	1.791656	0	0	2.404828	2.560431	0.912443	0.308333	3.502013	2.738864	0	0.438185	0	0.672619	1.993645	0.374808	0.230415	1.59884095	0.20915	0.0848765	1.6692284	0	3.889952	13.588811	4.433207	2.020083	15.745944	1.816667	0	0.777726	0.721213	0	22.859696	0.16954	0.46083	4.788413	4.312921	0.135177	0.230415	0.0552995	0.304703	5.731684	4.38296	0.517357	2.468613	3.027305	10.54734	11.211914	0.5953654	0.230415	0.680492	0	0	33.62999	3.50998	3.496336	4.812713	1.066053	1.793649	3.978961	1.6795372	0.896519	4.245379	4.05058	2.763173	2.356401	15.554572	0.804032	0.230415	1.02765	0.469484	0.230415	2.813603	3.5463495	14.875245	0.0860215	0.230415	0	0.46320459	0.231481	0.446429	0.381679	17.281224	0	0	0	0	0.920507	2.472197	2.7099905	0.227343	0.921659	0.692311	0.4792632	4.63682	0	1.207161	0	0.765361
K00882	0.387597	0	0	0	0	0.12549	0	2.884385	0	0.579595	0.606536	2.664052	0	0	0.4727881	0.196078	0.19305	0.2704472	0	0	0	0	0	0.398406	0	0	0	0.188235	0.562091	0	0	0.199203	0.39085	0	0	0	0	0	0	1.154248	0.196078	0.196078	0	0.922507	0.308083	0.775891	0	0	0.196547	0	0	2.532953	0	0.396825	0.196078	1.012658	0	0.194771	0	0	1.28366	0	0	0.610306	1.25882	1.240511	2.61602	0.392157	0.2575159	0.109804	0	0	2.674496	0	0.069281	0.581091	0.292398	0.624836	1.60131	0.588235	0	0.783007	0	0.322452	0	3.607596	0	0	0.4922498	0.2366009	0	0	0.0836601	1.156863	0	0	0	0	0	0	0	2.042722	0	0	0	0.19305	0	0.196078	0.162092	0	0	0	0.196078	0.6169926	0	0.392156	0	0
K02563	0	0	0	0	0	0.15625	0	0.623958	0	0.9375	1.35833	0.55625	0.3125	0	0	0	0	0	0	0	0	0	0	0	0	0	0	0	1.175	0	0	0	0	0	0	0	0.311458	0	0	0	0	0.46875	0.139583	0.78125	0	0	0	0	0	0	0	1.248958	0	0	0	1.15625033	0	0.15625	0	0.675841	0	0	0	0.98125	0	0	0.94375	0	0	0.46875	0	0	5.203128	0	0.603125	0	0	0	0	0.15625	0.145833	0	0.455208	2.26562	0.433334	1.226042	0	0	0.436458	0.3125	0	0	0.0489583	2.15	0	0.15625	0	0	0	0	0	3.28021	0	0	0	0	0.15625	0	0	0	0	0	0	0.625	0	0.78125	0	0.00416667
K05934	0	0	0	0	0	0	0	0	0	0	0	0	0	0	0	0	0	0	0	0	0	0	0	0	0	0	0	0	0	0	0	0	0	0	0	0	0	0	0	0	0	0	0	1.63934	0	0	0	0	0	0	0	0	0	0	0	0	0	0	0	0	0	0	0	0	0	0	0	0	0	0	0	0	0	0	0	0	0	0	0	0	0	0	0	0	0	0	0	0	0	0	0	0	0	0	0	0	0	0	0	0	0	1.55191	0	0	0	0	0	0	0	0	0	0	0	0	0	0	0	0
K01918	0	0	0	0	0	0	0	0	0	0	0	0	0	0	0	1.51515	0	0.21645	0	0	0.21645	0	0	0	0.350649	0	0	0	0	0	0	0	0	0	0	0	0	0	0	0	0	0.21645	0	0	0	0	0	0	0.21645	0	0	0	0	0	0	0	0	0	0.25974	0	0.621934	0	0.21645	0	0	0.759928	0	1.51515	0	0	0	0	0	0	0	0	0	0	0.6572787	0	0	0.138528	0	0	0.578644	1.625728	0	0	0	0	0	0	0	5.103899	0.21645	0.21645	0	0	0	0	0	1.945168	0	0	0	0	0	0.738189	0	0.21645	0	0	0	0	0	0.522366	0	0
K02434	0	0	0	0.704225	0	0.879124	0	4.164995	0	0.283094	2.372198	1.249069	0.230947	0	0.595238	0	0	0	0.0625943	0.230947	0.230947	0	0	0.153996	0	0.465215	0	0.613419	3.882076	0	0	0.595238	2.8169	0	0	0.114704	0.906622	0	0	1.500385	0	0.8273143	1.875591	2.620504	0	0	0	0	0.115473	0.943396	0	3.73097	0	0	0.34642	3.496744	0	0.345651	0	0	0	1.652831	0	0.573806	0	0	1.117479	0	0.51004	0.565923	0	0	9.58993	0	1.1423008	0.174208	0	0	0.614583	0.3435773	0.115473	0.3259538	0.692841	2.716228	0.420351	3.4907321	0.151976	0	0.209467	0.799067	0	0.791545	1.446978	4.22568	0	0	0	0	0	0	0	8.1818208	0.265957	0	0	0.41784	0	0.4022111	0.382922	0	0.115473	0.115473	0.117371	1.790341	0	0.8600589	0	0
K07277	0.5754	0.399383	0	0.511209	0.4571572	2.5767044	0	10.378469	0	0.5881323	7.1662895	8.2675095	1.559515	0.297176	3.275735	0.607881	0.148368	1.2489324	0.7826044	0.558853	0.6576334	0.762085	0.148368	4.077147	1.9542718	0.794876	0	3.71298	1.093076	0	0	0.2204932	2.201049	0.7695054	0.784432	1.193632	5.3068236	0.324026	0.174184	3.7014037	0.650533	1.409177	2.353698	3.9238494	2.5084251	9.303803	0.3556829	0	1.9557131	1.3772746	0	12.6882222	0.0728863	1.6042155	4.2229497	7.0820544	0.0730994	0.7008094	0	0.074184	7.165262	4.3003182	0.5391889	2.900542	4.59633	2.439385	13.168568	1.1587035	0.115404	0.5645851	0	0	14.1149933	0.847954	1.2965296	8.8725228	1.405162	3.463261	8.616887	1.194617	0.860566	2.481179	1.2319365	9.137359	3.635965	31.0799729	0.5594568	0.1176627	1.6902424	0.7281022	0.222552	0.75721	2.9821173	15.9416421	0.1	0	0.0736894	0.0742942	0.0400593	0	0.202721	16.9705545	0	0.0153314	0	0.968775	0.148368	0.6128409	3.2073472	1.3542934	2.434195	0.7508874	0.2472834	2.9837526	0.0869565	1.291468	0	0
K02015	0	0	0	0	1	0.0990676	0	0	0	0	0	0	0	0	0	0	0	0	0	0	0.174825	0	0	0	0	0	0	0	0	0	0	0	0	0	0	0	0	0	0	0	0	0	0	0	0	0	0	0	0	0	0	0.664336	0	0	0	0	0	0	0	0	0	0.173611	0	0	0	0	0	0	0	0	0	0	3.74825	0	0	0	0	0	0	0	0	0.331002	0	0.34965	0.1596737	1.566435	0	0	0	0	0	0	0.405594	0.951049	0	0	0	0	0	0	0	5.442886	0	0	0	0	0.174825	0.174825	0.174825	0	0	0	0	0	0	0.17366	0	0
K12132	0	0	0	0	0	0.5664981	0	2.2443873	0	1.8298386	2.9208226	1.3678412	0.756303	0	0.779579	0	0	0	0	0	0.269467	0	0.420168	0.0969116	0.206612	0.2521006	0	0.8621846	2.17638	0	0	0	0	0	0	0.336134	1.4975522	0	0	0.588235	0	0.6300852	1.385438	4.068732	0	0	0.0311033	0	0.315229	0.15229	0	13.464818	0	0	0	3.3790349	0	0.0840336	0	0	0	0.0784314	0	0.0840336	0	0	2.245611	1.0161592	0	1.076315	0	0	6.601122	0	1.8485732	1.207318	0.60241	0	0	0	0.4715916	0.649617	1.994906	2.0074044	0.4303016	3.540696	0.236967	0	0.2515406	0.4240897	0.0868347	0.897167	1.3384246	7.6567644	0	0	0.1174843	0	0	0.211864	0	10.6085614	0	0.8095236	0	0	0.206612	2.687222	1.51435	0	2.031266	0.961538	0.1946061	2.3776975	0	1.062845	0	0.362963
K02956	0	0	0	0	0	3.05426	0	0	0	0.914729	11.48837	0	1.48062	0	0.55814	0	0	0	1.752137	0	1.27132	0	0.55814	0.65812	1.193798	0	0	5.910448	0	0	0	0	1.4031	1.286226	1	0	4.617769	0.643411	0.752137	1.27907	0	6.945346	2.27907	3.45736	0	7.494338	0	0	0	0	0	23.956518	0	0.72093	0	3.20155	0	0	0	0	1.65116	0	0	0	1.405882	0	4.16279	0.565891	0	3.31783	0	0	5.20155	0	0	15.4194	0	0	1.30769	0	1	1	2.24031	9.3876	2.656129	8.34744	0.922481	0.27907	0.503876	2.474461	0	0	6.43411	26.243491	0	0	0	2.568543	0	0.930233	0	34.5057	0	0	0	0.488372	0	1.96899	0.627509	0	0	1.38462	0.65812	3.52713	0	2.24727	0	0.906977
K07742	0	0	0	0	0	0	0	0	0	0	0	0	0	0	0	0	0	0	0	0	0	0	0	0	0	0	0	0	0	0	0	0	0	0	0	1.775	0	0	0.55	0	0	0.808333	1.8	0	0	0	0	0	0	0	0	0.791667	0	0	0	0	0	0	0	0	0	0	0	0	0	0	0	0	0	0	0	0	0	0	0	0	0	0	0	0	0	0	0	0	0	0	0	0	0	0	0	0	0	0.675	0	0	0	0	0	0	0	12.475	0	0	0	0	0	0	0	0	0	0	0	0	0	1	0	0
K01657	0	0	0	0.0655476	0	0.340152	0	0.622553	0	0.113636	0	0	0.454545	0	0	0	0	0	0	0	0	0	0	0	0	0	0	0	0	0	0	0	0	0	0	0	0	0	0	0	0	0.198413	0	0	0	0	0	0	0	0	0	0	0	0	0	0.3811926	0	0.113636	0	0	0	0	0	0	0	0	0.113636	0	0	0	0	0	1.0841173	0	0	0	0	0	0	0	0	0	0	0	0	0	0	0	0.342466	0	0	0	0	0	0	0	0	0	0	0	0	0.559957	0	0	0	0	0	0	0	0	0	0	0	0.198413	0	0	0	0
K04069	0.69697	0.092504	0	2.58373	0.727273	5.807254	0	18.59965	0	2.7072206	7.798587	14.351994	1.754389	0	3.14514	0.625199	0	3.604461	0	2.365234	9.815216	0.161085	0.484848	10.92508979	2.149062	0.529505	0	17.01139259	97.1229893	0	0	1.14992	12.425875	0	3.221914	1.439963	2.511961	0.952153	0	46.153593	0.15311	1.12782	11.429031	0.452951	0	3.69538	1.892914	0	5.16905469	2.794255	0	41.31425	0	1.27751	1.074959	14.325399	0	8.55981	1.05263	6.6873981	5.72408	1.94737	0.411483	36.326993	0	1.5327	9.510368	7.0685784	0.223285	0	0	0	35.92724	3.827754	14.923541	1.71451379	0	6.272499	3.890183	4.085206	0.8102062	2.3668299	5.0756	0.9154699	57.502082	5.569381	3.58852	0.124402	2.50101	0	0.484848	1.3381179	0.15949	91.53742959	0.421053	0	0	0	0	0	0.00318979	41.92445079	0	0.478469	0	2.25359	0	1.711111	2.26635	1.088175	0.90909069	1.921851	0.478469	2.37002	0.239234	1.46981	0	0
K01611	2.331995	0.63952	0	0.621582	0	4.074796	0	1.447078	0	1.380727	0.78211	1.301774	0.7109	0	1.183255	0	0	1.868714	0	0.4237085	0.4	0	0.473934	0.2906795	1.462066	0	0	1.504746	1.409276	0	0	0	0	0.35861	0	0	0.511849	0	0.236967	0.906793	0.167457	2.561057	6.034991	0.262243	0.962085	6.754247	1.015832	0	0.99938	0.947648	0	3.7037377	0	1.400899	1.719022	3.050932	0	0.0742496	0.236967	0	1.124353	2.445036	0.473934	1.627915	2.504736	4.1686834	8.740042	0	0	0.510204	0	0	3.216472	0	0	4.445004	0.605128	2.1780398	4.796004	1.2642478	0.12381	0.741086	1.482887	1.287077	0.76799	24.099787	0.6335254	0	0	1.237775	0	0.657135	3.338823	8.276338	0	0	0.292398	0.920513	0	1.35449	0	17.5797359	0.712821	0	0	0.560044	0	0	2.034762	0.236967	0.21485	0.932398	0.710925	1.281894	0	3.017774	0	0.895941
K11175	0	0	0	0	0	0	0	0	0	0	0	0.735043	0	0	0	0	0	0	0	0	0	0	0	0	0	0	0	0	0	0	0	0	0	0	0	0	0	0	0	0	0	0	0	0	0	0	0	0	0	0	0	0	0	0	0	0	0	0	0	0	0	0	0	0	0	0	0.926829	0	0	0	0	0	0	0	0	0	0	0	0	0	0	0	0	0	0	0	0	0	0	0	0	0	0	0	0	0	0	0	0	0	0	0	0	0	0	0	0	0	0	0	0	0	0	0	0	0	0	0
K05810	0	0	0	0	0	0	0	2.75989	0	0	0	0	0	0	0	0	0	0.211864	0	0	0	0	0	0	0	0	0	0	0	0	0	0	0	0	0	0	0	0	0	0.423729	0	0	0	0	0	0	0	0	0	0	0	0	0	0	0	0	0	0	0	0	0.211864	0	0	0	0	0	0	0	0	0	0	0	0	0	0.578947	0	0	0	0	0	0	0	0	0.166667	0	0	0	0	0	0	0	0	0	0.717172	0	0	0	0	0	0	0	0	0	0	0	0	0	0	0	0	0	0	0	0	0	0	0	0
K04068	0	0	0	0	0	0	0	0.416667	0	0	0	0	0	0	0	0	0	0	0	0	0	0	0	0	0	0	0	0	0	0	0	0	0	0	0	0	0	0	0	0	0	0	0.969697	1.2931	0	0	0	0	0	0	0	0	0	0	0.862069	0.431034	0	0	0	0	0	0	0	0	0	0	0	0	0	0	0	0	10.317144	0	0	0	0	0	0	0.41092	3.00771	0	0	0.431034	0.862069	0.399425	0	0	0	0.333333	0	0	0.241379	2.140807	0	0	0	0	0	0	0	0	0	0	0	0	0	0	0.431034	0	0.431034	0	0	0.807018	0	0	0	0
K05592	1.47352	0.1297824	0	1.725634	1.399853	4.085699	0.595565	36.197268	0	9.997916	23.753092	34.371521	2.403116	1.683979	11.124846	0.9738613	0	9.062827	0.6351637	0.563992	1.785521	1.70455	1.464682	8.8600681	4.120584	0.6948401	0	8.621474	9.577664	1.122588	0.445509	0.372844	7.5192732	2.4872621	0.629075	4.229946	4.43009	2.882464	0.2940711	7.312502	0.910922	4.715384	4.754179	7.8287729	5.6427934	8.052302	0.746863	0.176678	2.80586	2.487966	0	118.257661	0.118483	2.91512	2.304141	11.479609	0.237737	3.565454	1.0366039	4.7717838	11.520703	1.344532	0.2910482	18.705041	1.655457	3.231641	19.6210681	6.308583	1.699242	2.791925	0	1.12051	44.018294	4.624546	6.601479	8.519707	0.642507	2.920606	12.793397	3.194553	1.4258579	10.975038	0.8831334	14.632399	6.6601494	68.683008	1.912076	0.652922	4.3632707	4.12076	1.754455	2.3394384	3.310151	15.3219008	0.225264	0	0	2.775907	0.35103	0.523514	0.0579096	45.834034	0	1.043015	0	1.389522	0.6068085	2.318682	3.9146472	0.815695	8.156112	1.427159	1.241755	4.161575	0.146186	6.992732	0.118483	0.886012
K01897	0	0	0	0	0	0.13089	0	0	0	0	1.082325	0	0	0	0	0	0	0	0	0.13089	0	0.26178	0	0	0	0	0	0	0	0	0	0	0	0	0	0.735294	0	0	0	0.39267	0	0.367647	0	0.196078	0	0	0	0	0	0	0	0.498537	0	0	0	0.13089	0	0.3701508	0	0	0	0	0	0	0	0	0.13089	0.3525304	0	0	0	0	3.414948	0	0	0	0	0	0	0	0	0	0.65445	0.330716	0	0.13089	0	0	0	0.26178	0	0.26178	0.13089	0.460733	0	0	0	0	0	0	0	0.248756	0	0	0	0	0	0	0	0	0	0	0	0.0837696	0	0	0	0
K00215	0	0	0	0	0	0	0	0	0	0	0	0	0	0	0	0	0	0	0	0	0	0	0	0	0	0	0	0	0	0	0	0	0	0	0	0	0	0	0	0	0	0	0	0	0	0	0	0	0	0	0	0	0	0	0	0	0	0	0	0	0	0	0	0	0	0	0	0	0	0	0	0	0	0	0	0	0	0	0	0	0	0	0	0	0	0	0	0	0	0	0	0	0	0	0	0	0	0	0	0	0	0	0	0	0	0	0	0	0	0	0	0	0	0	0	0	0	0
K03547	0	0	0	0.262443	0	0	0	2.3772452	0	0.2459651	1.44260259	1.4184402	0.935829	0	1.577594	0	0	0.409525	0	0	0	0	0	0.40107	0.3125	0	0	0.304417	0.2178216	0.0609636	0	0	0.534759	0.0944742	0	0.235294	0.26738	0.26738	0	1.03645	0	0.13369	0.848311	0	0.13369	0.6408496	0.162338	0	0.348622	0	0	3.403428	0.0828877	0	0.13369	0.5274313	0	0	0	0.593213	0.26738	0.975775	0	1.741101	0.982175	1.198691	1.0995865	0.197208	0	0	0	0	3.868799	0	0.747091	0.315023	0	0.13369	0.4477794	0	0	0	0	1.503277	0.134636	5.388726	0	0	0	0.26738	0	0	0.430291	1.747119	0	0	0	0	0	0	0	2.7230749	0	0	0	0.13369	0	0	0	0	0.281183	0	0	0.346021	0	0	0.0632799	0
K12573	0.3107598	0	0	0.3406027	0	1.3491435	0	3.323979	0	1.4486217	4.9054756	5.6897196	0.534965	0	0.1770764	0	0	0.4396116	0	0.647696	0.1412517	0	0.4055887	0.7402998	1.5321658	0.5501357	0	0.5616649	1.763382	0.135501	0	0.340139	0.271927	0.283649	0	1.278878	1.14393768	0.830556	0	1.02394	0	1.4295839	1.428027	0.5696897	0.339678	1.1791758	0.067299	0	0.1359635	0.3022616	0	10.0803977	0.3026177	0.4322598	0.1350497	5.4798631	0	0.8295768	0	0.135501	0.2041841	0.8237495	0	0.5284547	1.880302	0.5624165	6.8269445	0.0663957	0.0677507	0.6435747	0	0.135501	20.50497	0.271003	2.102375	1.5601247	0.0990099	0.5506917	0.7608197	0.3014835	0.0677507	0.8257558	1.610013	2.4370915	0.3371543	6.58907422	0.2005387	0	0.6886308	0.685185	0	3.4168097	0.7714807	7.2881047	0	0	0	0.0682128	0	0	0	6.9226289	0	0	0	0	0	0.2116229	0.2345109	0.135501	0.1969287	0	0.135501	0.9592848	0.268817	1.787903	0.0940657	0.5037719
K01358	0	0	0	2	0	1	0	0.0827741	0	0	0.789709	0.944652	0	0	3	0	0	2	0	0	0	0	0	0	0	0	0	0.812601	1.51163	0	0	0	0.371365	0	0	0	0	0	0	0.876957	0	0.181208	0	0.671141	0	0	0	0	0	1.013683	0	6.390483	0	0	0	1.2953	0	1	0	0	3	0	0	1.724832	0	2	1.908278	0	0	0	0	0	0.0134228	0	1.14541	0.0606061	0	0	0	0.47509	1.272931	0	0	0	0.348993	7.98379	0	0	0	0	0	0.624161	4.565992	1	0	0	0	0	0	0	0	2.02685	0	0.957494	0	0	0	0.970128	0	0	0	0	0	0.257271	0	0.970917	0	0
K09807	4.415148	0	0	0.0209974	0.724977	2.494846	0	0	0	0.256014	3.754348	0.256014	1.23196	0	1.658022	0	0	0.783351	0	0	0.391753	0.353952	0	0.256014	3.488168	0.669994	0	2.238834	0	0	0	0	2.077267	0	1.5873	0.276632	1.510314	0	0	1.663652	0.383107	0.513746	0.601375	2.097939	1.0948	3.623418	0.393701	0	1.8766812	0.629135	0	6.845286	0	0.7481734	0	15.6725448	0	0	0	0.256014	0.513746	0.730241	0.80315	0.88488	0.568729	3.83448	2.4723986	0	0	0	0	0	14.4196346	0	2.265335	5.1300934	0.520564	0	0.256014	1.7059857	0.771592	0.256014	0.998095	2.004648	1.750857	2.6924395	0.295322	0	0	0	0.512028	0	0	8.245707	0	0	0	0	0	0	0	3.482131	0	0	0	0.438596	0	0	0.256014	0	0.256014	0	0	0	0	1.137457	0	0
K13919	0	0	0	0	0	0	0	0	0	0	0	0	0	0	0	0	0	0	0	0	0	0	0	0	0	0	0	0	0	0	0	0	0	0	0	0	0	0	0	0	0	0	0	0	0	0	0	0	0	0	0	0	0	0	0	0	0	0	0	0	0	0	0	0	0	0	0	0	0	0	0	0	0	0	0	0	0	0	0	0	0	0	0	0	0	0	0	0	0	0	0	0	0	0	0	0	0	0	0	0	0	0	0	0	0	0	0	0	0	0	0	0	0	0	0	0	0	0
K02523	0.4440394	0.613855	0	1.2211481	0.547445	0.230415	0	21.874398	0	4.475462	9.2960917	20.88673	4.358435	0	2.979982	0	0	4.845954	0.364964	0.460913	0	0	0	4.731747	1.061355	0.182482	0	2.021075	2.858097	0	0	0.0766423	7.9584832	0.4866179	0	2.316403	2.722628	0.364964	0.181265	1.7491542	1.273243	2.2895761	4.646059	1.7405909	0.701767	6.272509	1.063056	0	0.182482	0.0778589	0	16.806612	0.351582	0.287104	0	3.686423	0	0.99052	0	0	4.605204	1.612193	0.182482	4.1682505	4.069343	2.363844	8.302634	2.178772	0.255102	1.802471	0	0	18.859982	2.18978	3.028624	2.8889	0	4.4378105	4.256772	0.230415	0.176399	1.7835786	0.364964	1.804948	1.301996	19.531799	1.277373	0	1.484624	0.818735	0.729529	1.254318	2.196877	6.6390236	0	0	0	0.0571776	0	0	0	8.184644	0	0	0	0.947205	1.119514	0.182482	1.693849	0.271318	1.52433	0.588235	0.182482	2.0286239	0	0.600973	0	0
K03527	1.83114	0.6477433	0.387191	0.816464	0	13.8520613	0	4.151487	0	3.694501	25.7351303	10.324103	1.714691	0	4.348458	0.328947	0.473584	7.2274833	0.326754	1.23135	1.2656203	0.250429	0.343053	8.05263	4.2220573	0.371527	0	5.344485	4.2261355	0	0.171527	0.1002	3.61941	0.532895	0	4.065836	20.829306	1.924958	0	4.512672	0.328947	15.688386	8.608083	9.085224	3.375402	41.4271076	1.9374155	0	0.843309	0.4744013	0	35.364032	0.0857633	2.5808923	1.7116793	15.7616573	0.0857633	1.020037	0.757884	0.20108	7.902811	9.949543	0.1452155	10.097003	0.328947	7.820972	39.16712	1.7859663	2.691496	3.511561	0	0	20.836117	0.171527	3.334886	26.246858	1.115014	10.4440533	47.90066	3.3136036	2.013854	2.560697	21.363807	10.099056	7.245722	95.46492	1.7745589	4.23914	7.1783153	4.8872216	0.831647	5.655384	17.14357	99.183889	1.096631	0.0857633	0.1709548	1.530296	0.343054	1.083814	0.57151	127.259589	0.556014	1.645553	0.3732293	0.7203837	1.7269563	7.417393	15.943316	0.763948	5.841669	5.6043693	2.6133083	23.986272	0.270583	31.37664	0	2.934454
K00015	0	0	0	0	0	0	0	0	0	1	0	0	0	0	0	0	0	0	0	0	0.343643	0	0	0	0	0	0	0	0	0	0	0	0	0	0	0	0	0	0	0	0	0	0	0	0	0	0	0	0	0	0	0	0	0	0	0	0	0	0	0	0	0	0	0	0	0	0	0	0	0	0	0	0	0	0	0	0	0	0.933333	0	0	0	0	0.444444	0	1.23611	0	0	0	0	0	0	0	0	0	0	0	0	0	0	0	0	0	0	0	0	0	0	0	0	0	0	0	0	0	0	0	0
K00645	0	0	0	0	0	0	0	0	0	0	0	0	0	0	0	0	0	0	0	0	0	0	0	0	0	0	0	0	0	0	0	0	0	0	0	0	0	0	0	0	0	0	0	0	0	0	0	0	0	0	0	0	0	0	0	0	0	0	0	0	0	0	0	0	0	0	0	0	0	0	0	0	0.0434783	0	0	0	0	0	0	0	0	0	0	0	0	0	0	0	0	0	0	0	0	0	0	0	0	0	0	0	0	0	0	0	0	0	0	0	0	0	0	0	0	0	0	0	0	0
K02316	0.6805854	0	0	2.425602	2.6619881	0.3792976	0	6.00864729	0	0.326027	5.8325698	6.372093	0.2381944	0	3.882407	0	0.333333	2.0199324	0.0918053	0.378207	0.1322067	0.383142	0	2.937967	1.5789414	0.184843	0	0.843407	1.311143	0.508062	0	0.1410967	2.665712	0.0579174	0.2281544	0.527233	4.3184604	0	0	0.7393714	0.1968054	0.500757	2.662346	1.4969997	3.2295114	4.062655	0.154652	0	1.4339824	1.0231896	0	8.156564	0	0.4180077	0.943842	1.9870423	0	0.0924214	0	0	1.2366044	0.722581	1.546694	4.678527	0.766482	4.712473	3.5781184	0.2868091	0.2785275	0.5057423	0	0	2.7935044	2.356675	2.007905	1.3978557	1.114236	1.5168138	1.7828576	0.1774491	0.0924214	1.053411	0.850278	0.9029378	0.832431	8.4706033	0.3615334	0	0.9079415	0.569686	0	1.2131287	0.168207	4.8243563	0	0	0	0.0924214	0	0.467742	0	4.517473	0	0	0	0	0.270754	0.4842438	1.4561629	0.2407359	1.0990365	0.507424	0.0924214	0.5510232	0	1.2706156	0	0.509483
K03271	0	0	0	0	0	0	0	0	0	0	0	0	0	0	0	0	0	0	0	0	0	0	0	0	0	0	0	0	0	0	0	0	0	0	0	0	0	0	0	0	0	0	0	0	0	0	0	0	0	0	0	0.563492	0	0	0	0	0	0	0	0	0	0	0	0	0	0	0	0	0	0	0	0	0	0	0	0	0	0	0	0.666667	0	0	0	0	0	0	0	0	0	0	0	0	0	0	0	0	0	0	0	0	0	0	0	0	0	0	0	0	0	0	0	0	0	0.912698	0	0	0	0
K09117	0	0	0	0	0	0	0	0	0	0	1.68217	0.829457	0	0	2	0	0	0	0	0	0	0	0	0	0	0	0	0	0	0	0	0	0	0	0	0	0	0	0	0	0	0	0	0	0	0	0	0	0	0	0	0	1.97674	0	0	0	0	0	0	0	0	0	0	0	0	0	0	0	0	0	0	0	0	0	0	0	0	0	0	0	0	0	0	0	0	0	0	0	0	0	0	0	0	0	0	0	0	0	0	0	0	0	0	0	0	1	0	0	0	0	0	0	0	0	0	0	0	0
K03427	0	0	0	0.343669	0	0	0	0	0	0	0	0	0	0	0.119332	0	0	0	0	0	0	0	0	0	0	0	0	0	0	0	0	0	0	0	0	0	0	0	0	0	0	0	0	0	0	0	0	0	0	0	0	0	0	0	0	0.315049	0	0	0	0	0	0	0	0.107527	0.103734	0	0.337379	0	0	0	0	0	1.3699	0	0	0	0.240385	0	0	0	0	0	0	0	0	0.15491	0	0	0	0	0	1.79327	0	0	0	0	0	0	0.107527	0	0	0	0	0	0	0	0	0	0	0.105485	0	0	0	0	0	0.07173	0	0
K01297	0	0	0	0	0	0	0	0	0	0	0.405118	0	0	0	0	0	0	0	0	0	0	0	0	0	0	0	0	0.190114	0	0	0	0	0	0	0	0	0.361217	0	0	0	0	0	0	0.160584	0	0	0	0	0	0	0	1.140684	0	0	0	0.190114	0	0.434783	0	0	0	0	0	0	0	0	0	0.190114	0	0	0	0	1.90114	0	0.109489	0	0	0	0	0	0	0	0.190114	0	0	0	0.190114	0	0	0	0	0.182482	0	0.917862	0	0	0	0	0	0	0	0.182482	0	0	0	0	0	0	0	0	0	0	0	0	0	0	0	0
K03756	0	0	0	0.321503	0	0.153374	0	0	0	0	0	0.219298	0	0	0	0	0	0	0	0	0.256014	0	0	0	0	0	0	0.453376	0.766871	0	0	0	0.812865	0.306748	0	0	0.916893	0	0	2.06014	0	0	0.293255	0.153374	0.153374	0.306748	0.137457	0	0.152352	0.144172	0	0.87781	0	0	0.62876	2.885942	0	0.146628	0.766871	0	0	0.701031	0	0.147392	0	0.146628	0	0	0	0	0	0	4.74834	0	0.58651	0	0	0	0.175439	0	0	0	0.513746	0.153374	0	0.337868	0	0	0	0	0	0.340136	0.340136	0	0	0	0	0	0	0	0	2.179668	0	0	0	0	0	0	0	0	0	0	0	0	0	0.486804	0	0
K07497	0.329096	0	0	0	0	0	0	1.253973	0	0.423099	1.143014	1.467512	0	0	0.913858	0	0	0.223214	0.211864	0	0	0	0	0.848457	0	0	0	1.232558	2.310771	0	0	0	0	0	0	0	1.391129	0	0	0.230415	0.513109	0	3.48682	0	0.465116	0	0.351852	0	0	0	0	0	0.485576	0	0	0.230415	0	0	0	0	0	0	0	0.232558	0	0.916279	0.929555	0	0	0	0	0	5.877326	0	0.213518	0	0	0.656308	0	0	0	0	0	0.68718	0	2.10238	0	0	0	0.170507	0	0	0	0.601732	0	0	0	0	0	0.333333	0	3.400581	0	0	0	0	0	0.231008	3.090474	0.473934	0.658293	0	0	1.023638	0	0.684386	0	0
K07391	0	0	0	0	0	0	0	0	0	0	0	0	0	0	0	0	0	0	0	0	0	0	0	0	0.0686869	0.314465	0	0	0	0	0	0	0	0	0	0	0	0	0	0	0	0	0	0	0	0	0	0	0	0	0	0	0.0978474	0	0	0	0	0	0	0	0	0	0	0	0.197239	0	0	0	0	0	0	0	0	0	0	0	0	0	0	0	0	0	0	0	0	0	0	0	0	0	0	0	0	0	0	0	0	0	0	0	0	0	0	0	0	0	0	0	0	0	0	0	0	0	0	0	0	0
K03321	0	0	0	0	0	0	0	0.806035	0	0.249791	0.29703	0.440606	0	0	0.183183	0	0	0	0	0.2970299	0.0994036	0	0	0	0	0	0	0	0	0	0	0	0	0	0	0	0	0	0	0	0	0.278993	0	1.336646	0	0	0.0994036	0	0	0	0	1.9789599	0	0	0	0.4561589	0	0	0	0	0	0	0	0.29703	0	0	1.713436	0.2970299	0	0	0	0	2.230671	0	0.40004	0	0	0	0.132184	0.198807	0	0	0.332673	0.6977239	0	1.2747149	0	0	0.3003698	0.5940599	0.0990099	0	0.4547739	1.827361	0	0	0	0	0	0.198807	0	0	0	0	0	0	0	0	0	0	0	0.463221	0	0.5273929	0	0.472498	0	0.0927767
K06158	1.0172378	0.0847458	0	0.459998	0	0.318156	1.06383	9.0940968	0	2.5481564	4.6107558	10.5319308	3.171392	0	0.7181096	0	0.783333	3.980546	0.631545	0.5752528	0.5072106	0.169492	0	2.296641	1.096508	0	0	1.6249036	3.678561	0	0.316456	0.21017	0.948369	0.3768881	0.312152	1.201052	1.763901	0	0	2.918098	0.336716	1.002274	1.18588	3.7793149	2.133377	1.961327	0.5609358	0	0.303955	2.430614	0	20.053391	0.268608	0.977591	1.1367588	4.7423536	0	0.762712	0	0.169492	3.840041	1.407522	0	6.374393	3.98249	0.896703	9.6662766	2.0290122	0.612594	0.3454051	0	0	19.398108	0.157062	1.586749	1.6769878	0.1697798	1.4232018	1.8366266	0.7748608	1.1719786	1.4038369	0.9841	3.3789136	1.076564	16.742812	0.822405	0.258131	1.9464328	2.0783816	0.182482	0.502825	1.6832244	11.6369363	0	0	0	0	0	0	0	12.236405	0	0	0	0.791745	0.0848896	1.9322528	1.4388924	0	1.730305	0.4238724	0	2.364821	0	1.541171	0	0
K04720	0	0	0	0	0	0.225225	0	0.458716	0	0.764526	1.070336	0.2579	0	0	0	0	0	0	0	0	0	0	0	0	0	0	0	0.191641	0	0	0	0	0	0	0	0	0.705021	0	0	0.342508	0	0.152905	0.915392	0.514781	0	0	0.152905	0	0	0	0	2.875255	0	0	0	0.74108	0	0	0	0	0	0	0	0	0	0	1.330226	0.152905	0	0	0	0	1.189421	0	0.576977	0	0	0	0	0.225225	0.152905	0	0.30581	0	0.152905	0	0	0	0.256881	0.152905	0.09684	0	0.151886	1.783892	0	0	0	0	0	0	0	2.358586	0	0	0	0	0.00713558	0.133537	0.152905	0	0.39921	0	0	0.690425	0	0.763507	0	0
K00791	0	0	0	0	0	0	0	1.8036195	0	0.622222	0	0.126923	0	0	0	0	0	0	0	0	0	0	0	0	0	0	0	0.769231	0	0	0	0	0	0	0	0	0.198413	0	0	0	0	0.976437	0	0	0	0	0	0	0	0	0	2.720265	0	0	0	0.9601749	0	0	0	0	0	0	0	0.192308	0	0	0.384616	0	0	0	0	0	2.26727	0	0	0.0750308	0	0	0	0	0.192308	0	0	0.380213	0	1.13329	0	0	0	0.108974	0	0	0.192308	1.262085	0	0	0	0	0	0	0	0.975568	0	0	0	0.192308	0	0	0	0	0	0	0	0	0	0	0	0
K03699	0	0	0	0	0	0.569749	0	0	0	0	0.651447	0	0.123457	0	0	0	0	0.675676	0	0	0.123457	0	0	0	0	0	0	0.807814	0.885597	0	0	0	0	0	0	0	1.193416	0	0.123457	0.8320285	0	0.929686	0.436681	0	0	0.828829	0.246914	0	0	0.123457	0	0.64959	0	0	0.123457	1.858437	0	0.123457	0	0	0	0	0.123223	0.131234	0	0	0.958801	0.123457	0	0	0	0	3.156881	0	0.306748	0	0	0	0.130381	0.123457	0.123457	0	0	1.2225562	0.548246	0.662814	0	0	0.920492	1.04362	0	0.378353	1.081482	5.398522	0	0	0	0	0.123457	0	0.123457	9.032286	0	0.246914	0	0	0.254691	0.2443891	1.706331	0.0718463	0	0	0	1.713621	0	1.913799	0	0
K03723	0	0	0	0.314032	0	0	0	1.105232	0	0.2479317	0.1603681	0.8026203	0.397333	0	0	0	0	0.113122	0	0	0.0967321	0	0	0.5213965	0.240385	0.0953289	0	0.0967321	0.864468	0	0	0.0640205	1.430733	0.1771425	0	0.209644	0.195312	0	0	0.4	0	0.0558659	0.509451	0.391629	0	0.1389793	0	0	0	0.0476644	0	1.9788694	0	0	0	0.8582077	0	0.1432667	0	0	0.986367	0	0	0.317797	0.238322	0.153649	0.211864	0.1100391	0	0	0	0	4.6886939	0	0.0260566	0.697619	0	0.3859587	0.219054	0	0.1443965	0.0640205	0.3939609	0.3863959	0.4267404	0.5337045	0.505932	0	0.0558659	0	0.0476644	0	0.297619	0.8480746	0	0.0190658	0	0	0	0	0.137255	1.5215307	0	0	0	0	0	0	0.243916	0	0	0	0	1.1764374	0	0.287741	0	0
K08325	0	0	0	0	0	0	0	0	0	0	0	0	0	0	0	0	0	0	0	0	0	0	0.147493	0	0	0.120944	0	0	0	0	0	0	0.379548	0	0	0	0	0.5057636	0	0.294985	0	0	0.589971	0	0.409046	0	0	0	0.294985	0.294985	0	0	0	0	0	0	0	0	0	0	0	0	0	0	0	0	0.465964	0.294985	0	0	0	0	1.03245	0	0	0	0	2.5699	0	0	0	1.76106	0	1.67748	0	54.504555	0	0	0	0	0.129794	1.960176	3.145534	12.1554	0	0	0	0	0	0	0.125265	0	0	0.294985	0	0	0	0	0.369427	0	0	0	0.0825959	0	0	0.318471	0	0
K02456	0	0	0	0	0	0	0	0	0	0	0	0	0	0	0	0	0	0	0	0	0	0	0	0	0	0	0	0	0	0	0	0	0	0	0	0.360269	0	0	0	0	0	0	0	0	0	0	0	0	0	0	0	0.491582	0	0	0	0	0	0	0	0	0	0	0	0	0	0	0	0	0	0	0	0	0	0	0	0	0	0	0	0	0	0	0	0.297101	0	0	0	0	0	0	0	0	0	0	0	0	0	0	0	0	0	0	0	0	0	0	0	0	0	0	0	0	0	0	0	0	0	0
K02939	0.356902	0.50505	0	0.265993	0	2.986532	0	3.624918	0	4.78417	7.946119	6.844443	3.737372	0	2.717168	0	0	1.828281	0	0.454545	0	0	0	1.952863	2.00337	1.521881	0	2.562293	2.898989	0	0.909091	0	0.545454	0.225589	0	0.50505	3.741751	0	0.319865	0.311111	0	1.428619	0.74074	2.936027	0.276094	4.622893	2.208754	0	0.50505	1	0	30.542113	0	0	0.498316	2.629631	0	0.205387	0	0	0.884511	2.41077	3.99663	1.952861	1.252524	0.787879	4.235692	2.79461	0	0.50505	0	0	23.202022	0	2.562288	2.77778	0.50505	2.258922	2.582855	0.218855	1.883164	0.00673401	2.6431	2.545453	1.430976	15.3771041	0.43771	0	1.47138	0.653198	0.252525	0	2.0303	12.185185	0	0	0	0	0	0	0	9.134678	0	0	0	1.272727	0.464646	0.393939	2.493939	0	1.340067	0	0	2.64983	0	1.117845	0	0.491582
K01835	0.102459	0	0	0.3494068	0	0.302419	0	4.313636	0	0.403225	0.478803	0.404878	0	0	0.201612	0.100806	0	0.201612	0	0	0	0	0	0.100806	0	0	0	0.100806	1.252016	0	0	0	0.604839	0	0	0	0.3881613	0	0	0.107527	0	0.215054	0.505982	0.509409	0.100806	0.100806	0.0866935	0	0	0	0.869579	2.742789	0.107527	0.100806	0	1.032257	0	0.100806	0	0	0	0.434303	0	0.9193453	0.100806	0.100806	0.100806	0.224719	0.102459	0	0	0	0.980352	0	0.732029	0.201612	0	0	0.100806	0.200269	0.0949454	0.100402	0.163934	0.100806	0	1.603218	0	0	0	0	0	0	0	0.742562	0	0	0	0	0	0	0	0.903226	0	0	0	0	0	0	0.201613	0	0	0	0	0.400537	0	0	0	0
K02072	0	0	0	0	0	0	0	0	0	0	0	0	0	0	0	0	0	0	0	0	0	0	0	0	0	0	0	0	0	0	0	0	0	0	0	0	0	0	0	0	0	0	0	0	0	0	0	0	0	0	0	0	0	0	0	0	0	0	0	0	0	0	0	0	0	0	0	0	0	0	0	0	0	0	0	0	0	0	0	0	0	0	0	0	0	0	0	0	0	0	0	0	0	0	0	0	0	0	0	0	0	0.563492	0	0	0	0	0	0	0	0	0	0	0	0	0	0	0	0
K20074	0	0	0	0	0	0	0	0	0	0	0	0	0	0	0	0	0	0	0	0	0	0	0	0	0	0	0	0	0	0	0	0	0	0	0	0	0	0	0	0	0	0	0	0	0	0	0	0	0	0	0	0	0	0	0	0	0	0	0	0	0	0	0	0	0	0	0	0	0	0	0	0	0	0	0	0	0	0	0	0	0	0	0	0	0	0	0	0	0	0	0	0	0	0	0	0	0	0	0	0	0	0	0	0	0	0	0	0	0	0	0	0	0	0	0	0	0	0
K02492	0	0	0	0	0	0	0	0	0	0	0	0	0	0	0	0	0	1.85606	0	0	0	0	0	0.484848	0	0	0	0	0	0	0	0	0	0	0	0	0	0	0	0	0	0	0	0	0	0	0	0	0	0	0	0	0	0	0	0	0	0	0	0	0	0	0	0	0	0	0	0	0	0	0	0	0	0	0	0	0	0	0	0	0	0	0	0	0	0.356061	0	0	0	0	0	0	0	1.24	0	0	0	0	0	0	0	0	0	0	0	0	0	0	0	0	0	0	0	0	0	0	0	0
K01881	0	0	0	0	0	1.5588441	0	1.99249	0	3.185093	2.553069	1.12468	0.697787	0	2.069272	0	0	0	0	0.191205	0.362319	0	0.191205	0	1.1041993	0	0	1.728484	2.11011	0	0	0	0.129382	0.502825	0	0.139665	0.749522	0	0	1.4467823	0	0.8433523	0.187414	1.2180397	0	0	0.0956023	0	0	0.434783	0	9.374086	0	0	0.6949773	3.833471	0	0	2.3986323	0.3125	0	0.382409	0	0.274697	0	0	1.937213	0.311203	0.191205	0.209205	0	0	12.6485011	0	0.650761	0	0	0	0	0.5725356	0.0669216	0.4449	2.067384	2.27919	0.4960123	2.733406	0	0	0.286551	0.551307	0	0.2035393	0.411433	6.3299888	0	0	0	0	0	0	0	7.088861	0	0	0	0	0.104603	0.346149	0.470315	0	0	0	0	1.171624	0	0.667057	0	0.454253
K01755	0	0	0	0	0	0.117371	0	1.21111	0	1.2156547	0.231481	0.416667	0.215962	0	0	0	0	0	0	0	0.1623632	0	0	0.117925	0.242718	0	0	0.8561559	0.749933	0	0	0	0.235849	0	0	0	1.307065	0.234742	0	0.74501	0	0.502085	0.994769	0.731003	0.376705	0	0	0	0	0	0	3.95341	0	0	0	2.246599	0	0.117371	0	0	0.235849	0.252778	0	0	0	0	0.356914	0	0	0	0	0	3.348764	0	0.922238	0	0	0	0.277778	0	0.720038	0	0.983111	0.208138	0.329298	4.066854	0	0	0.244696	0.701878	0	0.171014	0.823399	2.0892613	0	0	0	0	0	0.385621	0	16.893269	0.490196	0.101721	0	0	0	0.3961916	0.121065	0	0	0	0	0.380151	0	0.348747	0	0
K00943	0	0	0	0	0	0	0	0	0	0	0	0	0	0	0	0	0	0	0	0	0	0	0	0	0	0	0	0	0	0	0	0	0	0	0	0	0	0	0	0	0	0	0	0	0	0	0	0	0	0	0	0.443203	0	0	0	0	0	0	0	0	0	0	0	0	0	0	0	0	0	0	0	0	0	0	0	0	0	0	0	0	0	0	0	0	0	0	0	0	0	0.472998	0	0	0	0	0	0	0	0	0	0	0	0	0	0	0	0	0	0	0	0	0	0	0	0	0	0	0	0
K00382	0	0	0	0	0	0.7014377	0	2.802317	0	1.336033	3.0727772	2.191621	0.657163	0	0	0.888889	0	0.225225	0	0.473684	0.109649	0	1.15789	4.44928	0	0	0	1.160818	4.795316	0	0	0	0.219298	0	0	0	0.4182304	0	0	1.191308	0	0.916284	3.85965	1.378502	0	0	0.0962801	0	0.109409	0.219298	0	13.761106	0	0.592268	0.328228	2.1122599	0	1.972949	0	0.328227	3.43961	0.3741695	0.174825	0.757087	0	0	5.4275587	1.347041	0	0.328947	0	0	4.79978	0	1.514738	0	0	0.109409	2.02553	0.574713	0.1586256	0.1745651	1.661731	2.273004	3.58406	17.697663	0.109649	0	2.8037094	4.10234	0.649631	0.5958975	6.515472	16.610281	0	0	0	0.257976	0.262822	0.219298	0.174825	22.495358	0.0748503	0.70357	0	0.126126	2.348098	1.404625	1.225327	0	0.272579	0	0.328467	2.677494	0	7.392446	0	0.450139
K00640	0	0	0	0	0	0.77342	0	0	0	0	1.069716	0	0.326797	0	0	0	0	0	0	0	0	0	0	0.2792776	0.326797	0	0	0.869532	0.653595	0	0	0	1.949777	0	0	0	0	0	0	0.326797	0	0.448801	1.02832	0	0	0	0	0	0.326797	0	0	2.315902	0	0	0.119826	2.117647	0	0	0	0	0	0	0	0	0	0.272727	0	0	0	0	0	2.61438	3.754208	0	0	0	0	0	0.324675	0	0	0.213508	1.176471	2.83006	0.326797	5.643697	0	0	0.0958606	0.653595	0	0	0.326797	4.621736	0	0	0	0	0	0	0	11.198951	0	0	0	0	0	0	0	0	0	0	0	0	0	0.326797	0	0
K03763	0.7507409	0.158174	1.00223	0.276243	0	0.3866671	0	4.921332	0	0.0634267	1.3798379	6.0145379	0.772313	0	2.0174228	0.0994036	0	1.1592727	0.0497018	0.123558	0.220264	0	0.0823723	0.966619	0.5250161	0	0	0.929447	1.039458	0.0412201	0	0	0.4051398	0.0381973	0	0	0.972526	0	0	0.7254932	1.3008128	0.449275	5.8152703	0.2337312	0.56106	4.5228533	0	0	0.2078871	1.0073187	0	6.0836926	0.0411862	0.7280715	0	2.3954742	0	0	0.100756	0	0.476776	1.8898411	0	0.3423159	0.524595	4.3821752	2.7238874	0.5042561	0.0546403	0.16738	0	0	2.375685	0	0.9178314	2.227469	0.139276	0.4272114	0.5383008	0.1894881	0.2078532	0.1863138	0.0411862	1.082406	0.1238839	4.2134259	0.0412201	0	0.0904159	0.123558	1.17983	0.2372642	0	0.7961587	0	0	0	0	0.11655	0	0	4.1382162	0	0	0	0	0.21748	0.0411862	1.5436221	0	0.3056467	0	0	0.4388983	0	0	0	0.4143202
K01739	0	0	0	0	0	0	0	0.60874	0	0	0.152439	0.609756	0	0	0.152439	0	0	0	0	0	0	0	0	0	0	0	0	0.304878	0.152439	0	0	0	0.304878	0	0	0	0.0691057	0	0	0	0	0.152439	0.609756	0	0	0	0	0	0	0	0	1.196911	0.152439	0	0	0.152439	0	0	0	0	0	0	0	0	0	0	0	0.195122	0	0	0	0	0	0	0.470081	0	0	0	0	0	0	0	0	0.152439	0.43653	1.857921	0	0	0.5304882	0	0	0	1.125504	1.232609	0	0	0	0	0	0	0	0.242138	0	0	0	0.152439	0	0	0.152439	0	0	0	0	0.6951219	0	0.0630081	0	0
K01258	0	0.133147	0	0	0	0.193798	0	0.27933	0	0	0	0	0	0	0.27933	0	0	0.27933	0	0	0.27933	0	0	0	0.139665	0	0	0.139665	0	0	0	0	0	0	0	0.27933	0	0	0	0	0	0	0.27933	0	0.0577281	0	0	0	0.165563	0	0	0.408752	0	0.139665	0.147619	0.679643	0	0.0418994	0	0	0	0.490197	0	0.28553	0	0.529795	0.403166	0.399441	0	0.47619	0	0	0	0	0.55866	0.1352522	0.214592	0	0	0	0.139665	0.138734	0	0.138504	0.387597	2.6760815	0	0	0.27933	0	0	0	0.0763501	0.837989	0	0	0	0.139665	0	0	0	3.6281814	0	0.418063	0	0	0	0	0.27933	0	0	0	0	0	0	0	0	0.139665
K11707	0	0	0	0	0	0	0	0	0	0	0	0	0	0	0	0	0	0	0	0	0	0	0	0	0	0	0	0	0	0	0	0	0	0	0	0	0	0	0	0	0	0	0	0	0	0	0	0	0	0	0	0	0	0	0	0	0	0	0	0	0	0	0	0	0	0	0	0	0	0	0	0	0	0	0	0	0	0	0	0	0	0	0	0	0	0	0	0	0	0	0	0	0	0	0	0	0	0	0	0	0	0	0	0	0	0	0	0	0	0	0	0	0	0	0	0	0	0
K01738	0.523295	0	0	0	0.272013	0.180392	0	1.239216	0	0	0.196078	0	0	0	0.380392	0	0	0	0	0	0	0	0	0	0	0	0	0.372549	0.560784	0	0.917431	0	0	0	0	0	0	0	0	0.26143838	0	0	0	1	0.196078	0.808521	0	0	0	0	0	1.662745	0	0	0.55817	1.176469	0	0	0	0	0.85357	0	0	0.392156	0.196078	2.04052	0.784313	0	0	0	0	0	1.56863	0	0.896732	0	0	0.16732	0.196078	0.33464	0	0.234277	0.196078	0.392157	0	1.037955	0	0	1	0	0	0	0	1.433986	0	0	0	0	0	0	0	0	0	0	0	0.151786	0	0	0	0	0.235849	0	0	0	0	0	0	0
K09761	0.1082474	0.26738	0	0.132302	0	0.3986257	0	1.338488	0	0.256014	1.007078	0.513746	0	0	0	0	0	0	0.216495	0	0.256014	0	0	0	0.717949	0.137457	0	0.512028	0	0	0	0	0	0	0.154386	0	0.0343643	0	0	0.513746	0	0	0	0	0	0.519172	0	0	0.256014	0.113402	0	0.7817872	0	0.436315	0	0.658076	0	0	0.513746	0	0.263158	0.513746	0	0	0.256014	0.35567	0.667995	0	0	0.256014	0	0	0.76976	0	0	1.545506	0	0.468421	0.497621	0.256014	0	0.175258	0	0.256014	0	1.02921	0	0	0.256014	0	0	0	0	3.123685	0	0	0	0	0	0	0	0	0	0	0	0.256014	0	0	0.0687285	0	0	0	0	0	0	0	0	0
K00016	0.344261	0	0	0	0	0	0	0.299499	0	0	0.548298	0.779254	0.75188	0	0	0	0	0.18797	0.360571	0	0.18797	0	0	0	0.172358	0	0	0	0	0	0	0	0	0	0	0	0.112281	0	0	0.18797	0	0.18797	0	0	0	0.619608	0	0	0.243902	0	0	0.56391	0	0.194553	0	0.18797	0	0.18797	0	0	0.278196	0	0	0.18797	0.25614	0	0.18797	0	0.175439	0	0	0	2.03634	0	0.562215	1.205832	0	0	0.175439	0	0	0.383282	0.37594	0.75188	0.3125	1.745123	0	0	0	0.18797	0.15935	0	1	0.18797	0	0	0	0	0	0	0	0.37594	0	0	0	0.333333	0	0	0	0.194553	0	0	0	0	0	0	0	0.18797
K01487	0	0	0	0	0	0	0	0	0	0	0.52841	0.866544	0	0	0	0	0	0	0	0	0.131579	0	0	0	0	0	0	0	0.263158	0	0	0	0	0	0	0	0.263158	0.164794	0	0.685965	0	0.394737	0	0.397878	0	0	0.0666667	0	0	0	0	0.82705	0	0	0	0.548746	0	0.131579	0.264368	0	0	0	0	0	0	0	0.0657895	0	0	0	0	0	1.844363	0	0	1	0	0	0	0	0	0	0	0	0	0	0	0	0.709357	0	0	0	0	0	0	0	0	0	0	0	0	0	0	0	0	0	0	0	0	0	0	0	0	0	0	0	0	0
K02907	1	2	0	0	1	1	0	11.46667	0	6	10.83333	25.4667	1.1	0.466667	10.0333	0	0	6.23333	1	1	1	0	0	5	1	0	0	6.9	4.4	0	0	0	8.3	1	0	0	1	6	0	4.86667	1	0	0	9	1	5.2	0	0	3.86667	6.833333	0	28.5333	0	1	0	7	0	0.933333	2	3.76667	9.1	10	0	14.5333	2	3.73333	3	14.7	0	0	0	0	58.0667	0	4.599997	7.2	2	1	8.63333	2	1.9	4	0	4	4	5	0	0	1	0	0	0.566667	1	2	0	0	0	0	0	0	0	7	0	0	0	0	0	3	0	0	0	0	0	1.96667	0	0	0	0
K02822	0	0	0	0	0	0	0	0	0	0	0.626984	0	0	0	0	0	0	0	0	0	0	0	0	0	0	0	0	0	0	0	0	0	0	0	0	0	0.912698	0	0	0	0	0.531746	2.84921	0	0	0	0	0	0	0	0	1.920636	0	0	0	0.888889	0	0	0	0	0	0	0	0	0	0	0	1	0	0	0	0	0	0	0	0	0	0	0	0	0	0	0.587302	0.420635	0	0	0	0	0	0	0	0	0	1.246031	0	0	0	0	0	0	0	1.571427	0	0	0	0	0	0	0	0	0	0	0	2.07143	0	2.29365	0	0
K00963	0	0	0	0	0	0	0	0	0	0	0	0	0	0	0	0	0	0	0	0	0	0	0	0	0	0	0	0	0	0	0	0	0	0	0	0	1.59649	0	0	0	0	0	0	0	0	0	0	0	0	0	0	0	0	0	0	0	0	0	0	0	0	0	0	0	0	0	0	0	0	0	0	0	9.47368	0	0	0	0	0	0	0	0.875	0	0	0.993056	0	0	0	0	0	0	0	0	0	2.41667	0	0	0	0	0	0	0	0	0	0	0	0	0	0	0	0	0	0	0	0	0	0.947368	0	0
K09771	0	0	0	0	0	0	0	0	0	0	0	0	0	0	0	0	0	0	0	0	0	0	0	0	0	0	0	0	0	0	0	0	0	0	0	0	0	0	0	0	0	0	0	0	2	0	0	0	0	0	0	0	0	0	0	0	0	0	0	0	0	0	0	0	0	0	0	0	0	0	0	0	0	0	0	0	0	0	0	0	0	0	0	0	0	0	0	0	0	0	0	0	0	0	0	0	0	0	0	0	0	0	0	0	0	0	0	0	0	0	0	0	0	0	0	0	0	0
K01699	0	0	0	0	0	0	0	0	0	0	0	0	0	0	0	0	0	0	0	0	0	0	0	0	0	0	0	0	0	0	0	0	0	0	0	0	0	0	0	0	0	0	0	0	0	0	0	0	0	0	0	0	0	0	0	0	0	0	0	0	0	0	0	0	0	0	0	0	0	0	0	0	0	0	0	0	0	0	0	0	0	0	0	0	0	0	0	0	0	0	0	0	0	0	0	0	0	0	0	0	0	0	0	0	0	0	0	0	0	0	0	0	0	0	0	0	0	0
K07402	0.3143347	0	0	0.882555	0	0.771214	0	2.841106	0	0.748413	2.669112	5.570462	0.715026	0	2.067856	0	0	1.267703	0.3523313	0.24525	0.518135	0	0	1.73057	1.013816	0.248705	0	0.46114	1.162104	0	0	0.00690846	2.24525	0	0	0.386874	2.457244	0.948187	0	0.471861	0	1.413707	3.921368	0.0880829	1.394601	1.924009	0.5751298	0	0.146805	0.259067	0	5.52849	0.259067	0.0915371	0.518135	3.075615	0	0	0	0.775475	2.25734	1.319516	0	3.189979	1.00173	0.890359	2.35924	0.778552	0	0.642486	0	0	6.253325	0	1.540588	3.6115005	0	0.804836	3.9891036	0.518134	0.892118	0.7962	0.518134	0.863558	1.328152	8.54866	0.256071	0	0.202073	0.3471499	0.0414508	0.151986	1.158598	6.41586	0	0	0	0	0.41278	0	0	8.626407	0.183074	0	0	0.518134	0.518135	0.609672	2.22891	0.383419	0.259067	0.259067	0.516408	2.754752	0	0.468048	0.518135	0.518134
K00626	0	0	0	0	0	0.33052	0	0	0	0	0.15674	0.2434694	0	0	0.191223	0	0	0.00522466	0	0.155695	0	0	0	0.469175	0.15674	0	0	0.174825	0	0.31348	0	0	0	0	0	0	0.15674	0	0	0	0.169492	0.423881	0	0.31348	0.15674	0.731452	0	0	0.15674	0	0	0.891327	0	0.031348	0	0.15674	0	0	0.34965	0	0.301153	0	0	0.895545	0.47022	0	0.783699	0.15674	0	0	0	0	2.064044	0	0	0.493738	0	0.399458	0	0	0	0.15674	0	0.588235	0	2.029683	0	0.118881	0	0	0	0	0.15674	0.448897	0	0	0	0	0	0	0	0.47022	0	0	0	0	0	0	0.119122	0	0	0	0	0.14838	0	0.261233	0.15674	0
K16788	0	0	0	0	0	0	0	0	0	0	0.155216	0.885496	0	0	0	0	0	0	0	0	0	0	0	0	0	0	0	0	0	0	0	0	0	0	0	0	0	0	0	0	0	0.393701	0	0	0	0	0	0	0	0	0	0	0	0	0	0	0	0	0	0	0	0.381679	0	0	0	0	0	0	0	0	0	0	0	0	0	0	0	0	0	0	0	0	0	0	0	0	0	0.375328	0	0	0	0	0	0	0	0	0	0	0	0	0	0	0	0	0	0	0	0	0	0	0	0	0	0	0	0	0	0
K03518	0	0	0	0	0	0	0	0	0	0	0	0.980392	1	0	0	0	0	0	0	0	0	0	0	0	0	0	0	0.490196	0	0	0	0	0	0	0	0	0	0	0	0	0	0	0	0	0	0	0	0	0	0	0	0.813725	0	0	0	0.457516	0	0.486928	0	0	0	0	0	1.405229	0	0	0.284314	0.490196	0	0.48366	0	0	1.035948	0	1	0	0	0	0	0	0.422222	0	0	0	0	4.3202597	0	0	0	0	0	0	0	0	0	0	0	0	0	0	0	3.756388	0	0	0	0	0	0	0	0	0	0	0	0.626263	0	0	0	0
K15342	0	0	0	0	0	0	0	0	0	0	0	0	0	0	0	0	0	0	0	0	0	0	0	0	0	0	0	0	0	0	0	0	0	0	0	0	0	0	0	0	0	0	0	0	0	0	0	0	0	0	0	0	0	0	0	0	0	0	0	0.177305	0	0	0	0	0	0	0	0	0	0	0	0	0	0	0	0	0	0	0	0	0	0	0	0	0	0	0	0	0	0	0	0	0	0	0	0	0	0	0	0	0	0	0	0	0	0	0	0	0	0	0	0	0	0	0	0	0	0
K14155	0.675676	0	0	0.2849	0.31348	0.449702	0	4.6407594	0	0.622419	2.060691	0.457945	0.455782	0	0	0	0	0	0	0	0.477122	0	0	0.144928	0	0	0	1.1063109	0.831944	0	0	0	2.78431	0	0	0	0	0.380228	0	0.144928	0.195312	0.289855	0.57971	0.705584	0.469603	0.906729	0	0	0	0	0	3.15602	0.0753623	0	0.14472622	0.286171	0	0.0908213	1.10897	0	0.284058	0	0.289855	0.698413	0.668475	0.558824	0.531569	1.15942	0.14245	0.2849	0	0	1.3379511	0	0.171233	0.572278	0.157233	0.414593	8.371773	0.2187785	0.144928	1.702043	0.2077297	0.817182	2.18022	20.722528	0.387352	0	3.202661	0.202899	0	0.57971	0.144928	5.728703	0	0	0	0.201897	0	0	0	0.632803	0	0	0	0	0	0	0	0	0	0	0.0618449	0.9084571	0	0	0	0.666667
K16789	0	0	0	0	0	0	0	0	0	0	0	0	0	0	0	0	0	0	0	0	0	0	0	0	0	0	0	0	0	0	0	0	0	0	0	0	0	0	0	0	0	0	0	0	0	0	0	0	0	0	0	6.35897	0	0	0	0	0	0	0	0	0	0	0	0	0	0	0	0	0	0	0	0	0	0	0	0	0	0	0	0	0	0	0	0	0	0	0	0	0	0	0	0	0	0	0	0	0	0	0	0	0	0	0	0	0	0	0	0	0	0	0	0	0	0	0	0	0	0
K02016	0	0	0	0	0.412698	0	0	0.94697	0	0	0	0	0	0	0.074495	0	0	0.103535	0.145202	0	0	0	0	0	0	0	0	0	0	0	0	0	0	0	0	0	0	0	0	1	0	0	0	3.30476	0	0	0	0	0	0.537879	0	0	0	0	0	0.189394	0	0	0	0	0	0.0669192	0	0.189394	0	0	2.288492	0	0	0	0	0	0.714286	0	0	0.5744952	0	0	0	0	0	0.94697	0	0	0	0.357143	0	0	0.189394	0	0	0	0	0.189394	0	0	0	0	0	0	0	0	0	0	0	0	0	0	0	0	0	0.189394	0	0	0	3.02842	0	0.175505
K06409	0	0	0	0.3676328	0	0.24457086	0	2.074467	0	0.79014	0.3320734	2.625665	0	0	0.928877	0	0	0.2516289	0	0.10661	0	0	0	0.415938	0	0.10661	0	0.1853259	3.321474	0	0	0	0.205761	0.214592	0	0	0.651958	0	0	1.75439	0	0.780965	0.426439	0.10661	0.335754	0.822627	0.209491	0	0.199716	0	0	4.753897	0	0.480494	0.111378	1.553084	0	0	0	0	0.411523	1.252522	2	1.3641145	0.537037	0.5445811	0.8325338	0.102881	0.10661	0.10661	0	0	0.821319	0	1.56913	0.310493	0.900901	0.102881	0.145349	0.0727023	0.3040184	0.518133	0.102881	0.135417	0.863368	2.4366506	0	0.252224	0.357705	0	0	0.489463	0.213744	2.827844	0	0	0	0	0	0.393746	0	6.397053	0.10661	0.102881	0	0.3108415	0	0.509257	0.251959	0	0	0.21322	0	1.653266	0	0.212318	0	0
K00198	0	0	0.147275	0	0	0.2206964	0	0.0736377	0	0.148588	0.6296374	0.0830861	0	0	0	0	0	0	0	0	0.0736377	0	0	0.0641214	0.0954479	0	0	0	0.0742942	0	0	0	0	0	0	0	1.428104	0.148368	0	1.25805	0	0	0	0.158025	0	0	0.0734214	0	0	0	0	0.2034841	0	0	0	0	0	0.0742942	0	0	0.294448	0.0742942	0	0	0	0.0734214	0.3247776	0	0	0	0	0	0.52147513	0	0	0	0	0	0.071953	0	0.0742942	0.074184	0.148588	0	0.108965	0.890208	0	0	0.2906495	0.717544	0	0	0.074184	2.583339	0	0	0	0	0	0	0	0.297067	0	0	0	0	0	0.0742942	0.1479319	0	0.367107	0	0	0	0	0	0	0
K01854	0.314465	0.185874	0	0	0	0.339051	0	0	0	0	0.15873	0	1.15132	0	0	0	0	0	0	0	0.182254	0	0	0.471698	0	0.158228	0	0.180606	0.185874	0	0	0	0	0.49505	0	0	0.164474	0.316456	0	0	0	0.553565	0	0	0	0	0.132075	0	0	0	0	0	0	0.157233	0	0.1978032	0	0	0	0	0	0.47619	0.158228	0	0.41195	0.111814	0	0.459459	0	0.157233	0	0	2.834117	0	0	0.128931	0	0	1.848795	0	1.042809	0.1698314	0	0.194079	0.232068	2.090102	0	0	0	0.157233	0	0	0	3.149603	0	0	0	0	0.157233	0	0	3.286873	0.15873	0	0	0	0	0	0	0	0	0	0	0.660758	0	0.471698	0	0
K01698	0	0	0	0	0.181818	0	0	1.71172	0	0.9356526	0.872728	4.24415	0.2596916	0	0.0921212	0	0	0.156364	0	0	0	0	0	1.139394	0	0	0	0.1818183	0.0848485	0	0	0	0.0266667	0	0	0.138182	0.411287	0	0	0.181818	0	0.494113	0.221818	0.300606	0.116364	0	0.180606	0	0	0.545454	0	1.6543	0	0	0.2812119	1.067622	0	0.33436	0	0	0	0.332056	0	0.167273	0	0.0921212	0.9479345	0.362319	0	0	0	0	1.44	0	0.9454416	0	0	0	0.181818	1.654545	0.172121	0.731	0	0.50303	0.181818	1.603748	0	0	0.0727969	0.545455	0.181818	0	0.487273	0.6194845	0	0	0	0	0	0	0	3.88579	0	0	0	0	0	0	0.181818	0	0	0	0	0.647273	0	0.97705697	0	0.191571
K07137	0	0	0	0.2663903	1.65584	0.10352	0	3.245865	0	0	0.8557636	1.6237	0	0	0.88479	0	0	0.506605	0.10352	0.10352	0	0.207039	0	0.793023	0	0	0	0.5390445	0.517598	0	0	0	0.10352	0	0	0	0.761415	0.47403	0	0	0	0	0.948469	0.516908	0.726521	0.7170462	0.10352	0	0	0.240385	0	0.4851625	0.763331	0.313604	0.10352	0.6706034	0	0.310559	0	0.128415	0.414079	0.207039	0	0.64136	0.985507	0.375106	0	2	0.856391	0	0	0	3.228209	0.194617	1.285427	0.716338	0	0.207039	0.351045	0	0	0.656742	0.310559	0.394624	0.21269	3.2652463	0	0	0.10352	0	0	0.108932	0	0.9757144	0	0	0	0	0	0	0	0.8462304	0	0	0	0	0	0	0	0	0.431034	0	0	0.310559	0	0.10283	0	0.108932
K03977	0.457384	0.0835443	0	0.496203	1.111393	0.629536	0	2.692384	0	1.21507	3.08718	1.9638688	0	0	1.008439	0	0	0.930801	0.898066	0.257384	0.275949	0	0	1.590878	0.429536	0.821862	0	0.842487	2.584692	0	0	0.125738	0.49114	0.578059	0	0	3.500612	0.253165	0	2.007597	0.379747	0.141772	2.783965	0.721773	1.489451	2.1350679	0.126582	0	0.340928	0.1459916	0	2.711542	0	0.353667	0.545147	0.9705919	0	0.45232	0	0	1.185654	1.476873	0	1.858227	1.589873	1.086076	4.456326	0.372559	0.31746	0.499094	0	0	2.771793	0.634921	0.650443	1.347857	0.126582	1.164556	3.70222	0.394092	0.13587	0.8286915	0.1957803	1.243038	0	10.067356	0.253164	0	0.335865	0.855696	0	0.126582	1.202532	6.6464554	0.26178	0	0	0	0	0.205063	0	7.8876435	0	0	0	0.673674	0.790324	0.0244726	1.039376	0.3840462	1.012658	0.324894	0.125581	1.5625666	0.126582	0.87907	0	0
K03581	0.140562	0	0	0.357143	0	0.491559	0	2.8183641	0	2.5295079	3.054884	3.286735	0.8603192	0	0.829815	0	0.149701	1.199193	0	0.0748503	0.2242166	0.444692	0.327996	0	1.5723873	0	0	1.388653	2.2648266	0	0	0	2.1119	0	0	1.7944884	0.7303041	0.79172	0	0.4687106	0.307143	1.8245703	1.235673	0.2983973	0	1.336785	0.293188	0	0.403226	0.111359	0.298063	10.320673	0	0.2486814	0.499957	2.1831392	0	0.223547	0	0	1.096141	0.255102	0.195312	0.4694308	0	0.159236	2.652746	0.2994013	0.149701	0.1525187	0	0	9.97409	0.151976	1.7189486	0.865646	0.258621	1.467531	0.147959	0.7057373	0.1599869	0.1858746	1.262432	0.7368373	1.7273388	3.3169548	0	0	0.2469296	0.884232	0.0759878	0.0748503	1.2083185	6.70119	0	0	0	0.180077	0	0	0	7.804536	0	0	0	0.445578	0.645727	0.687843	0.743441	0	0	0.574713	0.2486814	1.419453	0	0.96019	0.0759878	0.774194
K04488	0	0	0	0	0	0	0	0	0	0	0	0	0	0	0	0	0	0	0	0	0	0	0	0	0	0	0	0	0	0	0	0	0	0	0	0	0	0	0	0	0	0	0	0	0	0	0	0	0	0	0	0	0	0	0	0	0	0	0	0	0	0	0	0	0	0	0	0	0	0	0	0	0	0	0	0	0	0	0	0	0	0	0	0	0	0	0	0	0	0	0	0	0	0	0	0	0	0	0	0	0	0	0	0	0	0	0	0	0	0	0	0	0	0	0	0	0	0
K06209	0	0	0	0	0	0	0	0	0	0	0	0	0	0	0	0	0	0	0	0	0	0	0	0	0	0	0	0	0	0	0	0	0	0	0	0	0	0	0	0	0	0	0	0	0	0	0	0	0	0	0	0	0	0	0	0	0	0	0	0	0	0	0	0	0	0	0	0	0	0	0	0	0	0	0	0	0	0	0	0	0	0	0	0	0	0	0	0	0	0	0	0	0	0	0	0	0	0	0	0	0	0	0	0	0	0	0	0	0	0	0	0	0	0	0	0	0	0
K01887	0	0	0	0	0	0	0	0	0	0	0	0	0	0	2	0	0	0	0	0	0	0	0	0	0	0	0	0	0	0	0	0	0	0	0	0	0	0	0	0	0	0	0	0	0	0	0	0	0	0	0	0	0	0	0	0	0	0	0	0	0	0	0	0	0	0	0	0	0	0	0	0	0	0	0	0	0	0	0	0	0	0	0	0	0	0	0	0	0	0	0	0	0	0	0	0	0	0	0	0	0	0	0	0	0	0	0	0	0	0	0	0	0	1	0	0	0	0
K09685	0.083707	0	0	0.083707	0	0.210084	0	0	0	0	0	0.810327	0.361734	0	0.4329	0	0	0.325575	0	0	0.217391	0	0	1.285371	0.0672646	0	0	0	0	0	0	0	0	0	0	0	0.672646	0	0	0	0	0.366218	1.34529	0	0.3030301	0.470418	0	0	0.424242	0	0	0	0	0	0	0.399939	0	0	0	0	0	0	0	0.4329	0.424514	0.896317	1.382263	0.124098	0	0.361345	0	0	0.896861	1.25683	0	0.215007	0	0.446935	0.340136	0.44843	0.210084	0	0	0.420168	0.217391	1.779743	0.485586	0	0	0	0	0	0	0.91016	0	0	0	0.224215	0	0	0.273224	0.822123	0	0	0	0	0	0	0	0	0.273224	0.224215	0	0	0	0.26178	0	0
K03218	0	0	0	0	0	0	0	0	0	4	0	0	0	0	0	0	0	0	0	0	0	0	0	0	0	0	0	0	0	0	0	0	0	0	0	0	0	0	0	0	0	0	0	0	1	0	0	0	0	0	0	0.341667	0	0	0	0	0	0	0	0	0	0	0	0	0	0	1	0	0	0	0	0	0	0	0	0	0	0.8	0	0	0	0	0	0	0	1	0	0	0	0	0	1	0	0	0	0	0	0	0	0	0	0	0	0	0	0	0	0	0	0	0	0	0	0	0	0	0	0
K00850	0	0	0	0	0	0	0	1.24555	0	0	0	0	0	0	0	0	0	0	0	0	0	0	0	0	0	0	0	0	0	0	0	0	0	0	0	0	0	0	0	0	0	0	0	0	0	0	0	0	0	0	0	0	0	0	0	0	0	0	0	0	0	0	0	0	0	0	0	0	0	0	0	0	0	0	0	0	0	0	0	0	0	0	0.392157	0	0	0.124555	0	0	0	0	0	0	0	0.166074	0	0	0	0	0	0	0	0	0	0	0	0	0	0.355872	0	0	0.196078	0	0	0	0	0.196078	0	0
K18890	0	0	0	0	0	0	0	0	0	0	0	0.0924214	0	0	0	0	0	0	0	0	0.19084	0	0	0	0	0	0	0.350395	0.281955	0	0	0	0	0	0	0	0.18797	0	0	0	0	0.1857903	0	0	0	0	0	0	0	0	0	0.571247	0.093985	0	0	0.0924214	0	0.093985	0	0	0	0	0	0	0	0	0.422001	0	0	0	0	0	1.260483	0	0	0	0	0	0	0	0	0	0	0.0529883	0.0720887	0.5597129	0	0	0	0.0924214	0	0.093985	0.18797	0.149123	0	0	0	0	0	0	0	0.418546	0	0	0	0	0	0	0.133588	0	0	0	0	0	0	0.19084	0	0
K02338	1.216017	0.0965732	0	0.16129	0	0	0	4.9231609	0	0.16129	1.177113	0.812728	0	0	0.373279	0.453172	0	0.4958103	0	0	0	0	0	0	0.151057	0	0	0	0	0	0	0	0	0.151057	0	0	0.778816	0.324682	0	0.155763	0	0.479761	0	0.921239	0	2.1578968	0.155763	0	0.155763	0	0	2.467966	0	0.311367	0.268456	0.983051	0	0	0	0	0.290758	0.4	0.979472	0	0.635226	2.400338	0.7715065	0.236657	0	0	0	0	1.060093	0	0.557831	1.579884	0.0906344	0.50505	0.691627	0.155763	0.234742	0.160256	0.473638	0.155763	0	1.083086	0	0	0.145379	0	0	0	0.882716	1.743918	0	0	0	0	0	0	0	3.594036	0	0	0	0.747908	0	0.541682	0.312347	0	0	0.333854	0	0.574858	0	0.298027	0	0
K03624	0	0	0	0	0	0	0	0	0	0	0.224638	0	0	0	0	0	0	0	0	0	0	0	0	0	0.35461	0	0	0	0	0	0	0	0	0	0	0	0	0	0	0	0	0	0	0	0	0	0	0	0	0	0	0	0	0	0	0	0	0	0	0	0	0	0	0	0	0	0	0	0	0	0	0	3.02174	0	0	0	0	0	0	0	0	0	0	0	0	0	0	0	0	0	0	0	0	0	0	0	0	0	0	0	0	0	0	0	0	0	0	0	0	0	0	0	0	0	0	1	0	0
K02343	0	0	0	0	0	0	0	12.1147823	0	0	0.8401579	4.1445499	0.429624	0	0.469247	0.743169	0	0.0571429	0	0	0.241546	0.626959	0	0.385073	0.236407	0	0	0.0570226	1.3719866	0	0	0	1.0929	0	0	0	0.0574053	0	0	1.059314	0.357664	0.114811	0	0.279842	0.2814321	0.0895238	0	0	0	0	0	6.2884652	0	0.251256	1.9057833	0.2028392	0	0	0	0.0571429	0.489124	1.114811	1.1668759	1.254464	2.08495	0.7966129	0.8336461	0.058072	0	0.306584	0	0	1.288517	0	0.833233	1.6213591	0	0.0713587	2.6082182	0.455916	0.0574053	0.439883	0.271551	0.519606	0	5.539838	0.561814	0	0	0.0574053	0	0	0.106383	0.989358	0	0	0	0	0	0	0	2.106188	0	0	0	0	0	0	0.2652909	0	0	0	0.356436	0.3811509	0	0.378585	0	0.0574053
K09747	0	0	0	0	0	0	0	0	0	0	0	0	0	0	0	0	0	0	0	0	0	0	0	0	0	0	0	0	0	0	0	0	0	0	0	0	0	0	0	0	0	0	0	0	0	0	0	0	0	0	0	0	0	0	0	0	0	0	0	0	0	0	0	0	0	0	0	0	0	0	0	0	0	0	0	0	0	0	0	0	0	0	0	0	0	0	0	0	0	0	0	0	0	0	0	0	0	0	0	0	0	0	0	0	0	0	0	0	0	0	0	0	0	0	0	0	0	0
K03629	0	0	0	0.256014	0	0.2320262	0	2.508514	0	0.125131	1.1934476	1.5997111	0	0	1.869924	0	0	0.315957	0.9171049	0.157729	0.314465	0	0	2.118442	1.316942	0.198413	0	0.892926	0.236967	0	0	0.157729	0	0.0231335	0	0	0.829827	0	0	1.3333336	0	0.211864	0	0.432058	3.18379	0.289169	0	0	0.879153	0	0	4.506857	0.157729	0	0.505291	0.52627	0	0	0	0.158228	0.319019	1.147984	0	0.616662	3.446897	0.315457	1.371044	1.240474	0	0.5467657	0	0	4.455046	0	0.133544	1.160899	0	0.975161	1.135553	0.552435	0.16835	0.618182	0.27933	0	0	3.7227003	0	0	0.157729	0	0.158228	0.702341	0	1.525156	0	0	0	0	0	0	0	0.815176	0.191377	0.421075	0	0.645161	0	0.392593	0.157729	0.157729	0.191377	0	0	1.683427	0	0.236967	0	0.413793
K02334	0	0	0	0	0	0	0	0	0	0	0	0	0	0	0	0	0	0	0	0	0	0	0	0	0	0	0	0	0	0	0	0	0	0	0	0	0	0	0	0	0	0	0	0.0840336	0	0	0	0	0	0	0	0	0	0	0	0	0	0	0	0	0	0	0	0	0	0	0	0	0	0	0	0	0	0	0	0	0	0	0	0	0	0.0840336	0	0	0	0	0	0	0	0	0	0	0	0	0	0	0	0	0	0	0	0	0	0	0	0	0	0	0	0	0	0	0	0	0	0	0	0
K02982	0	0	0	0	0	0	0	0	0	0	0	0	2	0	0	0	0	0	0.692308	0	0	0	0	0	0	0	0	3	0	0	0	0	0	0	0	0	0	0	0	0	0	0	0	0	0	0	0	0	0	3	0	0	0	0	0	0	0	0	0	7	0	0	0	0	0	0	5.82051	0	0	0	0	0	0	0	0	0	0	0	0	0	0	0	0	0	0	0	0	0	0	0	0	0	0	0	0	0	0	0	0	0	0	0	0	0	0	0	0	6	0	0	0	0	0	0	0	0	0	0
K07738	0	0	0	0.253823	0	0.986667	0	0	0	0	0.458716	0	2	0	0	0	0	0.140673	0	0	0	0.838488	0	0.458716	0.99635	0	0	0	0	0	0	0	0	0.168196	0.137615	0	0.917431	0	0	0	0	0	0	0	0	0	0	0	0.174312	0	0	3.190676	0	0.0825688	0.287462	1.973804	0	0	0	0	1.37615	0	0	0.458716	0.296636	0.801282	0.721713	0.505376	0	0	0	0	3.331556	0	1.17125	0.7332098	0.35474	1.173994	3.041237	0.0458716	0	0.140673	0	0.917432	1.169521	1.160346	0	0	0	0	0	0.287462	2.22324	0.785933	0	0	0	0	0	0	0	1.376147	0	0	0	0	0	0	0	0	1.37309	0	0	0	0	0.168196	0	0
K01679	0	0	0	0	0	0	0	0	0	0	0	0	0	0	0	0	0	0	0	0	0	0	0	0	0	0	0	0	0	0	0	0	0	0	0	0	0	0	0	0	0	0	0	0	0	0	0	0	0	0	0	0	0	0	0	0	0	0	0	0	0	0	0	0	0	0	0	0	0	0	0	0	0	0	0	0	0	0	0	0	0	1.46032	0	0	0	0	0	0	0	0	0	0	0	0	0	0	0	0	0	0	0	0	0	0	0	0	0	0	0	0	0	0	0	0	0	0	0	0
K00174	0	0	0	0	0	0.738293	0	0.963404	0	1.099656	0.196404	0.622407	0.0533333	0	0	0	0	0	0.205333	0.093633	0.408272	0	0	0.21737082	0	0	0	0.194035	0.8985205	0	0.374532	0	0.805333	0	0	0	1.029064	0	0	1.915733	0	0.093633	4.913965	1.217229	0.472	0	0	0	0	0.374532	0	4.540963	0	0	0.582082	4.150231	0	0.093633	0.149189	0	0	1.11135	0	1.0882938	0.176	0	0.5086847	0.093633	0.443283	0.282312	0	0	4.931416	0	1.835289	0	0	0	0.333333	0.6015794	0.98928	0.1198162	0	4.1192678	1.669332	4.22624	0	0	0.827138	0.330836	0	0.093633	0.72008	2.637939	0	0	0.093633	0	0	0	0	9.8239444	0.359712	0.60241	0	0	0	0.1161049	0.0855181	0	0	0.296803	0	4.146734	0	0.207469	0	0.141643
K00797	0.792753	0.668427	1.778284	0.328947	1.58261	1.037968	0	5.828008	0	1.290453	3.522025	4.496143	0.700935	0	0.733645	0.233645	0	1.336855	0.217391	0.217391	0	0	0	3.763768	1.5506481	0.594937	0.217391	1.434783	2.20435	0	0	0.123188	1.08696	0	0	0.463768	2.750723	0	0	0.67175	0	1.471198	0.273913	0.434783	2.410456	3.02389	0.3161258	0	0.869565	0.831884	0	4.1637443	0	1.003634	0	1.003105	0	0.887362	0.217391	0	1.379711	4.423464	0	3.916727	0.905263	1.32029	3.7504834	0.2818945	0	0	0	0	15.038933	0	0.130435	1.407659	0	1.33438	1.582569	1.1039823	0.418841	0.5209132	1.103082	1.407243	0.988406	6.862744	0.328947	0	0.362319	1.010145	0.160745	1.2850749	0.652174	6.873699	0	0	0	0.3	0	0	0	8.219994	0	0.435518	0	0.666978	0	0	1.185468	0	1.482583	0.652124	0	2.691306	0	1.108664	0	0.217391
K03327	0	0	0	0	0	0.1802764	0	0	0	0	1.253123	0.376884	0	0	0	0	0	0	0	0	0.125628	0	0	0	0	0	0	0	0.125	0	0	0	0	0	0	0	0.375	0	0	0.125	0	0	0	0	0	0	0	0	0	0	0	2.195227	0	0	0	0.377252	0	0	0.585017	0	0	0	0	0.125	0.125628	0	0.125	0	0	0.25	0	0	2.322378	0	0.5	0	0	0.268468	0.125628	0.0895522	0.126263	0	0	0.376884	0	0.125628	0	0	0.121212	0.378788	0	0	0	1.108558	0	0	0	0	0	0	0	1.386381	0	0	0	0	0	0	0.125628	0	0	0.252525	0	0.630678	0	0.217172	0	0
K07160	0	0	0	0	0	0.755676	0	0	0	0.939535	1.18605	0.866667	0	0	0	0	0	0	0	0	0	0	0	0	0	0	0	0	0	0	0	0	0	0	0	0	0	0.329642	0	0.413954	0	0	0	0	0	0	0	0	0	0	0	2.23207	0.465116	0	0	0	0	1.0186	0	0	0	0	0	0.663717	0	0	1.69868	0	0	0.696124	0	0	0.570543	0	0.465116	0	0	0	0	0	0	0	0	0.465116	0.592248	0.463566	0	0	0.696124	0	0	0	0.12093	0.788935	0	0	0	0	0	0	0	6.417629	0	0	0	0	0	0	0	0	0	0	0	0	0	0	0	0.221239
K06925	0	0	0	0.255072	0	0	0	0	0	0	0.347826	0.257971	0.266667	0	0	0	0	0.173913	0	0	0	0	0	0.434783	0	0	0	0	0	0	0	0	0	0	0	0	0	0	0	0	0	0	0	0	0	0	0	0	0	0	5.07246	0.434783	0	0.434783	0	1.130435	0	0	0	0	0	0	0	0.776812	0	0.990741	0.9130439	0	0	0	0	0	0.278912	0	0	0.727537	0	0.434783	1.778935	0	0	0.153623	0.327536	0	0	2.939132	0	0	0.171014	0	0	0	0	1.91884	0	0	0	0	0	0	0	0.994203	0	0	0	0	0	0	0	0	0	0	0	0	0	0.434783	0	0
K07258	0	0	0	0	0	0	0	0	0	0	0	0	0	0	0	0	0	0	0	0	0	0	0	0	0	0	0	0	0	0	0	0	0	0	0	0	0	0	0	0	0	0	0	0	0	0	0	0	0	0	0	0	0	0	0	0	0	0	0	0	0	0	0	0	0	0	0	0	0	0	0	0	0	0	0	0	0	0	0	0	0	0	0	0	0	0	0	0	0	0	0	0	0	0	0	0	0	0	0	0	0	0	0	0	0	0	0	0	0	0	0	0	0	0	0	0	0	0
K07166	0	0	0	0	1.33333	1	0	2.99206	0	0.854167	3.809027	10.9603	0	0.587302	0.563492	0	0	2.75397	0.819445	1	0	0	0	1	1.34127	2.80952	0	0	0.65873	0	0	0.412698	4.96826	0.428571	0	0	2.2381	0	0	0	0.404762	0.896825	0	1.48413	0.873016	3.182542	0	0	1.825397	0	0	1.11905	0	0	3.85714	0.880952	0	0.47619	0	0	2.55109	0.960317	0	2.84375	4.335817	1.60417	1.27778	0.666667	0	0	0	0	9.634919	0	0.857143	3.76191	0	1.166666	6.2142895	0	0.626984	0.666667	0	1.87302	0	11.512891	2.00149	0	0.840774	0	0	0	0.916667	1.26984	0	0	0	0	0	0	0.611111	4.42857	0	0	0	0	0	2.21429	0.103175	0	0	0	0	2.634918	0	0.357143	0	0
K01649	0	0	0	0	0	0	0	0.2079	0	0	0.0533611	0	0	0	0	0	0	0	0	0	0	0	0	0	0	0	0	0	0	0	0	0	0	0	0	0	0	0	0	0	0	0	0	0	0	0	0	0	0.10395	0	0	0.2079	0	0	0	0	0	0	0	0	0	0	0	0	0	0	0.107991	0	0	0	0	0	0.627742	0	0	0	0	0	0.103257	0	0	0	0	0	0	0	0.289017	0	0	0	0	0	0	0	0	0	0	0	0	0	0	0.0790021	0	0	0	0	0	0	0	0	0	0	0	0	0	0	0	0
K00761	0	0	0	0	0	1.115597	0	0	0	0	1.75052	0.429408	2.50734	0	0	0	0	0	0	0	0	0	0	0	0	0	0	0.626834	0.628931	0	0	0	0	0	0	0.628931	0	0	0	0.628931	0	0.136268	1.96017	0.889178	0	0	0	0	0	0	0	2.522015	0	0	0	1.431042	0	0	0	0	0	0	0	0.582809	0	0	0.183908	0	0	0	0	0	1.25786	0	0.314465	0	0	0	0	0.628931	0	0	0.791765	0.532567	0	0	0	0	0.312369	0.461975	0	0.314465	0.421706	0.24109	0	0	0	0	0	0	0	2.176475	0	0	0	0	0	0	0	0	0	0	0	0.676784	0	0.469602	0	0
K01633	0	0	0	0	0	0	0	0	0	0	0	0	0	0	0	0	0	0	0	0	0	0	0	0	0	0	0	0	0	0	0	0	0	0	0	0	0	0	0	0	0	0	0	0	0	0	0	0	0	0	0	0	0	0	0	1.173611	0	0	0	0	0	0	0	0	0	0	0	0	0	0	0	0	0	0	0	0	0	0	0	0	0	0	0	0	0	0	0	0	0	0	0	0	0	0	0	0	0	0	0	0	0	0	0	0	0	0	0	0	0	0	0	0	0	0	0	0	0	0
K00604	0	0	0	1.107964	0	0.4424574	0	5.074859	0	2.797814	4.466902	5.604139	2.155369	0.171498	0.365854	0	0	1.45743	0	0.733883	0	0	0	0.47619	0.162602	0.4104249	0	1.164863	3.530312	0	0	0	2.10221	0.181159	0	0.543478	1.0405453	0.103865	0	0.324879	0	1.007859	1.171067	1.242773	0.536535	1.558234	0	0	0.5585767	0.181159	0	7.7296406	0	0.898854	0	1.929714	0	0.2322624	0	0	2.033343	0.242741	0	2.790715	1.39257	0.892815	2.4217406	0.483092	0	0.181159	0	0	11.157026	0	1.007246	1.744589	0	1.070086	2.640447	0.536534	0.14372	0.83122	1.017102	2.241118	0.4560118	8.564723	0.502416	0	0.890095	0.445652	0.181159	0.516908	0.701147	1.483719	0	0	0	0	0	0.174216	0	4.882416	0	0	0	0.355375	0	0.146135	0.430843	0.362318	1.573729	0	0.440226	1.206563	0	0.688931	0	0
K03701	0.127877	0.2777159	0	0.110618	0	0	0	1.7383897	0	1.0896368	1.0643402	1.6883577	0	0	0.6131219	0	0	0.837637	0	0.166482	0	0	0.0410655	0.5755389	0.4548507	0.0554939	0	0.806156	1.0004353	0	0	0	0	0.2646801	0	0.794872	0.434923	0.180505	0	0.832408	0.155763	1.0387376	2.626963	0.1232718	0.117096	0.266376	0.1649029	0	0.1327144	0	0	5.8023096	0.2099072	0.315729	0.0554939	1.375647	0	0.2468724	0	0	0.4737926	0.8163664	0	3.286873	0	0.64217	0.1629153	0	0.2896859	0.018128	0	0	2.6251653	1.9324529	1.0077459	0.2075436	0.0778816	1.7684406	1.039554	0.5765245	0.2859146	1.24919	0.110988	1.307197	0.7122876	7.7685976	0	0	0.258717	0.372232	0	0.2622043	0.7404811	4.953458	0	0	0	0	0	0	0	2.2925806	0.95671	0	0	0	0.0816993	1	0.6679049	0	2.300422	0.3631885	0	0.547781	0	0.420412	0	0
K01104	0.46847031	0	0	0.231481	0	2.180193	0	2.709477	0	0	1.785697	0.641026	0	0	0.738451	0	0	3.3029	0.669725	0.14526	0	0	0	0.229358	3.133176	0	0	0.457187	0	0	0	0	0	0	0	1.06122	2.148595	0	0	0.688074	0	0.0198777	0	0	0.218654	1.242056	0	0	0	0	0	0.549451	0.229358	0.678899	0	0.964789	0	0	0	0	1.112215	0.166667	0	0	0.140673	1.099626	5.1798743	0	0	0	0	0	0.458716	0	0.502582	1.237615	0.11315	0	0.264957	0.0703364	0	0.560064	0	0.607034	0	6.216281	0	0.107034	0.229358	0	0	0	0.605901	2.948402	0	0	0	0	0	0	0	0.915902	0	0	0	0	0.282051	0.0898551	0.492379	0	0	0.548841	0.229358	0.2720198	0	0	0	0
K05515	0	0	0	0	0	0	0	0	0	0.4265044	0.8342664	3.265082	0	0	0	0	0	0	0	0	0	0	0	0.129199	0	0	0	0.282653	0.887949	0	0	0	0	0	0	0	0.5165274	0	0	0.484037	0	0.0846024	0	0.840539	0	0	0	0	0	0.0846024	0	6.739375	0	0	0	0.8191788	0	0	0.157924	0	0.258398	0.684932	0	0.380228	0	0.213675	0.5769878	0	0	0.0829103	0	0	2.998152	0	1.8643418	0	0	0.129199	0.760005	0	0.0846024	0	0.1686408	1.0684264	0.1692048	0.5231067	0.0551249	0	0	0.0846024	0	0	0.0970874	1.2015738	0	0	0	0	0	0.169205	0	1.0351724	0	0	0	0	0.10114	0	0	0	0.901296	0	0	0.4799774	0	0.2538074	0	0
K03664	0	0	0	0	0	1.434368	0	1.26111	0	0.510204	2.255452	0	0	0	0	0	0	0	0	0	0	0	0	0	1.04688	0	0	0.277259	0.709877	0	0	0	0	0	0	0.825545	1.23053	0	0	0.688474	0	0.311526	1.320872	0.890966	0	0	0.308411	0	0	0	0	11.44783	0	1.00521	0	1.127726	0	0.46729	0	0	0	0	0	0	0	0	3.881779	0	0	0	0	0	20.693965	0	0.0373832	0.464174	0	0	0.858025	0	0.4081	0	2.370716	1.060036	1.05919	6.553676	0	0	0.41433	0.971963	0.380063	2.90031	0.415638	3.772583	0	0	0	0	0	0	0	21.751864	0	0	0	0	0	0	1.128393	0	0	0	0	1.933817	0	3.20561	0	0.908163
K02892	6.244448	0.703704	0	0.592593	0	7.859259	0.288889	31.36298	0	15.570374	17.044445	60.48149	2.022226	0.325926	21.39995	0	0	9.533338	4.42963	0.37037	0.9407412	0	1.51111	13.3556	3.503704	1.62222	0	6.466664	16.623536	0	0	0.948148	4.19259	3.31852	0	1.34074	9.76297	0	0	8.111112	0.325926	3.585189	4.41481	8.251855	5.851856	16.429626	0	0	4.303702	2.42222	0	39.99999	0	2.459263	2.06667	19.26666	1	3.25926	3.192588	7.1037	22.86664	9.888883	1.088889	30.15551	8.8	5.918519	20.000024	11.82963	1.488889	4.133336	0	0	80.95558	4.05926	9.30087	14.392579	1.62963	5.318517	10.4370293	2.096296	3.029631	4.918521	0	5.111108	1.518518	23.60001	3.770366	0	1.896297	5.955549	0.666667	1.31852	3.97778	10.76296	2.066663	0	0	0.762963	0	0	0	20.34813	0	0.140741	0	0	3.866663	0.674074	2.874076	0.8962961	0.651852	3.68889	0.62963	3.08148	0	3.799997	0.711111	0.933333
K01644	0	0	0	0	0	0.471545	0	0	0	0.666667	0.463415	0	0	0	0	0	0	0	0	0	0	0	0	0	0	0	0	0	0	0	0	0	0	0	0	0	0	0	0	0	0	0	0	0	0	0	0	0	0	0	0	0.691057	0	0	0	0.674797	0	0	0	0	0	0	0	0	0	0	0	0	0	0	0	0	0	0	0	0	0	0	0	0	0	0	0	0	0	0	0	0	0.195122	0	0	0	0	0	0	0	0	0	0	0	0	0	0	0	0	0	0	0	0	0	0	0	0	0	0	0	0	0
K00133	0	0	0	0	0	1.026077	0	1.108844	0	0.421769	0.575964	0.547619	0	0.189342	0	0	0	0	0	0.170068	0.170068	0	0	0	0	0	0	2.062236	4.174412	0	0	0	0	0	0	0.340136	0.510204	0	0	1.43991	0	1.1405897	1.359406	0.929705	0	0	0	0	0	0.170068	0	5.552155	0	0	0	2.558961	0	0.340136	0.498866	0	0.276644	0.170068	0	0.615646	0	0	1.296424	0	0	0.170068	0.0895692	0	4.039686	0	1.502607	0	0.170068	0	0	0.433107	0.159864	0	2.371888	2.040812	0.170068	2.890023	0	0	0.340136	0.510204	0.170068	1.529847	1.656463	4.698414	0	0	0	0	0	1.02041	0.170068	15.298166	0	0	0	0	1.380953	0.340136	1.020408	0.14059	0.170068	0	0	1.710884	0	2.32653	0	0.170068
K03559	0	0	0	0	0	0	0	0	0	0	0	1.72941	0	0	0	0	0	0	0	0	0	0	0	0	0	0	0	0	0.831373	0	0	0	4	0	0	0	0.646259	0	0	0	0	0.588235	0	0	0	0	0	0	0	0	0	0.588235	0	0	0	1.156417	0	0	0.751938	0	0	0	0	0	0	0	0	0.282353	0	0.588235	0	0	2.90588	0	0	0	0	0	1.103739	0	0.313726	0.8196081	0	0.588235	0	2.177475	0	0	0	0	0	0.478431	0	1.023084	0	0	0	0	0	0	0	0.309804	0	0	0	0	0	0	0	0	0	0	0	0	0	0	0	0
K03303	0	0	0	0	0	0	0	0.868687	0	0	0	0	0	0	0	0	0	0	0	0	0	0	0	0	0	0	0	0	0	0	0	0	0	0	0	0	0	0	0	0	0	0	0	0	0	2.18182	0	0	0	0	0	0	0	0	0	0	0	0	0	1	0	0	0	2.42424	0	0	0	0	0	0	0	0	0	0	0	0	0	0.767677	0	0	0	0	0	0	0	0	0	0	0	0	0	0	0	0	0	0	0	0	0	0	0	0	0	0	0	0	0	2	0	0	0	0	0	0	0	0	0	0
K09816	0	0	0	0	0	0	0	0	0	0	0	0	0	0	0	0	0	0	0	0	0	0	0	0	0	0	0	0	0	0	0	0	0	0	0	0	0	0	0	0	0	0	0	0	0	0	0	0	0	0	0	0	0	0	0	0	0	0	0	0	0	0	0	0	0	0	0	0	0	0	0	0	0	0	0	0	0	0	0	0	0	0	0	0	0	0	0	0	0	0	0	0	0	0	0	0	0	0	0	0	0	0	0	0	0	0	0	0	0	0	0	0	0	0	0	0	0	0
K15582	0	0	0	0.383762	0	0.5300866	0	3.608367	0	0	0.702667	1.2413333	0.8	0.4	0	0	0	0	0	0	0	0.0826667	0	0.6	0	0	0	0.2	0.849333	0.2	0	0.326429	0	0	0	0.666667	0.745333	0	0	0.0866667	0	0.256	0.8	1.08024	0.2213333	0.008	0	0	0	0	0	5.31829	0	0.2	0	0.545392	0	0	0	0.196	0.124	0.376812	0	1.153333	0.529333	0.614666	0.6	0.056	0	0.299401	0	0	1.4	0	0.699401	0.4	0.2	0.4	0.424	0	0.02	0.2	0.137333	0	0	1.582667	0	0	0.417391	0	0	0.321739	0	1.834666	0	0	0	0	0	0	0	3.247997	0	0.188406	0	0.2	0.322667	0	1.146667	0	0.217391	0	0	1.099711	0	0	0	0.016
K18118	1.25811	0.2607433	0	4.455246	0.236407	1.7841009	0	9.2368158	0	2.995258	1.821393	8.107956	1.2288708	0.174779	2.3209144	0.272861	0	4.97692	2.941692	0.754633	0.90945	0.442478	0.286604	3.513014	0.511308	0.567987	0.110619	1.563252	7.792927	0	0.311526	0.495257	6.15015	0.221239	0.488201	0.5048436	3.397587	0.861357	0	5.169098	0.0840708	0.820146	9.13348	1.593816	4.619393	4.040789	0.412979	0	1.874468	2.039814	0	18.297092	0	0.0855458	2.0276	7.866332	0	2.537279	0.311526	1.133481	7.069952	1.441282	0.236407	11.443333	2.378828	7.178866	1.640878	0.3001466	0	0.250737	0	0	19.222346	0	1.410731	20.5153138	0.604191	3.216638	1.610467	4.737624	0.7207882	0.6899657	2.064701	1.79646	4.224736	3.412016	0.830186	0	1.435743	1.085862	0	0.579067	0.487621	13.148813	0.439528	0	0	0.110619	0	0.772862	0	14.57387	0.220501	0.110619	0	1.758523	0.110619	0.612232	0.545723	0.155763	1.078482	2.562271	0.231684	3.311347	0.110619	1.87578	0	0.2625369
K00373	2	0	0	0	0	1.92233	0	1	0	0.967638	1.245541	0.8	0	0	0.446602	0	0	0	0.394958	0	0	0	0	0	0.482201	0	0	0	0	0	0	0	0	0	0	0	0	0	0	0	0	0	0.485437	0.981333	0.20712	0	0	0	0	3.53588	0	0.485437	0	1	0	0.97411	0	0	0	0	0	0	0	0	0	0	1.68347	0	0	0	0	0	0	0	0	0.469256	0	0	0	0.970874	0	0	0	0.341737	0	8.066767	0	0	0.485437	0.343042	0	0	1.392	0.485437	0	0	0	0	0	0	0	0	0	0	0	0	0	0	0	0	0	0	0	0.485437	0	1.93528	0	0
K04517	0	0	0	0	0	0	0	0	0	0	0	0	0	0	0	0	0	0	0	0	0	0	0	0	0.203252	0	0	0.203252	0.506775	0	0	0	0.308943	0	0	0	0.174797	0	0	0	0	0	0	0.268293	0	0.8451	0	0	0.158537	0	0	0	0.438596	0	0	0.157182	0	0	0.174797	0	0	0.219298	0	0.406504	0	0	0.405149	0	0	0	0	0	0	0	0.406504	0	0	0	0	0	0.212766	0	0	0.405149	0	0	0	0	0	0	0	0	0	0.79288	0	0	0	0	0	0	0	0.333333	0	0	0	0	0	0	0	0	0.697298	0.593282	0	0.579946	0	0	0	0
K13921	0	0	0	0	0	0	0	0.464396	0	0.309598	0.174216	0.74097	0	0	0	0	0	0.0567595	0	0	0	0	0	0.5417954	0	0	0	0	0	0	0	0	0	0	0	0	0	0	0	0.154799	0	0	0.309598	0	0	0.309598	0	0	0	0	0	0	0.619195	0.154799	0	0	0	0	0	0	0	0.359133	0	0	0	0	0	0	0.151703	0	0	0	0.773994	0	0	1.332302	0	0	0	0.592364	0	0.4220844	0	0.326797	0	0.619196	0	0	0	0	0	0	0.446853	1.725458	0	0	0	0	0	0	0	0	0	0.154799	0	0	0	0.154799	0	0	0.309598	0	0	0.154799	0	0.219814	0	0.154799
K01921	0	0	0	0	0	0	0	0	0	0	0	0	0	0	0	0	0	0	0	0	0	0	0	0	0	0	0	0	0	0	0	0	0	0	0	0	0	0	0	0	0	0	0	0.045977	0	0	0	0	0	0	0	0.538953	0	0	0	0	0	0	0	0	0	0	0	0	0	0	0	0	0	0	0	0	0	0	0	0	0	0	0	0	0	0	0.204342	0	0.383142	0	0	0	0	0	0	0	0	0	0	0	0	0	0	0	0	0.503193	0	0	0	0	0	0	0	0	0	0	0	0	0	0.191571	0	0
K03502	0	0	0	0	0	0	0	0	0	0	0	0	0	0	0.340136	0	0	0	0	0	0	0	0	0	0	0	0	0	0	0	0	0	0	0	0	0	0.132275	0	0	0	0	0	0	0	0.132275	0.281179	0	0	0	0	0	0	0	0	0	0.127928	0	0	0	0	0	0.132275	0	0	0.26455	0	0	0	0	0	0	0	0	0	0	0.132275	0	0	0	0	0	0	0	0.259259	0	0	0	0	0	0	0	0	0	0	0	0	0	0	0	0	0	0	0	0	0	0	0	0	0	0	0	0	0	0	0	0	0	0
K08986	0	0	0	0	0	0	0	0	0	0	0	0	0	1.88596	0	0	0	0	0	0	0.239024	0	0	0	0	0	0	0.243902	0.609755	0	0	0	0	0	0	0	0.793651	0	0	0.172358	0	0	1.4	0	0	0	0	0	0	1.487805	0	1.461056	0	0	0.170732	3.779293	0	0.486179	0.169106	0	0	0	0	0	0	0	0	0	0	0	0	0	0	0	0	0	0	0	0	0.243902	0.229268	0	0.316456	0.665041	0	1.46341	0	0	0.243902	0	0	0	0.656911	3.82602	0	0	0	0	0	0	0.241546	10.247926	0	0	0	0	0.243902	0	0.241546	0	0	0	0	0.991869	0	0.242276	0	0
K06187	0	0	0	0	0	0	0	1	0	0	0	0	0	0	0	0	0	0	0	0	0	0	0	0	0	0	0	0	0	0	0	0	0	0	0	0	0	0	0	0	0	0	0	0	0	0	0	0	0	0	0	0	0	0	0	0	0	0	0	0	0	0	0	0	0	0	0	0	0	0	0	0	0.727273	0	0	0	0	0	0	0	0	1	0	0	0	0	0	0	0	0	0	0	0	0	0	0	0	0	0	0	0	0	0	0	0	0	0	0	0	0	0	0	0	0	0	0	0	0
K01581	0	0	0	0	0	0.148148	0	0.255102	0	0	1.2354549	0.5351104	0.815402	0	0.3539729	0	0	0	0	0.0739645	0	0	0	0	0.0739645	0	0	0	0.221728	0	0	0	0	0.3473099	0	0	0.0394477	0	0	0.148148	0	0.0734714	0	0.203252	0.147929	0.754696	0	0	0	0	0	0.3706465	0	0.0739645	0	0.4352532	0	0.0739645	0	0	0.066075	0.0976562	0	0	0.147929	0.2770603	0.3521206	0	0	0	0	0	2.395398	0	0.0696296	0.0416667	0	0.479055	0.0976562	0.0739645	0.0740741	0	0	0	0	0	0	0	0.0739645	0.0740741	0	0	0	0.7261797	0	0	0	0	0	0.330033	0	0.463524	0	0	0	0	0	0.0735803	0.0740741	0	0.696866	0	0	0.278399	0	0	0.0740741	0
K13818	0	0	0	0	0	0	0	0	0	0	0	0	0	0	0	0	0	0	0	0	0	0	0	0	0	0	0	0	0	0	0	0	0	0	0	0	0	0	0	0	0	0	0	0	0	0	0	0	0	0	0	0	0	0	0	0	0	0	0	0	0	0	0	0	0	0	0	0	0	0	0	0	0	0	0.342564	0	0	0	0	0	0	0	0	0	0	0	0	0	0	0	0	0	0	0	0	0	0	0	0	0	0	0	0	0	0	0	0	0	0	0	0	0	0	0.307692	0	0	0	0
K09767	0	0	0	0	0	0	0	0	0	0	1.69565	0	0	0	0	0	0	0	0	0	0	0	0	0	0	0	0	0	0	0	0	0	0	0	0	0	0	0	0	0	0	1.44928	0	0	0	0	0	0	0	0	0	0	0	0	0	0	0	0	0	0	0	0	0	0	0	0	0	0	0	0	0	0	0	0	0	0	0	0	0	0	0	0	0	0	0	0	0	0	0	0	0	0	0	0	0	0	0	0	0	0	0	0	0	0	0	0	0	0	0	0	0	0	0	0	0	0	0	0
K02355	1.576418	0.7259956	0.398539	5.5261466	1.028655	10.41472	0.2471414	11.2955759	0.0493251	13.200153	15.8487868	16.134596	9.5305516	0.156495	8.7735603	1.9044443	0	7.3914047	0.931664	0.8526792	4.4050373	1.394617	2.349192	4.292746	1.920183	1.1263385	0	6.7953904	19.3190111	0.5332806	0.441817	1.0527309	7.9037222	0.0782473	0	1.3008878	21.263468	4.899563	0.2406528	25.322417	0.3975132	8.1076433	43.6984566	21.231945	5.2145759	4.9257093	1.7409973	0.1559365	7.8335992	3.2066902	0.782473	75.878022	0.2896706	0.6576905	5.810795	28.3668199	0	4.295549	1.3051357	0.406364	11.4031796	9.253937	1.9564453	18.9855179	1.520329	7.232315	20.353909	7.2174833	0.4904722	1.655799	0.0782473	1.06124	85.6779306	1.24248	24.9009243	1.8457226	1.8962677	8.0664316	5.414155	6.4304287	5.1737556	10.8685602	20.1577077	6.789454	20.7921672	29.4668	2.2621136	2.6280873	3.8413336	5.013147	0.7101826	7.5350838	4.3331443	47.316934	0	0	0.168067	0.5589376	0.142932	1.8509655	0.4024436	34.453323	0.0949579	2.132427	0	3.8011857	0.4978553	1.3470135	4.403182	0.0782473	0.7882606	3.1359416	0.9956829	17.7622832	0.3147836	6.2239244	0	0.9664259
K06890	0	0	0	0	0	0	0	0	0	0	0	0	0	0	0	0	0	0	0	0	0	0	0	0	0	0	0	0	0	0	0	0	0	0	0	0	0	0	0	0	0	0	6.99048	0	0	0	0	0	0	0	0	4.6381	0	0	0	0	0	0	0	0	0	0	0	0	0	0	0	2.91429	0	0	0	0	0	0	0	0	0	0	0	0	0	0	0	0	0	0	0	0	0	0	0	0	0	0	0	0	0	0	0	0	0	0	0	0	0	0	0	0	0	0	0	0	0	0	0	0	0	0
K00652	0	0	0	0	0	0	0	0	0	0	0	0	0	0	0	0	0	0	0	0	0	0	0	0	0	0	0	0	0	0	0	0	0	0	0	0	0	0	0	0	0	0	0	0	0	0	0	0	0	0	0	0	0	0	0	0	0	0	0	0	0	0	0	0	0	0	0	0	0	0	0	0	0	0	0	0	0	0	0	0	0	0	0	0	0	0.176056	0	0	0	0	0	0	0	0	0	0	0	0	0	0	0	0.528169	0	0	0	0	0	0	0	0	0	0	0	0	0	0	0	0
K03402	0	0	0	0.395425	0	1.89542	0	0	0	0	2.66993	0	0	0	0	0	0	0	0	0	1.16993	0	0	0	0	0	0	3.40196	1.04248	0	0	0	0	0	0	0	1.49673	0	0	0.980392	0	1.1634	3.68627	0.490196	0	0	0	0	0	0.748366	0	2.03922	0	0	0	4.46405	0	0	0	0	0	0	0	0	0	0	1.05229	0.980392	0	1.63072	0	0	0.980392	0	0	0	0	0	0	0.584967	0.905229	0	3.496732	1.82026	6.53595	5.32864	0.398693	0	0.460784	1.03595	0	0.970588	2.15686	5.663398	0	0	0	0	0	0	0	4.86602	0	0	0	0	0	0	1.30392	0	0	0	0	1.937913	0	0	0.846405	0
K00748	0.151057	0	0	0.886203	0	0.119839	0.302115	1.056394	0	0	0.910373	1.740302	0	0	1.050352	0	0	0.453172	0.151057	0	0	0	0	1.01712	0.265861	0.151057	0	0	0.49144	0	0	0	1.983821	0.302115	0	0	0.151057	0	0	0.742196	0.0906344	0	0.16717	0.826591	0.302114	1.628402	0	0	0.302114	0	0	2.39778	0.0342397	0.260417	0	1.0856968	0	0.0312185	0	0	0.820745	0.453172	0.453172	0.9778445	0.444109	1.251762	1.0825783	0	0.151057	0	0	0	6.298291	0	1.16004	1.599195	0	1.108681	1.477341	0.625983	0.15005	0.295065	0	0.919034	0	4.936151	0	0	0.453172	0.151057	0.260417	0.151057	0.0909091	0.666666	0	0	0	0	0	0	0	1.0664649	0	0	0	0	0	0.247086	0.18429	0	0.453172	0.453172	0.151057	0.704428	0	0.302115	0	0.47694
K03630	0	0	0	0	0	0	0	0	0	0	0	0	0	0	0	0	0	0	0	0	0	0	0	0	0	0	0	0	0	0	0	0	0	0	0	0	0.248756	0	0	1.24378	0	0	0	0	0	0	0	0	0	0	0	0	0	0	0	0	0	0	0	0	0	0	0	0	0	0	0	0	0	0	0	0	1.74129	0	0.215686	2	0	0	0	0	0	0.248756	0.0878939	0	0	0.00331675	0	0	0	0	0	0	0.245439	0	0	0	0	0	0	0	0	0	0	0	0	0	0	0	0	0	0	0	0	0	0	0	0	0
K05846	0	0	0	0	0	0	0	0	0	0.10846	0	0	0	0	0	0	0	0	0	0	0	0	0	0	0	0	0	0	0	0	0	0	0	0	0	0	0.10846	0	0	0.433839	0	0	0	0	0	0	0	0	0	0.10846	0	0	0.10846	0	0	0.43384	0	0	0	0	0	0	0	0	0	0	0.542299	0	0	0	0	0	1.22849	0	0	0	0	0	0	0	0.10846	0	0	0	0	0	0	0	0	0	0	0	0	0	0	0	0	0	0	0	0	0	0	0	0	0	0	0	0	0	0	0	0	0	0	0	0	0
K11737	0	0	0	0	0	0	0	0	0	0	0	0	0	0	0	0	0	0	0	0	0	0	0	0	0	0	0	0	0	0	0	0	0	0	0	0	0	0	0	0	0	0	0	0	0	0	0	0	0	0	0	0	0	0	0	0	0	0	0	0	0	0	0	0	0	0	0	0	0	0	0	0	0	0	0	0	0	0	0	0	0	0	0	0	0	0	0	0	0	0	0	0	0	0	0	0	0	0	0	0	0	0	0	0	0	0	0	0	0	0	0	0	0	0	0	0	0	0
K00265	0	0	0.105042	0	0	0.1675826	0	0.8532959	0.0250338	0.3068421	0.2921797	1.7412676	0.0816327	0	0.0568463	0.0487329	0	0.1707797	0	0	0.298435	0	0	0	0.068306	0	0	0.2507145	0.6686433	0	0	0	0	0	0	0.177305	0.6600709	0	0	2.400804	0	0.0678431	0.836524	0.4496977	0.3393767	0	0	0	0	0.1353185	0	0.2099638	0.05265	0.068306	0.619986	0.6442779	0	0.0338295	0	0	0.1828532	0.5106222	0	0.4861097	0	0	1.4636347	0.280667	0	0.0681702	0	0	2.8457186	0	1.3769692	0	0.170648	0.4719659	1.3103354	0	0.0363735	0	0.258403	0.3956347	0.146628	2.1482038	0	0	0.7798958	0.236806	0.0403699	0	0.1827399	0.7364915	0	0	0	0.170068	0	0	0	2.9577285	0	0	0	0	0	0.0974659	0.3104656	0	0.4314933	0.137741	0.0341117	0.2637759	0	0.1926458	0	0.085034
K03306	0	0	0	0	0	0	0	0	0	0	0	0	0	0	0	0	0	0	0	0	0	0	0	0	0	0	0	0	0	0	0	0	0	0	0	0	0	0	0	0	1	0	0	1.94815	0.494949	0	0	0	0	0	0	0	0	0	0	0	0	0	0	0	0	0	0	0	0	0	0	0	0	0	0	0	0	0	0	0	0	0	0	0	0	0	0	0	0	1.98519	0	0	0	0	0	0	0	0	0	0	0	0	0	0	0	0	0	0	0	0	0	0	0	0	0	0	0	0	0	0	0	0
K00366	0.42735	0	0	0	0.472813	0.935113	0	4.559594	0	0.106157	0.6256171	2.324136	0.636943	0	0.490599	0	0	1.2763367	0.578348	0	0.106838	0	0	2.041768	1.092463	0	0	0.244093	2.64686	0	0	0.179315	4.903843	0.118203	0	0.160256	0.175926	0	0	1.404152	0	0	1.96083	0.530786	0.4843305	0	0	0.787879	0	0.431439	0	1.557018	0.424628	0	0.682724	0.319152	0	1.799659	0.320513	0	0.106838	0.106838	0	7.092916	0.466524	0.213675	0.221861	1.781338	0.106838	0	0.0740741	0	1.855207	0	2.105927	0.69723	0	0.838535	0.5028486	0.274725	0.106838	0.0736607	0.212314	1.090869	1.620124	3.035409	0.770963	0.111966	0.85879	0.462251	0	0	0	2.876934	0	0	0	0	0	0.60241	0	6.621498	0	0	0.120192	0.213675	0.106838	0.305587	1.591007	1.123543	0	2.0350139	0.0698006	2.2473992	0	0.106838	0	0
K01661	0.212121	0	0	0	0	0.870684	0	0	0	1.114389	3.059297	3.730124	0.21645	0	0.604617	0	0	0.25974	0	0	0.21097	0	0	0.98557	0	0	0	0.178932	1.51515	0	0	0	0	0	0	0	0.7154058	0	0	1.195337	0	0.381951	0	1.247102	0	0	0	0	0	0.21645	0	2.231536	0	0.0351617	0	2.9244562	0	0	0	0	0.551227	0.21097	0	0.547452	0	0.969697	0.037518	0	0	0	0	0	1.104169	0	1.548507	0.21645	0	0.4329	0.58259	0	0.238095	0.42742	0.0438596	0.986647	0.4716601	4.149815	0	0	0.301205	0.4329	0	0	0.998612	2.4018826	0	0	0	0	0	0	0	0.621458	0	0	0	0	0	0	0.21645	0	1.02597	0.0947368	0	0.963203	0	0.194805	0	0.207792
K02065	0.574713	0	0	1.05911	0	0.25	0	8.226263	0	3.444991	9.561177	9.152525	2.389166	0	0.728605	0	0	1.44992	0.210181	0	0.341544	1.06593	0	2.640392	0.412151	0	0	2.837522	3.33215	0	0.638752	0.246305	4.150611	0.346538	0	0	1.746783	0.699301	0	2.133257	0.921182	1.903953	4.859396	1.354677	1.11658	1.8053411	0.33557	0	0.487685	0.123153	0	9.807545	0	0.25	1.35468	9.143121	0	2.323865	0.25	0	1.68966	0.512315	0	3.421373	0.799672	3.007803	9.069477	0.853859	0.246305	0	0	0	31.015939	2.463051	4.325806	2.24302	0	1.66502	1.57143	1.112981	0.844006	0.842261	3.87356	5.426273	2.260136	5.408274	0.735294	0	0.738916	0.931035	0.549451	1.698711	2.411809	11.478557	0	0	0	0	0	0	0.316913	18.81096	0	0.5	0	0	0	0	0.90312	0	0	0	0	4.086868	0	1.337788	0	0
K03101	0	0	0	0	0	0	0	0	0	0	0	0	0	0	0	0	0	0	0	0	0	0	0	0	0	0	0	0	0	0	0	0	0.839394	0	0	0	0	0	0	0	0	0	0	0	0	0	0	0	0	0	0	0	0	0	0	0.56991	0	0	0	0	0	0	0	0	0	0	0.309278	0	0	0	0	0	1.54639	0	0	0	0	0	0	0	0	0	0	0.264605	0	0.04811	0	0	0	0	0	0	0	0	0	0	0	0	0	0	0	0.512028	0	0	0	0	0	0	0	0	0	0	0	0	0	0	0	0
K01704	0	0	0	0	0	0	0	0	0	0	0	0	0	0	0	0	0	0	0	0	0	0	0	0	0	0	0	0	0	0	0	0	0	0	0	0	0	0	0	0	0	0	0	0	0	0	0	0	0	0	0	0	0	0	0	0	0	0	0	0	0	0	0	0	0	0	0	0	0	0	0	0	0	0	0	0	0	0	0	0	0	0	0	0	0	0	0	0	0	0	0	0	0	0	0	0	0	0	0	0	0	0	0	0	0	0	0	0	0	0	0	0	0	0	0	0	0	0
K02990	10.91852	2.4	1.88889	0.222222	1.39259	23.91113	0	19.14817	0	45.35555	110.57043	38.6814741	28.73333	0.496296	37.370311	0	0.340741	22.33335	3.11852	2.340742	6.47407	0	0	13.08149	30.888896	1.844448	0	50.25182	21.1852	0.437037	2.2963	0.807407	11.76297	8.82221	1.02963	2.222219	39.82223	5.28148	0	9.385188	3.91111	37.68884	13.2815	21.16299	10.07408	88.20737	5.222219	0.977778	5.1037	11.214816	0	181.77053	1	17.614818	5.14074	43.592569	0	10.192588	4.52593	8.74074	31.6741	25.059293	12.0074	31.91103	7.64445	23.037	126.18524	15.6	1.748148	7.73333	1.80741	0	65.39261	11.733337	25.38521	59.1185	5.77037	20.05926	42.7259	7.311111	8.07407	14.73332	37.7333	25.622247	10.607408	129.83701	19.674108	0	14.38518	23.392596	10.77037	13.629607	35.60736	110.451823	0.762963	0.94074	0	3.362961	0	1.96296	0	58.20738	0.488889	3.79259	0	2.407404	1.97037	6.00741	27.80001	2.948151	9.21481	6.42963	4.74074	8.94074	0	18.340715	0	0.896296
K11928	0	0	0	0	0	0.145349	0	0	0	0	0	0	0	0	0.167785	0	0	0	0	0	0	0	0	0	0	0	0	0	0	0	0	0	0	0	0	0	0	0	0	0	0	0	0	0	0	0	0	0	0	0	0	0.726744	0	0	0	0.681202	0	0	0	0	0	0	0	0	0	0	0.726744	0	0	0	0	0	0.145349	0	0	0	0	0	0	0	0	0	0	0	0	0.167785	0	0	0	0	0	0	0	0	0	0	0	0	0	0	0	0	0	0	0	0	0	0	0	0	0	0	0	0	0	0.929293	0	0
K00286	0	0	0	0	0	0	0	0.681818	0	0	0	0	0	0	0	0	0	0	0	0	0	0	0	0	1	0	0	0	0	0	0	0	0	0	0	0	0	0	0	0	0	0.892473	0	0	0	0.893939	0	0	0	0	0	1	0	0	0	0	0	0	0	0	0	0	0	0	0	0	0	0	0	0	0	0	0	0	0	0	0	0	0	0.984848	0	0.166667	0	0	0	1	0	0	0	0	0	0	0	0	0	0	0	0	0	0	0	0	0	0	0	0	0	0	0	0	0	0	0	0	0	0	0	0
K01752	0.877193	0	0	1.34848	2.96045	0	0	3.095834	0	1.415208	0.786572	3.089671	0.553606	0	2.113196	0	0	2.062378	0.520468	0	0	0.345029	0	0.856505	1.342649	0	0.290448	0.079922	1.869395	0	0	0.712566	2.04678	0.292398	0	0	0.660819	0	0	0.542636	0.420168	0.268889	0	0.897619	0.962963	2.243663	0	0	0.768962	0.395712	0	2.973736	0	0.292398	0	1.13523	0	0.568182	0	0.653748	2.39766	0.126706	0	1.916033	1.10331	0.1423	1.409356	0.584795	0	0	0	0	1.06238	0	1.18255	0.713178	0	0	2.304984	0.136452	0	0.233918	0	0.877193	1.264745	5.957112	0.584796	0	0.292398	0	0	0	0	3.8412322	0.432749	0.278752	0	0	0	0.11306	0	1.471213	0	0	0	0.401559	0	0	0	0.292398	0	0	0	1.208577	0	0.423729	0	0
K02886	8.992226	0.660793	0.46142	0.386197	2.179148	9.76746	0.440529	35.996524	0	13.422869	19.871145	54.87552	5.154181	0.881058	28.434125	1.325461	0.879589	6.970183	6.86871	2.954478	3.728344	1.820852	1.98385	9.786013	3.088159	2.8179171	0	10.380375	18.45671	0.124816	1.624085	0.904552	17.388078	6.235285	4.09545	0.895742	6.555067	1.615273	0.220264	20.900104	2.675478	4.775327	10.34802	14.246697	8.552124	16.255311	0.8751843	0.220264	6.694253	7.010988	0.0528634	50.660817	0.220264	4.283413	7.652386	25.09396	0.220264	4.41557	5.966226	5.11432	31.041119	18.341695	3.929927	34.807052	11.27607	4.412628	26.530388	7.917766	1.997067	2.214391	0	0.0161527	172.276303	0.230543	37.92214	19.034676	2.323049	9.127752	12.588841	4.16062	2.78067	3.350954	1.812039	3.46696	1.5227577	21.196724	2.02937	2.455217	4.654828	2.477235	1.022027	1.54185	3.2936819	15.809133	0.190896	0	0	0	0.7268723	0	0.32986573	22.038204	0	1.071953	0	0.990906	0.440529	1.631424	2.048458	1.112538	3.655415	4.827039	0.295154	7.640238	0	4.397942	0	0.220264
K00937	0	0	0	0	0	0.081043	0	0	0	0	0.3228205	0.6234065	0	0	0.0892857	0	0	0	0	0	0.0762195	0	0	0	0.0886905	0	0	0	0.3048785	0	0	0	0	0	0	0	0.0892857	0	0	0	0	0.1561539	0	0	0	0.340782	0	0	0	0.0762195	0	1.020326	0	0	0	0.73602071	0	0	0	0	0	0	0	0.0401423	0	0	0.105708	0	0	0	0	0	0.456809	0	1.4229963	0	0	0	0.248214	0	0	0	0.1804031	0.1703815	0	0.856664	0	0	0.0892857	0.0762195	0	0	0.0762195	1.0508802	0	0.0762195	0	0	0	0	0	2.255258	0	0	0	0	0	0	0.0762195	0	0	0	0	0.2286585	0	0.354459	0	0.105708
K03394	0	0	0	0.141026	0.728205	0.204301	0	1.854835	0	2.508375	1.367576	1.7695944	0	0	0.769231	0	0	0.384615	0	0.268817	0	0	0	0.491039	0.362319	0	0	0.268817	1.285478	0	0	0	0	0.197701	0	0.769231	1.420097	0	0	1.507276	0.232975	0	2.15054	2.891331	0	0	0.268817	0	0.384615	0.957447	0	5.870843	0	0.741026	0.4406008	3.110152	0	0	0	0	0.107527	1.072861	1.140921	1.256466	0	0	1.678989	0.8405014	0	0	0	0	4.586303	0	4.016131	1.920544	0	0.257471	2.39035	0	0.423729	1.073476	0.289157	1.307242	1.3794908	7.192396	0	0	0.268817	0.537634	0.0125448	0.448028	1.985667	1.779132	0	0	0	0	0	0	0	3.922937	0.268817	0.146953	0	0.198925	0	0.120072	0.698924	0	0	0.268817	0.267025	1.459884	0	0.629032	0	0.675321
K07107	0	0	0	0	0	0	0	0	0	0	0	0	0	0	0	0	0	0	0	0	0	0	0	0	0	0	0	0	0	0	0	0	0	0	0	0	0	0	0	0	0	0	0	0	0	0	0	0	0	0	0	0	0	0	0	0	0	0	0	0	0	0	0	0	0	0	0	0	0	0	0	0	0	0	0	0	0	0	0	0	0	0	0	0	0	0	0	0	0	0	0	0	0	0	0	0	0	0	0	0	0	0	0	0	0	0	0	0	0	0	0	0	0	0	0	0	0	0
K08680	0	0	0	0	0	0	0	0	0	0.2981721	0	0	0	0	0	0	0	0	0	0	0	0	0	0	0	0	0	0	0.21097	0	0	0	0	0	0	0	0	0	0	0	0	0	0	0	0	0	0	0	0	0	0	0.189055	0	0	0	0	0	0	0	0	0	0.21097	0	0	0	0	0	0	0	0	0	0	1.05485	0	0.0998593	0	0	0	0	0.0661041	0	0	0.21097	0.720113	0	0.541985	0	0	0	0	0	0	0	0.6068759	0	0	0	0	0	0	0	0.133615	0	0	0	0	0	0	0	0	0	0	0	0	0	0	0	0
K03399	0	0	0	0	0	0	0	0	0	0	1	2.96078	0	0	0	0	0	0	0	0	0	0	0	0	0	0	0	0	0	0	0	0	0	0	0	0	0	0	0	0	0	1	0	0	0	0	0	0	0	0	0	0	0	0	0	0	0	0	0	0.438596	0	0	0	0.754902	0	0	0	0	0	0	0	0	0	0	0	0.717391	0	0	0	0	0	0	0	0	0	1	0	0	0	0	0	0	0	0	0	0	0	0	0	0	0	0	0	0	0	0	0	0	0	0	0	0.745098	0	0	0	0	0	0
K03621	0	0	0	0	0	0.681456	0	0.564349	0	1.253807	2.585187	4.1796156	3.12801	0	2.9193	0	0	0.619423	0.803279	0.339022	0.682593	0.0284414	0	1.1811	0	2.148499	0	1.05636	1.18316	0	0.393629	0	0.572178	0.251969	0	0	2.68525	0.577428	0	0.129693	0	0.7030714	0	0.787258	0.430446	0.385827	0	0	0.459459	0	0	2.614272	0	0	0.510808	0.2645006	0	0.0648464	0	0	0.175853	1.70492	1.38246	0.624672	0.393701	2.803232	1.147599	0	1.154815	0.170648	0	0	1.89647	0	1.11149	1.05263	0	0	5.9143	0.518673	0	0.526316	0.395904	1.914677	0.734926	2.505889	0.266667	0	0.507395	0	0	0	0.0614334	1.528815	0	0	0	0	0	0	0	2.166094	0	0	0	0	0	0.579067	0.510808	0	0	0	0.170648	0	0	0.873721	0	0
K03588	0	0	0	0	0	0	0	0	0	0	0	1	0	0	0	0	0	0	0	0	0	0	0	0	0	0	0	0	0.621118	0	0	0	0	0	0	0	0	0	0	0.125628	0	0.251256	0	0	0	0	0	0	0	0	0	0	0	0	0	0.241546	0	0.229859	0	0	0	0	0	0	0	0	0.367174	0	0	0	0	0	2.302174	0	0	0	0	0	0	0.154799	0.673802	1	0	0	0	0.125628	0	0	0	0	0	0	0	0.502513	0	0	0	0	0	0	0	0.376884	0	0	0	0	0	0	0	0	0	0	0	0.140787	0	0	0	0
K06956	0.529791	0	0	0.068438	0	0.433977	0.362319	0.845411	0	1.877771	1.3402342	3.664626	0.483092	0	0.483092	0	0	0.752757	0.120773	0.34219	0	0.944444	0.28744	0.235105	0.507246	0	0	1.7274429	0.26455	0	0.217391	0	1.508814	0	0	0	9.761056	0.212476	0	0.132275	0	0.114332	1.420951	0.771068	0.1859904	0.947345	0.405925	0	0.0787704	0	0	12.0241756	0.120773	0.0466989	0.132275	1.164194	0	0.845411	0.120773	0	1.260018	0	0	0.933172	6.31306	0.120773	4.297506	1.330043	0.120773	0.241546	0	0	0.461353	2.653785	0	0.606107	0.146199	1.081987	0.904992	0.120773	0.241546	0.432367	0.396825	5.239015	0.241546	10.510673	0.120773	0	0.7447668	3.451692	0.438003	1.438813	4.020937	19.915746	0	0	0	0.483092	0.114332	0	0	12.267512	0.120773	0.241546	0	0.552305	0	1.108696	0.737312	0	0.166667	0.362319	0	5.1386349	0	0.82804	0	0.373821
K00075	0.188295	0	0	0.19084	0.726463	0.2002189	0	1.717559	0	0.573982	0.19084	5.080339	0.381679	0.114504	0.76409	0	0	0.19084	0.381679	0	0	0	0	1.333334	0.573251	0	0	0.173691	1.766284	0	0.381679	0	0.301405	0.19084	0.763359	0	1.258966	0.305236	0	0	0.19084	0.19084	1.71134	3.286284	0.19084	5.108151	0	0	0.19084	0.705347	0	7.010451	0	0.427481	0.191571	1.8242791	0	0.554167	0	0	2.35426	1.98471659	0.195929	0.381138	1.49873	2.066888	2.937499	0.66285	0.571247	0.190294	0	0	0.574713	0	0	2.035624	0.19084	0.704834	3.885559	0.422392	0.180077	0.746157	0.191571	0.765553	0.191571	4.871097	0.557252	0	0	0.19923384	0	0.382411	0.190294	4.285501	0	0	0	0.174968	0	0	0	4.463892	0	0	0	0.19084	0	0	0.572519	0	0.55598	0.382411	0.382411	0.765553	0	0.634049	0	0
K03589	0	0	0	0	0	0.0851064	0	2.826245	0	0.473224	1.271086	0.432191	0	0	0	0	0	0	0	0.152542	0.201418	0	0	0	0	0.212766	0	0.357447	0.638298	0	0	0	0	0	0	0	0.0776836	0.646809	0.424114	0.312057	0	0.938105	0.851064	0.435461	0.0748588	0.5176489	0	0	0	0.424114	0	7.922279	0	0	0	1.415617	0	0.636879	0	0	0	0	0	0.336158	0	0.49505	0.967376	1.48515	0	0.212766	0	0	2.214333	0	0	0.49505	0	0.3511915	0.49505	0.211348	0.2607886	0	0.851064	1.06099	0.920273	2.94294	0.0225989	0	0.42463	0.190071	0	0.212766	1.25141	2.218799	0	0	0	0	0.491525	0	0	3.883813	0	0	0	0	0	0	0.392908	0	0	0	0.49505	1.763863	0	0.211864	0	0.211864
K03737	1.608775	0.28388	0.6636356	1.819986	0.4888576	1.9190978	0.1770696	12.8421	0.0821018	2.736492	4.5559	21.242584	0.843178	0	3.512858	0.088574	0.0410393	4.508166	1.3604652	0.674582	0.3405945	0	0.6539	6.359732	1.60165	0.575613	0.0124004	3.3831972	9.9974402	0	0	0.354296	11.92326	0.7138668	0.925303	0.603959	3.723817	0.562141	0.044287	6.045339	0.5270192	2.255076	8.199581	4.4834926	2.645982	2.361731	0.0884956	0	1.5365283	1.498592	0	21.0475394	0.088574	0.903637	1.764938	10.8967402	0.0442478	1.924201	0.262474	0.401723	8.932008	5.503971	1.397523	11.982798	5.516729	0.9042616	9.1106663	8.553675	0.778035	0.2368312	0.088574	0	6.3993966	0.295247	7.119161	3.654931	0.3594719	1.200653	7.764195	1.7972012	0.5061422	2.433952	2.0381873	1.884453	2.3289762	8.2536014	0.619605	0.869747	2.463172	1.47619	0.413223	1.7131086	1.8373332	6.982187	0.1750418	0.044287	0	0.8485	0.1328218	0.246305	0.16744	21.670592	0.1328218	0.998085	0	1.1077036	0	2.132658	4.299632	0.6358032	2.467217	6.93589	0.9463828	3.874261	0.0333333	1.242388	0	0.232966
K02340	0.297619	0	0	0.297619	1.21212	0.437173	0	1.323164	0	0.466184	0.794715	1.3413057	0	0	2.863719	0	0	0.408163	0	0	0	0	0	0.178231	0	0	0	0	0	0	0	0	0	0.298222	0	0	0.953935	0	0	0	0.2210142	0	0.355872	0.0320285	0.181159	2.81585	0	0	1.543159	0.297619	0	1.18599	0	0.0567633	0	1.524129	0	0	0	0	0	0	0	1.207483	0	0.529252	1.237291	0	0.835983	0	0	0	0	0	0	0	0	1.35057	0.394928	0	0.132859	0.362318	0	0.289251	0	1.111037	0.181159	0	0.385241	0	0	0	0	0.362319	0	0	0	0	0	0.176328	0.253623	0.355872	0	0	0	0	0	0.221239	0.181159	0	0.338936	0.840664	0.177936	0.177936	0	0	0	0
K11709	1	0	0	0	0	0.681481	0	0	0	0	1	1	0	0	0	0	0	0	0	0	0	0	0.037037	0	0	0	0	0	0	0	0	0	0	0	0	0	0	0.309598	0	0	0	0	0	0	0	1.386244	0	0	0.392593	0	0	1	0	0	0	0	0	0	0	0	0	0	0	2.75556	0	0	0	0	0	0	0	0	0	0	0.666667	0	0	0	0	0	0	0	0	0	0	0	0	0	1	0	0	0	0	0	0	0	0	0	0	0	0	0	0	0	0	0	0	1	0	0	0	0	0	0	0	0	0	0
K01489	0	0	0	0	0	0	0	0	0	0	0	0	0	0	0	0	0	0	0	0	0	0	0	0	0	0	0	0	0	0	0	0	0	0	0	0	0	0	0	0	0	0	0	0	0	0	0	0	0	0	0	0	0	0	0	0	0	0	0	0	0	0	0	0	0	0	0	0	0	0	0	0	0	0	0	0	0	0	0	0	0	0	0	0	2	0	0	0	0	0	0	0	0	0	0	0	0	0	0	0	0	0	0	0	0	0	0	0	0	0	0	0	0	0	0	0	0	0
K01928	0	0	0	0	0	0	0	0.177536	0	0.343249	0.971685	0.579395	3.998276	0	0	0	0	0	0	0	0.11236	0	0	0	0	0	0	0.22472	0.742494	0	0	0	0	0	0	0	0.21526364	0.224719	0	0.25	0	0.2931838	0	0.50566	0	0	0	0	0	0	0	3.379297	0.937069	0	0	0.521732	0	0	0.343249	2	0	0	0	0	0	0.234742	0.2734091	0	0	0.463768	0	0	2.643869	0	0.339135	0	0	0.246377	0	0	0	0	3.418213	0.684755	0.11236	1.141719	0	0	0.443452	0.162547	0	0	0.114416	0.84775	0	0	0	0	0	0	0	2.865488	0	0	0	0	0	0	0.124345	0	0	0	0	0.768198	0	0.449439	0	0.11236
K00615	0	0	0	0	0	0.652111	0	0.218341	0	0.723435	2.741111	2.978192	0	0	0.198246	0	0	0	0	0	0	0.526316	2.61863	0	0	0.218341	0	2.35502	1.063302	0	0.457895	0	0	0	0	0.488372	0.655022	0	0	0.899179	0	0.436681	5.24017	0.366812	0	0.526316	0	0	0.263158	0	0	4.77573	0	0.726316	0.3042306	3.209608	0	0	0.218341	0.347619	0	0	0	3.329661	0	0	3.291261	0.998744	0	0.592431	0	0	6.742028	0	2.790767	0	0.27933	0.631579	0.510864	0.436682	0.677057	0	0.486172	1.19214	0.218341	0.978166	0	0	0.183486	0	0	0.0887918	0.103348	2.241294	0	0	0	0	0	0	0	4.119894	0	0	0	0	0	0	0.41896	0	0	0	0.760684	1.538173	0	1.349602	0	0
K02346	0	0.112613	0	0	0	0.12285	0	0.464268	0	0	0.00669643	1.745521	0	0	0	0	0	0.000768049	0	0.115207	0	0	0.225734	0.318471	0	0	0	0	0.324675	0	0	0	0.219048	0	0	0	0.121951	0	0	0.153846	0	0.0525526	0	0.160271	0	0.4168053	0	0	0	0	0	0.8915961	0.253807	0	0.336326	0.334821	0	0.225225	0	0	0.43572	0	0	0	0.111862	0	0.908339	0	0.10989	0	0	0	3.816032	0	0.112867	0.59677	0	0.357063	0	0.112867	0	0	0.252321	0.7484965	0.035533	4.04376676	0	0	0.112867	0.278652	0	0.112613	0	1.43392	0	0	0	0	0.225734	0	0	1.521612	0.212961	0	0	0.25	0	0	0.176339	0	0.349291	0.714286	0	0.112867	0	0.224973	0	0
K01929	0	0	0	0	0	0	0	0	0	0	0	0	0	0	0	0	0	0	0	0	0	0	0	0	0	0	0	0	0	0	0	0	0	0	0	0	0	0	0	0	0	0	0	0	0	0	0	0	0	0	0	0	0	0	0	0	0	0	0	0	0	0	0	0	0	0	0	0	0	0	0	0	0	0	0	0	0	0	0	0	0	0	0	0	0	0	0	0	0	0	0	0	0	0	0	0	0	0	0	0	0	0	0	0	0	0	0	0	0	0	0	0	0	0	0	0	0	0
K06282	0.834356	0	0	0	0	1.611215	0	0	0	1.060606	2.331168	2.195545	0.740404	0	0.306748	0	0	0	0	0.30303	0.0484848	0	0	0	0	0	0	0.1969695	5.161982	0	0.0990099	0.306748	0.292929	0	0	0	1.030206	0	0.0777778	2.570865	0	0.2151514	3.745869	2.152528	0	0.0511247	0.356565	0	0	0.0515152	0	7.836438	0	0.368284	2.2102985	3.566492	0	0.343785	0	0.30303	0.658487	0.427273	0	1.897518	0	0	4.350763	1.563669	0	0.123232	0	0	12.283246	0	5.235361	0	0	0	0.613497	0.151515	0.4125397	0	2.888625	1.293557	1.461299	5.23993	0.226994	0	1.10322	0.48046	0	0	1.06061	1.81427	0	0	0	0	0.151515	0.687339	0	15.249069	0	0	0	0	0.605051	0	0	0	0	0	0	2.0265288	0	0.724638	0	0.151515
K01737	0	0	0	0	0	0	0	0	0	0	0.862434	0	0	0	0	0	0	0	0	0	0	0	0	0	0	0	0	0	0	0	0	0	0	0	0	0	0	0	0	0	0	0	0	1.22388	0	0	0	0	0	0	0	0.480952	0	0	0	0.407407	0	0	0	0	0	0	0	0	0	0	0.358209	0	0	0	0	0	0	0	0.517413	0	0	0	0	0	0	0	0	0.497355	0	0	0	0	0	0	0	0	1.44444	0.981126	0	0	0	0	0	0	0	0.956172	0	0	0	0	0	0	0	0	0	0	0	0	0	0.0047619	0	0
K01924	0	0	0	0	0	0	0	0	0	0	0	0	0	0	0	0	0	0	0	0	0	0	0	0	0	0	0	0	0	0	0	0	0	0	0	0	0	0	0	0	0	0	0	0	0	0	0	0	0	0	0	0	0	0	0	0	0	0	0	0	0	0	0	0	0	0	0	0	0	0	0	0	0	0	0	0	0	0	0	0	0	0	0	0	0	0	0	0	0	0	0	0	0	0	0	0	0	0	0	0	0	1	0	0	0	0	0	0	0	0	0	0	0	0	0	0	0	0
K02601	7.37726	0.992248	0	1.26357	4.11628	9.235135	0	47.220474	0	9.897091	33.060818	50.008385	8.304907	0	19.956094	0.997416	0.705426	10.1653835	0.7751942	2.056845	1.816981	0.366925	2.026284	8.04134	13.5426	1.780362	0	8.863048	8.589217	0	1.55039	1.8553	9.054265	3.51421	1.99483	3.108523	20.410523	0.883721	0.622739	14.951349	3.591735	8.72396	1.281654	13.622747	6.64858	42.36476	0	0	1.87339	2.416024	0	82.775322	0.361979	6.18088	7.592617	17.65633	0.209302	2.015946	1.100775	1.32558	33.78811	11.90009	4.379845	18.44235	14.56849	7.48579	43.23631	6.325577	2.266151	0.98708	0.103359	1.40568	91.4788	0.9741604	15.926857	18.909579	0.728682	11.020636	20.6641	3.509039	2.453064	5.511629	6.258402	8.344115	2.671835	48.345095	4.06977	1.68992	1.514212	4.602065	1.276486	1.940564	6.845402	28.73513	0.387597	0	0	0.294574	0.356589	0.302326	0	43.301997	0.656775	0.55814	0	1.0646	2.322634	0.607235	3.612855	1.29974	5.064599	1.26098	2.591734	9.025032	0	7.333329	0	0.390625
K01933	0	0	0	0	0	0	0	0	0	0	0	0	0	0	0	0	0	0	0	0	0	0	0	0	0	0	0	0	0	0	0	0	0	0	0	0	0.328947	0	0	0	0	0	0	0	0	0	0	0	0	0	0	0	0	0	0	0	0	0	0	0	0	0	0	0	0.0745614	0.164474	0	0	0	0	0	0	0	0	0	0	0	0	0	0	0	0.552937	0.325733	0	0	0	0	0	0.343832	0	0	0	0	0.164474	0	0	0	0	0	0	0	0	0	0	0	0	0	0	0	0	0	0	0	0	0	0	0	0
K16787	0.409278	0	0	0.255878	0	0.543478	0	6.230213	0	0.226244	1.323299	6.3450774	1.579914	0.0960452	1.791526	0	0	0.168776	0	0	0	0	0	0.978623	0.225738	0	0	0.488688	1.497869	0	0	0	0.4219843	0.134855	0.287105	0.330317	0.7226747	1.092286	0	0.452489	0.361323	0	0	1.61845	0.556223	1.310306	0	0	0.226244	0.316456	0	3.672191	0.7234975	0.329978	0.252102	0.663458	0	0	0	0.253164	0.646434	1.393434	0	0.207469	2.09466	0.2996652	1.0282921	0.6708171	0.179856	0.664352	0	0	2.254747	0	5.7223892	2.283339	0	0.209205	0.7207933	0.763375	0	0.759595	0	0.39790398	0.0253165	3.13342877	0.226244	0	1.0344816	0.108597	0.384472	0	0.895753	1.0921387	0	0	0	0.329978	0	0	0	6.6620324	0	0	0	0.424288	0.226244	0.21097	0.7216099	0	0.311203	0.668747	0	0.45098	0	0.103734	0	0
K03551	0	0	0	0	0	0	0	0	0	0	1.38333	0	0	0	0	0	0	0	0	0	0	0	0	0	0	0	0	0	0	0	0	0	0	0	0	0	0	0	0	0.731884	0	0	0	1.73188	0	1	0	0	0	0	0	0	0.792793	0	0	0	0	0	0	0	0	0	0	0	0	0	0	0	0	0	0	0	1.15315	0	0	0	0	0	0	0	0	0	0	0	0	0	0	0	0	0	0	0	0	0.325	0	0	0	0	0	0	0	0.949275	0	0	0	0	0	0	0	0	0	0	0	0	0	0.733333	0	0
K03708	0	0	0	0	0	1.197691	0	0	0	0	0.445455	0.390909	0	0	0	0	0	0	0	0.454545	0	0	0	0	0	0	0	0	0	0	0	0	0.909091	0	0	0	0	0.619469	0	0.442424	0	0	0	0.454545	0	0	0	0	0	0.257576	0	0.924242	0	0	0	2.239396	0	0.253968	0	0	0	0	0	0.887879	0	0	0.324242	0	0	0.109091	0	0	0.430678	0	0	0	0	0	0	0.360606	0	0	0	1.11209	0.454545	1.70206	0	0	0	0	0	0	0.775811	3.53982	0	0	0	0	0	0	0	1.97576	0	0	0	0	0	0	0	0	0	0	0	0.454545	0	0.818182	0	0
K00768	0.175676	0	0	0	0	0	0	2.81419	0	0.858974	0.844595	1.093579	0	0.675676	0	0	0	0.453829	0	0.168919	0	0	0	0.018018	0.506757	0	0	0	0	0	0	0	0.337838	0.168919	0	0.337838	0	0	0	0.675676	0	0.168919	0	0	0.283784	1.61824	0	0	0.168919	0	0.337838	0.168919	0.306306	0	0.162338	0	0	0	0	0	1.01351	0	0.168919	0	1.54167	0.335586	3.435809	0	0	0.0788288	0	0	0	0	0	0.337838	0.168919	1.0157635	0.506757	0.168919	0	0	0	1.61364	0	2.001725	0.337838	0	0.364865	0	0	0.0135135	0.168919	0	0	0	0	0	0	0.488739	0	0	0	0	0	0.168919	0	0	0	0.168919	0	0	0	0	0	0	0	0
K07139	0	0	0	0	0	0	0	0.911111	0	0	0	0.833333	0	0	0	0	0	0	0	0	0	0	0	0	0	0	0	0	0	0	0	0	0	0	0	0	0	0	0	0	0	0	0	0	0	0	0	0	0	0	0	0	0	0	0	0	0	0	0	0	0	0	0	0	0	0	0	0	0	0	0	0	0	0	0	0	0	0.633333	0	0	0	0	0	0	0	0	0	0	0	0	0	0	0	0	0	0	0	0	0	0	0	0	0	0	0	0	0	0	0	0	0	0	0	0	0	0	0	0
K03979	0	0	0	0	0	0.694384	0	0.424243	0	0.943975	0.9720771	0.7845511	0.26738	0	0.232558	0	0	0	0	0	0.389704	0	0	0	0	0	0	0.0383244	0.668449	0	0	0	0	0	0	0	0	0.26738	0	0	0	0.40107	1.20321	0	0	0.331126	0	0	0	0.256014	0	6.81797	0	0.0454545	0.266488	2.165565	0	0.13369	0	0	0.331126	0.26738	0	0.123886	0	0.232558	0.517712	0	0	0.232558	0	0.26738	6.189762	0	0.867083	0.556291	0.13369	0	0	0.278199	0.224599	0.13369	0.23975	0.708121	0.26025	1.720058	0	0	0	0.13369	0	0	0.0427807	2.248435	0	0	0	0	0	0	0	4.111601	0	0	0	0	0	0	0.0606061	0	0	0	0.134771	0.479501	0	0.2204444	0	0
K07088	0	0	0	0	0	0.251096	0	0	0	0	0.304752	0.164474	0	0	0.328947	0	0	0	0	0	0	0	0	0	0.591716	0	0	0	0	0	0	0	0	0	0	0	0.168919	0	0	0.337838	0	0.168919	0.185874	0	0	0.0679825	0.168919	0	0	0	0	1.394094	0	0	0.328947	0.349108	0	0.119518	0	0	0	0.418146	0	0	0	0	0.235746	0	0	0	0	0	0.675676	0	0.42627	0	0	0	0.941886	0.153153	0.156532	0	0	0.371747	0.185874	1.0500245	0	0	0.244369	0.168919	0	0.168919	0.308551	1.077199	0	0	0	0	0	0	0	0.863634	0	0	0	0	0	0	0.185874	0	0	0	0	0.337838	0	0.208333	0	0
K03832	0	0	0	0	0	0	0	0	0	0	0	0	0	0	0	0	0	0	0	0	0	0	0	0	0	0	0	0	0	0	0	0	0	0	0	0	0	0	0	0	0	0	0	0	0	0	0	0	0	0	0	0	0	0	0	0	0	0	0	0	0	0	0	0	0	0	0	0	0	0	0	0	4.78947	0	0	0	0	0	0	0	0	0	0	0	0	0	0	0	0	0	0	0	0	0	0	0	0	0	0	0	0	0	0	0	0	0	0	0	0	0	0	0	0	0	0	0	0	0
K11752	0	0	0	0	0	0.110798	0	0	0	1.119711	0.728554	0.6039923	0	0	0.166113	0	0	0.140845	0	0	0.140845	0	0	0.140845	0.141643	0	0	0.382159	1.196885	0	0	0	0.234742	0	0	0	1.701281	0	0.221239	0	0	0.306958	1.03662	0	0	0.56338	0	0	0	0	0	4.5383793	0	0	0	0.835214	0	0.0807512	0	0	0	0.337089	0.219764	0	0.562441	0	0.985915	0	0	0.32821	0	0	4.597085	0	0.28169	0.140845	0	0.140845	0.306958	0	0	0.272101	0.140845	0.196078	0.383099	1.0008545	0	0	0.56338	0.265728	0	0	0.306958	1.651081	0	0	0	0	0	0	0	5.523658	0	0	0	0	0	0.10472	0.28169	0	0.704225	0	0.2355397	0.93328	0	0.620869	0	0
K01011	0	0	0	0	0	1.204546	0	3.0254946	0	0.63721	0.679458	2.901131	0	0	0.634051	0	0	0.704984	0.224215	0	0	0	0	0.672645	0.381679	0	0	0.44843	0.828101	0	0	0.13154	0.44843	0	0	0	0.3153959	0	0	0.622316	0	0.0021097	1.000351	1.3227985	0.891943	2.482412	0	0	0.224215	0.44843	0	1.054949	0	0.224215	0.896861	1.495974	0	0.224215	0	0	0.749334	0.467862	0	0	0.571437	0.224215	2.0520192	0.0511696	0	0	0	0	1.121076	0	0	0	0	0.431988	3.710273	0	0	0.104634	1.12108	0.371429	0.392154	6.4601453	0.148148	0	1.116159	0.672646	0	0	0.125	3.886859	0	0	0	0.15994	0	0	0	2.13752	0	0	0	0.224215	0	0	0.44843	0	0	0	0.224215	0.222222	0	0.581358	0.22571	0
K02996	0	0	0	0	0	3.50617	0	0	0	0	1.39095	0	1.97531	0	0	0	0	0	6.81313	0.868313	0.251029	0	0	0	0.337449	0.386831	0.732323	0.378601	0	0	0	0.237374	0	0	0	0	2.39506	0	0	0.584362	0	5.35391	0.613169	7.48971	0	0	0	0	0.540404	0	0	7.54733	0	0	0.20202	6.49383	0	0	0	1.22634	0	1.842502	0	0.345679	0	0	7.87898	0	0	1.23457	0	0	8.24691	0	1.85185	0	0.757576	0	0	0	0.617284	0	0	0.839506	0	5.30041	0	0.255144	0.617284	0	0	0	0	5.47325	0.757576	0	0	0	0	0	0	3.12346	0	0	0	0.494949	0	1.777408	0	0	0	0	0	1.83951	0	1.04527	0	0
K01057	0	0	0	0.445783	0	0.495431	0	0	0	0	0.853566	0	0	0	0	0	0	0.297778	0	0	0.49505	0	0	0	0.247525	0	0	0.734324	0	0	0	0	0	0	0	0	0.247525	0	0	0	0	0	0	0	0	0.337778	0	0	0	0	0	4.0986631	0	0	0	1.717922	0	0	0.153465	0	0	0	0	0	0	0.311111	0.375502	0.438596	0	0	0	0	0.49505	0	1.356436	0	0	0	0	0.186469	0	0	0	1.323084	0	2.469255	0	0	0	0.0363036	0	0	0.445545	4.07921	0	0	0	0	0	0	0.346667	3.143563	0	0	0	0	0	0	0	0	0	0	0	0.351485	0	0	0	0
K03978	0.819672	0	0	0.395264	0.273224	1.094397	0	25.107858	0	1.1748632	12.141831	23.7129861	2.94354	0.582766	3.2859777	0	0	4.021859	0.817851	0.586521	0	2.14936	1.47059	4.154836	2.183966	0.42773	0.3406197	2.8051	5.520699	0	0	0	0.834244	0.68306	3.82331	1.637917	2.625803	0.9472183	0	3.21311	0.724954	2.95875	4.282328	2.376046	1.85975	7.901646	0.3475847	0	0.357013	0.273224	0	33.205339	0	1.0765032	1.729328	6.2257777	0	1.36612	0.471767	1.092896	4.1785017	1.070559	1.0929	6.208814	4	0.854281	9.530054	2.753782	1.045537	0.116576	0	0	20.47594	2.08561	2.37698	2.652095	0.6539167	1.666665	2.903465	1.092896	0	1.939756	0.812386	2.90405299	1.557377	24.875164	0.2987249	0	0.977721	1.91257	0.593807	0.708561	2.63957	8.18586	0	0	0	0.273224	0	0	0.273224	11.153004	0	0	0	0.134791	0.118397	1.15958	3.024722	0.123862	0.546448	0	0.537341	4.68298	0	1.003643	0	0
K07089	0	0	0	0	0	0.234268	0	0	0	0	0.108225	0	0	0	0	0	0	0	0	0	0	0	0	0	0	0.596573	0	0	0.410611	0	0	0	0	0	0	0	0.108225	0.21645	0	0.2369628	0	0	0.21645	0.448332	0	0	0	0	0	0	0	0.995174	0.21645	0	0.128205	0.45288	0	0	0	0	0	0	0	0	0	0	0.1709956	0	0	0	0	0	0.933511	0	0.217157	0	0	0	0	0	0	0	0.679654	0.384615	0.128205	0.787255	0	0	0	0.21645	0	0	0.21645	0.941836	0	0	0	0	0	0	0	3.661771	0	0	0	0	0	2	0	0	0	0	0	0.456695	0	1.233645	0	0.108225
K02952	0	0	0	0	0	0	0	0.787234	0	0	0	0	0	0	0	0	0	0	5.34211	0	0	0	0	0	0	0	0	1.25439	0	0	0	0	0	0	0	0	0	0	0	0	0	0	0	0	0	0	0	0	0	3.95614	0	0	0	0	0	0	0	0	0	4.84211	0	0	0	0	0	0	8.48246	0	0	0	0	0	0	0	0	0	0	0	0	0	0	0	0	0	0	0	0	0	0.333333	0	0	0	0	0.596491	0	0	0	2	0	0	0	0	0	0	0	0	0	0	0	0	0	0	0	0	0	0	0	0
K03671	0	0	2	0	0	0	0	0	0	0.576577	0	0	0	0	0	0	0	0	0	0	0	0	0	0	0	0	0	0	0	0	0	0	0	0	0	0	0	0	0	0	0	0.62963	0	0	0	0	0	0	0	0	0	0	0	0	0	1.62162	0	0	0	0	0	0	0	0	0	0	0	0	0	0.693694	0	0	0	0	0	0	0	0	0	0	0	0	0	0	0	0	0	0	0	0	0	0	0	0	0	0	0	0	0	0	0	54.955	0	0	0	0	0	0	2.69369	0	0	0	0	0	0	8.01802	0	0
K00370	0	0	0.236967	0.8344289	0	2.2236401	0	11.492476	0	2.9528804	2.0988931	5.8859321	0.0952381	0	1.109878	0	0	0.862316	0.154386	0.300633	0.1492746	0.501253	0.142222	1.1318569	0.7591793	0	0	1.6503158	1.3173049	0	0	0	0.753295	0	0.89013	0.0933333	2.9795312	0	0	4.544048	0	3.525476	4.5791912	0.8075574	0.538823	0.450093	0.288822	0	0.2046131	0.5569905	0	11.5307643	0	0.1231552	0.871719	1.8717952	0.0932836	0.344169	0	0	0.589757	1.6515796	0.380952	3.3387615	0	0	3.174907	2.457518	0.070922	1.041894	0	0	8.7351661	0.297537	3.1859588	0.8206144	0.055991	0.412892	0.368453	1.15237345	1.612872	3.7934774	3.134488	4.169845	0.2696235	29.7419487	0.2551614	0.110126	1.6040985	0	0.1492746	1.3891203	1.1342041	4.801079	0.134875	0.0830565	0.205761	0.99286	0	0.205761	0	30.9717646	0.205761	1.084425	0	0.1936022	0.6518996	1.69168	3.408607	0	3.255612	0.226468	0.5163054	7.0813475	0	2.069725	0	1.041673
K00764	0	0	0	0	0	0	0	0	0	0	0	0	1.158504	0	0	0	0	0	0	0	0	0	0	0	0	0	0	0	0	0	0	0	0	0	0	0	0	0	0	0	0	0	0	0	0	0	0	0	0	0	0	1.38504	0.537778	0	0	0.384	0	0	0	0	0	0	0	0	0	0	0	0	0	0	0	0	0.205962	0	0.119574	0	0	0.118203	0	0	0	0	0	0	0	0	0	0	0.357333	0	0	0	0	0.122249	0	0	0	0	0	0	0	0	0	0	0	0	0	0	0	0	0	0	0	0.12285	0	0	0.183456	0
K12960	0	0	0	0	0	0	0	0	0	0	0	0	0	0	0	0	0	0	0	0	0	0	0	0	0	0	0	0	0	0	0	0	0	0	0	0	0	0	0	0	0	0	0	0	0	0	0	0	0	0	0	0	0	0	0	0	0	0	0	0	0	0	0	0	0	0	0	0	0	0	0	0	0	0	0	0	0	0	0	0	0	0	0	0	0	0	0	0	0	0	0	0	0	0	0	0	0	0	0	0	0	0	0	0	0	0	0	0	0	0	0	0	0	0	0	0	0	0
K11720	0	0	0	0	0	0	0	0	0	0	0	0	0	0	0	0	0	0	0	0	0	0	0	0	0	0	0	0	0	0	0	0	0	0	0	0	0	0	0	0	0	0	0	0	0	0	0	0	0	0	0	0	0	0	0	0	0	0	0	0	0	0	0	0	0	0	0	0	0	0	0	0	0	0	0	0	0	0	0	0	1	0	0	0	0	0	0	0	0	0	0	0	0	0	0	0	0	0	0	0	0	0	0	0	0	0	0	0	0	0	0	0.909722	0	0	0	0	0	0
K06942	0	0	0	0	0	0	0	0	0	0	0	0	0	0	0.97037	0	0	0	0	0	0	0	0	0	0	0	0	0	0	0	0	0	0	0	0	0	0	0	0	0	0	0	0	0	0	0	0	0	0	0	0	0	0	0	1.12593	0	0	0	0	0	0	0	0	0	0	0	1.64444	0	0	0	0	0	0	0	0	0	0	0	0	0.294118	0	0	0	0.294118	0	0	0.748148	0	0	0	0	0	0	0	0	0	0	0	0	0	0	0	0	0	0	0	0	0	0	0	0	0.147059	0	0	0	0	0	0
K02337	0.2429215	0	0	0.2998382	0	0.287791	0	4.5792389	0	1.33311	0.6914743	1.9856172	0.092081	0	0.1434368	0	0	1.17778	0	0	0	0	0.2476861	0.2652581	0.375527	0.396825	0	0.5002501	0.2208192	0	0	0	0.4136323	0.186567	0	0	0.2945653	0	0	1.5159267	0.305764	0.0459137	0	0.4414882	0	0.83397805	0.092081	0	0	0	0	6.4812753	0.223214	0.0460405	0	0.8473954	0	0.4778097	0.0508732	0	0.4584936	0.3096816	0	1.866039	0.81062	0.1606	1.0116058	0.0460405	0.0460405	0.0460405	0	0	0.354512	0.409836	0.3544712	0.5047783	0.538095	0.7309243	1.4579251	0.1841625	0	1.528981	1.044208	0.595094	0.116558	8.5587217	0.168919	0	0.1219415	0.130755	0	0.0460405	0.2849	0.981751	0	0	0	0	0	0	0	1.08183	0	0	0	0.688525	0	0	0.0460405	0.0535332	0.4514985	0	0	0.5640924	0	0.350331	0	0
K00931	0	0	0	0.572016	0.308642	0.340535	0	3.815843	0	0.925926	1.75947	5.23627	2.77778	0	1.282922	0	0	0.319959	0.154321	0	0.12037	0	0	1.008231	0	0.118313	0	1.04321	0.791603	0	0	0	1.975309	0.154321	0	0.752252	1.4356845	0	0	0.443801	0	0.771605	0.281893	1.054269	0.693416	1.380658	0.154321	0	0.308642	0.609053	0	1.672841	0.154321	0.308642	0.16129	1.402828	0	0.154321	0	0	1.72634	0.617284	0	1.218903	1.433127	0.462963	1.870702	0.762346	0.598765	0.771605	0	0	5.111349	0	1.218733	1.3467039	0.130658	0.513375	2.342591	0.463991	0.154321	0.838477	0.605452	0.0895062	0.16129	2.020688	0	0	0.61214	0.222222	0.058642	0.154321	0.154321	2.202815	0	0	0	0	0.724638	0	0	4.088192	0	0	0	0	0	0	0.308642	0	0.770576	0.299383	0.222222	1.646094	0.154321	0.277778	0	0.384774
K05808	0	0	0	0	0	0	0	0	0	0	0	0	0	0	0	0	0	0	0	0	0	0	0	0	0	0	0	0	0	0	0	0	0	0	0	0	0.925926	0	0	0	0	0	0	0	0	0	0	0	0	0	0	0	0	0	0	0	0	0	0	0	0	0	0	0	0	0	0	0	0	0	0	0	0	0	0	0	0	0	0	0	0	0	0	0	0	0	0	0	0	0	0	0	0	0	0	0	0	0	0	0	0	0	0	0	0	0	0	0	0	0	0	0	0	0	0	0	0	0
K03217	4.13953	0.289017	0	1.382622	0	2.644738	0	11.160827	0	1.801361	8.842032	15.92891	2.034681	0.578035	8.705248	3.053679	0	2.723476	0	0.355133	0.864373	1.15607	0	1.218866	2.188259	0.3795763	0	3.261368	4.718537	0.454733	0	0	7.735232	1.611167	0.6499304	1.377622	3.066167	0	0	4.91329	1.034824	1.887482	11.64829	3.177362	2.61179	11.884967	0.768524	0	2.344722	1.491525	0	21.614473	0	2.082701	5.289401	6.78507	0.289017	0.119461	0	0.144509	6.375736	7.197684	0.289017	5.374639	2.406576	4.511118	7.073697	0.843195	0	0.217726	0	0.534031	33.30167	0	2.326775	5.603312	0.16763	1.840939	8.393186	0.797687	0.745664	4.275613	1.645472	0.982659	0.863748	12.130822	0.42941	0	1.187895	0.867052	0.571503	1.368015	3.309132	13.7260308	0.289017	0	0	0.3407781	0	0	0	12.438618	0	0	0	0.573593	0.794239	1.733048	0.9668637	0.289017	0	1.228258	1.409132	2.073217	0	1.676301	0	0.871949
K09748	1.987734	0	0	0	0	1.074198	0	5.127582	0	2.266701	9.25047	5.646827	0.0771144	0	0.72381	0	0	0	0.38835	0	0.320896	0	0	0.212698	1.30794	0	0	0	2.312616	0	0	0	0	0.952381	0	0	3.769545	0	0	0.292064	0	0.8375943	0	0.373134	1.12698	1.54921	0.203883	0	0.698413	0.47619	0	2.32725	0	0.285714	0	2.462306	0	0.47619	0.814404	0.933333	2.86349	0.976527	0	1.906464	2.52698	0.32381	5.6311	1.327697	0	1.468559	0	0	9.96269	0	1.500954	4.756669	0.47619	2.55556	5.473597	0	0.373134	1.31653	1.279801	2.67296	0.373134	7.710042	0	0	2.52533	0.587065	0	0.47619	1.41045	4.931499	0	0	0	0.260317	0.75188	0	0	10.784575	0	0	0	0.104762	0.47619	0	0.342068	0.320388	0	0.431373	0.485437	1.827402	0	3.58067	0	0.603056
K01889	0	0	0	0	0	0.171821	0	0	0	0.657258	0.0962199	1.368627	0.339061	0	1.34685	0	0	0	0.46729	0	0	0	0	0.18797	0.28	0	0	0.4027058	0.347222	0	0	0	0	0	0	0	0	0	0	0.758572	0	0.242105	0	0	0	1.01351	0	0	0	1.143617	0	1.621153	0	0.567833	0	0.576352	0	0	0	0.527778	0	0.344275	0	0	0	0.0526919	0.356243	0	1.54167	0	0	0	0.859259	0	1.097706	0.29	0	0.387597	0.659048	0.387597	0	0.242718	0.688061	0.173611	0	1.960716	0	0	0	0	0	0	0	0.561283	0	0	0	0	0	0	0	2.341761	0	0	0	0	0	0	0.347222	0	0	0	0	0	0	0.583047	0	0
K06207	0	0	0	0	0	0.135135	0	0	0	0.345946	0	0	0	0	0	0	0	0	0	0	0.213514	0	0	0	0	0	0	1.135135	0	0	0	0	0	0	0	0	0	0.540541	0	0.404505	0	1.10631	0	0.135135	0	0	0.104505	0	0	0	0	0	0	0	0	0	0	0	0	0	2.38889	0.965278	0	0	0	0	0.27027	0	0	0	0	0	1.21532	0	0	0	0	0	0	0.27027	0.135135	0	0	0.424324	0	0	0	0	0	0	0	0	0	0.884685	0	0	0	0	0	0	0	0.809009	0	0	0	0	0	0	0	0	0	0.135135	0	0	0	0	0	0
K00013	0	0	0	0	0	0	0	0	0	0	0	0	0	0	0	0	0	0	0	0	0	0	0	0	0	0	0	0	0	0	0	0	0	0	0	0	0	0	0	0	0	0	0	0	0	0	0	0	0	0	0	0	0	0	0	0	0	0	0	0	0	0	0	0	0	0	0	0	0	0	0	0	0	0	0	0	0	0	0	0	0	0	0	0	0	0	0	0	0	0	0	0	0	0	0	0	0	0	0	0	0	0	0	0	0	0	0	0	0	0	0	0	0	0	0	0	0	0
K00940	0	0	0	0	0	0	0	0	0	0	0	0	0	0	0	0	0	0	0	0	0	0	0	0	0	0	0	0	0	0	0	0	0	0	0	0	0	0	0	0	0	0	0	0	0	0	0	0	0	0	0	0	0	0	0	0	0	0	0	0	0	0	0	0	0	0	0	0	0	0	0	0	0	0	0	0	0	0	0	0	0	0	0	1.11382	0	0	0	0	0	0	0	0	0	3.60976	0	0	0	0	0	0	0	0	0	0	0	0	0	0	0	0	0	0	0	0	0	0	0	0
K00798	1.3224	0.254098	0	0.409836	0.106557	1.063908	0	7.978147	0	2.54645	4.384361	14.866696	0	0	0.7398597	0	0	5.4424662	0.517615	0.860656	0	0.819672	0	3.6770227	3.57923	0	0	0	0	0	0	0	2.89566	0	0	0	6.713114	0	0	0.409836	0	1.166067	0	0	1.229508	10.36339	0.409836	0	0	1.927431	0	1.239104	0	0.819672	0.409836	1.520658	0	0	0	0	4.7836176	1.774712	1.071038	4.31147	1.461746	2.777158	6.733397	0.387978	1.629704	0.224044	0	0	2.53279	0	0	5.253504	0.81694	2.085791	5.570952	2.599823	0.202186	2.383069	0	0.739837	0.617886	14.61775	0.861789	0	0.966682	0	0	0.34153	0.333333	3.262292	0	0	0	0	0	0	0	0	0	0	0	0.779888	0	0.406504	1.374317	0	0.797814	0.229508	0	0.759563	0	0.352304	0	0
K03785	0.127132	0	0	0	0	0	0	0.232558	0	0	0.423729	0	0	0	0	0	0	1.038415	0	0	0	0	0	0.651852	0	0	0	0	0	0	0	0	0	0	0	0	0	0	0	0	0	0	0	0	0	0.671318	1.211864	0	0.384409	0	0	0	0	0	0	0.624465	0	0	0.0649718	0	0.537772	0.211864	0	0.211864	0	0	1.33333	0	0.186441	0	0	0	0	0	0	0.172316	0	2.33378	1.629716	0	0	0	0	0	0	0	0	0	0	0	0	0.211864	0.221239	1.977824	0	0	0	0	0	0	0	0	0	0	0	0	0	0	0.423729	0	0	0	0	0.221239	0	0	0	0
K05896	0	0	0	0	0	0	0	3.871591	0	0.92789	0	2.702149	0	0	0.723728	0	0	0	0.0902778	0	0	0	0	0.461806	0.123264	0	0	0	0.859375	0	0	0	0	0.260417	0	0	0.654514	0	0	0	0.298246	0	0	0.0138889	0	0.440134	0	0	0	0.114583	0	1.643977	0	0.260417	0	0.75	0	0.161458	0	0	0.135417	0	0	1.366776	0.376736	0.83513	0.697917	0	0	0	0	0	0.949653	0	0	0.692298	0	0	0.463542	0	0	0.520833	0	0.611111	0	3.594406	0	0	0	0.260417	0	0	0.258681	2.942705	0	0	0	0	0	1.475655	0	2.371622	0	0	0	0	0	0.684932	0.697917	0	0	0.123264	0	0.0277778	0	1.626777	0	0
K07584	7.569701	0	0	0.448485	5.39394	14.024241	1.33939	11.854543	0	1.569697	38.4303121	13.242434	6.121208	0	21.7757788	0	0	7.824242	0.563636	1.678787	2.218182	0.187879	3.66667	9.2363672	7.096968	2.2677522	0	13.8000022	7.575762	1.26061	0	2.0666678	16.072723	1.436363	0	0	15.848496	2.34545	0.872727	2.13939	1.921207	6.096968	4.1333343	0.569697	8.5090873	52.38789	1.2	0	4.884845	2.7696937	0	57.721197	0.448485	9.666666	7.684844	20.381816	0.230303	2.903028	0	0	19.38186	18.5212152	4.248479	27.145478	4.393943	3.939389	47.338333	4.14545	0.793939	2.31515	0	0	12.15152	0	7.824249	27.490899	4.975761	9.72728	21.648466	1.133333	2.818181	4.99394	3.218187	0.684848	5	33.315149	1.745454	24.897001	5.787879	7.169695	1.230303	7.163638	2.400001	59.36723	0	0	0	0.557576	1.79394	0	0	4.551518	0	0	0	0.690909	0	0	4.442419	0	2.57575	3.387874	0	7.836367	0	0	0	0.206061
K15986	0.553031	0	0	0	0.757576	1.920322	0	0.318182	0	0.0858586	2.884378	0.189394	0	0.378788	1.05303	0	0	0.378788	0.378788	0	0.227273	0	0	1.44872	2.378104	0	0	1.2692749	3.48421	0	0	0.189394	0	0	0	0	1.690657	0	0.106061	0.356061	0	0.844972	0.378788	1.14378	0.787879	4.066923	0	0	0.671113	0	0	1.362127	0.189394	0.858586	0.481792	1.5209996	0	0.189394	0	0.378788	0.7714649	2.7198898	0	0.378788	0.945707	0.762626	4.691215	0	0	0.378788	0	0	1.56692	0.311869	0	2.89015	0.2260102	0.8030299	4.5163156	0.189394	0	0.378788	1.93651	0.833333	0.494737	8.865994	0.189394	0	0.189394	0.253788	0	0.377525	2.026558	7.1969691	0	0	0	0.189394	0	0	0	7.652743	0	0	0	0.815256	0	0.189394	1.189394	0	0.119949	0.166667	0	0.378788	0	1.246998	0	0.97146
K00425	0	0	0	0.905742	0	0	0	0	0	0	0.372742	0	0	0	0.246305	0	0	0	0	0	0	0	0	0	0	0	0	0	0	0	0	0	1.6289	0	0	0	0	0	0	0	0	0	0	0	0.246305	0	0	0	0	0	0	0.176678	0	0	0	0	0	0	0	0	0	0	0	0	0	0	0.738916	0	0	0	0	0	0	0	0	0.141343	0	0.669289	0.357302	0	0	0	0	0	0	0	0	0	0	0	0	0	0	0	0	0	0	0	0	0	0	0	0	0	0	0	0	0	0	0	0	0	0	0	0	0	0	0
K02931	2.84359	0.538462	0.769231	2.607696	4.69487	4.21539	0	30.46669	0	10.65384	18.09485	56.841	2.54103	1.53846	26.69739	0	0.74359	9.60257	3.515387	1.294871	2.697435	0	2.94359	7.21795	3.92564	3.5282064	0	3.905131	10.5744	0.769231	0.607692	1.264103	6.099995	3.974358	0.6794872	1.843593	10.16923	2.43334	0	15.0718	0.771795	3.18718	5.512821	9.65128	5.433334	10.52307	0.828205	0	4.269235	1.953846	0	61.72824	0	1.358974	3.946149	20.14619	0	4.33077	0.987179	0	22.9487	9.31026	1.86154	9.98974	9.71025	4.11795	13.33077	8.48718	1.42051	1.684616	0	0.882051	79.4487	3.753843	22.53338	11.66667	1.15128	8.50513	19.7667	3.13846	2.366662	4.25128	1.923081	2.56154	1.75641	19.26413	0.879487	0	2.102563	2.10769	1.215384	1.769229	1.741022	23.2513	0	0	0	0.184615	0	0.674359	0.746153	15.05893	0.233333	0	0	0	0.384615	0	1.920512	0.384615	1.448722	0.528205	0	9.38462	0	1.06667	0	0.384615
K07005	0	0	0	0	0	0	0	0	0	0	0	0	0	0	0	0	0	0	0	0	0	0	0	0	0	0	0	0	0	0	0	0	0	0	0	0	0	0	0	0	0	0	0	0	0	0	0	0	0	0	0	0	0	0	0	0	0	0	0	0	0	0	0	0	0	0	0	0	0	0	0	0	0.391185	0	0	0	0	0	0	0	0	0	0.413223	1.78431	0	0	0	0	0	0	0.341598	0	0	0	0	0	0	0	0	0	0	0	0	0	0	0	0	0	0	0	0	0	0	0	0	0	0	0
K07588	0	0	0	0	0	0.273226	0	0	0	0	0.40872	1.331778	0	0	0.476839	0	0	0.13624	0	0	0	0	0	0	0	0.13624	0	0	3.783411	0	0	0	0.949137	0	0	0	0.13624	0	0	0.13624	0	0.2321304	4.402776	0	0	0	0	0	0.13624	0.136986	0	4.793049	0	0	0	0.27248	0	0	0	0	0.544959	0	0	0.202429	0	0.466519	0.621091	0.13624	0	0	0	0	1.909599	0	0.408719	0.544959	0	0	0.136986	0.336058	0.27248	1.351499	0	0.687671	2.72298	0	0	0	0	0	0	0	0.13624	1.073689	0	0	0	0	0	0	0	0.136986	0	0	0	0	0.13624	0.2435967	0.410959	0	0	0.512496	0	1.67671	0	0	0	0
K02013	0	0	0	0	0	0.50165	0	1.49581	0	0	1.306887	0.274725	0.398152	0	0	0	0	0	0	0	0.295858	0	0	0.230894	0	0.393496	0	1.47739	0.251256	0	0	0	0	0	0	0	0.669811	0	0	0.767556	0	0	1.89435	1.240179	0	0	0	0	0	0	0	0.3020781	0.177673	0	0.234277	0.417567	0	0	0	0	0	0	0	1.624621	0	0	1.771732	0.435511	0	1.276381	0	0	3.915131	0	0	0	0	0	0	0.427136	0.2858472	0.502512	0	0.969849	0.730191	5.590915	0	0	0	0.106918	0	0.440536	0.909547	4.238737	0	0	0	0.249581	0	0	0	14.934716	0	0	0	0	0	0.251256	0.412176	0	0	0	0	0.5242882	0	0.520076	0	0.226131
K16962	0	0	0	0	0	0	0	0	0	0	0.94709	1.245041	0	0	0	0	0	0	0	0	0	0	0	0	0	0	0	0	0	0	0	0	0	0	0	0	0	0	0	0.918871	0	0	0	0	0	0	0	0	0	0	0	1.9523824	0	0	0	0	0	0.430335	0	0	0	0	0	0	0	0	0	0	0	0	0	0	0	0	0	0.219239	0	0	0	0	0	0	0	0.153439	0	1.798173	0	0	0	0	0	0	0	1.8452521	0	0	0	0	0	0	0	0.793651	0	0	0	0	0	0	0	0	0	0	0	0.262787	0	0	0	0
K00525	0.4594879	0	0	0.6820635	0.175473	0.8084782	0	5.043914	0	0.795591	1.6721256	2.8948386	0	0	0.0703235	0	0	0.905214	0	0.140647	0.140178	0	0.158228	0.7834108	1.1221963	0.159744	0	0.9587579	0.304579	0	0	0.0703235	0.773558	0.16129	0	0	1.9813348	0	0	1.963295	0.188679	0.8626905	0.902095	2.9458825	0.21097	3.4487997	0	0	0.0687758	0.0703235	0	4.030699	0.4376257	0.140647	0.291545	0.8626024	0	0.2507068	0	0.5944061	1.3447995	0.4026915	0.3929045	0.4425835	0.702766	0.9205835	4.1916995	0.20487588	0	0.0351617	0	0	1.970533	0	0.6458008	0.55338	0.0703235	1.5253296	1.3981423	0.4568715	0.145794	0.206327	0.46821	1.4695633	0.1394026	9.7084847	0	0.5397648	0.667205	0.909066	0.0703235	0.278199	0.524188	5.3793003	0	0	0	0.195695	0.0766355	0.258633	0	11.7446946	0.195695	0.3375217	0	0.0705467	0.917652	1.3300621	2.5343077	0.3453813	1.50077	1.3445178	0.0651664	3.537171	0	4.0781374	0	0.140647
K09729	0	0	0	0	0	0.0242086	0	0	0	0.3367	0.782051	0	0	0	0	0	0	0	0	0	0	0	0	0	0	0	0	0	0	0	0	0	0	0	0	0	0	0	0	0	0	0	0	1.65225	0	0	0	0	0	0	0	6.16924	0	0	0	0	0	0	0	0	0	0	0	0	0	0	1.159222	0	0	2.90323	0	0	0	0	0	0	0	0	0	0	0	0	0.943396	0	0.27933	0	0	0	0	0	0	0	0.258772	0	0.347222	0	0	0	0	0	0	4.687504	0	0	0	0	0	0	0	0	0	0	0	0.0740741	0	1.474122	0	0
K01999	1.26582	0	0	0.760684	0	0	0	0	0	0	0	2.08439	0	0	0.852321	0	0	0.476793	0	0	0	0	0	0.392405	0	0.632911	0	0	0	0	0	0	0	0.455696	0	0	0.594937	0	0	0	0	0	2.59829	0	0	0.64135	0	0	0	0.65812	0	0	0	0.130802	0	0	0	0.438819	0	0	0	1.70042	0.835443	0	0	0	1.85232	0	0.628692	0	0	0	0	0	0	1.922325	0.632911	1.27848	0.632911	0	0	0.632911	0	0	0.632911	2.28692	0	0	0	0	0	0	0	0.632911	0	0	0	0.632911	0	0	0	1.282484	0	0	0	0	0	0	0	0	0	1.1097	0	0	0	0	0	0
K08223	0	0	0	0	0	0	0	0	0	0	0	0	0	0	0	0	0	0	0	0	0	0	0	0	0	0	0	0	0	0	0	0	0	0	0	0	0	0	0	0	0	0	0	0	0	0	0	0	0	0	0	0	0	0	0	0.516667	0	0	0	0	0	0	0	0	0	0	0	0	0	0	0	0	0	0	0	0	0	0	0	0	0	0	0	0	0	0	0	0	0	0	0	0	0	0	0	0	0	0	0	0	0	0	0	0	0	0	0	0	0	0	0	0	0	0	0	0	0	0
K02304	0.265559	0	0	0	0	0.184739	0	2.31983	0	0.60241	0.238956	4.53414	0	0	1.104417	0	0.301205	0	0	0.45045	0	0	0	0.487952	0.259036	0	0	0.682731	0.917431	0	0	0	0	0	0	0.570281	0.23494	0	0	1.16064	0.216867	0	0.88755	0	0.212851	0.3214962	0	0	0	0	0	1.796502	0	0	0	1.523004	0	0.811409	0	0	0.815092	1.64021	0	0.706916	2.90763	0.843373	0.562815	0	0	0	0	0	2.560242	0	0.413223	1.299197	0	0.811245	0.846632	0.0582329	0	0.72908	0	0.326797	0.301205	2.138552	0	0	0	0	0	0	0.299197	2.417668	0	0	0	0	0	0.429719	0	2.650598	0	0	0	0	0	0	0.756231	0.437751	0.301205	0	0.301205	0.885543	0	0.0865562	0	0
K00926	0	0	0	0	0	0	0	0	0	0	0.19084	0	0.381679	0	0	0	0	0	0	0	0	0	0	0	0	0	0	0	2.162851	0	0	0	0.381679	0	0	0	0	0.37594	0	0	0	0.19084	1.14377	2.041111	0	0	0	0	0	0	0	0.762087	0	0	0	2.096696	0	0	0	0	0	0.189567	0	0	0	0	0	0	0	0	0	0	9.710815	0	0.187023	0	0	0	0	1.223918	1.371501	0.18797	0.5229	0	0.49505	0.19084	0	0	0	0	0	0	0	1.70229	0	0	0	0	0.19084	0.299499	0	4.737819	0	0	0	0	0	0	0	0	0	0	0.224422	1.525445	0	0.381679	0	0
K03284	0.252874	0	0	0.373134	0	0	0	1.656008	0	0	3.219312	0	0	0	1.927725	0	0	0.718198	0.166667	0.165423	0.302239	0	0	0	0	0	0	0.104478	0.186567	0	0	0.182482	0	0	0	0	1.53704	1.470334	0	1.618362	0	0.4364292	0	0.299751	0.0744444	2.090638	0	0	0.165556	0	0	7.411797	0.979336	0.5199	0	2.1655233	0	0	0	0	0.186567	2.472287	0	0	0.905473	2.295457	3.217359	0	0	0	0	0	2.006787	0	0.290698	1.547481	0.166667	0.784444	2.198237	0.477265	0.166667	0.166667	0.871667	0.371752	0	6.595161	0.409204	0	0.353234	0.281095	0	0	0.559701	3.2318343	0	0.186567	0	0	0	0	0	10.2626563	0.185185	0	0	0	0.166667	0.166667	0.830499	0	0	0	0	0.927307	0	0.378875	0	0
K02453	0	0	0	0	0	0	0	0	0	0	0	0	0	0	0	0	0	0	0	0	0	0	0	0	0	0	0	0	0	0	0	0	0	0	0	0	0	0	0	0	0	0	0	0	0.145349	0	0	0	0	0	0	0	0	0	0	0	0	0	0	0	0.230415	0	0	0	0	0	0	0	0	0	0	0	0	0	0	0	0	0	0	0	0	0	0	0	0	0.362341	0	0	0	0	0	0	0	0	0	0	0	0	0	0	0	0	0	0	0	0	0	0	0	0	0	0	0	0	0	0	0.350877	0
K05837	0	0	0	0	0.627883	0.331243	0	0.15674	0	0.15674	0.15674	0.15674	0	0	0	0	0	0	0	0	0	0	0	0.464605	0	0	0	0.521421	0.31348	0	0	0	0	0	0	0.438717	0	0	0	0.376669	0	0.313973	2.40543	0.284091	0	0	0	0	0	0.516579	0	1.15871039	0	0.155323	0.538796	1.010666	0	0.174216	0	0	0.466216	0	0	0.385417	0	0	0.562667	0	0	0	0	0	5.2309837	0	1.057044	0	0	0	0	0.171893	0	0.157233	0	0.2293333	0.0438871	0.706562	0	0	0	0.260417	0	0	0	0.573668	0	0	0	0	0	0	0	1.0730827	0	0	0	0	0	0	0	0	0	0	0	0.174216	0	0	0	0
K01998	1.43503	0	0.338983	0.169492	0.338983	0.8342836	0	7.8015267	0	0.424769	2.11689	4.103963	0.259887	0	1.93333	0	0.169492	2.21695	0.555556	0.168362	0	0	0	2.295422	0.790372	1.18531	0	1.38598	1.478132	0	0.201389	0	2.85763	0.23221	0	0	1.099099	1.06383	0	2.069458	0.169492	0.174216	0.375887	2.197252	0.954802	2.78983	1.06383	0	0	0.335001	0	8.780246	0	1.356686	0.456726	3.161004	0.173611	0.257455	0	0.6	4.861342	0.677966	0	1.499843	1.58531	0.453107	5.535194	0	0	0	0	0	19.80865	0	1.720763	0.40565	0.159322	0.906277	0.1734146	0.665946	0.719115	0.561798	1.063534	0.990769	0	8.096122	0.169492	0	0.4664322	0.662037	0	0	0.96875	4.4258245	0	0	0	0.169492	0.348432	0	0	7.958622	0.368362	0	0	0.675706	0	0.751773	0.603472	0	0.136723	0	0.173611	1.317864	0	0.800316	0	0.167232
K14170	0.996643	0	0	0	0	0.324573	0	0.147475	0	0	0.27933	0.4929288	0	0	0	0	0	0.151515	0	0	0	0	0	0	0	0	0	0	0.454545	0	0	0	0	0	0	0	0	0	0	0.757575	0	0.610472	0	0.30303	0	0.30303	0	0	0	0.723622	0	1.43658	0.151515	0	0	0.859595	0	0.271739	0	0	0	0.30303	0	0	0	0	0.180723	0	0	0.301205	0	0	3.653318	0	1.736389	0	0	0	0.151515	0.30303	0	0.473352	0.0838384	0.6061883	0	0.289017	0	0.242718	0.151515	0.151515	0	0.0192678	0.357143	0.593939	0	0	0	0	0	0	0	1.913131	0	0	0	0	0	0	0.906255	0	0	0.954373	0	1.502064	0	0.16343	0	0
K09825	0	0	0	0	0	0	0	0	0	0	0	0	0	0	0	0	0	0	0.230769	0	0	0	0	0	0	0	0	0	0	0	0	0	0	0	0	0	0	0	0	0	0	0	0	0	0	0	0	0	0	0	0	0	0	0	0	0	0	0	0	0.589744	0	0	0	0	0	0	0.153846	0	0	0	0	0	0	0	0	0	0	0	0	0	0	0	0	0	0	0	0	0	1	0	0	0	0	0	0	0	0	0	0	0	0	1	0	0	0	0	0	0	0	0	0	0	0	0	0	0	0	0
K01251	0	0	0	0	0	0	0	0	0	0	0	0	0	0	0	0	0	0	0	0	0	0	0	0	0	0	0	0	0	0	0	0	0	0	0	0	0	0	0	0	0	0	0	0	0	1	0	0	0	1	0	0	0	0	0	0	0	0	0	0	0	0	0	1	0	0	0	0	0	0	0	0	0	0	0	0	0	0	0	0	0	0	0	0	0	2	0	0	0	0	0	0	0	0	0	0	0	0	0	0	0	0	0	0	0	0	0	0	0	0	0	0	0	0	0	0	0	0
K01627	0.44843	0	0	0	0	0	0	1.571583	0	0.738415	2.061012	1.185753	0.44843	0	0.224215	0	0.224215	0.224215	0	0.571001	0	0.44843	0	0	0	0	0	0.44843	1.23318	0	0	0	0	0	0	1.03627	0.636771	0	0	0.953084	0.224215	1.2663279	0	0	0	0	0.44843	0	0.0149477	0	0	15.864799	0	0	0.224215	1.6357476	0	0.672645	0	0.224215	0.896861	0	0	0.0792227	0.77429	0.369208	1.227783	0.671151	0	0.672646	0	0	12.132093	0	1.2249681	0.224215	0	0	0	0.224215	0.622445	0.325859	0.8983553	0.8771567	0.828255	2.5712403	0	0.552486	0.430493	0.224215	0	0.44843	0.334828	3.365949	0	0	0	0	0.259067	0	0	9.85922	0	0	0	0	0	0.259067	0.446935	0	0.289985	0	0.359882	1.59233	0	1.531698	0	0
K06972	0.9590888	0	0.111235	0.195319	0.151394	1.7744614	0	7.1783073	0	3.3072834	22.380872	10.7199065	0.7706446	0	1.3115823	0.163043	0.133601	0.6466654	0.7009	0.663073	0.180071	0.4777815	0.639145	1.0121964	0.6772838	0.2855118	0	3.3054735	6.099266	0	0.0514493	0.4424689	4.961558	0	0	0.141345	3.5919168	1.2737133	0.159363	2.8077361	0.494954	3.0298603	6.305351	3.149049	2.419826	7.9694963	0.1955708	0	0.307626	0.6226449	0	17.4052754	0	1.6586224	0.2229721	7.0895191	0	1.2494729	0.2188466	0.0672043	0.8362228	1.0512968	0.167411	5.8245832	1.95543	0	13.5010279	3.837391	0.7025288	0.822611	0	0.588928	10.358205	0	3.158478	1.6379813	0.1101514	1.6654626	3.9742384	0.9608004	2.3563766	0.3218719	7.789941	3.9032906	2.136823	30.3638645	0.5147293	0	1.202567	1.24058	0.5301434	3.8213827	6.1704962	21.715104	0	0.113379	0	0.2370044	0.0543478	0	0	52.753191	0.7437869	0.1401138	0	1.355168	0.9483889	2.4382646	1.6631191	0	0.626195	1.9427758	0.167411	3.2806272	0.0543478	4.3218633	0	0.4025199
K01740	0	0	0	0	0	0.40107	0	0.42412	0	0.278552	0.628581	0.968067	0.107843	0	0.365945	0	0	0.251337	0	0.13369	0	0	0.131907	0.541889	0	0	0	0.43072	1.4214551	0	0	0	0.42959	0	0	0	2.092593	0	0	0.528521	0	0.278552	0.534759	0.13369	0	0	0.725606	0	0	0	0	6.862826	0	0.145246	0	1.005847	0	0.76851	0	0	1.090304	0.136364	0	0.4721322	0.969697	0	0.674035	0.446279	0	0.0534759	0	0	0.953575	0	0.66845	0	0	1.44831	1.224107	0	0.209205	0.826203	2.5305663	0.794367	0.9306395	51.7572325	0	0	0.49776	1.55615	0.186567	0.7370765	3.282637	16.425481	0.1631018	0	0	0	0	0	0.26738	4.2771327	0	0.13369	0	0	0.139276	0.394417	1.837547	0	0	0	1	5.5067129	0	0.139276	0	0
K01776	0.229358	0.382263	0	0.26178	0.246177	1.027524	0	3.3721403	0	0.229358	4.9954412	5.114675	0.458716	0.917432	1.525619	0	0	0.423547	0	0	0.191919	0	0	0.11315	0.660551	0	0	0.860712	1.369266	0	0	0	0	0.26178	0	0.458716	2.184828	0.5	0	0	0	1.342508	0.672783	1.850864	0.688074	0	0.330275	0	0.26178	0.25	0	8.646337	0	0	0	4.740898	0.0259939	0.755352	0.131498	0.458716	1.290832	0.518349	0.5582463	0.297619	0.688073	1.929663	2.3935932	1.07951	0.458716	0.3620034	0	0	4.533638	0	1.447799	2.097859	0	0.873231	4.550613	0.229358	0.0963303	0.26178	0.229358	3.9087582	0.457187	14.861183	0	0	0.229358	0.980122	0	0.876898	1.37462	3.090574	0	0	0	0	0	0	0	9.780574	0.688074	0	0	0.114679	1.096025	0.108563	0.15814	0.229358	1.165138	0	0.0963303	2.404929	0	2.0388681	0	0.229358
K06962	0.341146	0	0	0	0.148438	0	0	5.375388	0	0	0	6.222259	0	0	0.3253803	0	0	1.2659968	0.364964	0	0	0	0	0	0.390625	0	0	0	1.96546	0.78125	0	0.390625	0	0.0716846	0	0	3.18159	0	0	0.0559611	0.302083	0	0	0	0.444952	1.298453	0.557292	0	0	0	0	2.11458	0	0.390625	0	0.798246	0	0.390625	0	0.568182	0.53661	1.04866	0.568182	0.390625	1.28906	0	4.298824	0	0	1.159856	0	0	1	0	0	1.487397	0	0.600099	3.176675	0.390625	0	0.857778	0	0	0	2.600316	0	0.364964	0	0	0	0.160584	0	0.894181	0	0	0	0	0	0	0	0	0	0	0	0	0	0.150852	0	0	0.390625	0	0.210938	0.973485	0	0.341146	0	0
K12940	0	0	0	0	0	0	0	0	0	0	0	0	0	0	0	0	0	0	0	0	0	0	0	0	0	0	0	0	0	0	0	0	0	0	0	0	0	0	0	0	0	0	0	0	0	0	0	0	0	0	0	0	0	0	0	0	0	0	0	0	0	0	0	0	0	0	0	0	0	0	0	0	0	0	0	0	0	0	0	0	0	0	0	0	0	0	0	0	0	0	0	0	0	0	0	0	0	0	0	0	0	0	0	0	0	0	0	0	0	0	0	0	0	0	0	0	0	0
K00655	0	0	0	0	0	0.318471	0	0.955414	0	0.473461	1.837159	1.176222	0	0	0	0	0	0	0	0.636943	0	0	0	0.318471	0	0	0	1.208068	0.318471	0	0	0	0	0	0	0	0	0	0	0	0	0.828025	0	0.271762	0	0	0	0	0	0	0	3.71762	0.318471	0	0	2.669129	0	0.318471	0	0	0	1.62633	0	0.316348	0	0	1.67728	0	0	0.318471	0	0	4.5329733	0	0.923567	0	0.318471	0	0	0.318471	0	0	2.12739	0.789809	0.318471	1.365837	0	0	0.800425	0	0	0	0.467091	2.0379781	0	0	0	0	0	0	0	4.473459	0	0	0	0	0	0.318471	0.201699	0.318471	0	0	0	1.673702	0	0.403397	0	0
K01163	0.968139	0.402922	0	0.120664	0	1.599756	0	5.112666	0	0.546003	4.67231417	2.278664	0	0	1.536946	0	0	1.280259	0.336867	0.226244	0.346857	0	0	1.468857	0.984794	0	0	0.627314	1.73543	0	0	0.390625	2.460611	0	0	1.32401	4.772017	0.587786	0	0	1.057242	1.094309	0	0.341492	1.796379	6.439765	0	0	0	2.127901	0	3.614505	0	0.643612	0	3.609984	0	0	0	0	1.89497	0.860135	0.440367	1.8295651	1.121513	1.602165	4.92924	0.531336	0.195312	0	0	0	12.48238	0	0.54431	1.679123	0.195312	2.087195	5.698508	1.204422	0.184012	2.03469	1.529672	1.584637	0.743535	18.465456	0	0.0282686	1.088623	1.609592	0.226244	1.621832	2.207164	10.697326	0.195312	0	0	0.195312	0.174825	0	0	10.674259	0	0.655685	0	0.535649	0	0.880244	1.695172	0.776758	1.572812	0.779948	0.353357	1.149996	0	1.3342	0	0.174825
K00946	0	0	0	0	0	0	0	0.311644	0	0	0.328767	0.318798	0	0	0	0	0	0.22381	0	0	0	0	0	0.143488	0	0	0	0.312652	0	0	0	0	0	0	0	0	0.342466	0.430464	0	0	0	0.0399543	0	0	0	0	0	0	0.171233	0.171233	0	0.513699	0	0	0	0.2862738	0	0.128995	0.0479452	0	0.513699	0.320513	0	0	0.121005	0.285714	0.524948	0	0	0	0	0	2.15819	0	0	0.344891	0	0.419058	0.479452	0	0	0	0.244292	0.341365	0.171233	0.843608	0.16381	0	0	0	0	0	0.171233	0.4767313	0	0	0	0	0	0	0	0.341324	0	0	0	0	0	0	0.331126	0	0	0	0	0.513699	0	0	0	0
K02191	0	0	0	0	0	0	0	0	0	0	0	0.673913	0	0	0	0	0	0	0	0	0	0	0	0	0	0	0	0	0.716667	0	0	0	0	0	0	0	2	0	0	0	0	0	0	0	0	0	0	0	0	0	0	0	0	0	0	0	0	0	0	0	0	0	0	0	0	0	0	0	0	0	0	0	3.83333	0	0	0	0	0	0	0	0	0	0	0	0	0	0.862319	0	0	0	0	0	0	0	0	0	0	0	0	0	0	0.908333	0	0	0	0	0	0	0	0	0	0	0	0	0	0	0	0
K01906	0	0	0	0	0	0	0	0	0	0	0.528986	0	0	0	0	0	0	0.455161	0	0.256014	0	0	0	0	0	0	0	0.209622	0	0	0	0	0	0	0	0	0	0	0	0.773196	0	0	0.424242	0.259067	0	0	0	0	0	0	0	0.256014	0	0	0	0	0	0	0	0	0	0	0	0	0	0.273224	0.458333	0	0	0	0	0	0.62161	0	0	0.714044	0	0	0	0	0	0	0	0.256014	0.0319865	0.613402	0	0	0.252525	0	0	0	0	1.209231	0	0	0	0	0	0	0	0.619807	0	0	0	0.253807	0	0	0	0	0	0	0	0.259067	0	0	0	0
K00912	0	0	0	0	0	0	0	0.155763	0	0.485981	1.2572486	0.507788	0	0	0	0	0	0	0	0.155763	0	0.623053	0.425752	0	0	0.546229	0	0.311526	0.155763	0	0	0	0	0	0	0	0.155763	0.311526	0	0.8193142	0.155763	0	0	0.623053	0	0	0	0	0	0	0	1.7892	0	0	0	1.391485	0	0.155763	0	0	0	0.46729	0	0	0	0	0.778816	0	0	0.264798	0	0	3.351323	0	1.284899	0	0	0	0	0.311526	0.0342679	0.155763	0.755971	0.310488	0	0.613706	0	0	0.465213	0.311526	0.155763	0	0.269989	1.619657	0	0	0	0	0	0	0	1.778815	0	0	0	0	0	0.155763	0	0	0	0.0488058	0	0.87249	0	0.54621	0	0.155763
K00970	0	0	0	0	0	0	0	0.118203	0	0	0.0788022	0	0	0	0	0	0	0	0	0	0	0	0	0	0	0	0	0	0	0	0	0	0	0.120567	0.472813	0	0.118203	0	0	0	0	0	0	0	0	0	0	0	0	0	0	0.472814	0	0.118203	0	0	0	0	0	0	0	0	0	0.472813	0.516154	0	0	0	0.117415	0	0	0	0	0	0	0.236407	0	0	0	0.118203	0	0.0252167	0	0	0	1.150512	0	0	0	0	0	0	0	0	0	0	0	0	0	0	0	0	0	0	0	0	0	0	0	0	0	0	0	0	0	0	0	0
K02470	0.2568494	0.0856164	0	0.0891682	1.052307	1.0521404	0	2.2086644	0	0.5339244	1.3114091	5.6256636	0.5386	0	2.8450594	0.120192	0.171233	0.785419	0.2058084	0.61673	0.198413	0	0	1.708462	1.061973	0.489533	0	0.543759	1.535462	0.230415	0.480769	0.132802	2.444254	0.120192	0.359066	0.342466	0.6417524	0	0	0.256849	0.120192	0.0856164	0	0.6601714	0.179533	0.738029	0.138241	0	0.5050602	0.0707763	0	3.83469	0.401648	0.0897666	2.7242473	2.2550384	0	0.9185044	0	0	1.31676	0.2908541	0.5584966	2.422081	0.411773	3.339563	3.845518	1.1241714	0.5663854	0.0856164	0	0	6.3157657	0	2.1105164	1.5324795	0.177305	0.7287566	2.0835318	0.381693	0.171233	0.739097	0.171233	0	0.350093	11.2594814	0	0	0.3934694	0.599315	0.0856164	0.7408457	1.1751704	2.2817798	0	0	0	0.0856164	0	0	0	8.364289	0	0	0.236967	0.369014	0	0.3424658	0.421562	0.0856164	1.199475	0	0	1.7637228	0	0.9937214	0	0
K02965	0.765152	1.54545	1.61364	0.219697	1.62121	4.7197	0	22.4924	0	11.1667	6.37121	25.3258	0	0	7.90152	0	0	4	1.66667	1	0	0	1.44697	3.15909	0	0	0	4.0303	15.4091	0	2	0.613636	9.92424	2.31818	0	1.0303	2.17424	2	0	5.36364	0	1.87879	2.19697	10.5152	3.23485	4.66667	0.992424	0	3.15152	1.23485	0	26.803	0	1.09091	2.16667	9.65152	0	0	2.52273	5.50758	8.89394	10.4242	0.871212	4.65909	4.50758	1.25758	5.60606	1.76515	0	3.7197	0	0	60.3333	0	10.5152	10.1515	0	2.80303	9.58333	0	1.32576	1.96212	0	1	1	9.87121	0.871212	0	0.954545	2.63636	0	0.818182	0.643939	15.6061	0	0	0	0	0	0	0.878788	8.16667	0	2.04545	0	0.939394	0.893939	0.734848	1.86364	0	0.780303	0.295455	0	2.81818	0	2.00758	0	0.992424
K01599	0	0	0	0	0	0	0	0	0	0	0	0	0	0	0	0	0	0	0	0	0	0	0	0	0	0	0	0	0	0	0	0	0	0	0	0	0	0	0	0	0	0	0	0	0	0	0	0	0	0	0	0	0	0	0	0	0	0	0	0.341176	0	0	0	0	0	0	0	0	0	0	0	0	0	0	0	0	0	0	0	0	0	0	0	0	0	0	0	0	0	0	0	0	0	0	0	0	0	0	0	0	0	0	0	0	0	0	0	0	0	0	0	0	0	0	0	0	0	0
K04567	0.8822981	0.10917	0	0.327511	0.729927	1.0779832	0	6.536609	0	1.115929	3.3218996	2.5059325	3.182077	0.179669	1.045031	0.101266	0	1.5194491	0.10917	0.10917	0.674635	0	0	1.322677	1.335458	0.693016	0	1.025986	2.896419	0	0.436682	0.10917	0.757358	0.21834	0	0.2849	2.4571693	1.309741	0.10917	1.6072273	0.14245	2.889399	1.347497	2.3956405	1.230295	4.0356331	0.442555	0	2.192691	0.25917	0	7.516759	0	1.31257	0.931305	3.111717	0	0.3806396	0.658114	0	3.130599	3.453808	1.367273	1.6217374	0.8912955	4.548793	7.967024	0	0	0.877002	0	0	8.070441	0	2.300448	2.785001	0.2055826	4.3098854	4.1288763	0.8182264	1.0869632	0.56319	2.099361	2.32638	0.5598179	13.7971589	0.0618632	0	1.196694	0.555313	0.492896	0.325581	2.2791402	13.895187	0	0	0	0	0	0	0.232467	20.633567	0	0	0	0	0.10917	0.658154	1.1525178	0.10917	1.1449084	0.536151	0.493624	2.7690705	0	2.390751	0	0.518001
K01874	0.083612	0	0.0797101	0.250836	0	1.1193246	0	12.102589	0	0.6167264	4.7389445	4.5252181	0	0	0.334448	0	0	0.338164	0.1690821	0.167224	0.389137	0	0.368558	0.8518459	0.9345911	0.1690821	0	0.655773	0.7603112	0.143813	0	0.1661092	0.110368	0	0.083612	0.458246	2.382946	0	0.0854701	1.0286922	0.167224	1.435904	2.467446	1.1099335	1.305347	3.055583	0.0834725	0	0.288889	0.3919701	0	6.8433775	0	0.2452619	0.0834725	2.2940295	0	0.8947986	0.2040565	0	1.340946	0.3028	0.2491638	0.6000645	0.229277	0.924191	1.449152	0.2178713	0.250836	0.5314739	0	0	7.506026	0	1.227519	0.5066971	0	0.756224	3.232716	0.1070019	0.5430386	0.75807	0.0834725	2.556058	0.619112	6.174897	0.0854701	0.0451505	0.0981048	0.1068448	0.0567613	0.0834725	1.1431175	6.563934	0	0	0	0.167224	0	0	0	7.775986	0.114636	0	0	0.142698	0.120968	0.744725	0.5033906	0.328317	1.4873799	0.246154	0.083612	0.8921725	0	1.851018	0	0.3669301
K11753	0	0	0	0	0	0.608164	0	1.8751561	0	3.1898033	5.431362	11.364916	0.277139	0	1.59397	0	0	1.30637	0	0.191571	0	0	0	0.568627	0	0.0906769	0	0.79597	4.19413	0	0	0	0.404858	0	0	0.383142	1.458805	0.838066	0.125887	1.883785	0	2.6055514	0	3.010732	0	1.05392	0	0	0	0.191571	0	7.71284	0	0	0.0600255	3.098004	0	0.545338	0	0	0.97549	0.633604	0	0.953218	1.10294	0	1.756009	1.179737	0	0.442827	0	0	15.150083	0	1.468711	0.20098	0	0.60049	2.231538	0.191571	0.383142	1.540571	0.46871	3.331357	0.191571	6.956237	0.675676	0	1.028086	0.574713	0.191571	0.383142	1.209043	6.245198	0	0	0	0	0.191571	0	0	12.9871551	0	0	0	0	0	1.00503	1.172607	0.367647	0	0	0	2.101974	0	1.425253	0	0.202429
K00526	0	0	0	0	0	0	0	0	0	0	0.341297	0.119949	0	0	0	0	0	0	0	0	0	0	0	0	0	0	0	0	0	0	0	0	0	0	0	0	0.170648	0	0	0.319681	0	0.736063	0	0.477816	0	0.334471	0	0	0	0	0	0	0	0.0959596	0	0.183081	0	0	0	0	0	0	0	0	0	0	0.328783	0	0	0	0	0	1.08077	0	0	0	0	0	0	0	0	0	0	0.170648	0.16041	0.673493	0	0	0.341297	0	0	0	0.52446	1.765858	0	0	0	0	0	0	0	0.378788	0	0	0	0	0	0	0.32992	0	0	0	0	0.170648	0	0	0	0
K01869	0.3084798	0	0.128935	0.2709721	0.100509	0.819132	0	3.2376101	0	0.4591904	3.6190265	2.9260909	0.517464	0	0.9072595	0	0	0.672489	0	0.064683	0.9922723	0	0	0.5339491	0.6635071	0.0803858	0	1.3269765	3.9917974	0.448985	0.131926	0	0.963893	0.125916	0.4329	0	1.4372972	0.561798	0	2.6457502	0	0.5888208	0.7653924	0.704533	0.0769231	1.303314	0.4118129	0	0.116429	0.7868731	0	8.5129551	0	0.3360021	0.2316444	1.7518314	0	1.3036762	0	0	1.018115	2.6789602	0	1.86947	1.12204	1.826289	4.3071574	0.1440463	0.281805	0.153182	0	0	8.78967019	0	0.6711927	3.014514	0.0721501	0.590166	4.0027891	0.2690279	0.345471	1.185883	1.07527	2.245443	0.287356	12.2397239	0.4627931	0	0.4298402	0.571367	0.123377	0.1881231	0.9955388	8.31257	0	0	0	0.508187	0	0.273666	0	16.404444	0	0.877193	0	0.882639	0	1.00623	2.4692431	0.291956	0.6375131	0.2083901	0.119891	1.2035125	0	2.735431	0	1.00174
K02837	0	0	0	0	0	1.115926	0	0.726141	0	0.103734	0.103734	0.79802	0	0	0	0.193638	0	0	0	0	0	0	0	0	0	0	0	0.207469	0.10166	0	0	0	0	0	0	0	0.207468	0	0	1.15709	0	0.161781	0.829876	5.455275	0.482759	0	0	0	0	0.102351	0	1.230638	0	0	0.290059	0.26141	0	0	0	0	0	0	0	0	0	0	0.722162	0.00968188	0	0	0	0	0.843714	0	0.207468	0	0	0	0.468966	0.103734	0	0.0961272	0.605809	0.360144	0.205394	1.390077	0	0	0.206085	0.2427387	0.103734	0.103734	0	1.557605	0	0	0	0	0	0	0	4.0245	0	0.149254	0	0	0	0.0885201	0.501721	0.162866	0	0.149254	0	0.7507788	0	0.356723	0	0.149254
K03183	0	0	0	0	0	0	0	0	0	0	0	0	0	0	0	0	0	0	0	0	0	0	0	0	0	0	0	0	0	0	0	0	0	0	0	0	0	0	0	0	0	0	0	0	0	0	0	0	0	0	0	0	0	0	0	0	0	0	0	0	0	0	0	0	0	0	0	0	0	0	0	0	0	0	0	0	0	0	0	0	0	0	0	0	0	0	0	0	0	0	0	0	0	0	0	0	0	0	0	0	0	0	0	0	0	0	0	0	0	0	0	0	0	0	0	0	0	0
K15580	0	0.34965	0	0	0	0.406532	0	0.905913	0	1.308011	0.781797	4.057129	0	0	0	0	0	1	0	0	0	0	0	0	0	0	0	0.309917	2.376029	0	0	0	0	0	0	0	1.378345	0	0	0	0	0.51584	1.380162	0.0531915	0	0	0.103306	0	0	0	0	9.153533	0	0	0	5.055086	0	0.707317	0	0	0	0	0	0	0	0	0.941481	0	0	0	0	0	4.242493	0	1.985083	0	0	0	0	0.206612	0.103306	0	0	0	0	1.551852	0	0	0	0.690083	0.103306	0.103306	0	2.228543	0	0	0	0	0	0	0	7.5741476	0	0	0	0	0	0.286667	0	0	0	0	0.837398	2.737109	0	0.486612	0	0.102617
K01879	0.131234	0	0.157729	0.0788644	0	0.314406	0	1.5674474	0	0	1.0496753	1.3675561	0.10395	0	0	0.116822	0	0.0788644	0.0788644	0	0	0.351706	0	0.314932	1.13587	0.0788644	0	0.1967894	0.562107	0	0	0	0.8697811	0.255987	0	0	0.5403625	0	0	0.3218132	0	0	0	0.340543	0.08914	0.932903262	0.0788644	0	0	0.354579	0	1.028103	0.0345912	0	0	1.0120213	0	0.2100984	0	0.713235	0.5712309	0.9659884	0	0.862205	0.7555204	0	1.5454155	0	0.153523	0.0788644	0	0	3.1076791	0	0.0389064	1.2805559	0.0788644	0.1115257	1.026775	0.129863	0	0.849087	0.587081	0.6249843	0.1577288	2.7949038	0	0	0.1524711	0.472135	0	0.116822	0.116822	1.1108744	0	0	0	0	0	0	0	1.2919057	0	0	0	0.116822	0	0.534884	0.458173	0.22779	0.3913644	0	0	0.373852	0	0.262467	0	0
K02446	0	0	0	0	0	0	0	0	0	0	0	0	0	0	0	0	0	0	0	0	0	0	0	0	0	0	0	0	0	0	0	0	0	0	0	0	0	0	0	0	0	0	0	0	0	0	0	0	0	0	0	0	0	0	0	0	0	0	0	0	0	0	0	0	0	0	0	0	0	0	0	0	0	0	0	0	0	0	0	0	0	0	0	0	0	0	0	0	0	0	0	0	0	0	0	0	0	0	0	0	0	0	0	0	0	0	0	0	0	0	0	0	0	0	0	0	0	0
K00313	0	0	0	0	0	0	0	0	0	0	0	0	0	0	0	0	0	0	0	0	0	0	0	0	0	0	0	0	0	0	0	0	0	0	0	0	0	0	0	0	0	0	0	0	0	0	0	0	0	0	0	0	0	0	0	0.129534	0	0	0	0	0	0	0	0	0	0	0	0	0	0	0	0	0	0	0	0	0	0	0	0	0	0	0	0	0	0.889292	0	0	0	0	0	0	0	0.258204	0	0	0	0	0	0	0	0	0	0	0	0	0	0	0	0	0	0	0	0	0	0	0	0
K05946	0	0	0	0	0	0	0	0	0	0	0	0	0	0	0	0	0	0	0	0	0	0	0	0	0	0	0	0	0	0	0	0	0	0	0	0	0	0	0	0	0	0	0	0	0	0	0	0	0	0	0	0	0	0	0	0.98374	0	0	0	0	0	0	0	0	0	0	0	0	0	0	0	0	4.44715	0	0	0	0	0	0	0	0	0	0	0	0	0	0	0	0	0	0	0	0	0.463415	0	0	0	0	0	0	0	0	0	0	0	0	0	0	0	0	0	0	0	1	0	0	0	0
K10440	0	0	0	0	0	0.606061	0	0	0	0	0	0	0	0	0	0	0	0	0	0	0	0	0	0	0	0	0	0	0	0	0	0	0	0	0	0	0	0	0	0	0	0	0	0	0	0	0	0	0	0	0	0	0	0	0	0	0	0	0	0.636943	0	0	0	0	0	0	0.5	0	0	0	0	0	0	0	0	0	0	0	0	0	0	0	0	0.282828	0	0	0	0	0	0	0	0	0	0	0	0	0	0	0	0	0	0.30303	0	0	0	0	0.310559	0	0	0	0	0	0	0	0	0	0	0
K01069	1.205816	0	0	0.652381	0	0.162551	0.35101	0.764362	0	0.308642	2.401149	3.53215	0.612567	0	0.6568722	0	0	0.617284	0.308642	0.308642	0.574074	0	0	0	0.333333	0	0	0.6748972	1.851852	0	0	0	1.44444	0.176734	0	0	2.0483335	0	0	1.825461	0	0	1.23457	0	0.925926	2.478323	0	0	0	0.847737	0	7.327135	0	0.162551	0.451238	3.331653	0	0	0	0	1.621758	1.23457	2.155559	1.39037	2.59298	1.506172	0.8527394	0.33557	0	0.308642	0	0	5.36214	0	0.781893	1.950939	0	1.335584	0.308642	0	0.709535	0.0133333	0.33557	0.8664637	0	2.0581738	0	0	0.308642	0.880658	0	0.445771	0.549562	3.42484	0	0	0	0	0	0	0	1.234747	0	0	0	0	0	0	0.631385	0	0	0	0	0.36214	0	0.313199	0	0
K01878	0.85299	0	0	0	0	0.19305	0	0	0	0.546929	0.3899	5.38485	0	0	0	0	0	0.186937	0	0	0	0	0	0.259067	0	0	0	0	0	0	0	0	0	0	0	0	0.454545	0	0	0	0	0.105534	0	0.206612	0	0.558792	0.206612	0	0	0.206612	0	2.225995	0.2812581	0.265957	0	0.297297	0	0	0	0.533835	0.454137	2.09542	0.599173	0.319672	0.378788	0.360882	0.811599	0	0.206612	0	0	0	0.625158	0	0.134815	0.51336	0	0.206612	0	0	0	0.00275482	0	0.54175	0	2.999312	0	0	0	0	0	0	0	0.832596	0	0	0	0	0	0	0	1.574969	0	0	0	0	0	0	0.802622	0	0	0	0	0	0	0	0	0
K05895	0	0	0	0	0	0	0	0	0	0	0.469484	0.234742	0	0	0	0	0	0.27381	0	0	0	0	0	0	0.367647	0	0	0	0	0	0	0	0	0	0	0	0	0	0	0	0	0	0	0	0	0	0	0	0	0	0	0	0	0	0	0	0	0	0	0	0	0	0	0.693452	0	0	0	0	0	0	0	0	0	0	0	0	0	0	0	0	0	0	0	0	0	0	0	0	0	0	0	0	0	0	0	0	0	0	0	0	0	0	0	0	0	0	0	0	0	0	0	0	0	0	0	1.587682	0	0
K00426	0	0	0	0	0	0	0	0	0	0	0	0	0	0	0	0	0	0	1	0	0	0	0	0	0	0	0	0	0	0	0	0	0	0	0	0	0	0	0	0	0	0	0	0	0	0	0	0	0	0	0	0	0	0	0	0	0	0	0	0.888889	0	0	0	0	0	0	0	0	0	0	0	0	0	0	0	0	0	0	0	0	0	0	0	0	0	0	0	0	0	0	0	0	0	0	0	0	0	0	0	0	0	0	0	0	0	0	0	0	0	0	0	0	0	0	0	0	0	0
K01868	0.141243	0	0	0.217391	0	1.132826	0	3.9482514	0	1.6565496	1.7921134	4.9720897	0	0	0.6722633	0	0	0.7523572	0	0	0.847232	0	0	3.759594	0.460487	0	0	1.7043328	1.71717	0.179856	0	0	0.60241	0.50505	0	0	0.363471	0	0	0.179856	0.3665292	0.130548	0.395388	0	0.0899281	1.9331214	0	0	0.6480259	0.7409433	0	1.6910426	0	0.5308291	0	1.8832343	0	0	0	0	0.3631518	0.785937	0.0899281	2.912618	0.170358	0.655213	2.9424319	0.2319731	0	0.314465	0	0	1.290777	3.38983	0.465528	2.2054156	0.13369	0.4445381	0.4758784	0	0	0.170358	0.300911	0.4942778	0	5.733676	0.0269784	0	0.770115	0.0851789	0	0	0.309598	4.9359659	0	0	0	0.0851789	0	0	0	1.1595767	0	0	0	0.0899281	0	0	0.194553	0	0	0	0	0.0851789	0	0.5584368	0	0.174216
K07568	0.171233	0	0	0.254566	0	0.171233	0	3.61845	0	1.598176	2.459065	4.053652	0	0	1.155252	0	0	1.380409	0.171233	0.323059	0.175501	0.324201	0	1.19863	0	0	0	1.057794	3.776227	0	0	0	0	0.1952053	0	0.631111	0	0	0	0.589041	0	0.758797	0.3574933	0.342466	0.501142	0.994505	0	0	0.326484	0	0	8.52468801	0	0.245098	0.18315	1.3915931	0	0.171233	0	0.512557	0.964802	0.587564	0	1.350457	0.856164	0	2.210163	0	0.142694	0.18315	0	0	7.326304	1.02626	2.052746	1.169287	0.0993151	1.524215	1.477169	0.171233	0.335617	0.307078	0.360976	1.215584	0	2.615033	0.0799087	0	0.159817	0.465753	0.423729	0.0878995	0.682866	3.038378	0.171233	0	0	0	0	0.5	0	2.773802	0.319635	0	0	0	0	0.47	0.3789957	0	0.171233	0	0.185792	0.574393	0	0.613987	0	0
K02986	3.13927	1.31279	0	0	0.342466	12.2534	0	1.36758	0	0.684932	13.0411	0.342466	1.36986	0	1.68721	0	0	0.684932	0	0	0.342466	0	0	0	9.4726	0.342466	0	0	0	0	0	0	0	0	0	0	0	2.379	0.684932	1.36758	0.342466	9.6621	7.87215	2.68265	0	9.49543	0	0	1.71233	3.24201	0	3.31507	0.342466	0.942922	0.342466	6.26027	0	1.0274	1.71233	0	0	0.342466	0	0	0.182648	0	17.6689	0	0.340183	0	0	0	13.7032	0	4.89726	2.1758	1.0274	0	1.3653	0.342466	3.42922	0.342466	0.342466	7.60731	0.69863	1.52055	0	6.30137	1.71005	1.36986	0.342466	1.0274	2.38356	4.69406	0.515982	0	0	1.05251	0	0	0	12.5959	0	0.342466	0	1.13699	0	0.968037	2.73744	0.684932	1.70776	0.684932	0.342466	9.15525	0	1.58219	0	1.71005
K02237	0	0	0	0	0	0	0	0	0	0	0	0	0	0	0	0	0	0	0	0	0	0	0	0	0	0	0	0	0	0	0	0	0	0	0	0	0	0	0	0	0	0	0	0	0	0	0	0	0	0	0	0	0	0	0	0	0	0	0	0	0	0	0	0	0	0	0	0	0	0	0	0	0.22619	0	0	0	0	0	0	0	0	0	0	0.357143	0	0	0	0	0	0	0	0	0	0	0	0	0	0	0	0	0	0	0	0	0	0	0	0	0	0	0	0	0	0	0	0	0	0
K07099	0	0	0	0	0	0	0	0	0	0	0	0.513746	0	0	0.211161	0	0	0.3273	0	0.226244	0	0	0	0.0965517	0.256014	0.0995475	0	0	0	0	0	0	0	0	0	0	0	0	0	0	0	0	0	0	0	0	0.289017	0	0.226244	0	0	0.566667	0	0.492474	0	1.13535	0	0	0	0	0	0	0	0.384615	0.120664	0	0.355958	0	0	0	0	0	2.674709	0	0	0.452489	0	0	0.471698	0	0.22831	0	0	0	0.286585	1.378644	0.322413	0	0	0.226244	0	0	0.452489	0.39819	0	0	0	0	0	0	0	2.955379	0	0	0	0.315193	0	0	0.368268	0	0.276018	0	0.208145	0.627161	0	0.134146	0	0.218341
K02313	0	0	0	0	0	0	0	0.537634	0	0.302632	0	0.304965	0	0	0	0	0	0	0	0	0	0	0	0.223214	0	0	0	0	0	0	0	0	0	0	0	0	0	0	0	0	0	0	0	0	0	0	0	0	0	0	0	0	0	0	0	0.724928	0	0	0	0	0	0	0	0	0	0	0	0	0	0	0	0	1.06383	0	0.295858	0	0.351254	0	0	0.259857	0	0	0	0	0	0	0	0	0	0	0	0	0	0	0	0	0	0	0	0	0	0	0	0	0	0	0	0	0.437167	0	0	0	0	0.113895	0	0	0	0
K00560	0	0	0	0	0	0	0	0	0	0	0	0	0	0	0	0	0	0	0	0	0	0	0	0	0	0	0	0	0	0	0	0	0	0	0	0	0	0	0	0	0	0	0	0	0	0	0	0	0	0	0	0	0	0	0	0	0	0	0	0	0	0	0	0	0	0	0	0	0	0	0	0	2.6616	0	0.380228	0	0	0	0	0	0	0	0	0	0	0	0	0	0	0	0	0	0	0	0	0	0	0	0	0	0	0	0	0	0	0	0	0	0	0	0	0	0	0	0	0	0	0
K07098	0	0	0	0	0	0.300016	0	0.447561	0	0.676357	1.207127	3.0117007	0	0	0.129845	0	0	0	0.448029	0.0804264	0	2.64901	0	0	0.2044575	0.145349	0	0.425388	0.934109	0	0	0	0	0	0	0	0.2377907	0.118217	0	1.315623	0.231422	0.270349	1.551753	0.6516823	0	0	0	0	0.318471	0	0	2.401049	0.609169	0	0	0.864342	0	0.124031	0	0	0	0	0.145349	0.436047	0	0	0.747319	0.2025195	0	0	0	0	9.4790668	0	0.960128	0	0	0	1.177967	0.781774	0.290698	0	1.11732	0.522511	0.145349	3.256005	0	0	0.145349	0.640504	0.145349	0	0.316861	2.60659	0	0	0	0	0	0	0	10.813735	0	0	0	0.22831	0	0.290698	2.171662	0.145349	0	0	0	1.081396	0	1.230747	0	0
K07478	0.26562533	0.130208	0	0	0	0	0	5.900267	0	0.259548	1.117755	2.63073	1.65975	0	0.261442	0	0	0.228299	0	0	0.130208	0	0	0.260416	0.130208	0	0	0.555387	1.613289	0	0	0	0.944701	0.130208	0	0.261442	0	0	0	1.321056	0	0.760004	0.0928819	0.130208	0	0.78125	0	0	0.260416	0.130208	0	3.299914	0.130208	0	0.0651042	3.077057	0	0	0	0	0.98206	0.472226	0.249132	0.3177077	0.390625	0.392675	0.600695	0.2616657	0	0	0	0	7.61025	0	0.130208	0.4708719	0.206086	0	0.520833	0.130208	0.0104167	0.268762	0.130208	1.826802	0.959643	1.435513	0	0	0	0.232639	0	0	0	1.37725	0	0	0	0	0	0	0	0.260416	0	0	0	0	0	0	0.130208	0	0.130208	0	0	0	0	0.1822913	0	0
K03500	0.690488	0	0	0.372305	1.293215	0.4964	0	3.423471	0	2.491496	2.618481	6.722084	0	0	1.1258851	0	0	1.711084	0.262119	0	0	0	0	1.554231	1.334532	0	0	0.124378	0	0	0	0.823745	1.547854	0.2603	0.123457	0	0.510046	0	0	0	0	0	0	0.372149	0.248756	1.9447736	0.226368	0	0.862132	0.212766	0	2.890722	0	0.373134	0	1.055452	0.176678	0.234742	0	0	1.662707	0.124378	0	3.386024	2.14013	0.372305	2.057235	0	0.124378	1.124378	0	0.241294	0.497512	0	1.502571	2.112965	0.170579	2.4353467	3.6969653	0.284122	0	0.687787	0.653479	0.124378	0.849088	10.920428	0.477735	0.159744	0.36817	0	0	0.127832	1.02552	1.36763	0.362319	0	0	0.0500782	0	0	0	5.36699	0	0	0	0.137741	0	0	0.248756	0.116086	0.405534	0.337144	0	0.444158	0	1.07712	0	0
K13498	0	0	0	0	0	0.111111	0	0	0	0	0	0.209205	0	0	0	0	0	0	0.12735	0	0	0	0	0	0	0	0	0	0	0	0	0	0	0	0	0	0	0	0	0	0	0.222222	0	0	0	0	0	0	0	0	0	0.15894	0.10221	0	0	0.0983464	0	0	0	0	0	0	0	0.0726872	0.546255	0	0.362319	0	0	0	0	0	0.798035	0	0	0	0	0	0.0583516	0.221243	0	0.128205	0	0	0	0.523119	0	0	0	0	0	0.0784314	0	0.344756	0	0	0	0	0	0	0	0.502252	0	0	0	0	0	0	0	0	0	0.13369	0	0.222222	0	0	0	0
K07574	0	0	0	0	0	0.492754	0	2.94074	0	2.666664	1.400644	0	0	0	0	0	0	0	0	0.740741	0	0	0	0	0	0	0	0.881481	1.24444	0	1.7037	0	0	0	0	0	1.329791	0	0	0	0	1.222222	0	0	0	0	0.942029	0	0	0.231884	0	4.1037	0	0	0	0.8	0	0	0	0	0	0	0	0	0	0	0.918519	0	0	0.485507	0	0	4.8132	0	0	0	0	0	0	0	0.325926	0.456522	1.9037	1.896297	0.192593	0.608696	0	0	0.725926	0	0	0	0.585185	3.53108	0	0	0	0	0	0	0	2.48148	0	0	0	0	0	0	0	0	0	0	0	0	0	2.414813	0	0
K03150	2.370373	0.941578	1.18203	4.263983	0.86446	3.396485	0	15.405745	0	7.308596	24.689631	22.971454	2.187471	0.2504607	5.12609	0.3810929	0.118203	11.058358	5.1316	0.7484798	1.03448	0.229885	0.539596	8.28225	1.123719	1.018963	0	18.7977614	34.352813	0.234831	0.217625	1.43656	3.806821	0.472813	0.600473	1.499242	9.232452	2.125732	0.1626474	13.117099	0.472025	3.683051	21.061084	5.120869	3.356425	13.549597	1.2754602	0.118203	3.16864	2.8094473	0	72.518997	0.233146	0.877069	0.677394	18.238283	0	5.6925371	1.8715294	0.661151	11.00835	1.737223	0.91647	28.068138	2.73995	0.118203	13.0139016	2.108094	0.7636261	0.459771	0	0	50.1011	0	6.897543	4.5420264	0.118203	5.026347	5.399528	2.932797	2.23723	4.4136438	12.307659	6.766473	22.710453	19.287495	1.168533	0.415287	4.35879	3.764749	0.2697317	2.138548	5.7758282	51.291656	0.236407	0	0	0.236406	0.522459	1.064562	0	43.359957	0	0.344828	0	1.557127	0.114943	0.519074	4.099324	0.278172	0.833875	3.8471896	0.114943	6.5107242	0	4.044671	0	0.4189021
K03687	0	0	0	0	0	0	0	0	0	0	0	0	0	0	2.04762	0	0.436508	0	0	0	0	0	0	0	0	0	0	0	0	0	0	0	0	0	0	0	0	0	0	0	0	0	0	1.14286	0	0	0	0	0	0	0	1.15873	0	0	0	0	0	0	0	0	0	0	0	0	0	0	0	0	0	0	0	0	0	0	0	0	0	0	0	0	0	0	2.47619	0	0	0	0	0	0.801587	0	0	0	0	0	0	0	0	0	0	0	0	0	0	0	0	0	0	0	0	0	0	0	0	0	0	0	0	0
K00052	0	0	0	0	0	0	0	0	0	0	0	0	0	0	0	0	0	0	0	0	0	0	0	0.983936	0.859649	0	0	0	0.488599	0	0	0	0	0	0	0	0	0	0	0	0	0	0	0.162866	0	0	0	0	0	0	0	0	0	0	0	0	0	0	0	0	0	0	0	0	0	0	0.123778	0.160695	0	0	0	0	0	0	0	0	0	0	0	0	0	0	0	0.285559	0	0	0	0	0.162866	0	0	0	0	1.30293	0	0	0	1	0	0	0	0	0	0	0	0	0	0	0	0	0	0	0	0.218391	0	0	0	0.162866
K02520	0	0	0	0	0	0	0	0	0	0	0	0	0	0	0	0	0	0	0	0	0	0	0	0	0	0	0	0	0	0	0	0	0	0	0	0	0	0	0	0	0	0	0	0	0	0	0	0	0	0.485437	0	0	0	0	0	0	0	0	0	0.485437	0	0	0.970874	0	0	0	0.485437	0	0	0	0	0	0	0	0	0	0	0	0	0	0	0	0	0	0	0	0	0	1.38835	0	0	0	0	0	0	0	0	0	0	0	0	0	0	0	0	0	0	1.06149	0	0	0	0	0	0	0	0	0	0
K03274	0	0.243902	0	0	0	0.550246	0.179894	3.029299	0	1.0782643	1.385037	2.232166	0	0	0.566966	0	0	0	0.678036	0.243902	0.183824	0	1.213345	0.49505	0	0.077135	0	0.367648	0.0477941	0	0	0	0.367647	0.358876	0	3.52846	1.082108	0	0	2.410435	0.597047	0.183824	0.735294	2.388477	0	1.492164	0.714286	0	0.183824	0	0	1.869226	0	0.435556	0.150685	1.4432336	0	0	0	0.783193	0.90637	1.042277	0.585714	1.507932	1.245098	0.295302	1.896712	0	0.20813	0.183824	0	0	2.365674	0	0.551471	0.413223	0.119048	1.049809	1.756575	2.73888	0.747479	0	0	1.416234	0.588988	2.344066	0	0	0.183824	0	0	0.785714	0.260417	2.409279	0	0	0	0	0	0	0	1.957663	0	0.0183824	0	0.214015	0	0.284091	0	0	0.431884	0	0	1.103412	0	0.352406	0	0
K00656	7.942704	1.45064	0.919353	13.9386942	8.2838588	15.631117	0.0757114	91.495926	0	13.8336907	29.4886044	127.73717	3.222965	0.544444	23.775707	3.533059	0.152439	49.0495433	21.3617715	3.0440505	1.460449	0	1.4578307	77.628169	7.1120269	2.782113	0.144444	17.5334552	102.57224	5.8939225	0.152439	8.1535241	98.822329	1.9286585	2.9394705	12.364912	13.0338296	2.5702089	0	42.742484	1.5123475	2.7262875	24.30890967	7.4541029	18.2554309	55.698639	3.2043268	0.144444	32.006574	8.7708975	0	67.2475769	0.615819	11.5143795	20.5027933	23.3766907	0.08587397	6.5168339	4.850859	9.8473185	116.060522	31.0807965	2.6792232	111.8673056	14.6815715	13.952566	16.6474855	46.245685	5.3868515	3.8763917	3.02222	0	18.079434	2.433834	25.8496165	63.1610047	0.5049793	107.005909	95.691437	6.91483154	5.4421355	22.6836455	0.957939	0.7580485	13.1421657	37.6395009	3.92020491	0	13.9825935	2.730421	0.9240553	6.204157	1.862009	101.2251015	0.923676	0.0762195	0	6.4786784	0.0762195	0.522358	1	32.2561636	1.3853985	0.19305	0.0762195	10.304701	3.2960789	0.699174	25.141471	9.2436949	10.434851	33.859025	2.6993725	10.1879373	0.0762195	7.1747771	1	1.3887247
K00945	0	0	0	0	0	0.285714	0	0	0	0.695025	2.27922	1.25843	0	0	0	0	0	0	0	0	0	0	0	0.561798	0	0	0	0.571428	0	0	0	0	0	0	0	0.450758	0.285714	0	0	0	0	0.44381	0	0.131429	0.157303	0.769663	0	0	0.280899	0	0	4.681799	0	0	0	1.714284	0	0.285714	0	0	0	0.842697	0	0	0	0	0.571429	0.270476	0	0	0	0	1.7523852	0	0.285714	0	0	0	0	0	0.285714	0	0	0.701576	0	1.859674	0	0	0	0	0	0	0.571428	4.04762	0	0	0	0.280899	0	0	0	1.409523	0	0	0	0	0	0	0.285714	0	0	0	0	0.277259	0	0.548571	0	0
K06993	0	0	0	0	0	0	0	0	0	0	0	1.30382	0	0	0	0	0	0	0	0	0	0	0	0	0	0	0	0	0	0	0	0	0	0.0815972	0	0	0	0	0	0	0	0	0	0	0	0	0	0	0	0	0	1.78175	0	0	0	0.576141	0	0	0	0	0	0.175347	0	0	0	0	0.61756	0	0.196181	0	0	0	0	0	0.201389	0	0	0	2.469903	0	0	0	0	0	0	0.09375	0	0	0	0	0	0	0	0.520833	0	0	0	0	0	0	0	1.446927	0	0	0	0	0	0	0	0	0	0	0.260417	0	0	0	0	0
K00852	0	0	0	0	0	0	0	0	0	0	0	0	0	0	0	0	0	0	0	0	0	0	0	0	0	0	0	0	0	0	0	0	0	0	0	0	0	0	0	0	0	0	0	0	0	0	0	0	0	0	0	0	0	0	0	0	0	0	0	0	0	0	0	0	0	0	0	0	0	0	0	0	0	0	0	0	0	0	0	0	0	0	0	0	0	0	0	0	0	0	0	0	0	0	0	0	0	0	0	0	0	0	0	0	0	0	0	0	0	0	0	0	0	0	0	0	0	0
K01775	0	0	0	0	0	0	0	0	0	0	0.318471	0	0	0	0	0	0	0	0	0	0	0	0	0	0	0	0	0	0	0	0	0	0	0	0	0	0	0	0	0	0	0	0	0	0	0	0.316348	0	0	0	0	0	0	0	0	0.318471	0	0	0	0	0	0	0	0	0	0	0	0	0	0	0	0	4.41667	0	0	0.636943	0	0	0	0	0	1.27389	0.318471	0	0.318471	2.70701	0	0	0.636943	0	0	0	0.316348	0.636943	0	0	0	0	0	0	0	0	0	0	0	0	0	0	0	0	0	0	0	0	0	0	0	0
K02114	0	0	0	0	0	0	0	0	0	0	0	0	0	0	0	0	0	0	0	0	0	0	0	0	0	0	0	0	0	0	0	0	0.37037	0	0	0	0	0	0	0	0	0	0	0	0	0	0	0	0	0	0	0	0	0	0	0	0	0	0	0.768519	0	0	0	0	0	0	0	0	0	0	0	0	0	0	0	0	0	0	0	0	0	0	0	0	0	0	0	0	0	0	0	0	0	0	0	0	0	0	0	0	0	0	0	0	0	0	0	0	0	0	0	0	0	0	0	0	0	0
K06442	0	0	0	0	0	0	0	0	0	1	0.616438	0	0	0	0	0	0	0	0	0	0	0	0	0	0.801418	0	0	0	0	0	0	0	0	0	0	0	0	0	0	0	0	0	0	0	0	0	0	0	0	0	0	0	0	0	1	0	0	0	0	0	0	0	0	0	0	0	0	0.69863	0	0	0	0	0	0	0	0	0	0	0	0	0	0	0	0	0.488584	0	0	0	0	0	0	0	0	0	0	0	0	0	0	0	0	1	0	0	0	0	0	0	0	0	0	0	0	0	0	1.43243	0	0
K02004	1.451991	0.141243	0	0.56403	0.564972	0.81058	0	2.37288	0	0.44162	1.830829	0.9772472	0.590396	0	2.010365	0.5508479	0	1.2595616	0	0.141243	0.422787	0	0	2.330867	1.057583	0	0.292398	0.589234	0	0	0	0	0	0.141243	0	0	0.333333	0.564972	0	0.564972	0	0.427495	0.564972	2.051708	2.212811	1.4086373	0	0	1.756124	0.8371	0	0.282486	0.0922217	1.759767	0.252525	5.053732	0	0	0	0	1.12053	1.549344	0.670433	0.987759	0.80226	2.25424	1.376249	0.613497	0	0.0677966	0	0	5.772223	0	0.6200817	2.745288	0.246704	0.141243	1.307916	0.4670435	1.318792	0.272109	0.141243	1.529254	0.126177	6.530529	0	0	0.141243	0.553672	0	0.141243	1.124967	4.368375	0.684906	0	0	0	0	0.278719	0	1.377589	0	0	0	0	0	0.423729	0.507614	0.179856	0.847458	0.2335217	0	1.046052	0	0.282486	0.392555	0
K00566	0	0	0	0	0	0.328947	0	2.646822	0	1.332428	2.5654282	1.326585	0	0	0.512028	0	0	0.369118	0.184502	0.149123	0.164474	0	0	0.442308	0.815964	0	0	0.320513	1.373097	0	0.656798	0	0	0	0	0	0.241546	0	0	0.0767544	0	0.1517653	1.65899	0	0.164474	0.328947	0	0	0.459016	0.164474	0	4.996471	0	0	0	0.554961	0	0.492325	0	0.810428	0.277778	0	0	1.221617	0.657895	0	3.2734888	0.41886	0	0.107981	0	0	3.802348	0	1.644578	0	0	0	0.241546	0	0.326754	0	1.221216	1.515047	0.348976	5.581502	0	0	0	0.657895	0	0.557642	0.407192	4.123904	0	0	0	0	0	0	0	5.756579	0.0899123	0	0	0.317982	0	1.222988	0.348976	0	0	0	0	0.972836	0	0.6562843	0	0.2390354
K09812	0	0	0	0.175047	0	0.230912	0.549348	4.028908	0	1.208217	2.320057	3.409047	0.366853	0	1.282705	0	0	0.27933	0.528864	0	0.191806	0.849162	0.27933	0.8081935	0.651769	0	0	0.3631289	0.512105	0.558659	0	0	2.79143	0	0	0.625	0.8808187	0	0	0.27933	0	1.100559	0	4.533311	0.5791432	2.777412	0	0	0.3125	0.0540037	0	2.610802	0	0.18622	0	2.5124995	0	0.0856611	0	0.0744879	1.52886	0.55866	0.558659	1.566522	0.547486	1.36986	1.422719	0	0.0837989	0.27933	0	0	2.457554	0	1.09683	2.140286	0	1.3860905	0.439479	0.0670391	0	1.12663	0.945997	0.968343	0.27933	6.0335211	0	0	0.3125	0	0	0.27933	0	3.65797	0	0	0	0.306584	0	0	0	2.87523	0	0.27933	0	0	0	0	0.898225	0	0.378026	0.27933	0	2.17842	0	0.837989	0	0
K19353	0	0	0	0	0	0	0	0	0	0	0.6238856	0	0	0	0	0	0	0	0	0	0.153535	0	0	0	0	0	0	0.124183	0.0748663	0	0	0	0	0	0	0	0	0.178253	0	0.26738	0	0.1855279	0	0.8934107	0	0	0	0	0	0	0	0.0213904	0	0	0	0.8842894	0	0	0.26738	0	0	0	0	0.110517	0	0	0.398693	0	0	0	0	0	0.245118	0	0.2792632	0	0	0	0	0.0891266	0	0	0	0.178253	0.1901366	0.121951	0	0	0.0891266	0	0	0	0.0659537	1.427441	0	0	0	0	0	0	0.121951	11.9749746	0	0.178253	0	0	0	0.0569106	0.121951	0	0	0	0	0.8051012	0	2.326287	0	0.0891266
K03498	0	0	0	0	0	0	0	0.653961	0	0.485052	1.162182	2.968991	0	0	0.743446	0	0	0.112108	0.112108	0	0	0	0	0.350877	0	0	0	0.611804	0.7287	0	0.224215	0	0	0.175439	0	0	0.1793722	0	0	1.65994	0.180505	0.224215	2.16951	0.44843	0.207773	0	0	0	0.338012	0.175439	0	3.050723	0	0	0.560538	2.535627	0.35461	0.224215	0.560538	0	0.511762	0.224215	0	0.44843	0	0.112108	1.709268	0.224215	0	0.335575	0	0	9.379259	0	1.0229689	0	0	0.11136	0.44843	0.112108	0.112108	0.929652	0.240658	0.876682	0	1.935609	0.175439	0	0	0.204783	0	0.112108	0.44843	3.554726	0	0.112108	0	0	0	0	0	2.658967	0	0	0	0	0	0	0.33333346	0	0.38565	0	0	0.336323	0	0.254111	0	0
K01849	0	0	0	0	0	0	0	0	0	0	0	0	0	0	0	0	0	0	0	0	0	0	0	0	0	0	0	0	1	0	0	0	0	0	0	0	0	0	0	0	0	0	0	0	0	0	0	0	0.860465	0	0	0	0	0	0	0	0	1	0	0	0	0	0	0	0	0	0	0	0	0	0	0	3.51163	0	0	0.658915	0	1.05426	0	0	0	0.782946	0	0	0	0	0	0	0	0	0	1	1	0	0	0	0	0	0	0	0	0	1	0	0	0	0	0	0	0	0	0	0	1	0	0	0	0
K01911	0	0	0	0.121359	0	0	0.242718	2.19265	0	0	0.608085	0.121359	0.73711	0	0.4044624	0	0	0	0.242718	0	0	0	0	0.442504	0.164474	0	0	0.121359	0.485436	0	0.242718	0	0.274725	0	0	0	0.121359	0.406958	0	0	0	0.165289	1.836468	0	0	0.934941	0	0	0.110345	0	0	1.292453	0	0.322581	0	0.667575	0	0.121359	0	0	0.244816	0	0	0.529011	0.662621	0.164474	0.257229	0	0	0	0	0.781553	1.514559	0	0.121359	0.123457	0.201361	0.121359	0.639106	0	0.121359	0.121359	0.134409	0.121359	0	0.121359	0.207428	0	0.202721	0	0	0	0.121359	0.811489	0	0	0	0	0	0	0	3.969037	0	0	0	0	0	0	0	0.110806	0	0	0	0.485436	0	0	0	0
K22927	0.8103979	0.0798722	0.159744	0.5079492	0.319489	0.6852164	0.3316972	8.279191	0	4.429133	3.819877	12.498974	0.816567	0	0.7770359	0	0.127796	1.9902586	0.2131514	0.511715	0.390842	0	0	1.5218522	1.0596986	0.4697582	0	0.9612762	2.8344497	0	0	0	1.0213703	0.2390837	0.944089	0.479233	2.3156764	0.159744	0	0.4044149	0	0.0798722	1.1506872	2.0067742	0.5221858	2.6027084	0.162338	0	0.159744	0.3311652	0	12.1634734	0.0798722	0.377529	0.1597444	2.3648954	0	0.7150588	0.398828	0.8269808	1.1184012	1.1749642	0	3.0684415	1.702339	1.649948	2.9659692	0.996931	0.1597444	0.7128212	0	0	17.27545	0	1.3827031	2.1548768	0	0.6533542	2.5171071	0.7582539	0.2406442	0.927594	1.521436	1.304036	0.247071	9.5653676	0.4230985	0.2520394	0.5385324	0.669862	0.160772	0	1.036812	6.3717059	0.0798722	0	0	0	0	0.2364222	0	1.9637812	0.638445	0.0798722	0	0.2822155	0.119904	0.111857	1.9640692	0.1512247	1.7283532	0.7088088	0.0798722	3.0570647	0	0.649449	0	0.6666926
K10037	0	0	0	0	0	0	0	0	0	0	0	0	0	0	0	0	0	0	0	0	0	0	0	0	0	0	0	0	0	0	0	0	0	0	0	0	0	0	0	0	0	0	0	0	0	0	0	0	0	0	0	0	0	0	0	0	0	0	0	0	0	0	0	0	0	0	0	0	0	0	0	0	0	0	0	0	0	0	0	0	0	0	1.48333	0	0	0	0	0	0	0	0	0	0	0	0	0	0	0	0	0	0	0	0	0	0	0	0	0	0	0	0	0	0	0	0	0	0	0
K03499	0.651387	0	0	0.622	0.251889	0.251889	0	2.7058	0	1.1603697	3.1628	5.507772	0.377834	0	2.240307	0	0	0.604534	0	0.125945	0.368598	0.835578	0	1.234931	0.914466	0	0	1.722168	1.19311	0	0	0	0	0.251889	0.503778	0.251889	0.743581	0	0	1.976404	0.2023514	1.218631	1.659953	0	0.424853	0.628883	0.116709	0	0.144416	0.251889	0	2.959479	0	0	0.0403023	2.70985068	0	0.299401	0.0579345	0	2.37867	0.993878	0.125945	1.741181	1.453909	0.5785051	1.716206	0.25189	0	0	0	0	9.005182	0	0.581025	1.130817	0	0.795804	0.498575	0.119228	0.0470193	0.803527	0.754828	0.502939	0.425346	4.145016	0	0	0.3098235	0.293871	0	0.733206	0.6449497	3.280761	0	0	0	0	0.125945	0.25105	0	1.884973	0	0	0	0	0	0	0.247525	0	0	0	0	1.615102	0	0	0	0.0973971
K03780	0	0	0	0	0	0	0	0	0	0	0.199134	0	0	0	0	0	0	0	0	0	0.555556	0	0	0	0	0	0	0	0	0	0	0	0	0	0	0	0	0	0	0	0	0	0	0	0	0.704225	0	0	0	0	0	2.474028	0	0.324675	0	0.411111	0	0	0	0	0	0	0	0	0	0	0	0.324675	0	0	0	0	0	0	0	0	0	0.80303	0	0	0	0	0	0	0	0.750564	0	0	0	0	0	0	0	0.248918	0	0	0	0	0	0	0.324675	0	0	0	0	0	0	0	0	0	0	0	0	0.912183	0	0	0	0
K01848	2.031421	0.20408701	0	4.849007	2.0360243	1.52269	0	21.938884	0	2.817483	5.388923	21.430913	4.231381	0.200401	7.354761	1.871423	0.2798933	5.794869	1.440881	0.400801	0.484017	0	0.337853	3.640958	1.43075	0.3785764	0	1.976645	7.554816	0.199733	0.200401	1.27588	11.075011	0.144289	0	1.087376	9.619221	1.177107	0.1002	7.271368	0.301615	1.315291	7.73354	1.37746	5.948351	8.792967	1.9171531	0	3.522581	2.638773	0	28.253793	0.300601	2.002636	2.072742	9.24701	0.1002	4.2333	0.300601	0.901804	9.706205	14.058465	1.600216	17.009222	2.56647	9.684476	1.7404661	2.5030325	0.5580609	0.903164	0	0	25.750471	0	3.122879	30.543923	0.899791	5.176985	10.2797542	8.947858	1.458846	12.237677	2.614471	1.605924	4.364595	11.034539	1.71209003	0.1002	0.94638	1.4007372	0.200401	0.777869	1.446578	18.361024	0	0.107527	0.0387442	1.127423	0.0414162	0	0.619912	16.658722	0.300601	0.174216	0	1.936559	0.300601	0.38613	4.024951	0.601542	3.088783	5.889329	0.229125	6.01714903	0.1002	3.49425	0	0.4938681
K06178	0	0	0	0	0	0	0	1.554956	0	0.25734	0.721934	0.600007	0	1.8547	0.259067	0	0	0.518134	0	0	0	0	0	1.130906	0	0	0	0	0.137931	0	0	0	0	0	0	0	0	0	0	0.0207254	0.25734	0.259067	0	0.359231	0.5924	1.691732	0	0	0	0	0	0.561313	0	0	0	1.609417	0	0	0	0	0.374784	0.0949914	0	1.60276	0.518135	0.314335	1.969136	0	0	0.45	0	0	1.088708	0	0.24525	1.97458	0	0.744387	2.274217	0	0	0.773748	0.343558	0.539966	0	8.391077	0.259067	0	0.3408966	0.516408	0.241796	0.25734	0.241796	2.329877	0	0	0	0	0	0	0	1.326023	0	0	0	0.165803	0	0.490501	0	0.259067	0.556131	0	0.259067	0.7650011	0	0	0	0
K01619	0	0	0	0	0	0	0	0	0	0	0	0	0	0	0	0	0	0	0	0	0	0	0	0	0	0	0	0	0	0	0	0	0	0	0	0	0	0	0	0	0	0	0	0	0	0	0	0	0	0	0	0	0	0	0	0	0	0	0	0	0	0	0	0	0	0	0	0	0	0	0	0	0	0	0	0	0	0	0	0	0	0	0	0	0	0	0	0	0	0	0	0	0	0	0	0	0	0	0	0	0	0	0	0	0	0	0	0	0	0	0	0	0	0	0	0	0	0
K00925	1.1229981	0.142045	0	1.95455	1.13636	3.432229	0.568182	8.885084	0	0.550811	5.956758	3.805866	3.003376	0.284091	2.656555	0.0265152	0.284091	2.1506753	1.709518	0.752683	0.283144	0	0	2.363872	1.1444973	0.208588	0	1.498148	1.2540868	0.310606	0	0	2.555518	0.285038	0	0.500104	6.051918	2.6556606	0.142045	2.034978	0	1.04999	1.959466	3.4491043	1.8338532	11.6181036	0.9559987	0	1.227144	1.315341	0	8.95118	0	1.3044983	1.2310272	6.3119051	0	1.119595	0	0.14359	2.804404	7.421609	0.643011	5.6836218	2.31818	5.0477581	7.369089	0.75	0.435605	1.92547	0	0	11.318532	4.60171	1.717073	15.756682	0.1960227	1.82554	12.195385	3.1374507	0.707229	3.5030955	3.454615	3.754102	0.413826	30.73234	1.307755	0.030303	2.054294	1.68277	0.445381	1.1679236	3.435059	19.987039	0	0	0.247525	0.821725	0.284091	0.158228	0	15.967781	0	0.373134	0	0.141098	0.195312	0.954444	3.321955	0.514678	0.388494	1.046638	0.7042714	3.504898	0.247525	5.248709	0.490099	0.471729
K06168	0.385604	0	0	0.8795934	0	0.129199	0.0359897	2.4264731	0	1.409203	1.271547	3.66141	0.390745	0	1.275979	0.128535	0	1.14366	0.14881	0.405051	0.128535	0	0.514139	0.677562	1.0556859	0.224215	0	0.905831	0	0	0	0.125992	0.3376174	0.25707	0	0	0.904592	0	0	0.472151	0.128535	0.263158	1.04167	0.361011	1.13707	1.4318506	0.14881	0	0.128535	0.38141	0	1.276764	0	0.352513	0	1.51508	0	0.128535	0.128535	0	2.453282	0.385604	0.401418	0.525852	0.9168501	0.683223	2.809448	0.128535	0.333333	0.224806	0	0	2.58183	0.3390726	0.391693	2.2423276	0	0.8137074	2.30695	0.128535	0.166113	1.155569	0.666003	0.507888	0.54156	6.738682	0.385604	0	0.2157457	0.265377	0	0.57113	0.56951	4.3453771	0	0.180505	0	0	0	0.176056	0	3.794233	0	0	0	0.277345	0	0.212766	0.2329362	0	0.731791	0.385604	0.212766	0.902879	0	1.503149	0	0.103509
K03074	0.401606	0	0	0.200803	0	0.8902267	0	6.542174	0	2.389349	8.313184	10.2075032	1.404284	0	0.630522	0	0	1.082998	0	0.4203476	0.200803	0	0	1.78581	0.669344	0.199465	0.021419	2.187412	3.582336	0	0	0.2704148	0.86747	0.401606	0.401606	0	2.2637228	2.141905	0	0.634538	0	2.10442	0.200803	0.903614	1.4002669	1.903615	0	0	0.891566	0.200803	0	7.238291	0	0.2623827	0	2.424364	0	0.401606	0	0	1.760378	2.5568967	0	2.5970599	1.21151	1.9946489	6.468538	0.401606	0.200803	0.184739	0	0.60241	20.597471	0.401606	5.449986	1.522089	0.200803	1.907633	3.121816	0.401606	0.641232	0.34672	1.065191	1.5622449	0.200803	7.331313	0	0	1.042838	1.54618	0	2.186078	1.333334	10.040153	0	0	0	0	0.0709505	0.207497	0.128514	13.856163	0	0	0	0.76439	0.136546	0	1.828648	0	0	0.803212	0	2.3969639	0	1.6921	1.51938	0.589022
K03602	0	0	0	0	0	0.763889	0	2.94444	0	1	1	2.66667	1.36842	0	0	0	0	1	0	0	0	0	0	0	1	0	0	0	0	0	0	0.819444	0	0	0	0	0.986111	0	0	0	0	1	0	2.38596	0	0	0	0	0.777778	1	0	3.91667	0	0	0	1	0	0.614035	0	0	1.421053	0	0	0	0	2.98611	3.81944	0	0	0	0	0	0	0	1.91228	2.56944	0	0	2	0	0	0	0.894737	0	0	4.466373	0.805556	0	0	1	2	0.508772	0.611111	3.665206	0	0	0	0	0	0	0	4	0	0	0	0	0	0	0	0	0	0	0	0	0	0	0	0
K14441	0	0	0	0.330502	0	0.610861	0	8.577959	0	1.0937702	3.722793	10.061867	0.389014	0.250627	0.853552	0.399206	0	1.334187	0	0.125313	0.37594	0	0	0.929068	0.667381	0.12	0	0.751879	1.309273	0	0	0.125313	2.192938	0.193724	0	0	2.039086	0.96	0	2.9304724	0.1780386	0.431786	2.742378	2.144566	2.217719	1.239477	0	0	0.160401	0	0	5.586362	0.00238095	0.549989	0.525851	2.437119	0	0.783972	0	0.727053	2.312729	0.4678903	0	1.215433	2.317105	0.250627	2.467539	0.991186	0	0.9948494	0	0	5.404636	0	3.775681	1.52691256	0	0.907091	1.473094	0.707151	0.500417	0.367586	0.235387	3.3902566	0.582496	10.4913327	0.193798	0	0.2890554	0.499702	0	0.125313	1.040891	6.611655	0	0	0	0	0.248756	0	0	5.304638	0	0.071256	0	0	0.125313	0	1.960149	0.134409	0.904736	0.125313	0.125313	4.0434282	0	1.785546	0	0
K01424	0.926837	0.133615	0	0.509662	0	1.0092766	0	3.136473	0	0	1.631568	0.970251	3.59601	0	1.106234	0	0	1.3694028	0.6031	0.181159	0.168919	0	0	1.155241	0	0	0	0.543478	0.351449	0	0	0	0.501253	0.157005	0	0	0.739673	0.615226	0	1.956525	0.294686	0.274725	1.285077	0.181159	0.179952	1.1883654	0	0.181159	0	0.3647348	0	1.084541	0	0.557099	0.587883	1.965537	0	0.999985	0	0.087846	0.9348242	0.543478	0.371635	1.3983	0.596618	0.392129	1.459154	1.36054	0.579728	0.181159	0	0	1.227771	0	0.520646	3.101859	0	0.9723078	1.202724	0.181159	0.181159	2.275107	0.635736	1.08696	0.362318	12.711315	0	0	0.387597	0.324263	0	0.363747	0.363641	0.791944	0	0	0	0	0	0	0	3.1204767	0	0	0	0.387597	0.361011	0	0.543478	0	0	0.21097	0	1.078958	0	0.170068	0	0.181159
K10026	0	0	0	0	0	0.400673	0	0	0	0	1.03782	0	0	0	0	0	0	0	0	0	0	0	0	0	0	0	0	1.203501	0.252525	0	0	0	0	0	0	0	0.0976431	0	0	0.434343	0	0	0	0.757576	0	0	0	0	0	0	0	0	0.316498	0	0	0.833939	0	0	0	0	0	0	0	0	0	0	0.836717	0	0	0	0	0	0.757576	0	0	0	0	0	0	0	0.252525	0	0.252525	0	1.234515	1.00505	0	0	0	0.10101	0	0	0	0.799429	0	0	0	0	0	0	0	0.981344	0	0	0	0	0	0	0.29602	0	0	0	0	1.055246	0	0	0	0
K01000	0	0	0	0	0	0	0	0	0	0	0	0	0	0	0	0	0	0	0	0	0	0	0	0	0	0	0	0	0	0	0	0	0	0	0	0	0	0	0	0	0	0	0	0	0	0	0	0	0	0	0	0	0	0	0	0	0	0	0	0	0	0	0	0	0	0	0	0	0	0	0	0	0	0	0	0	0	0	0	0	0	0	0	0	0	0	0	0	0	0	0	0	0	0	0	0	0	0	0	0	0	0	0	0	0	0	0	0	0	0	0	0	0	0	0	0	0	0
K02231	0	0	0	0	0	0	0	0	0	1.41667	0	0	0	0	0	0	0	0	0	0	0	0	0	0	0	0	0	0	0	0	0	0	0	0	0	0	0	0	0	0	0	0	0	0	0	0	0	0	0	0	0	1.68333	0	0	0	0	0	0	0	0	0	0	0	0	0	0	0	0	0	0	0	0	0	0	0	0	0	0	0	0	0	0	0	0	0	0	0	0	0	0	0	0	0	0	0	0	0	0	0	0	0	0	0	0	0	0	0	0	0	0	0	0	0	0	0	0	0	0
K02020	0	0	0	0	0	1.343903	0	0	0	0	0.9210545	0	0.64186	0	0	0	0	0	0	0	0.234742	0	0	0	0	0	0	1.13023	0.472868	0	0	0	0	0	0	0	0	0	0	0.47907	0	0	0.715289	0.3233248	0	0	0.319249	0	0	0.0511628	0	0.143975	0	0	0	2.638787	0	0.465116	0	0	0	0	0	0	0	0	0.704225	0.234742	0	0	0	0	2.33177	0	0.234742	0	0.2325507	0	0	0	0.469484	0.524691	0.234742	0.450704	0	2.27325	0	0	0.234742	0	0.234742	0.392801	0.234742	0.350548	0	0	0	0	0	0	0	0	0	0	0	0	0	0	0.801551	0	0	0	0	0	0	0.462963	0	0
K06016	0	0	0	0	0	0	0	0	0	0.136986	0.273973	0	0	0	0	0	0	0	0	0	0.1853878	0	0	0	0.568182	0	0	0	0	0	0	0	0	0	0	0	0	0	0	0	0	0.387597	0.547945	0.273973	0	0	0	0	0	0	0	5.90917	0	0.196078	0	0.2145288	0	0	0	0	0	0	0	0	0	0	0	0	0	0	0	0	0.600601	0	0	0	0	0	0	0.262473	0.0931507	0	0	0	0.60989	0.547945	0	0.542697	0.182482	0	0	0	0.173028	1.3460469	0	0	0	0	0	0	0.273973	1.22557	0	0	0	0	0	0	0	0	0	0	0	0.136986	0	0.656433	0	0
K01524	0	0	0	0	0	0.105932	0.578829	0.910509	0	0.6089168	2.636982	1.159582	0	0	1.8203841	0	0	0.107296	0	0.105932	0.105932	0	0	0	0.200803	0	0	0.401606	0	0	0.401606	0	0	0	0	0	0.415395	0.587927	0	0.200803	0.200803	0.188755	0	0.214592	0	0.430322	0	0	0	0.211864	0	0.306735	0.213228	0.393701	0	0.846226	0	0.105932	0	0	0.602409	2.27083	0	1.01709	0.6180832	0.308099	1.777124	0.306735	0.200803	0.214592	0	0	1.922883	0	1.013988	0.959239	0	0.200803	0.7696249	0.2911985	0.200803	0.214592	0.200803	0.396893	0.107296	5.2745649	0.869845	0	0.107296	0	0	0	0.00937082	1.731398	0	0	0	0	0	0	0.0798023	4.9704279	0	0	0	0	0	0.401606	0.308099	0	1.204819	0.401606	0	0.9482233	0	0.351883	0	0.0679542
K01989	0	0	0	0	0	0	0	0	0	0	0	0	0	0	0.176678	0	0	0.301531	0	0	0	0	0	0.176678	0	0	0	0	0.616162	0	0	0	0	0	0	0	0	0	0	0	0	0.378788	0	0	0.118963	0.667822	0	0	0.197065	0	0	0	0.0600707	0.176678	0	1.798701	0	0	0	0	0	0.176678	0	0	0	0	0	0	0	0	0	0	0	0	0	0	0.176678	0	0	0	0	0.176678	0	0.333333	0	0	0	0	0.179293	0	0	0	0	1.50725	0	0	0	0	0	0	0	0.362319	0	0	0	0	0	0	0	0	0.357837	0.314465	0	0.181159	0	0.542271	0	0
K03569	0	0.120482	0	0.443374	0	0.361446	0	3.902155	0	0.26988	1.439922	2.962353	0.481928	0	0.722892	0	0	1.718876	0	0.0819277	0	0	0	0.940562	0.240964	0	0	0.273896	0.8461884	0	0	0	0.722892	0.120482	0.0449799	0.240161	1.414027	0.548139	0	1.739759	0.120482	0.30363	0	0.315457	0.360643	0.297189	0.120482	0	0.120482	0.120482	0	3.173701	0	0.240964	0.237229	1.306621	0	0.514056	0	0	1.379117	0.722892	0.740317	0.907631	0.784739	0.653815	2.838386	0.469076	0.361446	0	0	0	3.347792	0.678715	0.240964	2.5152667	0	0.0618474	1.474235	0.35261	0.2764915	0.476182	2.983566	1.179072	1.483031	1.18264946	0	0	0.1718876	0.450603	0	0.90956	1.564643	2.858538	0	0	0	0	0	0	0	6.249129	0	0	0	0	0	0	0.254982	0.0803213	0	0	0	0.585636	0	0	0	0
K02066	0	0	0	0	0	0	0	0	0	0	0	0	0	0	0	0	0	0	0	0	0	0	0	0	0	0	0	0	0	0	0	0	0	0	0	0	0	0	0	0	0	0	0	0	0	0	0	0	0	0	0	0	0	0	0	0	0	0	0	0	0	2	0	0.707071	0	0	0	0	0	0	0	0	6.73504	0	0	0	0	0	0	0	0	0.737374	0	0	0	1	0	0	0	0	0	0	0	3.173701	0	0	0	0	0	0	0	0.369369	0	0	0	0	0	0	0	0	1.89899	0	0	0	0	0	0	0
K03574	0	0	0	1.908276	0	1.209678	0	0.938172	0	1.086022	0.663979	0.763441	0	0	0.403226	0	0	1.14151	0	0.104839	0.354839	0	0	0	0.7392478	0	0	0.403226	0	0	0	0	0.806452	0	0	0	0.403226	0	0	1.20968	0	0	0	0	0.383191	1.260752	0	0	0	0	0	5.818612	0	0	0	0.403226	0	0	0	0	0.403226	0	0	0.962366	0.0376344	0.981481	1.209678	0.744624	0	0	0	0	1.715414	0	0	0.403226	0	0	0.215054	0	0.806452	0.403226	0	1.20479	0.45045	1.347752	0	0	0	0.403226	0	0.403226	0	1.293509	0	0	0	0	0	0	0	2.880014	0	0	0	0	0.981183	0	0	0	0	0	0.403226	0	0	0.403226	0	0.403226
K00820	0	0	0	0.266786	0	0.113895	0	0	0	0	0.275698	0.623292	0.178253	0	0.222222	0	0	0.0891266	0	0	0	0	0	0	0	0	0	0.5317874	0.0345345	0	0	0	0	0	0	0	0.623886	0	0	0.0891266	0	0.0683304	0	0.675676	0.0891266	0.0730838	0	0	0	0	0	3.369659	0	0.0891266	0	0.112613	0	0.337838	0	0	1.69281	0.178253	0	0.0885324	0	0	0.0766488	0	0	0	0	0	1.106486	0	0	0.0891266	0	0.0891266	0.469994	0	0	0.802139	0.113895	0.340403	0	0.232917	0	0	0.0891266	0	0	0	0.226508	1.124199	0	0	0	0	0	0	0	0.112613	0	0	0	0	0	0	0.637552	0.0891266	0	0	0	0.22779	0	0	0	0
K04561	0	0.398406	0	0.104914	0	0.541272	0	0.423996	0	0.135318	2.126548	1.115853	1.393178	0	0.513668	0	0	0.471698	0.985367	0	0.135318	1.078714	0	0	0.199203	0	0	0.0708164	0.990528	0	0	0	0	0	0	0	0.945311	0	0.135318	0.751917	0	0.067659	0.963946	0.67659	0	0	0.187251	0	0	0.5418441	0	3.8805911	0.067659	0	0	0.563187	0	0.632837	0.202977	0	0	0.067659	0	0.355015	0	0	0.6093371	0	0.067659	0.202977	0	0	2.34948	0.135318	2.903922	0.430003	0	0	0.513668	0.758683	0.2378292	0.596593	0.3381647	0.731548	0.939144	0.871299	0.314465	0	0.626621	0.253045	0	0.3643901	0.135318	4.580191	0.067659	0	0	0.067659	0	0	0	4.221915	0	0	0	0	0	0	0.601383	1.153249	0	0	0	3.646632	0.067659	0	0	0.067659
K01448	1.548984	0	0.276371	0.172414	0.938272	1.8480776	0	10.43235	0	2.176976	5.4687663	9.393263	2.37836	0	1.984453	0.158228	0	2.019126	0.857487	0.316456	1.182488	0	0.316456	1.050633	1.77486697	0.1845993	0	3.0547892	4.007447	0.0896624	0.949367	0.136076	1.7727796	0.0411392	0	1.641564	2.249728	0.791139	0	5.444563	0.749418	1.5662428	1.5691572	3.606782	0.28481	3.324845	0.474684	0	0.632912	0.573065	0	15.947229	0	0.367647	2.467274	8.372503	0	1.0699	0.474684	0.617284	2.458487	2.052098	0.503056	6.067961	0.834388	1.622285	5.899439	0.744726	0.322581	0.7455297	0	0	16.94433	0	5.897684	2.001591	0.474684	2.400604	8.229451	2.226211	0.375527	2.628007	4.245577	4.241558	3.6863646	25.700559	0.829915	0	0.951375	2.169836	0.158228	0.898734	2.053933	12.214157	0	0	0	0.316456	0.5114	0	0	29.291267	0.0727848	0	0.232068	0.330642	0	0.6580926	2.0626567	0.158228	1.534995	1.0493417	0.689632	6.112444	0	3.9261443	0	0.3922013
K06199	0	0	0	0	0	0	0	0	0	0	0.649351	1.29944	0	0	0.458874	0	0	0	0	0	0	0	0	0	0	0	0	0.558442	0	0	0	0	0	0	0	0	1.073593	0	0	0	0	0	0	0	0	0.636364	0	0	0	0	0	1.22944	0	0	0	0.376623	0	0	0	0	0.619048	0	0	0	0.285714	0	0.484848	0	0	0	0	0	0	0	0	0	0	0	1.160174	0.17316	0	0.0606061	0	0	0	6.566738	0	0	0.981481	0.800866	0	0.190476	0	1.649351	0	0	0	0	0	0	0	0	0.12987	0	0	0	0	0	0	0.506494	0	0	0	0.649351	0	0	0	0
K00231	0.959596	0	0	0	0	0.5089122	0	2.773342	0	2.855478	2.649271	8.272317	0.480875	0	0.6533452	0	0	0.155914	0	0.4539151	0.103257	0.204918	0.559252	0.6364482	0.555556	0	0	0.1294466	1.6949168	0	0	0	0	0.335125	0	0	1.273334	0.3067142	0	0.809425	0	1.244688	1.875666	1.190491	1.089701	0	0.5639302	0	0	0	0	9.59138	0	0	0.2079	1.781296	0	0.35461	0.102459	0	1.05143	0.520833	0	0.849484	0	0.267025	2.500474	0.274725	0	0	0	0	7.767924	0	3.7000309	0.285714	0	1.691855	2.245466	0.6794812	0.394273	0.263804	0.3007962	2.265453	1.007413	6.475988	0	0	2.2725802	0.2079	0.2079	0.52296	1.174143	3.83121	0.137363	0	0	0.285714	0	0	0	18.0644132	0	0.340214	0	0.632007	0	0.826904	0.7087221	0	0.856244	1.477862	0	3.78327	0	0.601588	0	0.196031
K14742	0	0	0	0	0	0	0	1.21346	0	0	0.72578	0	0	0	0	0	0	0.246305	0	0	0.0689655	0	0	0	0	0	0	0.246305	0	0	0	0	0	0	0	0	0.246305	0	0	0	0	0	0	2.091952	0	0	0.472906	0	0	0	0	1.223729	0	0	0	0.898193	0	0	0.738916	0	0	0	0	0	0	0	0.837439	0	0	0	0	0	0.651888	0	0	0	0	0	0.246305	0.246305	0	0.799672	0	0.551386	0	2.377664	0	0	0	0.129721	0	0	0	1.06568	0	0	0	0	0	0	0	4.294495	0	0.506803	0	0	0	0	0.245742	0	0	0	0	0.300493	0	0	0	0
K04047	0	0	0	0	0	0	0	0	0	0	0	0	0	0	0	0	0	0	0	0	0	0	0	0	0	0	0	0	0	0	0	0	0	0	0	0	0	0	0	0	0	0	0	0	0	0	0	0	0	0	0	0	0	0	0	0	0	0	0	0	0	0	0	0	0	0	0	0	0	0	0	0	0	0	0	0	0	0	0	0	0	0	0	0	0	0	0	0	0	0	0	0	0	0	0	0	0	0	0	0	0	0	0	0	0	0	0	0	0	0	0	0	0	0	0	0	0	0
K08963	0	0	0	0	0	0	0	0	0	0	0	0	0	0	0	0	0	0	0.163934	0	0	0	0	0	0	0	0	0	0.219512	0	0	0	3	0	0	0	0	0	0	0.163934	0	0	0	0	0	0.163934	0	0	0	0	0	0	0	0	0	0	0	0	0	0	0	0	1.78261	0	0	0	0	0	0	0	0	0	0	0	0	0.327869	0.528455	0.163934	1.82222	0	0	0.614208	0	0	0	0.166667	0	0	0	0	0	0	0	0	0	0	0	0	0	0	0	0	0	0	0	0	1	0	0	0	0	0	0	0	0	0	0	0
K00266	0	0	0	0	0	0	0	0	0	0	0.227723	0	0	0	0	0	0	0	0	0	0	0	0	0	0	0	0	0	0	0	0	0	0	0	0	0	0	0	0	0	0	0	3.8	0	0	0	0	0	0	0	0	0	0	0	0	0	0	0	0	0	0	0	0	0	0	0	0	0.732673	0	0	0	0	0	0	0	0	0	0	0	0	0	0	0	1.20132	0	1.67838	0	0	0	0	0	0.247525	0	0	0	0	0	0	0	0	0	0	0	0	0	0	0	0	0	0	0	0	0	0	0	0	0	0
K00240	0	0	0	0	0	0	0	0	0	0	0	0	0	0	0	0	0	0	0	0	0	0	0	0	0	0	0	0	0	0	0	0	0	0	0	0	0	0	0	0	0	0	0	0	0	0.0625	0	0	0	0	0	0	0	0	0	0	0	0	0	0	0	0	0	0	0	0	0	0	0	0	0	0	0	0	0	0	0	0	0	0	0	0	0	0	0	0	0	0	0	0	0	0	0	0	0	0	0	0	0	0	0	0	0	0	0	0	0	0	0	0	0	0	0	0	0	0	0	0
K08301	0	0	0	0.186567	0	0	0	0.558458	0	0.3153367	1.330649	4.456482	0	0	0.186567	0	0	0	0	0.303938	0	0	0	0.932836	1.116835	0.241026	0	0.435837	1.1749326	0	0	0	0	0	0	0.119617	0.676608	0	0	0.708718	0	0.117371	1.056338	0.743155	0	0	0	0	0.25641	0.234742	0	5.096504	0	0	0	1.1046022	0.119826	0	0	0	0	0	0	1.221516	0	0	0.424136	0.117371	0	0.413217	0	0	7.114205	0	0.689008	0.387597	0	0.420168	1.717269	0.0524257	0	0	0.234742	1.100239	0.114241	3.564663	0	0	0.355278	0.226135	0	0.234742	0.586099	1.036403	0.918367	0	0	0	0.234742	0	0	2.526888	0	0	0	0.0868545	0	0.117371	0.305011	0	0	0	0	0.8356811	0	0.770112	0	0.117371
K04651	0	0.78125	0	0	0	0	0	1.35417	0	0	2.364587	2.598959	0	0	1.510417	0	0	0	0	0	0	0	0	2.67708	0	0	0	0.484375	1.348958	0	0	0	2.00521	0	0	0	1.489583	0	0	0	0	0.442708	0	0	0	0.104167	0	0	0	0	0	3.994795	0	0	0	1.411459	0	0	0	0	1.208333	0	0	0	0.3125	0.276042	0.9895833	1.52083	0	0	0	0	8.31251	0	0	1.781249	0	0	0.90625	0.447917	0	0	0	0.78125	0	6.276045	0	0	0.78125	0	0	0	0.78125	2.55208	0	0	0	0	0	0	0	1.65104	0	0	0	0	0	0.458333	0	0	0	1.385417	0.395833	0.723958	0	0	0	0
K02876	0.42517	0	0	0	1.02041	7.891154	0	5.97959	0.346939	11.139498	12.563759	18.119035	6.31696	0	0	0	0	0.512028	5.57388	0.0306122	0.751701	2.4932	1.44218	0	0.431973	0	0	3.09184	11.693879	0	1.02041	0	1.093766	0	0	1.94558	3.22789	14.1973	0	13.034	0	4.96258	16.86391	7.21769	0	0.0884354	0.493197	0	0	2.547474	0	58.3401	0	0.510204	2.79252	23.5136	0.12585	3.2551	0.258503	3.20275	0	2.36054	0.265306	0	0.56701	0	9.63711	3.20068	0	1.57483	0	0	177.94262	0.217687	19.6837	0.329897	0	0	0	5.025638	3.53401	1.76531	0.612245	4.62585	1.60544	6.955784	0	0.918367	0.532856	3.34694	0.755102	0.510204	0.993197	5.96599	0	0	0.119048	0	0	0	0	18.7143	0	0	0	0.539519	0	3.46936	1.02041	0	0	0	0	6.2381	0	1.79592	0	0.765306
K02552	0	0	0	0	0	0	0	0	0	0.151057	0	0	0	0	0	0	0	0	0	0	0	0	0	0	0	0	0	0	0	0	0	0	0	0	0	0	0	0	0	0	0	0.302115	0	0	0	0	0	0	0	0	0	0	0	0	0	0.3125	0	0.0835851	0	0	0	0	0	0	0	0	0	0	0	0	0	0	2.101816	0	0.505539	0	0	0	0	0	0	0	1.521625	0.151057	0	0	0	0	0.151057	0	0	0	0	0.145015	0	0	0	0	0	0	0	0.625	0	0.162338	0	0	0	0	0	0	0	0	0.0664653	0	0	0	0	0
K03654	0	0	0	0	0	0	0	0.4139744	0	0.2595152	0.1316739	0.2572899	0	0	0.2898775	0	0	0.2994383	0	0	0	0	0	0.5265564	0	0	0	0.17301	0.697436	0	0	0	0	0	0	0	0	0.361446	0	0	0	0	0	0	0.185874	0.2062763	0	0	0	0	0	1.4363279	0.171527	0	0	0.3452785	0	0	0	0	0.0857633	0	0	0.2253942	0.0857633	0	0.185874	0.171527	0	0.0363322	0	0	0.535179	0	0	0.176678	0	0	0.29	0	0	0.171527	0.17301	0.1722685	0	1.8130949	0.160969	0	0	0.17301	0	0	0	0.408626	0	0	0	0	0	0	0	0.8099224	0	0	0	0	0	0	0.0857633	0	0	0	0	0.455425	0	0	0	0.310559
K02012	0.168919	0.21097	0	1.012945	0	0.76914425	0	10.53527733	0	1.460563	2.5686475	6.322234	0.916225	0	1.7275366	0.337838	0	0.65428	0	0.168919	0.168919	0	0	1.4685556	0	0	0	0.0900901	1.26464	0.144144	0.329955	0	1.733987	0.168919	0	0	2.380939	0	0	1.439189	0	0.506757	0.657658	1.85698631	1.579318	2.615988	0	0	0	0.168919	0	9.26633298	0	0.2629446	0	2.9150514	0	0.167224	0	0	3.476354	0.979731	0	2.38272767	2.514636	0	6.335887	0.3587295	0.675676	0.1905085	0	0	13.059259	0	1.5997751	1.4005742	0	2.399498	1.576436	0.325451	0.295045	0.512054	0.168919	2.0855309	0.168919	3.8701267	0	0	1.291352	0.445946	0	0.337838	0.7559577	4.019961	0	0	0	0.21097	0	0	0	2.2856652	0	0.168919	0	0	0	0.292398	1.001148	0	0.196078	0	0	1.02252301	0	0.714337	0	0
K01579	0	0	0	0	0	0	0	0.176955	0	0	0	0	0	0	0	0	0	0	0	0	0	0	0	0	0	0	0	0	0	0	0	0	0	0	0	0	0	0	0	0	0	0	0	0	0	0	0	0	0	0	0	0	0	0	0	0	0	0	0	0	0	0.559671	0	0	0	0	0.726984	0	0	0	0	0	0	0	0	0	0	0	0	0	0	0	0	0	0	0	0	0	0	0	0	0	0	1.497942	0	0.588477	0	0	0	0.329218	0	0.600823	0	0	0	0	0	0	0	0	0	0	0	0.304527	0	1.234568	0	0.127572
K03544	1.38889	0	0	0	0	0	0	2.88889	0	0	0	1.3125	0	0	0	0	0	2.17361	0	0	0	0	0	0	0	0	0	0	0	0	0	0	0	0	0	0	0	0	0	0	0	0	0	0	0.388889	2.24306	0	0	3.42361	0.597222	0	0	0	0	0	0	0	0	0	0	0	6.13194	0	3.02778	0	0	0	0	0	0	0	0	0	0	0	0	0	0	0	0	0	0	0	0	0	0	0	0	0	0	0	0	0	0	0	0	0	0	0	0	0	0	0	0	0	0	0	0	0	0	1.58333	0.777778	0	0	0	0	0	0
K01658	0	0	0	0	0	0	0	0	0	0	0	0	0	0	0	0	0	0	0	0	0	0	0	0	0	0	0	0	0	0	0	0	0	0	0	0	0	0	0	0	0	0	0	0	0	0	0	0	0	0	0	0	0	0	0	0	0	0	0	0	0	0	0	0	0	0	0	0	0	0	0	0	0	0	0	0	0	0	0	0	0	0	0	0	0	0	0	0	0	0	0	0	0	0	0	0	0	0	0	0	0	0	0	0	0	0	0	0	0	0	0	0	0	0	0	0	0	0
K01951	0.119332	0	0	0.402597	0.116279	2.2100406	0	1.189422	0.103734	0.233604	2.690333	2.0671526	2.084545	0.116279	0.665478	0.113333	0	0.521959	0.21645	0	0.929618	0	0	2.627686	1.4215637	0	0	0.495908	0.3259112	0	0	0.241975	1.072846	1.237374	0	0	1.921357	0.3676046	0	1.4627663	0	0.767314	3.698379	3.214622	1.5965576	1.077759	0	0	0.549406	0.5882601	0	4.4444736	0	0.21645	0.778881	4.225167	0	0	0.232558	0	1.447882	4.8947496	0	1.253508	1.661255	1.473967	2.956581	0	0.0938743	0.6438	0	0	5.175045	0	1.56587	3.849123	0.2007173	0.2914861	2.777291	0.682087	0.654907	0.448225	1.575787	1.454203	0	4.5114786	0.232558	1.026326	2.03834	0.641023	0.276873	0.7963582	1.506104	6.1548971	0	0	0	0	0.2455639	0.508455	0.103734	12.775041	0	0.81	0	0.324675	0.185874	0.60859	1.099069	0.12987	0.7003281	0.405887	0	3.907263	0	1.844267	0	0
K00826	0	0	0	0	0.266892	0.790723	0	0	0	0.161812	0.463614	0	0	0	0	0	0	0	0	0	0.208955	0.647249	0	1.54487	0	0	0	0	0.656181	0	0	0	0	0	0	0	0.5	0	0	0.589432	0	0.312393	0	2.608913	0	0.649351	0	0	0.961538	0.804974	0	2.950535	0	0	0.758202	2.352557	0	0.161812	0.434783	0	0	0.9484486	0	0	0	0	0.58974	0	0	0	0	0	1.282288	0	0.876593	0.884022	0	0.416667	0	0.2153052	0.161812	0	1	1.650988	0.242274	5.411018	0	0	0.168919	0.58341	0.596595	0.167793	0.168919	1.251714	0	0	0	0	0	0	0	8.221927	0	0	0	0	0	0.605844	0.337838	0	0	0	0	0.250776	0	1.510072	0	0
K04077	0	0	0	0	0	0	0	0	0	0	0	0	0	0	0	0	0	0	0	0	0	0	0	0	0	0	0	0	0	0	0	0	0	0	0	0	0	0	0	0.458716	0	0	0	0	0.404762	0	0	0	0	0	0	0	0	0	0	0	0	0	0	0	0	0	0	0	0	0	0	0.229358	0	0	0	0	0	0	0	0	0	0	0	0	0	0	0	0	0	0	0	0	0	0	0	0	0	0	0	0	0	0	0	0	0	0	0	0	0	0	0	0	0	0	0	0	0	0	0	0	0	0
K02860	0.652299	0	0	0.307471	1.21552	1.796397	0	2.287765	0	0.267241	1.39987	10.862072	3.20977	0	3.043106	0	0	2.53736	0	0.431034	0.640804	0	0	0.836206	2.244257	0.971264	0	2.158169	0.916698	0	1.35632	0	0	1.5648545	1.70794	0	2.416281	0.781609	0.238506	0	0.4879446	1.589619	0	0.462363	0.666666	2.462648	0.349593	0	1.080459	0.431034	0	3.711098	0	1.2712838	0.170732	4.332624	0	0	0	0	5.065134	0.936337	0	3.24432	0.258621	2.132181	8.883624	0.406504	0	0.227011	0	0	7.52733	0.810345	5.216355	3.105393	0	0.431034	3.965896	0.431034	0.25	1.046419	0.431034	2.9454	1.338754	5.158046	1.8812966	0	0	0.568965	0	0.431034	0.431034	6.765983	0	0	0	0.431034	0	0	0	0.574713	0	0	0	0	0	0	0	0	0	0.241379	0	0.0677507	0	0	0	0.33908
K01464	0	0	0	0	0	0	0	0	0	0	0.83008	0.147929	2.149897	0	0	0	0	0	0	0	0.125	0	0	0	0	0.115	0	0	0.9792343	0	0	0	0.3832053	0	0	0	0.116667	0	0	0.125	0	0.147929	0	1.700454	0.124167	0	0	0	0	0	0	2.346298	0	0.125	0	0.780746	0	0	0	0	0	0.875	0	0	0	0	0	0	0	0.125	0	0	16.488151	0	0.125	2.314315	0	0	0	3.415254	1.402929	0	0	0.125	0.499167	0.998333	0	0	0	0.125	0	0.125	0.361967	3.768474	0	0	0	0	0	0	0	3.558336	0.255102	0	0	0	0	0	0	0	0	0	0	1.524073	0	0.34778	0	0
K07150	0	0	0	0	0	0	0	0	0	0	0	0	0	0	0	0	0	0	0	0	0	0	0	0	0	0	0	0	0	0	0	0	0	0	0	0	0	0	0	0	0	0	0	0	0	0	0	0	0	0	0	0	0	0	0	0	0	0.175869	0	0	0	0	0	0	0	0	0	0	0	0	0	0	0	0	0	0	0	0	0	0	0	0	0	0	0	0	0	0	0	0	0	0	0	0	0	0	0	0	0	0	0	0	0	0	0	0	0	0	0	0	0	0	0	0	0	0	0	0
K00789	0	0	0	0	0	1.663857	0	0.864553	0	0.617675	2.737299	0.822286	0.221902	0	0	0	0.144092	0	0	0.223823	0.7986094	0	0	0	0	0	0	0.871163	1.162768	0	0	0	0.288184	0	0	0	0.946205	0	0	1.289145	0	0.144092	0.288184	1.443029	0	0	0.143132	0	0.0768492	0.287224	0	9.93555	0	0.320513	0	3.087312	0	0.144092	0	0	0.14025	0.319885	0	0.144092	0	0	2.0771853	0.144092	0	0	0	0	5.234761	0	0.562623	0	0	0	0.395441	0.7867437	0.0662824	0.144092	2.18674	0.4882185	1.030746	5.989937	0	0	0.509126	0.446686	0.2267049	0.432277	0.6118079	3.902977	0	0	0	0	0	0	0	4.563002	0	0	0	0	0	1.283272	0	0	0	0	0.146199	2.2825328	0	1.186718	0.144092	0.144092
K00012	0	0	0	0	0	0.147493	0	0	0	0	0.294985	0.58881	0	0	0.494253	0	0	0	0.157729	0	0	0	0	0	0	0	0	0.147493	0	0	0	0	0	0	0	0	0	0	0	0	0	0.13871	0	0	0	0	0.135693	0	0	0	0	0.188235	0	0	0	0.399286	0	0	0	0	0	0	0	0	0	0	0	0	0	0	0	0	0.5364288	0	0	0	0	0	0.67497	0.0870968	0	0.147493	0.824397	0.0824373	0.147493	0.294985	0	0	0	0	0	0	0.0688299	1.98525584	0	0	0	0	0	0	0	1.048421	0	0	0	0	0	0	0	0	0	0	0	0.147493	0	0	0	0
K00537	0	0	0	0	0	0	0	0	0	0	0	0	0	0	0	0	0	0	0	0	0	0	0	0	0	0	0	0	0	0	0	0	0	0	0	0	0	0	0	0	0	0	0	0	0	0	0	0	0	0	0	0	0	0	0	0	0	0	0	0	0	0	0	0	0	0	0	0	0	0	0	0	0	0	0	0	0	0	0	0	0	0	0	0	0	0	0	0	0	0	0	0	0	0	0	0	0	0	0	0	0	0	0	0	0	0	0	0	0	0	0	0	0	0	0	0	0	0
K03429	0	0	0	0	0	0	0	0	0	0.0716418	0.835822	0.835821	0	0	0	0	0	0	0	0	0.149254	0	0	0	0	0	0	0	0.298508	0	0	0	0	0	0	0.295858	0.0726368	0	0	0.109453	0	0.2350528	0	0	0	0	0	0	0	0	0	0	0	0	0	0.944377	0	0	0	0	0	0	0	0	0	0	0	0	0	0	0	0	0.148259	0	0.10355	0	0	0	0	0.149254	0.269652	0	0	0	0	0.139303	0	0	0	0.3801	0	0	0.149254	0.672308	0	0	0	0	0	0	0	2.412295	0	0	0	0	0	0	0.149254	0	0	0	0	0.573233	0	0.297183	0	0.298507
K05366	0	0	0	0	0	0	0	0	0	0	0	0	0	0	0	0	0	0	0	0	0	0	0	0	0	0	0	0	0	0	0	0	0	0	0	0	0	0	0	0	0	0	0	0	0	0	0	0	0	0	0	0	0	0	0	0	0	0	0	0	0	0	0	0	0	0	0	0	0	0	0	0	0	0	0	0	0	0	0	0	0	0	0	0	0	0	0	0	0	0	0	0	0	0	0	0	0	0	0	0	0	0	0	0	0	0	0	0	0	0	0	0	0	0	0	0	0	0
K17828	0	0	0	0	0	0	0	0	0	0	0	0	0	0	0	0	0	0	0	0	0	0	0	0	0	0	0	0	0	0	0	0	0	0	0	0	0	0	0	0	0	0	0	0	0	0	0	0	0	0	0	0	0	0	0	0	0	0	0	0	0	0	0	0	0	0	0	0	0	0	0	0	0	0	0	0	0	0	1	0	0	0	0	0.868217	0	0	0	0	0	0	0	0	0	0	0	0	0	0	0	0	0	0	0	0	0	0	0	0	0	0	0	0	0	0	0	0	0	0
K03110	0	0	0	0	0	0	0	0	0	0	0	0.863717	0	0	0.25463	0	0	0	0	0	0	0	0	0	0	0	0	0.231481	0.0740741	0	0	0	0.442478	0	0	0	0	0	0	0	0	0	0	0	0.221239	0	0	0	0.333333	0	0	0	0	0	0	0	0	0.333333	0	0	0	0	0	0	0	0	0	0	0.221239	0.117284	0	0	0.231481	0	0	0	0	0	0	0	0	0.206667	0	0	0	1.567019	0	0	0	0.221239	0	0	0	0	0	0	0	0	0	0	0	0	0	0	0	0	0	0	0	0	0	0	0	0	0	0.231481	0	0
K01142	0	0	0	0	0	0	0	0	0	0	0	0	0	0	0	0	0	0	0	0	0	0	0	0	0	0	0	0	0	0	0	0	0	0	0	0	0	0	0	0	0	0	0	0	0	0	0	0	0	0	0	0	0	0	0	0	0	0	0	0	0	0	0	0	0	0	0	0	0	0	0	0	1.96296	0	0	0	0	0	0	0	0	0	0.757576	1.91919	0	0.792593	0	0	0	0	0	0	0	0	0	0	0	0	0	0	0	0	0	0.676768	0	0	0	0	0	0	0	0	0	1	0	0.616162	0	0
K00616	0	0	0	0	0	0	0	0	0	0	0	0	0	0	0	0	0	0	0	0	0	0	0	0	0	0	0	0	0	0	0	0	0	0	0	0	0	0	0	0	0	0	0	0	0	0	0	0	0	0.972789	0	0	0	0	0	0	0	0	0	0	0	0	0	0	0.333333	0	0	0	0	0	0	0	0	0	0	0	0	0	0	0	0	0	0	0	0	0	0	0	0	0	0	0	0	0.333333	0	0	0	0	0	0	0	2.21769	0	0	0	0	0	0	0	0	0	0	0	0	0	0	0	0
K03524	0.457063	0	0	0.181159	0	0.199275	0	1.3073162	0	0	0.8081831	1.983185	0	0	0.653093	0.181818	0	0.324879	0	0	0	0.431034	0	0.660274	0.363636	0.862069	0	0.112727	0	0	0	0	2.90545	0	0	0	1.044021	0	0	0.676363	0	0	1.642124	0.181818	0.510979	2.650166	0	0	0.467666	0.181818	0	2.451679	0.0410628	1.030303	0	1.977698	0	0.118357	0	0.459418	1.577878	1.059683	0	1.612649	1.03152	1.903684	1.402441	0	0.181818	0	0	0	4.19968	0	1.94303	1.155618	0	0.352487	0.959223	0.54303	0.181818	0.485507	0.545454	0	0.363636	1.9707339	0.792929	0	0.253623	0	0	0.181159	0	1.401352	0	0	0	0	0	0	0	0.616934	0.0642424	0	0	0	0	0	0	0	0	0	0	0.898182	0	0.0727273	0	0
K00812	0	0	0	0	0	0.992628	0	1.476006	0	0.520392	0.399538	1.193345	0	0	0	0	0	0	0	0.128535	0	0	0	0	0	0	0	0	1.816406	0	0	0	0	0	0	0	0.513282	0	0	0.642673	0	0.466671	0	0.429799	0	0	0	0	0	0	0	3.464954	0	0	0	2.3965055	0	0.270944	0	0	0	0.119109	0	0.128535	0	0	1.156812	0.450228	0	0.128535	0	0	2.227529	0	0.135501	0	0	0	0	0.25707	0	0	0.3764331	0.514139	0.144092	1.056884	0	0	0.2176524	1.114342	0	0	0.24593	2.833891	0	0	0	0	0	0	0	5.700196	0	0	0	0	0	0.128535	0	0	0	0	0.135501	1.07392	0	1.026977	0	0
K03529	0.1881449	0	0	0.454532	0	0.257269	0	4.3968679	0	0	1.1567427	1.6945527	0.0378667	0	1.0189094	0	0	0.1746691	0.0290749	0.1964645	0	0	0	0.632154	0.08	0	0	0.431786	0.784801	0.0921619	0	0	1.800663	0.3622185	0	0	0.6278874	0	0	0.220264	0.0190896	0.4330299	0.2782579	0.21692	0.647038	1.1701096	0.1881449	0	0	0	0	2.536678	0	0.297619	0	0.826926	0	0	0.289017	0	0.497342	0.5500941	0.0440529	0.565008	0.642584	0.025257	1.0768841	0.0447227	0	0.129199	0	0	1.5495557	0	0.970835	0.4564516	0	0.5430836	0.288526	0.3864668	0.2406186	0	0	2.6679413	0.605102	2.5385734	0	0	0.2120697	0.264317	0.0881058	0	0.0408223	1.959171	0	0	0	0	0	0.113636	0	1.2011372	0	0	0	0.7479433	0	0.2393649	0	0	0	0.5391029	0	0.5376399	0	0.121065	0.0527838	0
K08483	0	0	0	0	0	0	0	0	0	0	0.110619	0	0	0	0	0	0	0	0	0	0	0	0	0	0	0	0	0	0.110619	0	0	0	0	0	0	0	0	0	0	0	0	0.325959	0	0	0	0	0	0	0	0	0	0	0	0	0	0	0	0	0	0	0	0	0	0	0	0	0	0	0	0	0	0	0	0	0	0	0	0	0	0	0	0	0	0	0	0	0	0	0	0	0	0	0	0	0	0	0	0	0	0	0	0.442478	0	0	0	0	0	0	0	0	0	0.110619	0	0	0	0.110619	0	0
