#SampleID	002VWWX	004AWZY	004VWZY	006VHQK	027VYMX	031VPYH	036AXHM	036VXHM	040VYDY	047VLRL	083AYGC	083VYGC	086VHXM	110VZSZ	149VYYD	153VWG	155VCHJ	173VHJW	174LBQA	180VHMQ	189VXZJ	195VXXY	199VOZQ	206ZFDA	215ATKH	215VTKH	220VDXP	227AZMH	227VZMH	230VLSH	235VDBJ	243AHZH	243VHZH	287DJQA	309VHJD	322VCHL	325ALRY	325VLRY	331ALDY	331VLDY	342VCSL	347APZL	347VPZL	348VYQM	350VLYY	351AZDY	351VZDY	353VGSZ	354VPYM	357VLTS	358AWXC	358VWXC	359VYSH	361ATLX	361VTLX	362VLBJ	363VLH	364VCZ	366VZMY	367VWSY	370VLZW	371VTYJ	372VJHK	373VHXR	376VYKZ	377VHWH	379ALJJ	379VLJJ	384VCZL	388DHLA	388VDHL	390VNFD	392VWLL	393VZLH	395VGSQ	C001CJB	C002HHP	C003XYQ	C006LYH	C007XXZ	C008QLX	C009HHY	C010WL	C013MJH	C014LWG	C017YYM	C018LJP	C020LBJ	C022SMR	C024XHR	C025PCY	C026CBR	C031CQS	C034LJ	LR200116-0001	LR200116-0002_L4_1000002	LR200116-0003_L1_1000787	LR200116-0004_L1_1000734	LR200116-0005_L1_1000735	LR200116-0006_L1_1000736	LR200116-0008_L1_1000738	LR200116-0009_L1_1000739	LR200116-0010	LR200116-0011	LR200116-0012_L4_1000742	LR200116-0013_L1_1000743	LR200116-0014_L4_1000788	LR200116-0015_L4_1000789	LR200116-0016_L4_1000953	LR200116-0017_L4_1000954	LR200116-0018_L1_1000955	LR200116-0019_L1_1000956	LR200116-0020_L1_1000916	LR200116-0021_L1_1000957	LR200116-0023_L1_1001357	LR200116-0024_L1_1001404	LR200212-0001	LR200212-0002
M00001	0.1965811	0.11655	0	0.257187	0	0.50831	0	6.635148	0	1.450985	2.485925	4.649792	0.886762	0	1.610732	0	0	0.982906	0.11655	0.147782	0.00653595	0	0.217865	0.716038	0.9324	0.409586	0	1.63291738	3.689329	0	0.227661	0	0.592074	0	1.07382	0.467865	2.7302281	0.0573711	0	2.950607	0.2331	1.4650575	1.766463	1.232125	0.4662	1.501943	0.4146034	0	0.283605	0.3423521	0	5.267705	0.0559441	0.2331	0.767385	3.436686	0	0.2331	0	0	0.770008	1.7993066	0	0.83692	1.199739	1.779332	4.203196	0.211329	0.42735	0.4662	0	0	9.615712	0.932401	3.486972	1.5507873	0	1.630148	3.880853	0.5613901	0.13253	1.082168	1.288816	1.768495	0.61703	11.4246797	0	0	1.039061	0.559897	0	1.178738	0.783133	10.964404	0	0	0	0	0	0	0.125	5.6979196	0	0	0	0.470588	0.11655	0.355872	1.282516	0	0.2877641	0.11655	0.11655	3.332896	0	0.866876	0	0.0831391
M00002	0	0	0	0	0	0.108932	0	0.390374	0	0.868235	1.140159	0.893376	0.886762	0	0.570328	0	0	0	0	0.108932	0.00653595	0	0.217865	0.366388	0	0.409586	0	0.83884538	2.199039	0	0	0	0	0	0	0.217865	0.695264	0.0573711	0	2.018206	0	0.8746905	1.640589	1.020004	0	0	0.4146034	0	0	0.287185	0	1.329786	0	0	0.534285	2.050516	0	0	0	0	0	0.0891266	0	0.21464	0.503546	0	0.637544	0.211329	0	0	0	0	3.743922	0	2.554571	0.5391323	0	0	1.045573	0.485244	0.13253	0	0	0.999264	0.26738	2.7094306	0	0	0.444753	0.326797	0	0.435729	0.666583	7.29561	0	0	0	0	0	0	0	2.5625296	0	0	0	0.470588	0	0	0.312139	0	0	0	0	2.499951	0	0.306748	0	0
M00003	0.3667818	0	0	0.608519	2.268528	3.1265098	0	6.831015	0	1.1500258	3.7777266	5.0284641	0.180527	0.192022	1.003009	0	0	2.223585	0.611624	0.505747	0.717191	1.063209	0	1.591624	2.277061	0.0216362	0	1.1770974	1.025996	0.201487	0	0	1.127545	0.0703178	0	0.20284	2.293624	0.729927	0	0.982003	0.10142	2.136023	0.20284	1.18525	0.730795	4.8088728	0.424525	0	1.956051	0.566612	0	4.933053	0.221239	0.6480924	0.285752	2.9381212	0	0.652335	0	0	3.477129	3.591876	0.1858205	3.338538	3.191264	3.329277	9.4810732	0.179587	0.709939	1.1965825	0	0	4.868012	1.4192	1.70091	2.118116	1.0208145	2.374979	16.490169	1.983465	0.89311	0.608519	0.726167	2.852407	0.9020393	27.0725303	0.18797	5.244523	1.9670487	1.404863	0.10142	2.197759	2.467591	7.292304	0.420168	0.20284	0	0.2400273	0.0736984	0.556803	0.970448	58.327487	0.40568	0.387953	0	1.1894378	0.19084	5.683373	1.784411	0.30426	4.6583067	1.8490716	1.889668	4.660276	0.10142	6.538319	0	0.5891197
M00004	0.1965811	0.11655	0	0.70297	0	1.54692	0	5.217565	0	1.306185	4.940443	6.734608	0	0	1.23865	0	0	1.280684	0.11655	0.03885	0.49505	0.526316	2.61863	0.34965	1.179925	0.218341	0	3.883416	2.553592	0	0.685556	0	0.592074	0	1.07382	0.738372	2.9375111	0	0	1.83158	0.2331	1.027048	5.366044	0.578933	0.4662	2.366037	0	0	0.546763	1.0279561	0	12.8123121	0.0559441	0.959416	0.5373306	6.3137	0	0.2331	0.371806	0.347619	0.770008	1.71018	0	3.951941	1.029526	2.090443	7.232415	1.43734	0.42735	1.058631	0	0	13.108868	0.932401	5.079604	1.011655	0.27933	2.261727	3.346144	0.6992971	0.677057	1.082168	1.382831	3.284455	0.567991	12.0381151	0	0	0.777794	0.2694036	0	0.8318008	0.665443	10.156557	0	0	0	0	0	0	0.471667	12.616537	0	0	0	0	0.11655	0	1.389337	0	0.0916861	0.11655	0.877234	2.722603	0	1.713652	0	0.0831391
M00005	2.626358	0.373134	0	0.866915	0	3.250758	0	4.0174096	0	0.932836	3.553638	4.686565	0.373134	0	1.359457	0.0335821	0	2.800997	0.13806	0.186567	0.969483	0	0	1.231344	0.574627	0	0	1.405473	2.191239	0	0	0	0.373134	0.0547264	0	0	1.322716	0	0.37189	2.0591847	0.373134	2.094527	7.857814	3.378102	1.43035	3.339554	0.186567	0	0.975124	0.743781	0	7.00804	0	0.559702	0.365672	5.697613	0	0.486318	0.19403	0	1.748751	4.318696	0	1.648009	1.38557	2.2102	5.288293	0.559701	0	0.190883	0	1.49129	8.348236	0	1.719848	2.56219	0.66791	1.08831	3.24005	0.353234	0.677861	0.543532	0.7982442	2.466379	1.434092	10.236353	0.185323	0	2.219638	0.594527	0.186567	0.7736312	1.426642	3.3245155	0	0	0	0	0	0	0.373134	7.477655	0	0.2674128	0	0.220149	0	2.32346	0.9264981	0.186567	0.687811	0.5217213	0.186567	5.756213	0	2.070892	0	0.186567
M00006	0	0	0	0.445783	0	0.495431	0	0	0	0	0.853566	0	0	0	0	0	0	0.297778	0	0	0.49505	0	0	0	0.247525	0	0	0.734324	0	0	0	0	0	0	0	0	0.247525	0	0	0	0	0	0	0	0	0.337778	0	0	0	0	0	4.0986631	0	0	0	1.717922	0	0	0.153465	0	0	0	0	0	0	0.311111	0.375502	0.438596	0	0	0	0	0.49505	0	1.356436	0	0	0	0	0.186469	0	0	0	1.323084	0	2.469255	0	0	0	0.0363036	0	0	0.445545	4.07921	0	0	0	0	0	0	0.346667	3.143563	0	0	0	0	0	0	0	0	0	0	0	0.351485	0	0	0	0
M00007	0	0	0	0	0	0.652111	0	0.218341	0	0.723435	2.741111	2.978192	0	0	0.198246	0	0	0	0	0	0	0.526316	2.61863	0	0	0.218341	0	2.35502	1.063302	0	0.457895	0	0	0	0	0.488372	0.655022	0	0	0.899179	0	0.436681	5.24017	0.366812	0	0.526316	0	0	0.263158	0.972789	0	4.77573	0	0.726316	0.3042306	3.209608	0	0	0.218341	0.347619	0	0	0	3.329661	0.333333	0	3.291261	0.998744	0	0.592431	0	0	6.742028	0	2.790767	0	0.27933	0.631579	0.510864	0.436682	0.677057	0	0.486172	1.19214	0.218341	0.978166	0	0	0.183486	0	0	0.0887918	0.103348	2.574627	0	0	0	0	0	0	0	6.337584	0	0	0	0	0	0	0.41896	0	0	0	0.760684	1.538173	0	1.349602	0	0
M00008	0	0	0	0.445783	0	0.495431	0	0	0	0	0.853566	0	0	0	0	0	0	0.297778	0	0	0.49505	0	0	0	0.247525	0	0	0.734324	0	0	0	0	0	0	0	0	0.247525	0	0	0	0	0	0	0	0	0.337778	0	0	0	0	0	4.0986631	0	0	0	1.717922	0	0	0.153465	0	0	0	0	0	0	0.311111	0.375502	0.438596	0	0	0	0	0.49505	0	1.356436	0	0	0	0	0.186469	0	0	0	1.323084	0	2.469255	0	0	0	0.0363036	0	0	0.445545	4.07921	0	0	0	0	0	0	0.346667	3.143563	0	0	0	0	0	0	0	0	0	0	0	0.351485	0	0	0	0
M00009	0.784314	0	0	0	0	1.4397307	0	6.853961	0	2.435689	3.2691812	2.814028	0.7104963	0	0	0.888889	0	0.225225	0.205333	0.567317	0.517921	0	1.15789	4.66665082	0	0	0	1.354853	5.6938365	0	0.374532	0	1.024631	0	0	0	1.4472944	0	0	3.107041	0	1.009917	8.773615	2.595731	0.472	0.0625	0.0962801	0	0.109409	0.59383	0	18.302069	0	0.592268	1.66031	7.2624909	0	2.066582	0.149189	0.328227	3.43961	1.4855195	0.174825	1.8453808	0.176	0	5.9362434	1.440674	0.443283	0.611259	0	0	9.731196	0	3.350027	0	0	0.109409	2.358863	1.1762924	1.1479056	1.7547013	1.661731	6.3922718	5.253392	21.923903	0.109649	0	3.6308474	4.433176	0.649631	0.6895305	7.235552	19.24822	0	0	0.093633	0.257976	0.262822	0.219298	0.174825	32.3193024	0.4345623	1.30598	0	0.126126	2.348098	1.5207299	1.3108451	0	0.272579	0.296803	0.328467	6.824228	0	7.599915	0	0.591782
M00011	0.784314	0	0	0	0	1.4397307	0	6.853961	0	2.435689	3.2691812	2.814028	0.7104963	0	0	0.888889	0	0.225225	0.205333	0.567317	0.517921	0	1.15789	4.66665082	0	0	0	1.354853	5.6938365	0	0.374532	0	1.024631	0	0	0	1.4472944	0	0	3.107041	0	1.009917	8.773615	2.595731	0.472	0.0625	0.0962801	0	0.109409	0.59383	0	18.302069	0	0.592268	1.66031	7.2624909	0	2.066582	0.149189	0.328227	3.43961	1.4855195	0.174825	1.8453808	0.176	0	5.9362434	1.440674	0.443283	0.611259	0	0	9.731196	0	3.350027	0	0	0.109409	2.358863	1.1762924	1.1479056	1.7547013	1.661731	6.3922718	5.253392	21.923903	0.109649	0	3.6308474	4.433176	0.649631	0.6895305	7.235552	19.24822	0	0	0.093633	0.257976	0.262822	0.219298	0.174825	32.3193024	0.4345623	1.30598	0	0.126126	2.348098	1.5207299	1.3108451	0	0.272579	0.296803	0.328467	6.824228	0	7.599915	0	0.591782
M00014	0	0	0	0	0	0.147493	0	0	0	0	0.294985	0.58881	0	0	0.494253	0	0	0	0.157729	0	0	0	0	0	0	0	0	0.147493	0	0	0	0	0	0	0	0	0	0	0	0	0	0.13871	0	0	0	0	0.135693	0	0	0	0	0.188235	0	0	0	0.399286	0	0	0	0	0	0	0	0	0	0	0	0	0	0	0	0	0.5364288	0	0	0	0	0	0.67497	0.0870968	0	0.147493	0.824397	0.0824373	0.147493	0.294985	0	0	0	0	0	0	0.0688299	1.98525584	0	0	0	0	0	0	0	1.048421	0	0	0	0	0	0	0	0	0	0	0	0.147493	0	0	0	0
M00015	0	0	0	0.572016	0.308642	0.340535	0	4.497661	0	0.925926	1.75947	5.23627	2.77778	0	1.282922	0	0	0.319959	0.154321	0	0.12037	0	0	1.008231	1	0.118313	0	1.04321	0.791603	0	0	0	1.975309	0.154321	0	0.752252	1.4356845	0	0	0.443801	0	1.664078	0.281893	1.054269	0.693416	2.274597	0.154321	0	0.308642	0.609053	0	2.672841	0.154321	0.308642	0.16129	1.402828	0	0.154321	0	0	1.72634	0.617284	0	1.218903	1.433127	0.462963	1.870702	0.762346	0.598765	0.771605	0	0	5.111349	0	1.218733	1.3467039	0.130658	0.513375	2.342591	1.448839	0.154321	1.005144	0.605452	0.0895062	0.16129	3.020688	0	0	0.61214	0.222222	0.058642	0.154321	0.154321	2.202815	0	0	0	0	0.724638	0	0	4.088192	0	0	0	0	0	0	0.308642	0	0.770576	0.299383	0.222222	1.646094	0.154321	0.277778	0	0.384774
M00016	1.02808	0	0	0.271003	0	2.197191	0	6.952995	0	2.0817873	5.870131	2.330578	0.242999	0.595846	0.135501	0	0	0.352342	0	0.576572	0.766274	0.0569106	0	1.424119	0.3243759	0	0	4.0264159	6.286916	0	0	0	0.980601	0	0	0.340136	5.181683	0	0.135501	3.232035	0	2.8995927	1.359406	2.059834	0.271003	2.099346	0.135501	0.134598	0.267427	0.538127	0	13.099181	0	0.425738	0	5.36778	0	0.677534	0.90537	1.45	3.3179917	0.819456	0	1.267438	1.841467	0	11.6567503	0.639352	0.589684	0.847575	0.0895692	0	10.239096	0	3.787252	0	0.301994	0.604336	4.59879	1.094721	0.5216526	0.135501	2.839741	6.6859133	0.608664	11.0082635	0.338753	0	1.575694	3.014594	0.796084	2.52386	5.0665256	19.259088	0	0	0	0.4056	0	1.02041	0.302614	34.844325	0.135501	0	0	0	1.9436567	1.642541	1.717258	1.089099	0.765223	0	0	4.626036	0	5.226162	0	0.658957
M00017	0	0	0	0	0.393701	2.218952	0	4.2017694	0	0.4873858	1.3434915	2.1335031	0.688073	0.189342	0.152439	0	0	0.0656168	0	0.170068	0.301647	0	0	0.131234	0	0	0	2.629412	5.715902	0.131234	0	0	0.304878	0.1423039	0	0.340136	1.0045967	0.2830324	0	2.6560458	0	1.4246077	2.615714	0.929705	0	0	0.438596	0	0	0.170068	0	8.5412618	0.466904	0	0.293542	3.4473888	0	0.471715	0.498866	1.45	0.276644	0.400129	0.230061	0.615646	0.319335	0.2874996	1.5462518	0.195122	0.129825	0.170068	0.0895692	0	7.98934	0	2.7136736	0.131234	0.170068	1.178097	8.030622	0.853703	0.422677	2.1118078	4.2947194	3.3566362	1.4561248	52.6157396	0.1837148	0	2.2879698	1.100663	0.420195	2.3461028	4.0522118	18.3778124	0.131579	0	0.0653595	0	0	1.02041	0.301647	19.0591628	0	0	0	0.152439	1.380953	0.954243	1.414393	0.2172771	0.3991494	0.131234	0	5.1758164	0	3.2336506	0	0.170068
M00018	0	0	0	0	0	2.385169	0	3.8269117	0	0.53288	1.151987	1.427736	0.688073	0.189342	0	0	0	0	0	0.170068	0.301647	0	0	0.318471	0.581741	0.111111	0	2.416037	5.458038	0	0	0	0	0	0	0.340136	0.843537	0	0	1.904822	0	1.4558727	2.446076	2.436658	0	0.272727	0	0	0.111111	0.281179	0	10.752602	0	0	0	5.5249157	0	0.582826	0.831459	1.45	0.276644	0.2611791	0	1.06009	0	0.664335	2.100687	0	0.129825	0.170068	0.0895692	0	12.603848	0	2.251145	0	0.170068	0.454545	0	1.329592	0.291443	0.230409	3.119549	3.6986297	0.880924	4.968268	0	0	0.471715	0.964005	0.689795	1.792128	3.128052	9.5026401	0.131579	0	0	0	0	1.494344	0.301647	26.725331	0	0	0	0	1.380953	1.549058	1.020408	0.14059	0.170068	0	0	4.0093827	0	3.240083	0	0.39229
M00019	0	0	0	0	0.266892	1.1538018	0	0	0	0.386001	1.6909158	0	0.15	0	0	0	0	0	0	0	0.208955	0.647249	0	3.961294	0	0	0	1.0821107	2.8182568	0	0	0	0	0	0	0	2.2588906	0	0	2.949713	0	0.312393	11.275942	4.363002	0.126722	1.062574	0	0	0.961538	0.8645894	0	10.0708788	0	0	0.758202	4.1536778	0.209366	1.5024058	0.594527	0	0	0.9484486	0	0	0	0	1.717149	0	0	0	0	0	8.704578	0	1.272983	0.884022	0	0.416667	0.818182	0.6285282	0.161812	0.789116	1.192308	3.3729248	1.662238	7.0454253	0	0	0.168919	1.037426	0.858303	0.167793	0.372776	8.1089528	0.808511	0	0	0	0	0.636364	0	12.516506	0	0	0	0	0	0.605844	0.337838	0	0	0	0.0483092	1.927364	0.120482	2.44786	0	0.316804
M00021	0.523295	0	0	0	0.272013	0.953812	0	1.239216	0	0	1.265794	0	0.326797	0	0.380392	0	0	0	0	0	0	0	0	0.2792776	0.326797	0	0	1.242081	1.214379	0	0.917431	0	1.949777	0	0	0	0	0	0	0.58823538	0	0.448801	1.02832	1	0.196078	0.808521	0	0	0.326797	0	0	3.978647	0	0	0.677996	3.294116	0	0	0	0	0.85357	0	0	0.392156	0.196078	2.313247	0.784313	0	0	0	0	2.61438	5.322838	0	0.896732	0	0	0.16732	0.520753	0.33464	0	0.447785	1.372549	3.222217	0.326797	6.681652	0	0	1.0958606	0.653595	0	0	0.326797	6.055722	0	0	0	0	0	0	0	11.198951	0	0	0	0.151786	0	0	0	0	0.235849	0	0	0	0	0.326797	0	0
M00022	1.971699	0	0	0.3643166	0.757576	0.789573	0	1.727558	0	4.013702	4.100826	2.1584204	2.552222	0	0.5539793	0	0	1.038415	0	0.188618	0.852737	0	0.352846	0.8469301	0.204082	0.193798	0	1.053087	1.754083	0	0	0	0.243902	0	0	0	1.455281	0	0.0193548	0.3089426	0	1.272491	1.701851	0.268097	0.167785	0.7496249	1.211864	0	0.5627036	0	0	6.5038939	0.396602	0.212766	0.243902	5.1705505	0	0.60423	0.4012978	0	0.537772	0.4422008	0	2.029305	0.599429	0	3.7851613	0.00325203	0.186441	0.604042	0	0	11.974273	0	2.393767	0.807913	0	2.576305	1.6860163	0.483573	0.15873	0.4567673	2.5037166	4.442858	0	2.4112532	0.402527	0	0.740741	1.8183877	0.2064009	0.368195	1.2605599	9.1474688	0	0	0.177305	0	0	0.696296	0	8.7154927	0	0	0	0	0	0.838879	0.832118	0	0	0.292398	0	2.0125502	0	3.2330385	0	0
M00023	0.386293	0	0	0.0655476	0	0.684908	0	2.548607	0	0.258496	0.757205	0.8437383	0.454545	0	0	0	0	0	0.12735	0	0	0.703876	0	0	0	0	0	0.0965732	0.232558	0.46729	0	0	0.46729	0	0	0	0	0	0	1.04712	0	0.420635	0	1.80218	0	0	0	0	0	0.233645	0	0.267974	0.242397	0	0	2.477965	0	0.113636	0	0	0	0.276243	0	1.6829512	0.546255	0	0.68963	0.233645	0	0	0	0	9.5186083	0	0.232558	0.160436	0	0	0.0583516	0.438297	0	0.251258	2.62222	1.664468	1.16822	0.91682	0.169782	0.649123	0.342466	0.682243	0	0.0784314	2.336205	3.318008	0	0	0	0	0.233645	0	0	5.462997	0	0	0	0	0	0.233645	0	0	0	0.13369	0	0.890325	0	0.233645	0	0
M00024	0.996643	0	0	0	0	1.006722	0	0.147475	0	0	1.416702	0.9516448	0.273224	0	0	0.136612	0	0.151515	0	0	1.456903	0	0	0	0	0	0	0.261384	0.454545	0	0	0	0	0	0	0	0	0	0	1.616409	0	1.454559	4.320913	0.3212449	0	0.30303	0	0	0	0.860234	0	1.733483	0.151515	0	0	5.006033	0	0.6615385	0	0	0	0.30303	0	0	0	0.136612	0.453947	0	0	0.301205	0	0	5.324538	0	2.539668	0	0.136612	0	0.151515	0.30303	0	0.473352	0.0838384	1.5186063	0	1.605505	0	0.242718	0.514903	0.519457	0	0.1558798	2.781034	3.260325	0	0	0	0	0	0	0	3.586134	0	0	0	0	0	0	0.906255	0	0	0.954373	0	1.826749	0	0.16343	0	0
M00025	0.996643	0	0	0	0	1.006722	0	0.147475	0	0	1.416702	0.9516448	0.273224	0	0	0.136612	0	0.151515	0	0	1.456903	0	0	0	0.203252	0	0	0.464636	0.96132	0	0	0	0.308943	0	0	0	0.174797	0	0	1.616409	0	1.454559	4.320913	0.5895379	0	1.14813	0	0	0.158537	0.860234	0	1.733483	0.590111	0	0	5.163215	0	0.6615385	0.174797	0	0	0.522328	0	0.406504	0	0.136612	0.859096	0	0	0.301205	0	0	5.324538	0	2.946172	0	0.136612	0	0.151515	0.30303	0.212766	0.473352	0.0838384	1.9237553	0	1.605505	0	0.242718	0.514903	0.519457	0	0.1558798	2.781034	4.053205	0	0	0	0	0	0	0	3.919467	0	0	0	0	0	0	0.906255	0	0.697298	1.547655	0	2.406695	0	0.16343	0	0
M00026	1.092233	0.96837	0.485437	4.868473	0.534591	0.366876	0	6.241869	0	0.210084	1.842323	0.446434	1.45469	0	1.197431	1.69903	0	0.869349	0.242718	0.242718	0	0	0	1.356624	0.402956	0.214761	0	0	0.281046	0	0.485437	0	0.970874	0.240069	0	0	3.623488	0	0	0	0	0	0	0.840336	1.352974	4.23922668	0.220264	0	4.2519586	0.0859539	0	4.085269	0.314465	0.485437	0.242718	2.998684	0	0	0.321705	0	0.4208791	4.0544025	0	3.85183	0	7.178824	0.210084	0	0	0	0	0	10.816017	0	1.03891	3.47216	0	0.407767	0.210084	0.452802	0	0.354298	0	0	0.3764805	2.2057083	0.7265261	0	0	0	0.0272537	0	0	1.390757	0	0	0	0	0	0	0	3.096062	0	0	0	0.242718	0	0	0.595844	0	0	0	0	0.639625	0	0.694522	0	0
M00028	0	0	0	0	0	0	0	0.373134	0	0	0	0	0	0	0	0	0	0	0	0	0	0	0	0.611111	0	0	0	0	1.271184	0	0	0	0	0	0	0.211864	0	0	0	0	0	0	0.795897	0	0	0	0	0	0	0	0	0	0	0	0	2.711556	0	0.342679	0	0	0	0	0	0	0	0	0	0	0	0	0	0	0	0	0	0	0	0	0	0	0	0	0	0	0	0	0	0	0	0	0	0	0.211864	0.422316	0	0	0	0	0.211864	0	0	1.906776	0	0	0	0	0	0	0.211864	0	0	0	0	0	0	0	0	0
M00029	0	0	0	0	0	0.117371	0	1.21111	0	1.2156547	0.231481	0.416667	0.215962	0	0	0	0	0	0	0	0.1623632	0	0	0.117925	0.242718	0	0	0.8561559	0.749933	0	0	0	0.235849	0	0	0	1.307065	0.234742	0	0.74501	0	0.502085	0.994769	0.731003	0.376705	0	0	0	0	0	0	3.95341	0	0	0	2.246599	0	0.117371	0	0	0.235849	0.252778	0	0	0	0	0.356914	0	0	0	0	0	3.348764	0	0.922238	0	0	0	0.277778	0	0.720038	0	0.983111	0.208138	0.329298	4.066854	0	0	0.244696	0.701878	0	0.171014	0.823399	2.0892613	0	0	0	0	0	0.385621	0	16.893269	0.490196	0.101721	0	0	0	0.3961916	0.121065	0	0	0	0	0.380151	0	0.348747	0	0
M00033	0	0	0	0	0	1.026077	0	1.108844	0	0.421769	0.575964	0.547619	0	0.189342	0	0	0	0	0	0.170068	0.170068	0	0	0	0	0	0	2.062236	4.174412	0	0	0	0	0	0	0.340136	0.510204	0	0	1.43991	0	1.1405897	1.359406	0.929705	0	0	0	0	0	0.170068	0	5.552155	0	0	0	2.558961	0	0.340136	0.498866	1.45	0.276644	0.170068	0	0.615646	0	0	1.296424	0	0	0.170068	0.0895692	0	4.039686	0	1.502607	0	0.170068	0	0	0.433107	0.159864	0	2.371888	2.040812	0.170068	2.890023	0	0	0.340136	0.510204	0.170068	1.529847	1.656463	4.698414	0	0	0	0	0	1.02041	0.170068	15.298166	0	0	0	0	1.380953	0.340136	1.020408	0.14059	0.170068	0	0	1.710884	0	2.32653	0	0.170068
M00034	3.124748	1.307947	1.778284	0.950529	1.58261	7.45877	0	8.835763	0	3.3803279	9.244354	7.078919	1.906961	0	1.9169	0.370257	0.144092	3.205569	0.381325	0.8649225	2.6555124	0	0.473934	4.0544475	3.0127141	0.594937	0.217391	4.559881	5.228838	0	0	0.123188	4.375144	0.35861	0	0.463768	4.208777	0.465116	0.236967	3.890456	0.996517	5.020434	10.918001	2.1582699	3.372541	9.942071	1.4750898	0	1.9457942	2.203368	0	18.490961	0	2.725046	1.719022	11.894625	0	1.7280611	0.454358	0	2.644314	7.188385	2.256544	6.169021	3.409999	5.6255854	15.5493007	0.8911025	0	0.510204	0	0	26.307123	0	1.496337	6.180532	1.270195	3.6763538	8.718715	3.1549738	0.6089334	2.5557347	4.772709	4.9461195	3.0197	43.009877	0.9624724	0	1.434833	3.062548	0.3874499	2.8235989	7.2877399	24.143869	0	0	0.292398	1.464415	0	1.35449	0	33.8119729	0.712821	0.435518	0	1.65713	1.3125	1.283272	3.22023	0.236967	1.697433	1.584522	0.857124	6.7897198	0	5.313156	0.144092	1.257424
M00035	0.508475	0	0	0	0	1.663857	0	1.021293	0	0.617675	3.0099164	0.822286	0.221902	0	0.665926	0	0.144092	0	0	0.223823	0.7986094	0	0	0.451444	0.538302	0	0	0.871163	1.162768	0	0	0	0.288184	0	0	0	5.392236	0	0	1.289145	0	0.634163	0.419418	1.443029	0	1.874346	0.143132	0	0.0768492	1.287224	0	9.93555	0	0.451403	0	4.447549	0	0.144092	0	0	0.14025	1.106256	0	1.327338	0	0	5.3270263	0.144092	0	0.216931	0	0	6.809565	0	1.218791	0.491525	0	0.049505	0.739356	0.7867437	0.3885964	0.275326	3.215187	0.4882185	1.16023	8.242052	0	0	0.509126	0.446686	0.2267049	0.944305	0.6118079	4.723545	0	0.185185	0	0	0	0	0	5.389448	0.287086	0	0	0	0	1.414162	0	0	0	0	0.146199	2.9460526	0	1.186718	0.144092	0.144092
M00036	0	0	0	0	0.266892	1.4921607	0	2.802317	0	1.497845	3.5363912	2.191621	0.657163	0	0	0.888889	0	0.225225	0	0.473684	0.318604	0.647249	1.15789	5.99415	0	0	0	1.160818	5.451497	0	0	0	0.219298	0	0	0	0.9182304	0	0	1.78074	0	1.228677	3.85965	3.987415	0	0.649351	0.0962801	0	1.070947	1.024272	0	16.711641	0	0.592268	1.08643	4.4648169	0	2.134761	0.434783	0.328227	3.43961	1.3226181	0.174825	0.757087	0	0	6.0172987	1.347041	0	0.328947	0	0	6.082068	0	2.391331	0.884022	0	0.526076	2.02553	0.7900182	0.3204376	0.1745651	2.661731	3.923992	3.826334	23.108681	0.109649	0	2.9726284	4.68575	1.246226	0.7636905	6.684391	17.861995	0	0	0	0.257976	0.262822	0.219298	0.174825	30.717285	0.0748503	0.70357	0	0.126126	2.348098	2.010469	1.563165	0	0.272579	0	0.328467	2.92827	0	8.902518	0	0.450139
M00040	0	0	0	0	0	0.682149	0	0	0	0	1.137372	0.458716	0.273224	0	0	0.136612	0	0	0	0	1.456903	0	0	0	0	0	0	0.261384	0	0	0	0	0	0	0	0	0	0	0	0.858834	0	0.844087	4.320913	0.0182149	0	0	0	0	0	0.136612	0	0.296903	0	0	0	4.146438	0	0.3897995	0	0	0	0	0	0	0	0.136612	0.273224	0	0	0	0	0	1.67122	0	0.803279	0	0.136612	0	0	0	0	0	0	0.912418	0	1.316488	0	0	0.363388	0.367942	0	0.136612	2.423891	2.666386	0	0	0	0	0	0	0	1.673003	0	0	0	0	0	0	0	0	0	0	0	0.324685	0	0	0	0
M00046	0	0	0	0	0	0	0	0	0	0	0.83008	0.147929	2.149897	0	0	0	0	0	0	0	0.125	0	0	0	0	0.115	0	0	0.9792343	0	0	0	0.3832053	0	0	0	0.116667	0	0	0.125	0	0.147929	0	1.700454	0.124167	0	0	0	0	0	0	2.346298	0	0.125	0	0.780746	0	0	0	0	0	0.875	0	0	0	0	0	0	0	0.125	0	0	16.488151	0	0.125	2.314315	0	0	0	3.415254	1.402929	0	0	0.125	0.499167	0.998333	0	0	0	0.125	0	0.125	0.361967	3.768474	0	0	0	0	0	0	0	3.558336	0.255102	0	0	0	0	0	0	0	0	0	0	1.524073	0	0.34778	0	0
M00048	0.26178	0	0.105374	0	0	1.1951112	0	1.68723	0	0.293971	0.6179328	1.1970657	4.238763	0.26178	0.1858638	0	0	0.533041	0	0	0.163132	0	0.0837696	1.325997	0.44339	0	0	0	1.0781721	0	0	0	2.069549	0.0924956	0	0	1.5786027	0.367154	0	0.8581736	0	0.857576	0.704896	1.3313554	0	0.6831124	0	0	0.26178	0.5453022	0	9.0935634	0.537778	0.26178	0.4016516	2.5468914	0	0.2100039	0	0	0.7173904	1.728644	0.39267	1.0585234	0.8170943	2.262602	2.2750184	0.1780762	0.814149	0.99316	0	0	5.1663463	0	1.391551	0.99186	0	0.867591	1.172775	0.3530683	0.2100039	1.3136406	0.849293	0.5649081	1.1618134	5.6398911	0	0.0471204	1.8464204	0.4758775	0	0.39267	0.9453635	3.0130396	0	0	0	0	0	0	0	5.248939	0	0	0	0	0	0.13089	0.6211442	0	1.0550722	0	0.10733	1.5292366	0	0.4820475	0.183456	0
M00049	3.7704188	0.12069	0	0.485313	0	2.157474	0	2.8667154	0	0.140612	2.5919362	1.674146	3.67763	0.493702	2.3951017	0	0	0.785973	1.112039	0	0.127551	0	0.0837696	2.655585	2.7883312	0.0197044	0	1.415159	1.819373	0	0	0	1.294602	0.3547506	0	0	5.368808	0.26178	0	2.1987916	0.151057	0.920688	0.375836	2.4981004	1.78367	6.6054164	0.5870004	0	1.5071304	1.5593153	0	9.43797	0.127551	1.667138	1.627622	3.486399	0	0.858584	0.255102	1.004744	2.892621	4.9076639	0.932417	1.5116738	1.102992	5.07476	3.863817	0	0.0673235	0.897848	0	0	4.326073	0	4.302546	6.2712769	0.132275	1.199174	4.921652	1.648672	0.9119	1.7961486	0.778662	4.543035	1.719059	13.0002216	0.11552	0.2949154	1.599057	0.439069	0	0.618914	2.019267	10.6104806	0	0	0	0.222222	0	0	0	7.2696036	0.407407	0	0	0	0	0.591531	2.0591715	0.239234	1.3014572	0	0.10733	1.2846166	0	0.617666	0	0
M00050	0.119332	0	0	0.402597	0.116279	2.6843991	0	4.09197	0.103734	0.948316	5.8694924	4.4693446	2.533587	0.349379	0.665478	0.113333	0	0.65555	0.21645	0.139464	1.0256096	0	0	2.75484	1.5585497	0	0	1.498687	2.7523702	0	0	0.241975	1.502031	1.237374	0	0	2.95892	0.3676046	0	3.4487763	0	0.767314	3.903964	4.8859031	1.5965576	1.2146613	0.0885324	0	0.549406	0.7665131	0	16.0765946	0	0.331393	1.325186	6.706223	0	0.706173	0.232558	0.114943	1.447882	5.3602202	0	1.359216	1.661255	1.473967	4.018858	0.10654	0.3458033	0.7074015	0	0	17.104856	0	5.809988	3.9470793	0.2007173	0.2914861	3.82221	1.080061	0.654907	0.448225	2.394487	3.4571463	1.8680021	5.7506672	0.347501	1.026326	3.441555	1.79658327	0.27917185	1.0879792	2.415241	13.9881431	0	0	0	0	0.2455639	0.824911	0.103734	21.2560936	0.127208	0.81	0	0.324675	0.185874	0.6453716	1.450647	0.12987	0.7003281	0.405887	0	5.4218467	0	2.768845	0	0.306157
M00051	0.8839722	0	0	0.100457	2	0.490196	0	5.102339	0.0491642	0.3420773	3.1571299	3.7009597	0.490196	0	0.255708	0	0	0.2562524	0	0.2099411	0.3109442	0	0.1966568	0.3719212	0.0707965	0	0	1.5169748	0.9156272	0	0	0	3.993406	0	0	0	0.543379	0.1924441	0	0.8905415	0	0.3572184	3.05617	0.824174	2.21239	2.1551849	0.0491642	0	0	2.1405235	0	8.332616	0.1311314	0.0899281	0.0491642	2.9194908	0.25641	0.6192094	0	0.722222	2.378992	0.9699675	0	0.4261172	0	1.803301	3.0956162	1.1198749	0	0	0	0	1.6467385	0	1.1459228	1.770167	0	0.7146124	2.174749	0.2417276	0.3079418	0	0.299103	4.1332629	0.5656618	3.6533761	0	0	1.5566069	0.49706	0	0.1221489	0.6119614	2.5801238	0	0	0	0.0491642	0	0.0898066	0	11.820081	0	0	0	0	0	0.4195438	0.7364962	0.173516	0.147493	0.153595	0.1045352	2.7065815	0	0.6790139	0	0.8778872
M00052	1.1431756	0	0	0.328947	0	1.645492	0	16.604339	0.102669	1.597976	7.2038693	10.732482	0.4934975	0	2.06737	0.657895	0.328947	1.489232	0.390625	0.2888431	1.613519	0.410678	0.449692	3.388505	1.586563	0.102669	0	1.46251024	0.5766477	0	0	0	1.02669	0.457906	0.410678	0.450758	2.315528	0	0	1.1338737	0	3.177508	1.805178	3.301744	3.216782	3.987158	0.102669	0	1.480609	0.34598455	0	15.035861	0.0260096	0.7266651	0.703907	4.197149	0.102669	1.7089244	0	0	3.108294	6.547383	0.164474	2.459031	1.55305	2.3095049	8.937699	0.9581388	0.333084	1.141653	0	0	13.8304052	0.179329	1.623838	5.637918	0	1.760092	3.032695	1.0493189	0.388383	0.852573	1.783958	4.077	1.246329	13.4851123	0.164474	0.161812	0.7946155	0.88334	0.205338	0.730654	1.933661	15.2352	0	0	0	0.58935	0.205339	0	0.0123203	13.647414	0.177936	0	0	0.6123185	0.415277	0.7453893	3.631329	0.341297	1.0444265	0.7802	0	2.6363935	0	3.900744	0	0
M00053	0.4594879	0	0	0.6820635	0.175473	0.8084782	0	5.043914	0	0.795591	2.0134226	3.0147876	0	0	0.0703235	0	0	0.905214	0	0.140647	0.140178	0	0.158228	0.7834108	1.1221963	0.159744	0	0.9587579	0.304579	0	0	0.0703235	0.773558	0.16129	0	0	2.1519828	0	0	2.282976	0.188679	1.5987535	0.902095	3.4236985	0.21097	3.7832707	0	0	0.0687758	0.0703235	0	4.473902	0.4376257	0.2366066	0.291545	1.0456834	0	0.2507068	0	0.5944061	1.3447995	0.4026915	0.3929045	0.4425835	0.702766	0.9205835	4.5204825	0.20487588	0	0.0351617	0	0	5.712903	0	1.0260288	0.55338	0.0703235	1.5253296	1.3981423	0.4568715	0.145794	0.206327	0.46821	2.7540313	0.2998126	10.3819777	0	0.5397648	1.008502	1.382064	0.0703235	0.278199	1.048648	10.7549183	0	0	0	0.195695	0.0766355	0.258633	0	12.1234826	0.195695	0.3375217	0	0.0705467	0.917652	1.3300621	2.8642277	0.3453813	1.50077	1.3445178	0.0651664	3.707819	0	4.0781374	0	0.140647
M00060	2.587612	0.191571	0	1.902811	0	4.910741	1.643115	13.066862	0	5.8158352	20.21799044	21.456848	3.556763	0.869566	5.514439	0.348748	0	5.2938081	4.326729	1.056386	0.721448	0.623053	0.83061	12.538436	3.901999	1.952439	0	5.4690602	9.331501	0	0	0.493533	5.843348	1.122725	0.904153	1.390938	10.560112	1.9630909	0.416594	10.5557642	1.6093404	5.40613	9.119954	6.661028	2.756709	12.193852	0.574713	0	0.884459	1.521807	0	43.4601415	0.4161047	2.042015	1.8457	15.3293132	0	3.5105255	0	0.699377	9.135808	3.4985893	1.354771	10.353101	3.49974	5.60405	19.1916663	1.915407	0.7052122	1.656782	0	0.355045	49.828394	2.39044	10.2353158	10.188383	0.627414	6.862612	14.3536502	4.3169334	1.6311369	2.53512372	7.549409	10.978236	2.473243	44.306485	0.7217561	0.381679	4.6183256	3.157199	0.735875	1.194553	5.3284781	25.293434	0.416594	0	0	1.146874	0.483092	0.263158	0	44.3829189	0.789163	0	0	2.437487	0	1.668591	5.391719	1.550339	2.120641	3.0627098	1.175379	7.786118	0	4.876366	0	0.783428
M00063	0.851656	0	0	0.346774	1.47849	0.776882	0	11.603843	0	1.682457	4.12107887	9.685047	0.44843	0	2.088844	0	0.224215	2.905826	0.930108	0.864012	0	1.107032	0	2.153226	1.484635	0	0	0.633914	2.372965	0	0	0.311828	3.319892	0	0	1.840033	2.5608142	0	0	1.891256	0.850559	1.27170424	0	0.403226	2.82796	2.981184	0.647355	0	0.4736637	0.231183	0	21.270711	0	1.01882	0.560237	3.6599406	0	2.304785	0	1.837115	3.641481	0	0	3.2324547	0.954398	0.87996	1.7681051	0.7464198	0.458716	0.672646	0	0	17.387466	0.435484	2.0314201	1.8263655	0	0.7741937	3.253376	0.627441	0.980243	2.336611	1.1053443	2.7830707	0.951911	11.9234226	0	0.552486	0.430493	1.052172	0.403226	1.400043	0.334828	9.391077	0	0.403226	0	0	0.259067	0	0	14.708676	0	0.212366	0	0	0	0.659605	0.782957	0	0.690523	0	0.359882	3.205236	0	1.531698	0	0.336022
M00064	0	0.243902	0	0.343832	0	0.663113	0.179894	3.592537	0	1.5323913	4.0086011	3.0268664	0	0	0.566966	0	0	0	0.678036	0.243902	0.5346473	0	1.213345	1.824858	0	0.077135	0	1.708389	1.2031891	0	0	0	0.367647	0.358876	0	3.772362	1.767101	0	0	2.410435	0.76316	1.645597	1.8668425	3.3278417	0.332226	1.887627	0.714286	0	0.183824	0.0777538	0	4.611676	0.3605842	0.435556	0.298614	2.637299	0	0.2105001	0	1.044136	0.90637	1.283823	0.585714	1.507932	2.444498	0.3366865	2.6411354	0	0.601831	0.183824	0	0	3.149067	0	1.317519	0.826002	0.119048	1.049809	2.072195	3.904076	1.1145247	0	0.1062045	2.0088177	0.588988	3.16524872	0	0	0.355057	0.107759	0	0.785714	0.260417	3.341032	0	0	0	0	0	0	0	3.798075	0	0.0183824	0	0.214015	0	0.510615	0.779626	0	0.431884	0	0	2.674989	0	0.460165	0	0.421615
M00080	0	0	0	0	0	0.16835	0	5.11672	0	0.2652221	1.152	3.658013	0	0	0.7211071	0	0	0	0	0.102164	0.207469	0	1.3468	0.050505	0	0.140292	0	0.503928	2.194602	0	0	0	0	0	0	0	1.531505	0	0	1.129774	0	0.412841	0	0.968638	0.468013	0.2823698	0.16835	0	0	0.258009	0	10.175496	0	0	0.174892	2.667656	0	0.392431	0	0	0	0.96185	0	0.673401	1.96633	0	1.538795	0.971717	0.12987	0.371973	0	0	12.277899	0	1.0353864	0	0.208333	0	0.701664	0.4830194	0.153374	0	0.730639	0.830206	0.29822	2.0858674	0	0	0.167228	0	0.286965	0.297619	0	3.536716	0	0	0	0	0	0	0	5.1800313	0	0	0	0	0	0.12987	0.694083	0	0	0	0	1.955777	0	0.376142	0	0
M00082	2.28132	0	0	1.01891	0	0.4917258	0	5.270596	0.531915	0.885343	4.151211	3.904167	3.400626	0	0.6513	0.206856	0	1.83452	0.121749	0.177305	0.589352	0	0.101655	2.11229	0.177305	0.531915	0	1.977897	1.818677	0.0567376	0	0.177305	2.91962	0.646572	0.245863	0.138298	1.592198	0	0	1.825059	0	0.437352	4.59693	2.146631	2.13002	1.85934	0	0	1.971547	0	0	8.417157	0	0.486998	1.595745	5.040194	0.177305	0.886525	0	0	1.79905	0	0	1.777775	1.74941	3.56383	3.34042	0.353428	1.165911	1.5000003	0	0.385343	10.5919383	0	1.260045	1.583734	0.106383	1.19504	2.071014	1.202128	0.852246	1.476411	0.199203	1.068558	0.177305	5.543211	0.501182	0.6433806	1.1044334	0.501182	0	0.177305	0.717494	4.23085	0	0	0	0.177305	0	0	0	5.3467467	0	0	0	0.177305	0.177305	0.531915	0.2541372	0	1.3818	0.177305	0	1.826919	0	1.301479	0	0
M00083	5.36954	0.232704	0	2.604319	0.717938	4.5190408	1.15942	27.1410714	0.531915	6.213807	22.4537403	27.584731	8.838337	0.377358	8.225876	0.206856	0.963976	6.724564	1.63378	2.7725649	1.900405	1.13082	1.581944	8.322285	0.961486	2.295302	0	11.2294798	14.698611	0.4340956	0.377358	0.321959	8.566175	1.307031	0.544109	1.924219	13.100685	1.768285	0.100457	16.621585	0.0528302	5.99349	16.93061	14.1663722	5.47194	5.231135	3.346087	0.188679	7.099241	2.321936	0	47.545959	0.188679	1.705426	2.816555	30.8485686	0.177305	4.206677	3.86022	4.565584	8.989616	6.097049	2.162864	12.357644	9.35913	22.405228	19.496842	3.9263116	2.109186	3.0334973	0	3.185983	52.7113721	0	14.446437	9.9526399	2.632431	4.412102	19.785434	3.338379	3.4140292	4.825691	3.543864	13.531626	2.6537133	44.4491369	2.392761	0.6433806	5.7606444	4.213752	0.797363	2.2048029	6.936471	31.684333	0	0	0	1.300087	0	0.273973	0.2840876	37.5070908	0.564522	0.0520548	0	0.797143	0.177305	2.653516	4.1256813	1.199111	3.576335	0.931475	1.966231	13.134591	0.188679	6.5169897	0	1.509934
M00086	0	0	0	0	0	0.13089	0	0	0	0	1.082325	0	0	0	0	0	0	0	0	0.13089	0	0.26178	0	0	0	0	0	0	0	0	0	0	0	0	0	0.735294	0	0	0	0.39267	0	0.367647	0	0.196078	0	0	0	0	0	0	0	0.498537	0	0	0	0.13089	0	0.3701508	0	0	0	0	0	0	0	0	0.13089	0.3525304	0	0	0	0	3.414948	0	0	0	0	0	0	0	0	0	0.65445	0.330716	0	0.13089	0	0	0	0.26178	0	0.26178	0.13089	0.460733	0	0	0	0	0	0	0	0.248756	0	0	0	0	0	0	0	0	0	0	0	0.0837696	0	0	0	0
M00088	0	0	0	0	0	0.33052	0	0	0	0	0.15674	0.2434694	0	0	0.191223	0	0	0.00522466	0	0.155695	0	0	0	0.469175	0.15674	0	0	0.174825	0	0.31348	0	0	0	0	0	0	0.15674	0	0	0	0.169492	0.423881	0	0.31348	0.15674	0.731452	0	0	0.15674	0	0	0.891327	0	0.031348	0	0.15674	0	0	0.34965	0	0.301153	0	0	0.895545	0.47022	0	0.783699	0.15674	0	0	0	0	2.064044	0	0	0.493738	0	0.399458	0	0	0	0.15674	0	0.588235	0	2.029683	0	0.118881	0	0	0	0	0.15674	0.448897	0	0	0	0	0	0	0	0.47022	0	0	0	0	0	0	0.119122	0	0	0	0	0.14838	0	0.261233	0.15674	0
M00089	0	0	0	0	0	0.999927	0	1.519763	0	1.727268	4.422346	5.3558376	3.12801	0	2.9193	0	0	0.619423	0.803279	0.975965	0.682593	0.0284414	0	1.499571	0	2.148499	0	2.264428	1.501631	0	0.393629	0	0.572178	0.251969	0	0	2.68525	0.577428	0	0.129693	0	1.5310964	0	1.05902	0.430446	0.385827	0	0	0.459459	0	0	6.505225	0.318471	0	0.510808	2.9336296	0	0.3833174	0	0	0.175853	3.33125	1.38246	0.94102	0.393701	2.803232	2.824879	0	1.154815	0.489119	0	0	6.4294433	0	2.035057	1.05263	0.318471	0	5.9143	0.837144	0	0.526316	2.523294	2.704486	1.053397	3.871726	0.266667	0	1.30782	0	0	0	0.5285244	3.5667931	0	0	0	0	0	0	0	6.639553	0	0	0	0	0	0.897538	0.712507	0.318471	0	0	0.170648	1.673702	0	1.277118	0	0
M00093	0	0	0.729927	0	0	0.774587	0.222222	5.184299	0.444444	0.465424	2.1550272	4.325587	0.577295	0	0.871794	0.444444	0	1.03163	0.222222	0.176296	0	0	0	1.402963	0	0	0	0.998519	0.749322	0	0	0.157037	1.33333	0.364964	0	0	1.887567	0.345499	0.222222	0.241481	0.0577778	0.326754	0.877154	0.304878	0.367407	4.741532	0	0	0	1.165618	0	3.315931	0.220741	0	0.222222	1.521664	0	0.148148	1.668034	0	0.70963	0.666666	0	0.405149	0.863704	0.53037	3.2782543	0.301703	0	0.941735	0	0	8.771836	0	1.18712	2.233709	0	2.13237	3.321473	0.491545	0.222222	0.906862	1.023883	1.772568	0	7.618219	0.898971	0	0.449495	0.605691	0	0.839381	0	4.963185	0	0	0	0	0	0.189744	0	5.440163	0	0	0	0.145185	0.382222	0	0.222222	0.222222	0	0	0.302846	0.989158	0	0.7995	0	0
M00095	0	0	0	0	0	0.33052	0	0	0	0	0.15674	0.2434694	0	0	0.191223	0	0	0.00522466	0	0.155695	0	0	0	0.469175	0.15674	0	0	0.174825	0	0.31348	0	0	0	0	0	0	0.15674	0	0	0	0.169492	0.423881	0	0.31348	0.15674	0.731452	0	0	0.15674	0	0	0.891327	0	0.031348	0	0.15674	0	0	0.34965	0	0.301153	0	0	0.895545	0.47022	0	0.783699	0.15674	0	0	0	0	2.064044	0	0	0.493738	0	0.399458	0	0	0	0.15674	0	0.588235	0	2.029683	0	0.118881	0	0	0	0	0.15674	0.448897	0	0	0	0	0	0	0	0.47022	0	0	0	0	0	0	0.119122	0	0	0	0	0.14838	0	0.261233	0.15674	0
M00096	1.83114	0.6477433	0.387191	0.9155269	0	14.0528643	0	4.151487	0	3.694501	25.9359333	10.324103	1.714691	0	6.348458	0.328947	0.5083899	7.2274833	0.326754	1.432153	1.4664233	0.250429	0.343053	8.05263	4.2220573	0.371527	0	5.344485	4.5219935	0	0.171527	0.1002	4.021016	0.532895	0	7.843616	20.829306	1.924958	0	4.975255	0.328947	15.688386	8.608083	9.085224	3.375402	41.4271076	1.9374155	0	0.843309	0.4744013	0	38.214066	0.0857633	2.5808923	1.7116793	16.6269053	0.0857633	2.020037	0.757884	0.20108	7.902811	9.949543	0.1452155	10.097003	0.328947	7.820972	39.4289	1.7859663	2.691496	3.511561	0	0	25.959055	0.171527	5.137916	26.246858	1.115014	10.4440533	47.90066	3.3136036	2.013854	2.560697	22.114243	10.6895504	7.245722	96.312773	1.7745589	4.23914	7.1783153	5.2888276	0.831647	5.655384	17.14357	100.532214	1.096631	0.0857633	0.1709548	1.530296	0.343054	1.083814	0.57151	132.746145	0.556014	1.645553	0.3732293	0.7203837	1.7269563	7.618196	15.943316	0.763948	5.841669	5.6043693	2.6133083	24.3029382	0.270583	32.239223	0	2.934454
M00114	0.1965811	0.11655	0	0.257187	0	0.399378	0	4.999224	0	0.58275	1.345766	3.756416	0	0	1.040404	0	0	0.982906	0.11655	0.03885	0	0	0	0.34965	0.9324	0	0	0.794072	1.49029	0	0.227661	0	0.592074	0	1.07382	0.25	2.0349641	0	0	0.932401	0.2331	0.590367	0.125874	0.212121	0.4662	1.501943	0	0	0.283605	0.0551671	0	3.937919	0.0559441	0.2331	0.2331	1.38617	0	0.2331	0	0	0.770008	1.71018	0	0.62228	0.696193	1.779332	3.565652	0	0.42735	0.4662	0	0	5.87179	0.932401	0.932401	1.011655	0	1.630148	2.83528	0.0761461	0	1.082168	0.896659	0.769231	0.34965	8.5906941	0	0	0.594308	0.2331	0	0.743009	0.11655	3.50272	0	0	0	0	0	0	0.125	3.13539	0	0	0	0	0.11655	0	0.970377	0	0.0916861	0.11655	0.11655	0.832945	0	0.36405	0	0.0831391
M00115	0.791398	0	0	0.485437	0.597849	0.485437	0	3.131896	0	2.098392	2.6367679	3.202147	0	0	2.366893	0	0	1.029814	0	0.532937	0.774194	0	0	3.5077574	0.750245	0	0	0.744086	1.522549	0	0	0.645161	0.135484	0	0	0.490196	0.698925	0.129032	0	1.663053	0.967742	0	2.001567	1.52258	0.625806	2.044348	0	0	1.069965	0.645162	0	2.415469	0	1.352104	0.243011	4.624809	0	0.322581	0	0	1.977161	1.783439	0	3.491889	2.09834	0.258065	2.049462	0	0	1.3031204	0	0	12.75618	0.273463	1.795115	0.794436	0.322581	1.3914	1.28172	0.322581	0.164798	1.5926408	0.174757	0.843011	0	3.072821	0.967742	0	0	0.242718	0.322581	0.242718	0.15914	3.338619	0	0	0	0	0	0	0	5.82597	0	0	0	0.884956	0	0	0.645162	0	0.101075	0.242718	0	1.280193	0	0.496481	0.325243	0
M00116	0.660225	0.241546	0	0.472236	0.17316	0.870684	0.242718	2.539872	0	2.1305832	4.0680907	4.6205302	2.208372	0	2.0070344	0	0	0.401457	0.242718	0	0.21097	0	0	1.66962	0.1924181	0	0	0.3916987	2.906	0	0.242718	0.149701	2.1467892	0.14135	0	0.141717	1.3297798	0.406958	0	2.045652	0	1.216327	2.230169	1.247102	0.6285431	1.7494596	0.299401	0	0.110345	0.21645	0	5.886083	0	0.4056469	0	4.9623747	0	0.2049441	0	0	1.9785188	0.7101977	0	2.975016	1.357158	1.943776	1.4320445	0	0	0	0.241546	0.781553	7.789553	0	2.6033873	0.339907	0.442907	1.6990904	2.271082	0.2314283	0.359454	1.1968431	3.9886126	3.4687531	0.4716601	6.918799	0.207428	0	0.9743733	0.859049	0	0	1.119971	5.4554262	0	0	0	0	0	0	0	11.9181367	0	0.162338	0	0.11462	0	0	0.613275	0.2035704	1.624772	0.0947368	0.0664653	2.017122	0	0.2930368	0	0.2996084
M00119	0	0	0	0	0.266892	0.790723	0	0.176955	0	0.161812	0.463614	0	0	0	0	1.51515	0	0.21645	0	0	0.425405	0.647249	0	1.54487	0.350649	0	0	0	0.656181	0	0	0	0	0	0	0	0.5	0	0	0.589432	0	0.528843	0	2.608913	0	0.649351	0	0	1.177988	0.804974	0	2.950535	0	0	0.758202	2.352557	0	0.161812	0.694523	0	0.621934	1.5081196	0.21645	0	0	0.759928	1.316724	1.51515	0	0	0	0	1.282288	0	0.876593	0.884022	0	0.416667	0.6572787	0.2153052	0.161812	0.138528	1	1.650988	0.820918	7.036746	0	0	0.168919	0.58341	0.596595	0.167793	0.168919	7.853555	0.21645	0.804927	0	0	0	0.329218	0	10.767918	0	0	0	0	0	1.344033	0.337838	0.21645	0	0	0	0.555303	0	3.267006	0	0.127572
M00120	0	0.438596	0	0.524272	0.39644	2.994162	0	4.094841	0	2.217715	6.3003557	4.9457	0.210526	0	1.713308	0	0	0.5443154	0.438596	0.204678	0.208602	0	0.517544	1.368059	0.700041	0.71828	0	2.99661	6.856191	0	0	0	2.832407	0	0	2.561054	4.779354	1.144183	0	0.942464	0	2.761179	5.24763	6.241007	1.62361	5.010997	0	0	0.7717015	0.524731	0	20.773261	0.485437	0.815715	0.563327	5.93038552	0	1.416148	0.400585	0	2.33506	0.633354	1.70968	3.875335	0.970874	3.168159	6.2362208	1.409388	1.2320168	0.830736	0	0	18.17927561	7.10234	2.183982	2.815148	0.322581	0.810913	1.4527292	2.293336	0.5324471	1.501641	1.239766	8.658393	1.902742	16.093657	0.152104	0	1.5781633	0.926901	0.691176	2.033163	3.113487	16.63658112	0	0	0.391813	0	0	1.390838	0	28.7383934	0	0.48538	0	0.275269	0.657895	2.284602	1.045638	0.877193	2.60819	0.242718	0.3092626	4.10606	0	2.661746	0	0.748311
M00121	1.225155	0	0	0	0.181818	1.0082642	0	19.0285279	0	6.1697436	7.6387969	25.15359	0.8755726	0.193548	4.6567314	0	0.301205	2.347549	0.689549	0.9043651	0.103257	0.204918	0.559252	3.7175191	1.357638	0	0	1.6487689	5.0706223	0	0	0	0.4054547	0.9200138	0	0.708463	2.995669	0.7817362	0	2.339853	0.547993	2.935633	9.344514	3.278714	2.0306245	0.5986761	0.9283602	0	0.323655	0.545454	0	16.896897	0	0	0.6671289	7.0805676	0	3.740382	0.102459	0.341176	4.8575283	3.2670972	0	4.180078	4.956832	2.9539922	6.5194057	0.816255	0.809982	0.768193	0	0	27.0398521	0	7.8206365	3.3602823	0.331126	4.4671354	5.049896	2.6394045	1.24812	3.195804	0.4846202	4.29851327	2.597902	20.2585238	0	0	2.8864291	0.862378	0.752753	1.090607	3.3222152	12.5552395	0.137363	0	0	0.285714	0	0.429719	0	36.9354952	0.179211	0.340214	0	0.632007	0.331111	1.3131085	2.6934041	0.437751	1.157449	1.818363	0.597501	8.3752321	0	3.46384117	0	0.4724288
M00122	1.498076	0.254098	0	0.5297189	0.106557	1.063908	0	12.497792	0	6.172739	9.449188	18.155777	0	0.675676	1.1665027	0.200803	0	6.4574402	0.517615	1.31716	0	0.819672	0	3.8046897	4.331085	0.274854	0	1.390511	1.52596	0	0	0	3.452796	0.328276	0	0.447487	9.004109	0	0	1.801301	0.122549	2.343966	3.319036	1.336851	1.795456	14.033703	0.749101	0	0.826814	1.9866415	0.337838	13.355867	0.635253	0.819672	0.572174	4.451783	0	0.0489766	0	0.715909	6.6425866	1.884361	1.239957	4.9503587	3.113065	3.3093813	12.463022	0.716925	1.629704	0.5876749	0	0	21.10572338	0.244281	0.9126958	6.300836	1.0830812	3.6052095	6.913966	3.097689	0.202186	2.383069	0.309721	3.7524127	0.837184	17.7886564	1.199627	0.343643	1.628331	0.1391001	0.431579	0.8822979	1.551017	9.597856	0	0	0	0	0	0.488739	0	6.471116	0	0.2605383	0	0.948807	0	0.516153	1.812913	0.388217	0.907463	0.339157	0.109649	3.211578	0	1.437611	0	0.177936
M00123	2.130577	0.373547	0.906713	14.041434	1.977721	4.131163	1.41183	33.851124	0	26.4911316	14.6442086	113.348162	4.516843	0	11.33329	0.328782	0	16.781003	1.363698	3.854372	1.136922	3.412969	0.0577889	23.452961	9.428738	1.2607682	0	20.1134286	34.086556	0	0.341297	0.5582422	8.832192	0.710244	0.738398	14.528511	33.7497059	3.120295	0	24.422707	2.151145	17.117269	22.470641	10.589512	1.89867	48.573322	3.402497	0	2.133286	1.901138	0	223.5125163	0	0.159272	0.348432	19.2530311	0	12.675517	0.31058	2.961323	15.3905	3.647768	0.341296	60.524509	0.150171	4.544902	21.196472	17.4563561	6.102746	3.642858	0	0.341297	251.72235	1.02275	4.9117637	21.0293648	3.093234	12.268187	48.644999	5.5365859	2.977859	15.358915	24.147598	9.742703	22.6285547	244.7671322	7.365569	0.186521	14.4109834	5.510713	3.097838	1.966823	13.997723	143.2508577	0.4164655	0.0682594	0.121065	0.682593	1.034327	0.775882	1.3607359	168.7719144	1.89483	1.468126	0.511945	15.098526	2.622464	5.807325	22.99227	4.102211	14.037113	18.26748	2.406102	27.614507	0.434783	25.183848	0	5.594253
M00125	0	0	0	0.295858	0	0.922214	0	6.3090851	0	4.3095143	6.714781	14.0226563	0.277139	0	2.760083	0	0	1.447215	0	0.483484	0.140845	0	0	1.677914	0.141643	0.0906769	0	1.580496	6.118826	0	0	0	0.6396	0.561798	0	0.383142	3.69342	1.214792	0.347126	2.130333	0	3.6920384	1.685971	3.010732	1.18935	4.09659	0	0	0.295858	0.191571	0	15.9871253	0	0.295858	0.3539115	4.941601	0	0.9219472	0	0.198198	1.789283	0.970693	0.219764	2.010418	1.7107459	0.341223	3.4418829	2.093716	0	0.771037	0	0	20.782819	0	3.218307	2.509478	1	1.912937	3.605557	1.058858	0.383142	1.8422578	1.201271	4.160346	0.870528	10.5122685	0.675676	0	2.553991	2.615591	0.191571	0.890045	1.938092	11.064423	0	0	0	0	0.191571	0	0	22.0508918	0	0	0	0.0177515	0	1.10975	1.915835	1.080964	0.704225	0	0.5018117	3.983972	0	2.637838	0	0.498287
M00126	0	0	0	0	0	0.795634	0	1.462833	0	1.72764	2.88073	2.434832	3.77627	0	1.98656	0	0	0.0833333	0	0	0.8407155	0.518135	0	5.33043	0	0	0	0.925926	3.346418	0	0	0.205556	0.925926	0	0	0.303511	0.358025	0	0	1.966055	0	0.682261	8.51518	1.073979	0.101852	0.129534	0	0	0	0	2.16522	9.8975214	0	0	0.2066945	3.099658	0	0	0.0216049	0	2	1.904427	0	2.486678	0	0.69241	3.59977	0.714459	0.129534	0.204678	0	0	12.637593	0.438596	1.728804	1.28967	0	0.929293	2.22925	1.110832	0	0.786111	0.459877	0.4667441	1.232575	2.9590488	0	0	0.9484	0	0.219298	0	0.443566	3.8814513	0	0	0	0	0	0.00292398	0	8.018886	0	0	0	0	0.585366	0	0.386874	0	1.349536	0	0	1.482121	0	2.212058	0	0
M00127	0	0	0	0	0	0	0	0.311644	0	0	0.328767	0.318798	0	0	0	0	0	0.22381	0	0	0	0	0	0.143488	0	0	0	0.312652	0	0	0	0	0	0	0	0	0.342466	0.430464	0	0	0	0.0399543	0	0	0	0	0	0	0.171233	0.171233	0	0.513699	0	0	0	0.2862738	0	0.128995	0.0479452	0	0.513699	0.320513	0	0	0.121005	0.285714	0.524948	0	0	0	0	0	2.15819	0	0	0.344891	0	0.419058	0.479452	0	0	0	0.244292	0.341365	0.171233	0.843608	0.16381	0	0	0	0	0	0.171233	0.4767313	0	0	0	0	0	0	0	0.341324	0	0	0	0	0	0	0.331126	0	0	0	0	0.513699	0	0	0	0
M00129	0	0	0	0	0	0.147493	0	0	0	0	0.294985	0.58881	0	0	0.494253	0	0	0	0.157729	0	0	0	0	0	0	0	0	0.147493	0	0	0	0	0	0	0	0	1.59649	0	0	0	0	0.13871	0	0	0	0	0.135693	0	0	0	0	0.188235	0	0	0	0.399286	0	0	0	0	0	0	0	0	0	0	0	0	0	0	0	0	10.0101088	0	0	0	0	0	0.67497	0.0870968	0.875	0.147493	0.824397	1.0754933	0.147493	0.294985	0	0	0	0	0	0	0.0688299	4.40192584	0	0	0	0	0	0	0	1.048421	0	0	0	0	0	0	0	0	0	0	0	0.147493	0	0.947368	0	0
M00133	3.124748	1.307947	1.778284	1.062391	1.58261	5.224626	0	8.114425	0	2.783793	4.416748	5.91053	1.411835	0	2.26675	0.233645	0	3.318182	0.217391	0.6410995	0.4	0	0.473934	4.0544475	3.0472486	0.594937	0.217391	2.939529	3.936207	0	0	0.123188	1.312185	0.35861	0	0.463768	3.6867456	0	0.236967	2.034128	0.167457	4.144868	6.308904	0.697026	3.804287	10.115976	1.3319578	0	1.868945	1.892145	0	8.1430073	0.1411415	2.4961246	1.719022	4.553165	0	0.9616116	0.5414451	0	2.504064	7.773262	0.473934	5.88248	3.409999	5.4889734	12.5776125	0.7170885	0	0.671494	0	0	19.275909	0.112613	0.3413963	6.1507108	0.605128	3.6250328	6.716411	2.4808431	0.702866	1.2619992	2.585969	2.806933	1.756396	31.410729	1.0750854	0	0.746671	2.24792	0.160745	1.9422099	4.10361	15.767369	0	0	0.292398	1.220513	0	1.35449	0	25.7997299	0.712821	0.435518	0	1.227022	0	0	3.332843	0.236967	1.697433	1.584522	0.710925	4.085813	0	4.126438	0	1.113332
M00134	0	0	0	0	0	0.148148	0	0.255102	0	0	1.2354549	0.5351104	0.815402	0	0.3539729	0	0	0	0	0.0739645	0	0	0	0	0.0739645	0	0	0	0.221728	0	0	0	0	0.3473099	0	0	0.0394477	0	0	0.148148	0	0.0734714	0	0.203252	0.147929	0.754696	0	0	0	0	0	0.3706465	0	0.0739645	0	0.4352532	0	0.0739645	0	0	0.066075	0.0976562	0	0	0.147929	0.2770603	0.3521206	0	0	0	0	0	2.395398	0	0.0696296	0.0416667	0	0.479055	0.0976562	0.0739645	0.0740741	0	0	0	0	0	0	0	0.0739645	0.0740741	0	0	0	0.7261797	0	0	0	0	0	0.330033	0	0.463524	0	0	0	0	0	0.0735803	0.0740741	0	0.696866	0	0	0.278399	0	0	0.0740741	0
M00140	0.995088	0	0	0.464451	0.103416	1.052245	0.207756	4.4376008	0	1.4590195	4.4125614	8.325423	0.951082	0.568182	0.268403	0	0	1.24964	0.0803324	0.293229	0.5444152	0	0	1.7254669	0.667295	0.277008	0	1.4897143	2.400435	0.497503	0	0	2.22727	0.396122	0.554017	0	2.717127	0	0	1.053652	0	1.044113	3.033985	1.80691	0.9030472	4.687215	0.2963986	0	0.138504	0.599261	0	7.331282	0.0986193	0.831024	0.277008	3.421756	0	0.3344277	0	0	1.188994	3.139772	0	0.581128	1.105263	1.004016	4.0812151	0.9744171	0	0.4116581	0	0	2.218487	0.406279	0.9777937	1.765471	0.138504	1.818858	1.1714401	0.322502	0.5307329	1.316162	0.571275	1.2716937	0.277008	4.5890306	0.199446	0	1.383098	0.7685933	0	0.3003507	0.885594	3.6271384	0.138504	0	0	0	0	0	0	8.8111735	0	0	0	0.298246	0	0.364226	1.711341	0.525794	0.132964	0.554017	0.432771	1.166167	0	0.638681	0	0.1403504
M00141	0.995088	0	0	0.464451	0.103416	1.052245	0.207756	4.0437808	0	0.9935362	3.7769658	8.325423	0.951082	0.568182	0.268403	0	0	1.24964	0.0803324	0.293229	0.451713	0	0	1.7254669	0.667295	0.277008	0	1.4897143	1.733111	0.280112	0	0	2.22727	0.396122	0.554017	0	2.717127	0	0	0.757794	0	1.044113	3.033985	1.511052	0.9030472	4.687215	0.2963986	0	0.138504	0.599261	0	6.6519	0	0.831024	0.277008	2.503127	0	0.138504	0	0	1.188994	3.139772	0	0.581128	1.105263	1.004016	3.6008391	0.6272771	0	0.4116581	0	0	2.021248	0.406279	0.782087	1.765471	0.138504	1.818858	1.1714401	0.322502	0.432771	1.316162	0.571275	1.1737318	0.277008	4.3716396	0.199446	0	1.383098	0.669974	0	0.3003507	0.293878	3.0212104	0.138504	0	0	0	0	0	0	7.916746	0	0	0	0.298246	0	0.364226	1.711341	0.308403	0.132964	0.554017	0.432771	1.166167	0	0.638681	0	0.1403504
M00149	0.784314	0	0	0	0	0	0	3.08824	0	0	0	0	0	0	0	0	0	0	0	0	0	0	0	0	0	0	0	0	0	0	0	0	0	0	0	0	0	0	0	0	0	0	0	0	0	0.0625	0	0	0	0	0	0	0	0	0.75	1	0	0	0	0	0	0	0	0	0	0	0	0	0	0	0	0	0	0	0	0	0	0	0	0	0	0	0	0	0	0	0	0	0	0	0	0	0	0	0	0	0	0	0	0	0	0	0	0	0	0	0	0	0	0	0	0	0	0	0	0	0	0
M00153	0	0	0	0.905742	0	0	0	0	0	0	0.372742	0	0	0	0.246305	0	0	0	1	0	0	0	0	0	0	0	0	0	0	0	0	0	1.6289	0	0	0	0	0	0	0	0	0	0	0	0.246305	0	0	0	0	0	0	0.176678	0	0	0	0	0	0	0	0.888889	0	0	0	0	0	0	0.738916	0	0	0	0	0	0	0	0	0.141343	0	0.669289	0.357302	0	0	0	0	0	0	0	0	0	0	0	0	0	0	0	0	0	0	0	0	0	0	0	0	0	0	0	0	0	0	0	0	0	0	0	0	0	0	0
M00157	0	0	0	0.782051	0	0.961538	0	4.166085	0	0	1.546858	5.582282	6.9309867	0	0	0	0	0	0	0	0	1.46154	0	0	0.871795	6.39093	0	0	4.72515	0	0	0	2.207257	0	0	0	5.686157	0	0	1.228856	0	1.152852	1.38806	4.054511	0	0	0	0	0	0.384615	0	39.75341	0	0	0	7.772425	0	0	0	0.768519	0	2	1.58974	4.03828	0	0	3.403937	0.497512	0.948718	0	0	0.865672	13.521698	0	0.307051	4.0641	0	0	0.474359	4.270574	1.998659	0.0771144	0.711443	2.35116	1.10697	9.687977	0	0	0.743781	2.428165	0	1.512028	0.88806	19.269385	0	0	0	0	0.373134	0	0	9.906923	0	2	0	0	0	0.373134	0.0447761	0	0	0	0	3.470692	0	3.62821	0	0
M00165	0.144509	0	0	0	0	0.897776	0	0.507358	0	0.723435	3.173674	3.78166	0.578034	0	0.765683	0	0	0.144509	0	0	0	0.868782	2.61863	0	0.106936	0.218341	0	2.35502	1.063302	0	0.457895	0	0.703955	0.289018	0	0.488372	0.655022	0.277457	0	1.150624	0	0.58119	5.24017	0.507657	0.144509	0.984357	0.288184	0	0.263158	0	0	6.441434	0.144509	0.726316	0.3042306	3.3537	0	0	0.218341	0.347619	0	0	0	3.329661	0.144509	0	3.803786	1.143253	0	0.709965	0	0	7.031045	0	3.566759	0.684064	0.27933	0.776088	0.883696	0.436682	0.821566	0.223507	0.486172	1.332985	0.218341	1.4171429	0	0	0.46884	0	0	0.0887918	0.103348	2.854974	0	0	0	0	0	0	0.289017	6.107562	0	0	0	0	0.432277	0.128722	0.41896	0	0	0	0.905193	1.538173	0	1.349602	0	0
M00166	0.144509	0	0	0	0	0.245665	0	0.289017	0	0	0.432563	0.803468	0.578034	0	0.567437	0	0	0.144509	0	0	0	0.342466	0	0	0.106936	0	0	0	0	0	0	0	0.703955	0.289018	0	0	0	0.277457	0	0.251445	0	0.144509	0	0.140845	0.144509	0.458041	0.288184	0	0	0	0	1.665704	0.144509	0	0	0.144092	0	0	0	0	0	0	0	0	0.144509	0	0.512525	0.144509	0	0.117534	0	0	0.289017	0	0.775992	0.684064	0	0.144509	0.372832	0	0.144509	0.223507	0	0.140845	0	0.4389769	0	0	0.285354	0	0	0	0	0.61368	0	0	0	0	0	0	0.289017	1.987668	0	0	0	0	0.432277	0.128722	0	0	0	0	0.144509	0	0	0	0	0
M00167	0	0	0	0	0	0.652111	0	0.218341	0	0.723435	2.741111	2.978192	0	0	0.198246	0	0	0	0	0	0	0.526316	2.61863	0	0	0.218341	0	2.35502	1.063302	0	0.457895	0	0	0	0	0.488372	0.655022	0	0	0.899179	0	0.436681	5.24017	0.366812	0	0.526316	0	0	0.263158	0	0	4.77573	0	0.726316	0.3042306	3.209608	0	0	0.218341	0.347619	0	0	0	3.329661	0	0	3.291261	0.998744	0	0.592431	0	0	6.742028	0	2.790767	0	0.27933	0.631579	0.510864	0.436682	0.677057	0	0.486172	1.19214	0.218341	0.978166	0	0	0.183486	0	0	0.0887918	0.103348	2.241294	0	0	0	0	0	0	0	4.119894	0	0	0	0	0	0	0.41896	0	0	0	0.760684	1.538173	0	1.349602	0	0
M00170	0.3667818	0	0	0.608519	2.268528	3.1265098	0	6.831015	0	1.1500258	3.7777266	5.0284641	0.180527	0.192022	1.003009	0	0	2.223585	0.611624	0.505747	0.717191	1.063209	0	1.591624	2.277061	0.0216362	0	1.1770974	1.025996	0.201487	0	0	1.127545	0.0703178	0	0.20284	2.293624	0.729927	0	0.982003	0.10142	2.136023	0.20284	1.18525	0.730795	4.8088728	0.424525	0	1.956051	0.566612	0	4.933053	0.221239	0.6480924	0.285752	2.3615442	0	0.652335	0	0	3.477129	3.591876	0.1858205	3.338538	2.687718	3.329277	9.0613942	0.179587	0.709939	1.1965825	0	0	4.868012	1.4192	1.70091	2.118116	1.0208145	2.374979	16.490169	1.983465	0.89311	0.608519	0.726167	2.852407	0.9020393	27.0725303	0.18797	5.244523	1.9670487	1.404863	0.10142	2.197759	2.467591	6.32834	0.420168	0.20284	0	0.2400273	0.0736984	0.556803	0.970448	58.327487	0.40568	0.387953	0	1.1894378	0.19084	5.683373	1.784411	0.30426	4.6583067	1.8490716	1.889668	4.660276	0.10142	6.538319	0	0.5891197
M00173	2.393089	0.409825	0.8006216	1.8871903	0.4888576	5.3554325	0.1770696	21.3649141	0.0821018	4.7430458	7.4716282	23.8751789	1.0784953	0	4.73722	0.088574	0.0410393	4.7520388	1.6973772	0.768215	1.6503311	0.3639668	1.307495	6.59816012	1.9448456	0.67813	0.0124004	4.513175	12.3002689	0	0.374532	0.354296	13.5367328	0.7138668	0.925303	0.603959	7.75718	0.717836	0.044287	9.4878809	0.5270192	4.0740202	18.9093128	7.2968055	3.117982	4.244085	0.1507716	0	1.5365283	3.0127961	0	29.5158049	0.2467701	0.9940529	3.4538186	27.7277005	0.0442478	2.257068	1.472969	0.401723	8.932008	8.4103607	1.4647273	14.0926708	5.692729	1.4853114	13.9897816	8.726874	1.221318	2.3952831	0.088574	0	19.4047331	0.295247	11.039381	6.6263018	0.3594719	1.4315414	11.3314039	4.0608312	2.2497488	4.6792539	3.3406492	8.7198641	4.3547506	21.6791954	0.884303	0.869747	3.7116941	2.2340398	0.4588851	2.5585335	4.0313798	17.14178687	0.1750418	0.044287	0.093633	0.9157043	0.1328218	0.246305	0.2447198	43.7879925	0.4925338	1.600495	0	1.1077036	0	2.5905119	5.2257539	0.7030075	3.2129442	7.5870178	1.059083	11.2718268	0.0333333	2.2423979	0.0751445	0.374609
M00178	74.099709	13.791012	9.817567	10.008825	24.46939	114.069106	0.729418	273.960025	0.346939	179.383677	338.844601	404.3850381	80.18521	5.788834	218.460719	3.059642	1.96392	102.085007	51.649474	15.9261312	24.0963642	9.060892	14.447943	88.154447	93.874607	18.163944	0.732323	149.319645	142.350911	2.648597	12.451762	10.515212	132.626643	39.004631	9.9126772	25.018297	122.627712	58.278208	3.499721	125.524215	14.593392	118.630021	97.471003	158.995466	57.409911	251.0288261	12.9515793	2.198042	45.652406	75.741414	0.0528634	710.827225	4.46671	60.310063	39.464	249.591113	3.181557	46.723247	23.8589147	60.48436	197.178763	201.4991619	37.096129	237.639197	81.154794	55.063258	385.156123	86.591645	12.526329	35.68375	3.195715	3.3648737	1057.316054	32.926081	184.204488	223.113573	23.873619	78.451642	163.8418283	40.660105	50.155665	60.22738801	63.683994	97.823971	41.7279977	365.3027011	40.753242	13.795662	48.37435	74.313531	18.645935	26.701234	76.8563899	348.156257	4.960747	1.94074	0.119048	13.891172	0.7268723	5.833374	2.44003873	323.054089	2.722222	9.823384	0	11.284768	9.020762	37.539389	51.331456	11.1678251	31.551352	24.245411	9.093971	94.574126	0	68.722703	0.711111	7.465404
M00179	48.855537	9.885962	7.928677	9.52061	22.0768	70.888859	0.729418	231.267322	0.346939	108.753101	164.693913	341.106821	45.714508	5.292538	171.70657	3.059642	1.623179	63.256713	42.437934	12.1308442	15.6222942	9.060892	12.666693	57.083054	36.585374	12.797615	0.732323	60.649751	105.816892	2.21156	7.246371	9.707805	98.573069	25.956832	8.8830472	16.726928	59.413812	45.070808	3.179856	103.223746	9.682282	57.509582	78.80293	122.542644	37.663907	111.4474064	4.1088413	1.220264	39.043656	57.357748	0.0528634	440.474938	2.46671	31.882745	30.824944	178.544702	3.181557	25.121568	19.3329847	42.7848	144.237052	141.2675289	13.226359	170.285141	60.92448	29.238379	177.221613	63.615835	8.778181	24.974483	1.388305	3.3648737	941.829142	8.611544	149.390537	120.028633	12.598199	42.589483	95.7726533	24.628536	34.384037	41.487334	9.710078	54.615871	18.4759387	141.875917	14.934244	12.795662	22.772147	31.060476	5.62304	11.477877	28.4611499	165.048135	4.197784	0	0.119048	8.024331	0.7268723	2.870414	2.44003873	191.221361	0.233333	5.457151	0	6.007738	5.585746	22.48688	17.287507	6.5842571	18.996475	15.815781	3.321981	62.045676	0	38.426536	0.711111	6.077526
M00183	3.858309	0.5492776	0.380952	3.9095345	0.382433	15.80880111	1.771534	36.774613	0	21.0765734	22.0685813	58.9317489	27.7504981	0.0104167	17.5171654	0.7993352	0.4554584	5.1026479	4.2408831	2.089387	3.1566445	1.562997	1.39447	9.7001546	4.115867	3.7173705	0	13.3359144	38.3426596	0.0387367	1.9495652	0.0525536	12.052473	2.1526856	3.128657	4.6459054	13.1945252	10.5686531	1.448538	33.0661328	0.6044235	6.7085391	35.1103818	22.6926851	4.5418775	7.6586001	2.2159979	0.0894454	3.311912	4.4993169	0	197.1418884	0.0836417	3.8753083	8.1861825	55.6741021	0.5749759	4.6252797	4.181048	4.5858587	12.7238159	13.1426204	1.885844	18.5654455	3.8998507	5.5478863	26.0458756	15.6697835	0.2942201	3.451135	0	1.638498	251.3285495	1.822004	72.6736667	21.4108765	0.6766858	6.4033561	17.9603985	5.9576286	5.6846387	7.5066241	4.8308235	15.60479326	4.9675522	43.8576127	1.8233227	1.23009	6.2972151	4.7159627	0.7924781	3.5511956	6.0601507	34.9089084	1.1580746	0.282609	0.175439	0.679672	0.3485711	0.761232	0.344931	96.6710136	0.290118	0.3715147	0	1.7506427	1.100615	6.598506	4.9807166	0.6097276	2.341457	1.3124338	0.7681887	33.6581506	0.2443095	12.590379	0	1.1341384
M00188	0	0	0	0	0	0	0	0	0	0	0	0	0	0	0	0	0	0	0	0	0	0	0	0	0	0	0	0	0	0	0	0	0	0	0	0	0	0	0	1.19328	0	0	0	0	0	0	0	0	0	0	0	0	0	0	0	0	0	0	0.245098	0	0	0	0	0	0	0	0	0	0	0	0	0	0	0	0	0	0	0	0	0	0	0	0	0.113782	0	0.333239	0	0	0	0	0	0	0.00480769	1.711627	0	0	0	0	0	0	0	0.417367	0	0	0	0	0	0	0	0	0	0	0	0	0	0	0	0
M00189	0	0	0	0	0	1.677236	0	1.5	0	0	1.2335545	0.541667	1.621027	0	0	0	0	0.295833	0	0	0.234742	0	0	0	0.3125	0	0	1.359397	1.404118	0	0	0	0	0.289583	0	0	0	0	0	0.47907	0	0	1.3664	0.3233248	0	0.154167	0.450768	0	0	0.0511628	0	5.598501	0	0	0	2.951287	0	0.465116	0	0	0.625	0	0	2.469518	0	0	1.091822	0.234742	0	0.3125	0	0	2.33177	0	0.926133	0.53989	0.2325507	0.387597	0	0	0.469484	0.775264	0.234742	2.071538	0	2.5074953	0	0	0.234742	0	0.234742	0.392801	0.234742	0.988048	0	0	0	0	0	0	0	2.591284	0	0	0	0	0	0.479167	1.216134	0	0.3125	0	0.3125	0.8	0	0.775463	0.625	0.645833
M00190	0.168919	0.21097	0	1.012945	0	0.76914425	0	10.53527733	0	1.460563	2.5686475	6.322234	0.916225	0	1.7275366	0.337838	0	0.65428	0	0.168919	0.168919	0	0	1.4685556	0	0	0	0.0900901	1.26464	0.144144	0.329955	0	1.733987	0.168919	0	0	2.380939	0	0	1.439189	0	0.506757	0.657658	1.85698631	1.579318	2.615988	0	0	0	0.168919	0	9.26633298	0	0.2629446	0	2.9150514	0	0.167224	0	0	3.476354	0.979731	0	2.38272767	2.514636	0	6.335887	0.3587295	0.675676	0.1905085	0	0	13.059259	0	1.5997751	1.4005742	0	2.399498	1.576436	0.325451	0.295045	0.512054	0.168919	2.0855309	0.168919	3.8701267	0	0	1.291352	0.445946	0	0.337838	0.7559577	4.019961	0	0	0	0.21097	0	0	0	2.2856652	0	0.168919	0	0	0	0.292398	1.001148	0	0.196078	0	0	1.02252301	0	0.714337	0	0
M00209	0	0	0	0	0	0	0	0	0	0.10846	0	0	0	0	0	0	0	0	0	0	0	0	0	0	0	0	0	0	0	0	0	0	0	0	0	0	0.10846	0	0	0.433839	0	0	0	0	0	0	0	0	0	0.10846	0	0	0.10846	0	0	0.43384	0	0	0	0	0	0	0	0	0	0	0.542299	0	0	0	0	0	1.22849	0	0	0	0	0	0	0	0.10846	0	0	0	0	0	0	0	0	0	0	0	0	0	0	0	0	0	0	0	0	0	0	0	0	0	0	0	0	0	0	0	0	0	0	0	0	0
M00210	0.5864247	0	0	1.05911	0	0.5669367	0	9.6488718	0	6.732208	15.315294	16.184456	4.731939	0.143678	1.138465	0	0	1.585055	0.210181	0.518018	0.956565	1.06593	0	2.640392	0.546385	0.574774	0	5.158078	9.270001	0	0.638752	0.246305	4.150611	0.346538	0	0	2.843786	1.541957	0	5.1927985	0.921182	3.977577	16.652278	2.974854	2.02009	2.1661471	1.159945	0	0.487685	0.989595	0	16.403382	0	0.3429714	2.176861	16.636866	0	2.91936	0.655405	0	1.9111038	2.64745	0	5.386702	1.475348	3.6499355	11.596054	1.80551	0.397656	0.737838	0	0	59.001138	2.463051	8.11644	3.06184	0	2.65564	2.874935	1.325594	1.531213	1.722492	5.081868	10.526103	3.392568	12.413809	0.735294	0	1.278555	2.297402	0.696298	2.151883	4.2698729	32.873258	0.383784	0	0	0	0.269369	0	0.316913	38.3462931	0	0.621622	0	0	0	0.333333	2.091609	0	2.034125	0	0	6.236125	0	2.314994	0	0
M00212	0	0	0	0	0.442025	0.861163	0	0	0	0	0.222756	0.117647	0	0	0	0	0	0	0	0	0	0	0	0	0	0	0	0	0	0	0	0	0	0	0	0	0.240385	0	0	0.60241	0	0	0	0.151913	0	0	0	0	0	0	0	0.226799	0	0	0	0.240385	0	0	0	0.636943	0	0	0	0.45045	0	0	0.5	0	0	0	0	0	0.43018	0	0	0	0	0	0	0	0	0	0	0.282828	0.120192	0.264052	0	0	0	0.235294	0	0	0	0.0750751	0.163934	0	0	0	0	0	0	0.974731	0	0	0	0	0.310559	0	0	0	0	0	0	0.284126	0	0	0	0
M00227	1.63043	0	0	0	0	0.789474	0	1.41053	0	0	0.675439	0	0.526316	0	0	0	0	1.78986	0.532609	0	0	0	0	1.54348	0	0	0	0.149123	0	0	0	0	0	0	0	0	0.596491	0	0	0.24386	0	0.633334	1.064531	0.440351	0.632723	0	0	0	0	0	0	0.521053	0	0	0	4.189638	0	0.44386	0	0	0	0.526316	0	2.83333	0	0	2.36842	0.764912	0	1.090287	0	0	3.731284	0	0	2.68841	0	0	0	0	0.263158	0	2.009646	1.410389	0.526316	2.814381	0	0	0.110526	0.526316	0	0.263158	1.778946	1.708259	0	0	0	0	0	0	0	5.264914	0	0	0	0.543478	0	0	0.51579	0	0	0	0	0.866452	0	0.263158	0	0
M00236	0	0	0	0.684932	0	3.101056	0	0	0	0	2.171183	0.385788	0.452489	0	0.515982	0	0	0	0	0.38914	1.253393	0	0	0	1.265432	0	0	0.482131	1.273001	0	0	0	0.452489	0	0	0	1.289425	0	0	2.82607	0	0.45098	0	7.505255	0.298354	0	0.308642	0	0.211934	0.291101	0	10.2578982	0	0	0.0648567	8.945784	0.300412	0	0	0	0.0226337	0.589744	0	0.56871	0	0	2.278054	0	0	0.452488	0	0	4.2360282	0	0.299401	1.515982	0.308642	0.308642	0	1.01374	3.2739114	0.153846	0.904977	4.668954	0.173653	3.36613	0.308642	0	0	0	0	0.219561	0.604826	2.850682	0	0	0	0	0	0	0	12.044167	0.242836	0	0	0	0	1.073906	0.191358	0	0	0	0	0.904978	0	0.912519	0	0.0226244
M00237	2.70085	0	0.338983	0.930176	0.338983	1.0855396	0	9.2967067	0	1.228789	6.419069	9.788194	0.259887	0	2.785651	0	0.169492	2.838904	0.555556	0.87219	0	0	0	2.687827	0.790372	3.903888	0	3.09955	2.705159	0	0.201389	0	4.3682015	0.687906	0	0.304813	6.438497	1.06383	0	3.16092	0.169492	2.290358	11.433966	3.469662	0.954802	3.43118	1.06383	0	0	1.175701	0	15.587542	0	1.487488	0.456726	7.901645	0.173611	1.031241	0	0.6	4.861342	3.806567	0.835443	3.507143	1.58531	0.453107	13.079519	0	0.628692	1.317416	0	0	46.181528	0	4.856308	4.350163	1.043489	2.184757	1.1712896	0.911044	1.192971	1.300918	3.154518	2.244901	2.535761	16.193327	0.169492	0	1.0010432	3.465455	0.304866	0	1.519952	17.8027555	0	0	0	0.802403	0.348432	0.534759	0	17.691226	0.368362	0.26738	0	0.675706	0.226381	0.968475	0.968436	0	0.136723	1.1097	0.173611	4.771182	0	1.714754	0	0.32053
M00238	0	0	0	0	0	1.387669	0	0	0	1.3544589	3.55163	1.175969	2.15162	0	0	0	0	0	0	0.746269	0.334448	0	0.300107	0	0	0.320472	0	0.926299	3.399093	0	0	0	0.289855	0	0	0	0.2608695	0	0	1.13949	0	0.501672	0.7554	0.171429	0	0.255238	0	0	0.167224	0	0	7.979301	0	0	0.342497	1.319692	0	0.321543	0.298774	0	0	0.203704	0	2.452233	0	0	1.153476	0.680272	0	0	0	0	9.652491	0	1.509613	0.346095	0.0724638	0	0.782422	0.151786	0.167224	0.167224	3.670092	1.765978	3.815476	8.058529	0	0	1.048419	1.318365	0.506269	1.30783	0.88672	8.9564258	0	0	0	0	0	0	0.513586	7.650622	0.656633	0	0	0	0.594104	0.167224	0.160772	0	0	0	0	2.993735	0	0.167224	0.167224	0
M00239	0.705646	0	0	2.001459	0.218341	2.046772	0	19.517202	0	2.183748	4.4300295	11.085843	4.111106	0.456454	6.262482	0.439419	0.328947	4.60582	1.8985528	0.75064	0.943386	0.833333	0.425595	2.400028	0.7579067	1.001444	0	1.655348	11.006439	0	0	0.598146	9.36498	0.67685	0	0.362855	0.505995	0.759901	0	7.805961	0.297522	1.4349758	2.1888862	0.830997	2.487079	9.64207	0.38317	0	2.113139	2.345294	0	11.571029	0.683557	1.696231	1.3549353	3.382047	0	0.367844	3.523526	3.359971	4.631088	1.334123	2.377804	13.680811	4.225489	6.263827	13.132535	1.551962	0.850812	0.318471	0	0	14.589776	6.567281	6.536057	6.625909	0	3.342595	3.7529932	2.249637	1.7196974	2.1940443	0.1966732	2.437716	0.871144	18.2734549	0.847566	4.567402	2.923889	0.8227459	0	0.715231	0.4596766	2.816329	0	0	0	0.502396	0	0.2041361	0.0372024	2.858656	0.157729	0.7441255	0	0.766314	0.881428	6.387676	2.492298	0.483412	0.756064	0.9956762	0.20904	5.916703	0	0.372742	0	0.775128
M00240	0	0	0	0	1.412698	0.6007176	0	2.44278	0	0	1.306887	0.274725	0.398152	0	0.074495	0	0	0.103535	0.145202	0	0.470683	0	0	0.230894	0	0.393496	0	1.47739	0.251256	0	0	0	0	0	0	0	0.669811	0	0	1.767556	0	0	1.89435	4.544939	0	0	0	0	0	0.537879	0	0.9664141	0.177673	0	0.234277	0.606961	0	0	0	0	0	0.2405302	0	1.814015	0	0	4.060224	0.435511	0	1.276381	0	0	8.377667	0	0	0.5744952	0	0	0	0.427136	0.2858472	1.780484	0	1.319499	0.8898647	7.514493	0	0	0.189394	0.106918	0	0.440536	1.315141	5.37918	0	0	0	0.249581	0	0	0	20.377602	0	0	0	0	0.174825	0.426081	0.587001	0	0	0.189394	0	0.5242882	0	3.722156	0	0.401636
M00242	0.69854	0	0	0	0	0.46729	0	0.337732	0	0.229358	1.396309	0.399083	0	0	0	0	0	0.444444	0	0	0	0	0	0.533661	0	0	0	0	3.50153	0	0	0	0	0.146226	0	0	0.562482	0	0	0.67619	0	0.183824	0	0.719893	0.229358	1.455698	0	0	0	0.522158	0	1.10294	0.238095	0.251256	0	2.461588	0	0	0	0	0	0	0	0.2970111	0.559671	0.19419	0.7179169	0.47326	0	0.229358	0	0	1.8039568	0	1.146789	1.297273	0	0	1.426038	0	0.238095	0	0	0.458716	0	1.031746	0	0	0.35461	0	0	0	0	1.454783	0.251256	0	0	0.251256	0	0	0	6.13914	0	0	0	0.574713	0	0	0	0	0	0.906319	0	1.211155	0	0	0	0
M00247	0	0	0	0	0	0	0	0	0	0	0	0	0	0	0.176678	0	0	0.301531	0	0	0	0	0	0.176678	0	0	0	0	0.616162	0	0	0	0	0	0	0	0	0	0	0	0	0.378788	0	0	0.118963	0.667822	0	0	0.197065	0	0	0	0.0600707	0.176678	0	1.798701	0	0	0	0	0	0.176678	0	0	0	0	0	0	0	0	0	0	0	0	0	0	0.176678	0	0	0	0	0.176678	0	0.333333	0	0	0	0	0.179293	0	0	0	0	1.50725	0	0	0	0	0	0	0	0.362319	0	0	0	0	0	0	0	0	0.357837	0.314465	0	0.181159	0	0.542271	0	0
M00256	0	0	0	0.175047	0	0.230912	0.549348	4.028908	0	1.208217	2.320057	3.409047	0.366853	0	1.282705	0	0	0.27933	0.528864	0	0.191806	0.849162	0.27933	0.8081935	0.651769	0	0	0.3631289	0.512105	0.558659	0	0	2.79143	0	0	0.625	0.8808187	0	0	0.27933	0	1.100559	0	4.533311	0.5791432	2.777412	0	0	0.3125	0.0540037	0	2.610802	0	0.18622	0	2.5124995	0	0.0856611	0	0.0744879	1.52886	0.55866	0.558659	1.566522	0.547486	1.36986	1.422719	0	0.0837989	0.27933	0	0	2.457554	0	1.09683	2.140286	0	1.3860905	0.439479	0.0670391	0	1.12663	0.945997	0.968343	0.27933	6.0335211	0	0	0.3125	0	0	0.27933	0	3.65797	0	0	0	0.306584	0	0	0	2.87523	0	0.27933	0	0	0	0	0.898225	0	0.378026	0.27933	0	2.17842	0	0.837989	0	0
M00258	1.713771	0.141243	0	1.0212722	0.564972	1.1569371	0	2.37288	0	0.617885	3.8009	2.8376362	0.590396	0.150097	3.858532	1.0168169	0.21466	3.5455516	0.26178	0.403023	0.613014	0	0	2.58058325	2.19182	0.6480516	0.292398	1.479286	0	0	0	0	0.394415	0.141243	0	0	0.872891	1.638272	0	1.441063	0.188482	0.689275	1.987312	2.837048	3.319268	2.8949913	0	0	2.3585962	1.313375	0	3.5451756	0.0922217	3.0581966	1.249035	10.065952	0	0	0	0	2.354387	2.327704	0.948211	2.558439	1.036117	6.854591	2.458273	0.875277	0	0.3295766	0	0	9.841762	0.571302	2.3269397	6.2829926	0.534662	0.403023	2.393431	1.9661705	1.661218	0.533889	0.800929	1.590336	0.387957	12.305466	0.26178	0	0.141243	0.888751	0	0.141243	2.172087	7.354708	0.684906	0	0	0	0.408377	0.278719	0	2.926955	0	0	0	0	0	0.423729	0.507614	0.179856	0.8666552	0.4953017	0	1.046052	0	0.544266	0.392555	0
M00260	2.5072984	0.2547472	1.00223	1.5389182	1.21212	1.3389041	0	28.8616781	0	2.2126897	5.6551568	15.4295587	1.294018	0.3239061	6.2038046	1.2957446	0	3.8020969	0.0497018	0.123558	0.5246607	0.626959	0.3300584	2.6321221	1.4563571	1.069103	0	1.6761137	3.2611938	0.0412201	0	0	1.9116721	0.7189367	0	0	3.2255976	0.324682	0.0897868	4.2112139	2.185255	1.2784397	6.1711423	2.0640919	1.0236511	11.26073095	0.247844	0	1.9068091	1.4732877	0	25.9685801	0.4204042	1.3934983	2.1742393	6.5914758	0	0.4935224	0.1516292	0.6632039	2.3885526	4.0637817	2.1463479	5.3214669	4.389847	8.7729061	8.4244138	1.5368073	0.9366638	0.5200045	0	0	6.541851	0.409836	3.6637776	6.9559404	0.9363554	3.3496644	5.6909991	1.1536796	0.6328595	3.0620708	2.3514162	3.678296	0.7338059	21.4475256	1.4183201	0	0.9316564	0.9347713	1.17983	0.4516547	1.631028	5.6753307	0	0	0	0	0.11655	0.176328	0.253623	11.7856182	0	0	0	1.604783	0.373243	0.9927862	2.3484595	0.0535332	1.0960812	1.342868	0.534372	3.6562436	0	1.026943	0	0.4717255
M00283	0	0	0	0	0	0	0	0	0	0	0.626984	0	0	0	0	0	0	0	0	0	0	0	0	0	0	0	0	0	0	0	0	0	0	0	0	0	0.912698	0	0	0	0	0.531746	2.84921	0	0	0	0	0	0	0	0	1.920636	0	0	0	0.888889	0	0	0	0	0	0	0	0	0	0	0	1	0	0	0	0	0	0	0	0	0	0	0	0	0	0	0.587302	0.420635	0	0	0	0	0	0	0	0	0	1.246031	0	0	0	0	0	0	0	1.571427	0	0	0	0	0	0	0	0	0	0	0	2.07143	0	2.29365	0	0
M00307	0	0	0	0	0	0.7014377	0	2.802317	0	1.336033	3.0727772	2.191621	0.657163	0	0	0.888889	0	0.225225	0	0.473684	0.109649	0	1.15789	4.44928	0	0	0	1.160818	4.795316	0	0	0	0.219298	0	0	0	0.4182304	0	0	1.191308	0	0.916284	3.85965	1.378502	0	0	0.0962801	0	0.109409	0.219298	0	13.761106	0	0.592268	0.328228	2.1122599	0	1.972949	0	0.328227	3.43961	0.3741695	0.174825	0.757087	0	0	5.4275587	1.347041	0	0.328947	0	0	4.79978	0	1.514738	0	0	0.109409	2.02553	0.574713	0.1586256	0.1745651	1.661731	2.273004	3.58406	17.697663	0.109649	0	2.8037094	4.10234	0.649631	0.5958975	6.515472	16.610281	0	0	0	0.257976	0.262822	0.219298	0.174825	22.495358	0.0748503	0.70357	0	0.126126	2.348098	1.404625	1.225327	0	0.272579	0	0.328467	2.677494	0	7.392446	0	0.450139
M00311	0	0	0	0	0	0.738293	0	0.963404	0	1.099656	0.196404	0.622407	0.0533333	0	0	0	0	0	0.205333	0.093633	0.408272	0	0	0.21737082	0	0	0	0.194035	0.8985205	0	0.374532	0	0.805333	0	0	0	1.029064	0	0	1.915733	0	0.093633	4.913965	1.217229	0.472	0	0	0	0	0.374532	0	4.540963	0	0	0.582082	4.150231	0	0.093633	0.149189	0	0	1.11135	0	1.0882938	0.176	0	0.5086847	0.093633	0.443283	0.282312	0	0	4.931416	0	1.835289	0	0	0	0.333333	0.6015794	0.98928	0.1198162	0	4.1192678	1.669332	4.22624	0	0	0.827138	0.330836	0	0.093633	0.72008	2.637939	0	0	0.093633	0	0	0	0	9.8239444	0.359712	0.60241	0	0	0	0.1161049	0.0855181	0	0	0.296803	0	4.146734	0	0.207469	0	0.141643
M00319	1	0	0	0	0	0.681481	0	0.92517	0	0	1	1	0	0	0	0	0	0.605442	0	0	0	0	0.037037	0	0	1	0	0	0	0	0	0	0.20202	0	0	0	0	0.309598	0	2.118658	0	0	1.28034	0	0	1.386244	0	0	0.392593	0	0	1	0	0	0.888158	0	0	0	0	0	0	0	0.211966	3.202975	0	0	0	0	0	0	0	0	2.051281	0	0.666667	0	0	0	0.17094	0.25641	0.0495727	0	0	0	0	0.328947	0.25641	0	1.829932	0	0	0	0	0.403469	0	0	0	0	0	0	0	0	0	0	0	0	0	1	0	0	0	0	0	0.1572647	0	0	0	0
M00320	0	0	0	0	0	0	0	0	0	0	0	0	0	0	0	0	0	0	0	0	0	0	0	0	0	0	0	0	0.944444	0	0	0	0	0	0	2	0	0	0	0	0	0	0	0	0	0	0	0	0	0	0	0	0	0	0	0	0	0	0	0	0	0	0	0	0	0	1.33333	0	0	0	0	0	0	0	0	0	0	0	0	0	1	0	0	0	0	0	0	0	0	0	0	0	0	0	0	0	0	0	0	0	0	0	0	0	0	0	0	0	0	0	0	0.909722	0	0	0	0	0	0
M00331	0	0	0	0	0	0	0	0	0	0	0	0	0	0	0	0	0	0	0	0	0	0	0	0	0	0	0	0	0	0	0	0	0	0	0	0.360269	0	0	0	0	0	0	0	0	0.145349	0	0	0	0	0	0	0.491582	0	0	0	0	0	0	0	0	0.230415	0	0	0	0	0	0	0	0	0	0	0	0	0	0	0	0	0	0	0	0	0	0	0.297101	0	0.362341	0	0	0	0	0	0	0	0	0	0	0	0	0	0	0	0	0	0	0	0	0	0	0	0	0	0	0	0	0	0	0.350877	0
M00335	10.684251	0.289017	0	3.441099	0	16.5263287	0	45.99971	0	23.47699853	48.0446952	53.8573588	10.498633	0.578035	19.553558	3.053679	0	9.0019311	2.604434	3.6504116	3.716015	4.2199	0	10.512935	11.272402	1.4791473	0.021419	26.28904	22.8509701	0.454733	1.596462	0.2704148	13.209218	3.105899	1.0515364	2.1863041	31.1537355	3.381517	0.124688	28.0276198	2.566074	19.022455	22.510634	18.474585	5.2843729	25.5680477	2.601035	0	5.5057428	4.6313771	0	98.4701894	0.570883	5.8619927	9.3561913	40.6966207	0.289017	5.9913142	0	0.144509	14.616444	17.8644887	3.7486	13.342167	11.278052	15.2222099	60.803495	10.480551	3.546901	3.3093971	0	1.266311	168.994503	0.401606	22.6831801	14.6177475	2.238188	7.6087106	20.0023756	2.6980071	3.19265	9.0127314	25.4201591	30.6746399	5.6569698	59.2537938	0.742777	0	6.6025855	17.03414581	2.176008	6.448359	14.1535235	70.7903438	0.289017	0	0	1.3407781	0.3203275	1.026941	0.420181	128.770047	0.747298	1.90278	0	1.337983	1.930785	6.3879128	8.3180257	0.7955019	3.1823511	2.4855	2.9324229	17.9527447	0	14.014057	2.51938	5.0203423
M00336	0.4891403	0.204082	0	0.4689037	0.808367	0.681511	0	19.604148	0	2.478675	7.827784	18.063486	3.753037	0	2.522043	0	0	2.1145	0.344129	0.397279	0	0	0	3.3761796	1.4945493	0.809716	0	1.480292	1.7834053	0.478469	0	0.202429	5.805293	0.6544153	0	0.709852	1.50898764	0.0146082	0	3.171244	0.371429	0.404858	0.890688	0.956815	0	5.750563	0	0	1.432976	0.954427	1.21457	13.02024469	0	0.5263354	0.1864441	1.04484	0.202429	1.177573	0	0	3.995002	1.417913	0	4.5036825	2.604962	2.3128722	7.862317	2.150703	0.935687	0.402159	0	0	11.695083	0	2.05293	2.082041	0	3.0708966	3.32425	0.734143	0.593974	0.669733	0.202429	2.542466	0	10.678762	0.596795	0	0.961441	0.502362	0	0.564334	0.2554902	5.178044	0.194558	0.151147	0	0	0	0	0	6.338027	0	0.404858	0	0.406511	0	0.584345	1.827111	0.814674	3.344329	0.495277	0.198381	2.240856	0	0.202429	0	0.527665
M00345	0	0	0	0	0	0	0	1.24555	0	0	0	0	0	0	0	0	0	0	0	0	0	0	0	0	0	0	0	0	0	0	0	0	0	0	0	0	0	0	0	0	0	0	0	0	0	0	0	0	0	0	0	0	0	0	0	0	0	0	0	0	0	0	0	0	0	0	0	0	0	0	0	0	0	0	0	0	0	0	0	0	0	0	0.392157	0	0	0.124555	0	0	0	0	0	0	0	0.166074	0	0	0	0	0	0	0	0	0	0	0	0	0	0.355872	0	0	0.196078	0	0	0	0	0.196078	0	0
M00346	0.995088	0	0	0.5403216	0.103416	1.052245	0.207756	5.0705988	0	0.9935362	4.5219908	8.834129	1.324216	0.568182	0.641537	0	0	2.005859	0.0803324	0.293229	0.451713	0	0	1.8025813	0.97824	0.277008	0	1.6769803	1.733111	0.280112	0	0	2.22727	0.396122	0.554017	0	3.383794	0	0	0.7913761	0	1.044113	3.033985	1.511052	0.9030472	5.088956	0.2963986	0	0.262882	0.599261	0	6.9031436	0.146766	1.041108	0.277008	3.079704	0	0.325071	2.05	0	1.188994	3.536423	0.559701	1.191709	2.726968	1.935063	4.9197711	0.7068791	0	0.4116581	0	0	2.021248	0.406279	0.782087	2.05476	0.138504	1.818858	2.0786921	0.322502	0.432771	1.502729	0.571275	1.1737318	0.277008	7.9425336	0.759147	0	1.909638	0.856541	0	0.3003507	0.3709924	4.7998514	0.138504	0	0	0	0	0	0	7.916746	0.274725	0	0	0.298246	0	0.364226	2.1006449	0.308403	0.3158	0.554017	0.432771	1.166167	0	0.638681	0	0.1403504
M00357	1.1229981	0.142045	0	1.95455	1.13636	3.432229	0.568182	8.885084	0	0.550811	5.956758	3.805866	3.003376	0.284091	2.656555	0.0265152	0.284091	2.1506753	1.709518	0.752683	0.283144	0	0	2.363872	1.1444973	0.208588	0	1.498148	1.2540868	0.310606	0	0	2.555518	0.285038	0	0.500104	6.051918	2.6556606	0.142045	2.034978	0	1.04999	1.959466	3.4491043	1.8338532	11.6181036	0.9559987	0	1.227144	1.315341	0	8.95118	0	1.3044983	1.2310272	6.3119051	0	1.119595	0	0.14359	2.804404	7.421609	0.643011	5.6836218	2.31818	5.0477581	7.369089	0.75	0.435605	1.92547	0	0	11.318532	4.60171	1.717073	15.756682	0.1960227	1.82554	12.195385	3.1374507	0.707229	3.5030955	3.454615	3.754102	0.413826	30.73234	1.307755	0.030303	2.054294	1.68277	0.445381	1.1679236	3.435059	19.987039	0	0	0.247525	0.821725	0.284091	0.158228	0	15.967781	0	0.373134	0	0.141098	0.195312	0.954444	3.321955	0.514678	0.388494	1.046638	0.7042714	3.504898	0.247525	5.248709	0.490099	0.471729
M00359	4.7703335	1.3660934	0.2086451	4.3849319	1.939683	14.2791417	0	85.785085	0	20.5029548	46.7174021	50.0726599	12.41584452	0.4176824	16.7304792	2.562448	0.3564646	11.3664185	3.5881358	2.0220661	5.6026891	0.4622103	2.341256	17.482978	10.4300015	3.6859145	0.0608273	15.93587078	40.3597582	0.772654	0.66877	1.0365892	11.881678	4.68726839	1.180789	4.1721707	26.5114137	3.2454889	0.4055399	21.36834159	3.722166	16.6680977	23.9455411	25.2442175	9.9491576	30.3980956	2.0616439	0.0649038	6.1214891	7.5181619	0	120.8092925	0.9575812	7.2695317	6.78771535	41.6975882	0.0429846	7.1023191	3.7832944	5.5354916	22.4886187	15.4049666	2.8652742	29.3176891	13.2052253	18.5583722	53.9058041	9.7276784	3.6738798	7.1185353	0	0	123.50896609	7.809409	23.4878628	25.4341946	1.8253594	17.1115925	27.222964	7.8310501	5.7240078	10.7678075	15.5977169	33.9242517	7.3077686	132.9041216	2.1154848	0.1837405	11.3107199	7.1308753	1.9927194	6.6856344	18.8685548	89.7288786	0.7749618	0	0.101346	2.2388259	0.252845	0.9082219	0.4526429	180.26454121	1.831266	1.781927	0	2.5901981	3.4971094	7.3662105	11.796458766	2.2036957	12.5953884	3.7232641	2.7372691	28.3435414	0.359173	23.3910988	0.648603	5.4077248
M00360	6.6595285	1.3660934	0.3663741	4.6910693	1.939683	15.6523987	0	90.4647384	0	21.6028928	50.8303474	58.846301	12.51979452	0.4176824	19.7338942	2.67927	0.3564646	12.8570769	4.3612572	2.1357021	5.8145531	0.8139163	2.454892	19.722528	12.0261455	3.9662939	0.0608273	17.50078618	42.0069312	0.772654	0.66877	1.6213842	13.9210491	4.94325539	1.550247	4.1721707	30.2839342	3.2454889	0.4055399	23.42578879	4.208955	16.9854957	25.7733911	27.7491525	10.2648126	33.975143862	2.3471203	0.0649038	6.5752771	8.2661241	0	130.6584012	1.2734305	7.8501097	7.62794235	45.5034055	0.0429846	7.5396905	3.7832944	6.7825616	24.8528946	19.173322	3.5780832	31.5609821	15.2319577	21.0604492	59.8541076	10.3568144	4.1476508	7.1973997	0	0	129.74180319	7.809409	25.262057	31.2630545	2.0178598	18.2665042	30.3932	8.7890991	6.2989608	11.61964932	16.8543989	37.968447	8.3857038	145.7987034	2.1154848	0.1837405	11.946826	8.4855863	2.3984274	6.8024564	19.4242573	95.622386	0.7749618	0	0.101346	2.2388259	0.366481	1.0771409	0.4526429	194.21776291	1.831266	1.781927	0	2.9342931	3.7568744	7.9010945	13.988841766	2.4314857	13.5190398	5.0114923	2.7372691	29.6885384	0.359173	24.5360688	0.648603	5.5308778
M00361	0.186047	0	0	0.4444445	0	0.147493	0	1.914313	0	0.543478	2.585545	3.362993	0	0	0.494253	0	0	0.289017	0.306308	0	0	1.237998	0	0.608527	0.6310474	0	0	0.147493	1.14493	0	0	0.193798	4.0625	0	0	0	3.453786	0	0	0.34058	0.193798	0.13871	0.0809179	0	0.683881	3.331806	0.365693	0	0	0.193798	0	4.619755	0	0	0	1.219507	0	0.374957	0	0.76888	1.636737	0.588563	0	1.179758	0.366925	1.258009	1.595915	0.409841	0	0.292517	0	0	12.3651788	0	0	0.795866	0	1.774336	1.1941554	0.3080266	0.875	0.53509	0.824397	1.6835423	0.147493	3.259425	0.0245478	0	0.181159	0.0700483	0	0.868055	0.0688299	6.38842434	0	0	0	0	0	0	0	1.3846196	0	0	0	0	0	0	0	0	0	0	0	0.328652	0	0.947368	0	0
M00362	0.694677	0.286533	0	1.0986245	0	1.157994	0	11.562552	0	1.3299405	6.604502	20.742988	4.688071	0	2.494887	0.429799	0	2.640743	1.303834	0.416872	0.0966767	1.548557	0	5.8883171	1.4891054	0	0	1.203267	5.2432661	0	0.60423	0.337064	6.805208	0.810523	1.671546	0.454829	4.2695983	0.302114	0	1.449415	0.337064	1.194506	4.5107058	1.279949	2.228014	6.649412	1.104556	0	0.585669	1.34048	0	20.034267	0.361141	1.358365	0.53509121	4.6879926	0.143266	1.424948	0.143266	0.76888	3.011611	4.931612	0.167144	3.2387363	3.489417	3.961133	5.4248948	2.623414	0.151515	1.176925	0	0.143266	22.1238008	0.758309	2.087472	6.72288	0.265815	3.783383	7.2649232	1.7037086	1.669549	1.5773501	1.262463	4.2727073	1.6607824	24.524067	0.2903628	0.143266	1.855438	0.5619555	0.273606	1.658207	0.306706	10.69932514	0	0	0	0.0850048	0.302115	0.46857	0.3499363	16.3582286	0	0.270896	0	0.560139	0	0	2.5154403	0.302115	1.487006	0.7331626	0	3.1952304	0	1.382381	0	0.302114
M00364	0	0	0	0.0249042	2.08642	0	0	0.78738	0	0.227709	1.399177	2.685696	0.617284	0	0.193416	0	0	0.9519893	0.300412	0	0	0	0	0.617284	0.205761	0	0	0.761317	1.028806	0	0.389575	0	0	0	0	0	0.411522	0	0	0.758573	0	0.500686	0.411523	0.775819	0.629913	2.303358	0.246914	0	0.277778	0.514403	0	3.904225	0.194787	0	1.624638	2.3100108	0	0.411522	0	0.205761	3.852583	1.261293	0	0.411523	0.438957	1.44033	2.5857079	0	0	0	0.101533	0	0.411523	0	0.295858	2.5377262	0.205761	1.025163	2.175157	0.524005	0.611796	0.493117	0.707381	0.6982165	0.410151	4.90592	0.112861	0	0	0	0.674897	0.304878	0.8137944	2.398397	0	0	0	0	0	0	0	2.8451715	0	0	0	0	0	0	1.2894378	0.205761	1.471519	0.411522	0.20439	1.39019	0	0.470523	0	0.285714
M00366	0	0	0	0.0249042	2.08642	0	0	0.78738	0	0.227709	1.399177	2.685696	0.617284	0	0.193416	0	0	0.9519893	0.300412	0	0	0	0	0.617284	0.205761	0	0	0.761317	1.028806	0	0.389575	0	0	0	0	0	0.411522	0	0	0.758573	0	0.500686	0.411523	0.775819	0.629913	2.303358	0.246914	0	0.277778	0.514403	0	3.904225	0.194787	0	1.624638	2.3100108	0	0.411522	0	0.205761	3.852583	1.261293	0	0.411523	0.438957	1.44033	2.5857079	0	0	0	0.101533	0	0.411523	0	0.295858	2.5377262	0.205761	1.025163	2.175157	0.524005	0.611796	0.493117	0.707381	0.6982165	0.410151	4.90592	0.112861	0	0	0	0.674897	0.304878	0.8137944	2.398397	0	0	0	0	0	0	0	2.8451715	0	0	0	0	0	0	1.2894378	0.205761	1.471519	0.411522	0.20439	1.39019	0	0.470523	0	0.285714
M00368	0	0	0	0	0	1.663857	0	0.864553	0	0.617675	2.737299	0.822286	0.221902	0	0	0	0.144092	0	0	0.223823	0.7986094	0	0	0	0	0	0	0.871163	1.162768	0	0	0	0.288184	0	0	0	0.946205	0	0	1.289145	0	0.144092	0.288184	1.443029	0	0	0.143132	0	0.0768492	0.287224	0	9.93555	0	0.320513	0	3.087312	0	0.144092	0	0	0.14025	0.319885	0	0.144092	0	0	2.0771853	0.144092	0	0	0	0	5.234761	0	0.562623	0	0	0	0.395441	0.7867437	0.0662824	0.144092	2.18674	0.4882185	1.030746	5.989937	0	0	0.509126	0.446686	0.2267049	0.432277	0.6118079	3.902977	0	0	0	0	0	0	0	4.563002	0	0	0	0	0	1.283272	0	0	0	0	0.146199	2.2825328	0	1.186718	0.144092	0.144092
M00373	0.395876	0	0.441176	0.0735294	0.1416667	0.4025788	0	0.9567481	0	0.8784314	2.3785704	3.1921694	0.881863	0	0.3682724	0.207039	0	0.15228346	0.489531	0.2292244	0	0	0	2.249264	0.15674	0	0	0.174825	2.7461697	0.3561271	0	0	1.670268	0	0.147059	0.480614	4.669737	0.147059	0	2.2298376	0.52209	0.4969202	1.308515	0.31348	0.3325184	0.9520404	0	0	1.205478	0.591675	0	6.0189092	0.852805	0.2861962	0	0.4390929	0.322581	0.10352	0.34965	0	1.8269061	0	0.0735294	5.124213	2.21679	1.8298975	1.2820184	0.3293777	0.486111	0.279554	0	0	2.3819405	0	1.6705714	3.37496383	0	0.7955684	0.2205884	2.390769	0.187266	1.2187474	0	0.6617644	1.2994878	2.029683	0.0735294	0.1924104	0.2180384	0	0	0.187266	1.15674	6.345176	0	0.0730392	0	1	0	0.101961	0	4.2579634	0	0	0	0.395365	0.977669	0	0.370378	0	0.102249	0.9519169	0	0.2954388	0	0.261233	0.15674	0.3028874
M00374	2.393089	0.28388	0.6636356	1.8871903	0.4888576	3.4318373	0.1770696	18.8572321	0.0821018	3.263381	6.2086202	22.7613169	0.843178	0	4.928443	0.088574	0.0410393	4.60380656	1.4920442	0.830277	1.0027358	0	0.6539	6.8499643	1.8042007	0.575613	0.0124004	3.9946947	10.6154735	0.31348	0	0.354296	12.640408	0.7138668	0.925303	0.603959	5.72174	0.562141	0.044287	6.045339	0.6965112	3.4755314	9.707717	4.9027076	2.802722	4.347703	0.1507716	0	1.6932683	1.5657963	0	22.7785616	0.1557783	1.0254009	2.5821423	16.2426764	0.0442478	2.163435	0.612124	0.401723	9.233161	6.2353404	1.4647273	12.878343	5.986949	1.4853114	12.5522583	8.789981	0.778035	0.5707312	0.088574	0	11.1223556	0.295247	7.454745	7.101775	0.3594719	1.7853373	10.6640287	2.8484938	0.5061422	4.051012	2.0381873	4.4141543	2.3491375	16.9970054	0.884303	0.988628	2.702406	1.812212	0.413223	2.3122646	2.8294858	12.12172737	0.1750418	0.044287	0	0.9157043	0.1328218	0.246305	0.2447198	26.1429821	0.1328218	0.998085	0	1.1077036	0	2.383249	4.418754	0.7030075	2.7855942	7.199223	1.0135871	5.7301393	0.0333333	1.7341838	0.2318845	0.232966
M00375	2.427297	0.20408701	0.441176	4.9225364	2.177691	1.9252688	0	22.8956321	0	3.6959144	7.7674934	24.6230824	5.113244	0.200401	7.7230334	2.078462	0.2798933	5.94715246	1.930412	0.6300254	0.484017	0	0.337853	5.890222	1.58749	0.3785764	0	2.15147	11.3009857	0.5558601	0.200401	1.27588	12.745279	0.144289	0.147059	1.56799	14.288958	1.324166	0.1002	9.5012056	0.823705	1.8122112	9.042055	1.69094	6.2808694	9.7450074	1.9171531	0	5.588524	3.230448	0	34.2727022	1.153406	2.2888322	2.072742	9.6861029	0.422781	5.33682	0.650251	0.901804	11.5331111	14.058465	1.6737454	22.133435	4.78326	11.5143735	3.0224845	2.8324102	1.0441719	1.182718	0	0	31.6440415	0	4.7934504	34.57780183	0.899791	7.0268134	10.5003426	11.338627	1.646112	14.2393704	2.614471	2.2676884	5.6640828	13.064222	1.78561943	0.2926104	1.1644184	1.4007372	0.200401	1.965135	3.603318	24.7062	0	0.1805662	0.0387442	2.127423	0.0414162	0.101961	0.619912	20.9166854	1.300601	0.174216	0	2.331924	1.27827	0.38613	4.395329	0.601542	3.191032	6.8412459	0.229125	7.31258783	0.1002	3.755483	0.15674	0.7967555
M00376	3.211611	0.20408701	0.441176	4.9225364	2.177691	1.5947488	0	25.9838721	0	3.6959144	7.6107534	24.379613	5.113244	0.200401	7.5318104	2.078462	0.2798933	5.9419278	1.930412	0.4743304	0.484017	0	0.337853	5.421047	1.43075	0.3785764	0	1.976645	11.3009857	0.2423801	0.200401	1.27588	12.745279	0.144289	0.147059	1.56799	14.132218	1.324166	0.1002	9.5012056	0.654213	1.3883302	9.042055	1.37746	6.1241294	9.0760554	1.9171531	0	5.431784	3.230448	0	33.3813752	1.153406	2.2574842	2.822742	10.5293629	0.422781	5.33682	0.300601	0.901804	11.2319581	14.058465	1.6737454	21.23789	4.31304	11.5143735	2.2387855	2.6756702	1.0441719	1.182718	0	0	29.5799975	0	4.7934504	34.08406383	0.899791	6.6273554	10.5003426	11.338627	1.646112	15.5429504	2.614471	1.6794534	5.6640828	11.034539	1.78561943	0.1737294	1.1644184	1.4007372	0.200401	1.965135	3.446578	24.257303	0	0.1805662	0.0387442	2.127423	0.0414162	0.101961	0.619912	20.4464654	1.300601	0.174216	0	2.331924	1.27827	0.38613	4.276207	0.601542	3.191032	6.8412459	0.229125	7.16420783	0.1002	3.49425	0	0.7967555
M00377	0	0	0.147275	0	0	0.2206964	0	0.4674577	0	0.6140713	1.265233	0.0830861	0	0	0	0	0	0	0	0	0.1663399	0	0	0.0641214	0.0954479	0	0	0	0.7416182	0.217391	0	0	0	0	0	0	1.428104	0.148368	0	1.553908	0	0	0	0.453883	0	0	0.0734214	0	0	0	0	0.8828661	0.0986193	0	0	0.918629	0	0.2702179	0	0	0.294448	0.0742942	0	0	0	0.0734214	0.8051536	0.34714	0	0	0	0	0.71871413	0	0.1957067	0	0	0	0.071953	0	0.1722561	0.074184	0.148588	0.0979619	0.108965	1.107599	0	0	0.2906495	0.8161633	0	0	0.6659	3.189267	0	0	0	0	0	0	0	1.1914945	0	0	0	0	0	0.0742942	0.1479319	0.217391	0.367107	0	0	0	0	0	0	0
M00394	0.502607	0.3336221	0.155729	1.381087	0	2.6385112	0	8.0383	0	2.9136479	6.602863	6.475229	2.3285475	0.23832757	1.7903282	1.22951	0.0567708	2.6751343	0.1716691	0.283043	0.3082783	0.143939	0	1.075192	1.5302425	0	0	3.3049129	3.4658102	0	0	0.0760073	4.5618037	0.1354167	0.666667	0.545312	5.350072	0.9251473	0	2.2046112	0.165563	0.9034682	1.2123342	2.0273083	1.169122	3.3612325	0.259556	0	0.491477	0.859127	0	19.6080034	0	0.7204724	0.0239583	7.78192413	0	1.4475442	0.314371	0	2.204408	2.66372	0.625	2.9592477	2.066046	0.567708	12.737204	0.934859	0.15625	0.664073	0	0	10.29886	0	2.947913	9.4678577	0.15625	1.883249	9.373881	2.83403	1.8898248	1.3658911	2.293769	4.702961	0.9005794	23.6518816	0.394792	0.229224	1.7235828	1.11771	0.715126	1.6795321	2.720696	12.0199622	0	0	0.0479167	0.252033	0	0.404312	0	30.3454977	0.513142	0.388601	0	1.222841	0	0.3623024	3.6230123	0.422768	1.5041378	0.7112852	0.9512251	4.588361	0.104167	4.2500922	0	0.5863312
M00429	0	0	0	0	0	0.240647	0	2.066849	0	0	0.5891192	0	0	0	0	0	0	0	0	0	0.0732064	0	0	0.112867	0	0	0	0	0	0	0	0	0	0	0	0	0	0	0	0	0	0	0	0	0	1.23002	0	0	0	0	0	0	0	0	0	0.1367265	0	0	0	0	0	0	0	0	0	0	0	0	0	0	0	0	1.85485	0	0.144718	0	0	0	0	0.0748503	0	0	0	0.357143	0	0.223529	0	0	0	0	0	0	0	0.2377163	0	0	0	0	0	0	0	0.0519187	0	0	0	0	0	0	0	0	0	0	0	0	0	0	0	0
M00432	0	0	0	0	0	0	0	0.2079	0	0	0.0533611	0.735294	0	0	0	0	0	0	0	0	0	0	0	0.983936	0.859649	0	0	0	0.488599	0	0	0	0	0	0	0	0	0	0	0	0	0.0711712	0.512613	0.162866	0	0	0	0	0.10395	0	0	0.2079	0	0	0	0.141643	0	0	0	0	0	0.138889	0	0	0	0	0.231769	0.160695	0	0	0	0	0.627742	0	0.152439	0	0.0444444	0	0.103257	0	0	0.135135	0	0.285559	0	0	0.289017	0	0.162866	0	0	0	0	1.30293	0	0	0	1	0	0	0	0.0790021	0	0	0	0	0	0	0	0	0	0	0	0.218391	0	0	0	0.162866
M00439	0.180505	0.34965	0	0.383762	0.361011	1.9288976	0	11.614046	0	1.7098385	4.234648	9.4404413	0.8	0.4	0.525872	0	0	1.1949454	0.180505	0	0.166065	0.0826667	0	1.075331	0.4308054	0	0	1.71627	5.956746	0.2	0	0.506934	2.425946	0	0.191571	0.666667	2.640667	0.361011	0	5.4366717	0	1.523625	2.946446	1.3455525	1.0660983	1.395484	0.103306	0	0.36101	0	0	18.309611	0.0854392	0.380505	0	8.321623	0	0.707317	0	0.196	1.78465	0.376812	0.36101	1.694849	1.588298	1.156182	4.1913193	0.876846	0.180505	0.299401	0	0	16.361835	0	4.797456	0.76101	0.2	1.122021	0.591268	1.025064	0.303811	0.965001	0.678849	1.427497	0	6.230981	0	0	1.074431	1.6388084	0.103306	0.643386	0.383142	6.656651	0	0	0	0	0	0	0	16.7638206	0	0.188406	0	0.2	0.322667	0.286667	1.850075	0.180505	0.319677	0	0.837398	5.496631	0	0.678183	0	0.58158
M00525	1.02808	0	0	0.271003	0	2.197191	0	6.952995	0	2.0817873	5.870131	2.330578	0.242999	0.595846	0.135501	0	0	0.352342	0	0.576572	0.766274	0.0569106	0	0.813008	0.3243759	0	0	4.0264159	6.286916	0	0	0	0.980601	0	0	0.340136	5.181683	0	0.135501	3.232035	0	2.8995927	1.359406	2.059834	0.271003	2.099346	0.135501	0.134598	0.267427	0.538127	0	13.099181	0	0.425738	0	5.36778	0	0.677534	0.90537	1.45	3.3179917	0.819456	0	1.267438	1.841467	0	11.6567503	0.639352	0.589684	0.847575	0.0895692	0	10.239096	0	3.787252	0	0.301994	0.604336	4.59879	1.094721	0.5216526	0.135501	2.839741	6.6859133	0.608664	11.0082635	0.338753	0	1.575694	3.014594	0.796084	2.52386	5.0665256	19.259088	0	0	0	0.4056	0	1.02041	0.302614	34.844325	0.135501	0	0	0	1.9436567	1.642541	1.717258	1.089099	0.765223	0	0	4.626036	0	5.226162	0	0.658957
M00526	1.02808	0	0	0.271003	0	2.159711	0	6.952995	0	1.992606	5.650833	2.330578	0.242999	0.595846	0.135501	0	0	0.352342	0	0.576572	1.127285	0.0569106	0	0.813008	0.3243759	0	0	4.0264159	5.84832	0	0	0	0.542005	0	0	0.340136	4.962385	0	0.135501	3.40052	0	2.8484231	1.359406	1.546277	0.271003	2.099346	0.317319	0.134598	0.267427	0.538127	0	13.260801	0	0.425738	0	5.148482	0	1.038645	0.90537	1.45	3.3179917	0.819456	0	2.169965	1.841467	0	11.931037	0.420054	0.589684	0.847575	0.0895692	0	10.019798	0	3.787252	0	0.301994	0.604336	4.59879	1.094721	0.8971036	0.317319	3.120297	7.60258	0.42727	11.1151225	0.338753	0.181818	1.993427	3.743559	0.993306	2.52386	5.0412726	25.133027	0	0	0	0.4056	0	1.02041	0.302614	38.415832	0.135501	0	0	0	1.9436567	1.603849	1.899076	1.089099	0.765223	0	0.181818	4.664991	0	6.207082	0	0.658957
M00527	1.02808	0	0	0.271003	0	2.3689709	0	6.952995	0	2.0817873	5.975687	2.330578	0.242999	0.595846	0.538727	0	0	0.775769	0	0.576572	0.766274	0.0569106	0	1.229675	0.3243759	0	0	4.0264159	6.417472	0	0	0	0.980601	0	0	0.340136	6.35023	0.545699	0.135501	4.065369	0	2.8995927	1.359406	2.059834	0.271003	2.702277	0.538727	0.134598	0.568632	0.538127	0	13.376959	0.618421	0.425738	0.277778	5.777039	0	0.677534	0.90537	1.45	3.4874357	1.334285	0	1.406327	2.001652	0	13.9713003	0.639352	0.589684	0.847575	0.0895692	0	10.708381	0	4.203919	0.208835	0.301994	0.604336	5.779346	1.094721	0.5216526	0.135501	2.839741	7.4377933	0.608664	18.0701635	0.338753	0	1.575694	3.421076	0.796084	2.52386	5.2865569	19.527607	0	0	0	0.4056	0	1.02041	0.302614	36.292473	0.135501	0	0	0	2.0816197	1.642541	2.18948	1.089099	0.765223	0	0.694444	4.626036	0	5.2754374	0	0.658957
M00529	5.5347008	0.398406	0.397701	2.5881567	0	8.0110359	0	51.686832	0	9.6058874	21.6103699	48.5306652	1.9579001	0	7.0288848	0.49984	1.344496	4.8638812	1.925005	0.907049	1.1781756	2.659107	0.142222	6.8311273	6.5865503	0.31244	0	4.6923877	8.0310241	0	0	0	7.92298	0.942238	1.075675	1.7292173	13.586205	2.105421	0.252689	14.6847341	0.901873	7.676219	13.6602932	7.6217674	2.894725	6.0925	1.184749	0.117371	1.7271061	5.8336307	0	57.5330042	0.311456	1.8070652	2.574596	7.8348057	0.0932836	2.2540014	0.437719	0.359712	6.8873146	7.6372906	2.5990969	21.6226365	3.1181578	0.9121502	15.26837	6.2797468	1.426972	2.2805748	0	0	31.3830444	2.191075	10.5740391	6.0024534	0.840812	0.815865	10.8765921	4.44838955	5.4973132	10.7256334	7.5993787	10.450569	2.0503703	62.0787367	1.5683042	0.7217772	4.3196153	2.294839	0.2666456	4.2682314	6.5146701	23.6585142	0.202534	0.0830565	0.205761	1.321568	0	0.359908	0	56.6153984	0.4646467	2.9514551	0	1.2452462	0.7692706	3.517411	12.033559	1.1673335	9.337779	1.4438301	0.9857894	20.8762073	0.067659	10.3047456	0	1.780694
M00530	5.5347008	0	0.397701	2.4832427	0	7.4697639	0	51.262836	0	9.4705694	19.4838219	47.4148122	0.5647221	0	6.5152168	0.49984	1.344496	4.3921832	0.939638	0.907049	1.0428576	1.580393	0.142222	6.8311273	6.3873473	0.31244	0	4.6215713	7.0404961	0	0	0	7.92298	0.942238	1.075675	1.7292173	12.640894	2.105421	0.117371	13.9328171	0.901873	7.60856	12.6963472	6.9451774	2.894725	6.0925	0.997498	0.117371	1.7271061	5.2917866	0	53.6524131	0.243797	1.8070652	2.574596	7.2716187	0.0932836	1.6211644	0.234742	0.359712	6.8873146	7.5696316	2.5990969	21.2676215	3.1181578	0.9121502	14.6590329	6.2797468	1.359313	2.0775978	0	0	29.0335644	2.055757	7.6701171	5.5724504	0.840812	0.815865	10.3629241	3.68970655	5.259484	10.1290404	7.261214	9.719021	1.1112263	61.2074377	1.2538392	0.7217772	3.6929943	2.041794	0.2666456	3.9038413	6.3793521	19.0783232	0.134875	0.0830565	0.205761	1.253909	0	0.359908	0	52.3934834	0.4646467	2.9514551	0	1.2452462	0.7692706	3.517411	11.432176	0.0140845	9.337779	1.4438301	0.9857894	17.2295753	0	10.3047456	0	1.713035
M00531	0.42735	0	0	0	0.472813	0.935113	0	4.559594	0	0.106157	0.6256171	2.324136	0.636943	0	0.490599	0	0	1.2763367	0.578348	0	0.106838	0	0	2.041768	1.092463	0	0	0.244093	2.64686	0	0	0.179315	4.903843	0.118203	0	0.160256	0.175926	0	0	1.404152	0	0	1.96083	0.530786	0.4843305	0	0	0.787879	0	0.431439	0	1.557018	0.424628	0	0.682724	0.319152	0	1.799659	0.320513	0	0.106838	0.106838	0	7.092916	0.466524	0.213675	0.221861	1.781338	0.106838	0	0.0740741	0	1.855207	0	2.105927	0.69723	0	0.838535	0.5028486	0.274725	0.106838	0.0736607	0.212314	1.090869	1.620124	3.035409	0.770963	0.111966	0.85879	0.462251	0	0	0	2.876934	0	0	0	0	0	0.60241	0	6.621498	0	0	0.120192	0.213675	0.106838	0.305587	1.591007	1.123543	0	2.0350139	0.0698006	2.2473992	0	0.106838	0	0
M00532	1.139597	0.747656	0	0.5403216	0.103416	5.05391928	0.207756	10.3972668	0.102273	5.6000262	19.5232418	24.934646	4.513013	0.568182	1.951548	0	0	2.714956	2.7332874	1.413079	2.223344	0.4193305	0	29.2258893	1.808003	1.8748555	0	14.4287183	18.329019	0.280112	0	0	3.440434	1.260175	1.083941	0.49505	3.610582	1.732331	0	15.9574541	0.206612	1.8901854	6.645853	7.4928647	2.010271	22.112893	2.2232936	0	3.639823	1.144644	0	31.9643236	0.291275	1.445421	3.31929117	9.149274	0	1.4724833	2.315957	5.60019	2.469893	6.740936	0.8206866	8.450234	2.367931	1.935063	13.5095971	3.8732041	0.518519	0.9087179	0	0	21.530663	0.633552	10.105599	9.569759	1.014381	6.78281	5.0516711	2.886074	2.221105	4.921745	6.00829738	25.5922343	6.1965542	198.1208035	0.759147	0	4.2740664	2.4391052	0.790108	9.1617447	11.6436204	79.0292594	0.636029	0	0	0	0.114155	0	0.612642	89.829447	0.994237	1.738079	0.227273	2.616396	2.2303256	4.979121	5.3872739	0.308403	0.3158	2.336398	0.919746	1.711294	0.114155	2.60827	0	2.1778084
M00535	0	0	0	0	0	0	0	0	0	0	0	0.735294	0	0	0	0	0	0	0	0	0	0	0	0.983936	0.859649	0	0	0	0.488599	0	0	0	0	0	0	0	0	0	0	0	0	0.0711712	0.512613	0.162866	0	0	0	0	0	0	0	0	0	0	0	0.141643	0	0	0	0	0	0.138889	0	0	0	0	0.123778	0.160695	0	0	0	0	0	0	0.152439	0	0.0444444	0	0	0	0	0.135135	0	0.285559	0	0	0	0	0.162866	0	0	0	0	1.30293	0	0	0	1	0	0	0	0	0	0	0	0	0	0	0	0	0	0	0	0.218391	0	0	0	0.162866
M00549	0.102459	0	0	0.3494068	0	0.302419	0	4.313636	0	0.403225	0.478803	0.404878	0	0	0.201612	0.100806	0	0.201612	0	0	0	0	0	0.100806	0	0	0	0.100806	1.252016	0	0	0	0.604839	0	0	0	1.9846513	0	0	0.107527	0	0.215054	0.505982	0.509409	0.100806	0.100806	0.0866935	0	0	0	0.869579	2.742789	0.107527	0.100806	0	1.032257	0	0.100806	0	0	0	0.434303	0	0.9193453	0.100806	0.100806	0.100806	0.224719	0.102459	0	0	0	10.454032	0	0.732029	0.201612	0	0	0.100806	0.200269	0.9699454	0.100402	0.163934	1.093862	0	1.603218	0	0	0	0	0	0	0	3.159232	0	0	0	0	0	0	0	0.903226	0	0	0	0	0	0	0.201613	0	0	0	0	0.400537	0	0.947368	0	0
M00550	0	0	0	0	0	0	0	0	0	0	0.626984	0	0	0	0	0	0	0	0	0	0	0	0	0	0	0	0	0	0	0	0	0	0	0	0	0	0.912698	0	0	0	0	0.531746	2.84921	0	0	0	0	0	0	0	0	1.920636	0	0	0	0.888889	0	0	0	0	0	0	0	0	0	0	0	1	0	0	0	0	0	0	0	0	0	0	0	0	0	0	0.587302	0.420635	0	0	0	0	0	0	0	0	0	1.246031	0	0	0	0	0	0	0	1.571427	0	0	0	0	0	0	0	0	0	0	0	2.07143	0	2.29365	0	0
M00570	0	0	0	0.0718954	0.266892	1.1538018	0	0	0	0.624362	1.6909158	0	0.15	0	0	0.00931099	0	0	0	0	0.375622	0.647249	0	4.370978099	0.152439	0	0	1.0821107	3.2353888	0	0	0.0642458	0	0	0	0	2.9147926	0	0	3.070756	0	0.312393	11.94444	5.570932	0.126722	1.062574	0	0	0.961538	0.8645894	0	10.8814848	0	0	0.758202	4.2933428	0.209366	1.5024058	0.594527	0	0	1.2277786	0	0	0	0	1.856814	0	0	0.175047	0	0	10.631957	0	1.840395	0.884022	0	0.416667	0.818182	0.6285282	0.161812	0.789116	1.331973	3.3729248	1.662238	7.8284803	0	0	0.416444	1.037426	0.858303	0.167793	0.4658859	8.5279478	0.808511	0	0	0	0	0.636364	0	13.967871	0	0	0	0	0	0.605844	0.337838	0	0	0	0.0483092	2.163863	0.120482	2.44786	0	0.316804
M00572	1.08696	0	0	0.351449	0.34058	3.093982	1.15942	14.8140214	0	3.119661	7.407606	8.40907	2.679216	0	2.13043	0	0.963976	2.22464	0.543478	2.194002	1.122374	0	0.547945	2.547102	0.532609	1.574708	0	6.9320868	8.697548	0	0	0	5.09058	0.543478	0.298246	0.88655	6.889617	1.768285	0.100457	9.496063	0	3.681019	10.37267	8.599472	1.21739	0.800725	2.981307	0	1.71377	0.891304	0	25.787048	0	0.376812	0.484673	16.389002	0	2.670827	1.63043	4.3442	2.16667	2.959942	0.652174	4.562262	6.06884	8.62777	11.196681	2.227577	0.136986	0.891988	0	2.80064	24.943965	0	9.35344	6.0544369	2.526048	2.37681	9.72826	1.194114	1.1492039	1.94928	2.401266	9.104929	1.292281	28.670067	1.7029	0	3.776966	3.205652	0.608684	1.5381899	4.683126	22.050487	0	0	0	0.543478	0	0.273973	0.2840876	23.234863	0.564522	0.0520548	0	0.431159	0	1.901475	3.4073936	0.445652	1.76812	0.376812	1.966231	7.9445959	0	4.093172	0	1.069683
M00573	2.130577	0.373547	0.906713	14.041434	1.977721	4.131163	1.41183	33.851124	0	26.4911316	14.6442086	113.348162	4.516843	0	11.33329	0.328782	0	16.781003	1.363698	3.854372	1.136922	3.412969	0.0577889	23.452961	9.428738	1.2607682	0	20.1134286	34.086556	0	0.341297	0.5582422	8.832192	0.710244	0.738398	14.528511	33.7497059	3.120295	0	24.422707	2.151145	17.117269	22.470641	10.589512	1.89867	48.573322	3.402497	0	2.133286	1.901138	0	223.5125163	0	0.159272	0.348432	19.2530311	0	12.675517	0.31058	2.961323	15.3905	3.647768	0.341296	60.524509	0.150171	4.544902	21.196472	17.4563561	6.102746	3.642858	0	0.341297	251.72235	1.02275	4.9117637	21.0293648	3.093234	12.268187	48.644999	5.5365859	2.977859	15.358915	24.147598	9.742703	22.6285547	244.7671322	7.365569	0.186521	14.4109834	5.510713	3.097838	1.966823	13.997723	143.2508577	0.4164655	0.0682594	0.121065	0.682593	1.034327	0.775882	1.3607359	168.7719144	1.89483	1.468126	0.511945	15.098526	2.622464	5.807325	22.99227	4.102211	14.037113	18.26748	2.406102	27.614507	0.434783	25.183848	0	5.594253
M00577	2.130577	0.373547	0.906713	14.041434	1.977721	4.131163	1.41183	33.851124	0	26.4911316	15.1731946	113.348162	4.516843	0	11.33329	0.328782	0	17.236164	1.363698	4.110386	1.136922	3.412969	0.0577889	23.452961	9.428738	1.2607682	0	20.3230506	34.086556	0	0.341297	0.5582422	8.832192	0.710244	0.738398	14.528511	33.7497059	3.120295	0	25.195903	2.151145	17.117269	22.894883	10.848579	1.89867	48.573322	3.402497	0	2.133286	1.901138	0	223.7685303	0	0.159272	0.348432	19.2530311	0	12.675517	0.31058	2.961323	15.3905	3.647768	0.341296	60.524509	0.150171	4.818126	21.654805	17.4563561	6.102746	3.642858	0	0.341297	252.34396	1.02275	4.9117637	21.7434088	3.093234	12.268187	48.644999	5.5365859	2.977859	15.358915	24.147598	9.998717	22.6605412	245.3805342	7.365569	0.186521	14.6635084	5.510713	3.097838	1.966823	13.997723	144.4600887	0.4164655	0.0682594	0.121065	0.682593	1.034327	0.775882	1.3607359	169.3917214	1.89483	1.468126	0.511945	15.352333	2.622464	5.807325	22.99227	4.102211	14.037113	18.26748	2.406102	27.873574	0.434783	25.183848	0	5.594253
M00579	1.1229981	0.142045	0	1.95455	1.13636	3.432229	0.568182	8.885084	0	0.550811	5.956758	3.805866	3.003376	0.284091	2.656555	0.0265152	0.284091	2.1506753	1.709518	0.752683	0.283144	0	0	2.363872	1.1444973	0.208588	0	1.498148	1.2540868	0.310606	0	0	2.555518	0.285038	0	0.500104	6.051918	2.6556606	0.142045	2.034978	0	1.04999	1.959466	3.4491043	1.8338532	11.6181036	0.9559987	0	1.227144	1.315341	0	8.95118	0	1.3044983	1.2310272	6.3119051	0	1.119595	0	0.14359	2.804404	7.421609	0.643011	5.6836218	2.31818	5.0477581	7.369089	0.75	0.435605	1.92547	0	0	11.318532	4.60171	1.717073	15.756682	0.1960227	1.82554	12.195385	3.1374507	0.707229	3.5030955	3.454615	3.754102	0.413826	30.73234	1.307755	0.030303	2.054294	1.68277	0.445381	1.1679236	3.435059	19.987039	0	0	0.247525	0.821725	0.284091	0.158228	0	15.967781	0	0.373134	0	0.141098	0.195312	0.954444	3.321955	0.514678	0.388494	1.046638	0.7042714	3.504898	0.247525	5.248709	0.490099	0.471729
M00581	0.335731	0	0	5.670582	0	1.430843	0	4.393286	0	2.042417	10.563238	20.250388	0	0	6.367261	0	0	2.554524	0	0	0.413223	0.165468	0	1.345324	1.46283	0	0	0.360882	0	0	0	0.4578445	0.990407	0.936072	0	0	1.25899	0.508772	0	3.281393	0.0623501	3.954424	0	0.359712	0	0.896882	0.173554	0	0.206612	0.153477	0	5.80143	0.316547	1.07914	0	0	0	0.556355	0	0.357314	1.366906	4.033585	2.119972	3.822545	1.64988	1.23981	5.243061	0.719424	0	0.413223	0	0	1.220762	0.450839	2.38017	4.141702	0	5.968415	6.0188775	0.383693	0	3.8895082	0	2.6199019	0.232614	74.9881443	2.428807	0	1.49236	0	0	1.117572	1.74911	11.104411	0.347722	0	0	0	0.335731	0	0	1.921198	0	0	0	1.1366908	0	0	4.588953	0.359712	0.470024	4.010676	1.017607	1.657736	0	1.60606	0	1.392465
M00582	0.745009	0	0	5.92646	0	1.974321	0	11.751319	0	2.268661	12.074507	27.3699014	1.579914	0.0960452	8.158787	0	0	2.91127	0	0	0.413223	0.165468	0	2.323947	1.688568	0	0	0.84957	1.685839	0	0	0.4578445	1.7294343	1.164912	0.287105	0.330317	2.1032187	1.601058	0	3.733882	0.4236731	4.465062	0	1.978162	0.744193	2.207188	0.173554	0	0.6321042	0.469933	0	10.849561	1.0400445	1.409118	0.252102	0.663458	0	0.556355	0	0.610478	2.01334	5.427019	2.119972	4.030014	4.80218	1.5394752	7.4091981	1.3902411	0.179856	1.265545	0	0	4.039419	0.450839	8.1025592	6.425041	0	6.17762	6.7396708	1.147068	0	4.6491032	0	3.01780588	0.2579305	78.30954307	2.655051	0	2.7148116	0.108597	0.384472	1.117572	2.644863	12.1965497	0.347722	0	0	0.329978	0.335731	0	0	8.7712004	0	0	0	1.5609788	0.414214	0.21097	5.3105629	0.359712	0.781227	4.679423	1.017607	2.108716	0	1.709794	0	1.392465
M00585	0	0	0	0	0	1.434783	0	0	0	0.874499	0.666557	5.872416	0	0	0	0	0	0	0	0	0	0	0	0	0	0.434783	0	0.168116	0	0	0	0	0.746269	0	0	0	4.180587	0.217391	0	1.06087	0.217391	0.217391	0	1.580665	0	0	0.127536	0	0	0	0	7.526004	0	0	0	0	0	5.134971	0	0	0	0	0	0	0	0	1.009125	0	0.7519792	0	0	0	1.37971	0.0652174	0.130435	0.480769	0	0	0	0	0	0.398551	0.217391	6.472357	0	22.568536	0	0	0.349275	0.217391	0	0.240385	3.221544	32.1810319	0	0	0	0	0	0	0	4.419996	0	0	0	0	0	0.203333	0.434783	0	0	0	0.240385	0.566193	0	0	0	0
M00586	0	0	0	0	0	0	0	0	0	0	0.94709	1.245041	0	0	0	0	0	0	0	0	0	0	0	0	0	0	0	0	0	0	0	0	0	0	0	0	0	0	0	0.918871	0	0	0	0	0	0	0	0	0	0	0	1.9523824	0	0	0	0	0	0.430335	0	0	0	0	0	0	0	0	0	0	0	0	0	0	0	0	0	0.219239	0	0	0	0	0	0	0	0.153439	0	1.798173	0	0	0	0	0	0	0	1.8452521	0	0	0	0	0	0	0	0.793651	0	0	0	0	0	0	0	0	0	0	0	0.262787	0	0	0	0
M00609	0	0	0	0	0	1.663857	0	0.864553	0	0.617675	2.737299	0.822286	0.221902	0	0	0	0.144092	0	0	0.223823	0.7986094	0	0	0	0	0	0	0.871163	1.162768	0	0	0	0.288184	0	0	0	0.946205	0	0	1.289145	0	0.144092	0.288184	1.443029	0	0	0.143132	0	0.0768492	0.287224	0	9.93555	0	0.320513	0	3.087312	0	0.144092	0	0	0.14025	0.319885	0	0.144092	0	0	2.0771853	0.144092	0	0	0	0	5.234761	0	0.562623	0	0	0	0.395441	0.7867437	0.0662824	0.144092	2.18674	0.4882185	1.030746	5.989937	0	0	0.509126	0.446686	0.2267049	0.432277	0.6118079	3.902977	0	0	0	0	0	0	0	4.563002	0	0	0	0	0	1.283272	0	0	0	0	0.146199	2.2825328	0	1.186718	0.144092	0.144092
map00030	0.769126	0.238532	0	0.7335708	0	0.465664	0	6.790964	0	0.403225	0.985734	1.2822477	0	0	0.2426677	0.100806	0	0.5750234	0	0	0.146628	0	0	0.391504	0.7987345	0	0	0.100806	1.252016	0	0	0.149573	0.898094	0.293255	0	0.290698	0.6432933	0	0	0.107527	0	0.50831	4.362341	1.242547	0.53941	1.502353	0.3799485	0	0	0.146628	0.869579	4.1860224	0.107527	0.394061	0.293255	1.325512	0	0.4347	0.146628	0	0.6514299	0.434303	0	0.9193453	1.273826	0.247434	3.617068	0.224719	0.102459	0	0	0	1.973509	0	1.31854	1.003294	0	1.121893	1.487398	0.623909	0.2317974	0.980168	0.457189	0.540689	0	3.609558	0.146628	0	0.412373	0	0.146628	0	0.642036	3.305466	0	0.146628	0	0	0	0.27933	0	3.818979	0	0	0	0.146628	0	0.363078	1.0748336	0.293255	0.747815	0.373283	0.526115	1.380987	0	1.462989	0	0
map00190	0.553031	0	0	0	0.757576	2.001365	0	0.318182	0	0.0858586	3.2071985	0.8128005	0	0.378788	1.1423157	0	0	0.378788	0.378788	0	0.3034925	0	0	1.44872	2.4667945	0	0	1.2692749	3.7890885	0	0	0.189394	0	0	0	0	1.7799427	0	0.106061	0.356061	0	1.0011259	0.378788	1.14378	0.787879	4.407705	0	0	0.671113	0.0762195	0	2.382453	0.189394	0.858586	0.481792	2.25702031	0	0.189394	0	0.378788	0.7714649	2.7198898	0	0.4189303	0.945707	0.762626	4.796923	0	0	0.378788	0	0	2.023729	0.311869	1.4229963	2.89015	0.2260102	0.8030299	4.7645296	0.189394	0	0.378788	2.1169131	1.0037145	0.494737	9.722658	0.189394	0	0.2786797	0.3300075	0	0.377525	2.1027775	8.2478493	0	0.0762195	0	0.189394	0	0	0	9.908001	0	0	0	0.815256	0	0.189394	1.2656135	0	0.119949	0.166667	0	0.6074465	0	1.601457	0	1.077168
map00230	2.688145	0.3943298	0.149925	2.1787598	0	3.1231036	0.578829	16.122972	0	2.4567394	11.5170053	13.7430352	1.779462	0	7.3224814	0.5996011	0	6.6545664	1.1703833	0.1514093	0.9442157	1.44271	0	3.9084246	5.4741505	0.635284	0.126263	4.2444098	7.7357393	0	0.447583	0.7870503	5.36614	1.116165	0.0344828	2.346067	6.2074793	1.755174	0	3.1812978	1.167819	5.058576	14.762733	5.3060368	7.71994	14.6753776	0.8004405	0	1.401572	4.6538216	0.869579	16.0011454	0.320755	3.1988301	2.6898238	11.9971826	0	2.047799	0.4130077	0.412979	6.5928559	5.8233596	1.0179498	10.1427143	5.5400822	4.939138	16.1053593	2.9960238	0.477175	0.5498485	0	0	38.863036	1.891519	6.2664375	9.54952	0.2688261	7.379492	12.7093929	4.1811507	2.9580457	3.8842695	2.5404615	7.632804	3.0520135	37.98067865	2.481064	0	1.245977	0.8315385	0.442752	1.9806991	4.92148842	26.9342258	0.3466588	0.146628	0	0.374813	0.19084	0.578829	0.0798023	31.3519399	0.5031551	0.476365	0	3.0846	0.9147715	2.3362098	4.5819096	0.9550255	2.8751597	5.237611	1.0883095	7.7683746	0	6.778585	0	2.1861912
map00240	1.919019	0.0304848	0.149925	1.307448	0	2.33411935	0	10.058843	0.078125	1.7822306	8.1010436	13.9494655	1.452804	0	4.6024966	0.4987951	0	6.525983	1.1703833	0.0454773	0.4888515	1.44271	0.485437	3.9608036	4.3712735	0.200501	0.126263	3.601728	3.8155793	0	0.045977	0.4256133	4.487661	1.17256	0.0344828	1.804742	5.302548	0.791307	0	3.5777078	0.97672474	2.960228	3.111247	2.0209778	4.269997	14.5254686	1.9080903	0	1.562371	4.9769508	0	15.664723	0	1.8524901	2.3858918	5.4268577	0	1.939404	0	0.275238	5.528829	4.9536116	0.4689078	5.727077	4.861763	2.802126	14.1909273	1.6471718	2.222289	0.4328845	0	0	18.9240626	1.349325	2.48558762	6.522329	0.3998941	10.855065	11.5209744	1.7984832	0.893676	2.8261585	1.0383705	9.5351634	3.2143585	36.52007245	1.189109	0.542697	0.94385	1.0976125	0.224388	2.0381611	4.4431096	19.029881	0.3466588	0	0	0.374813	0	0	0.273973	17.995027	0.7345471	0	0	3.067742	1.0238985	3.161256	2.858576	0.6617705	1.2575357	4.462722	0.2660365	3.2840609	0	3.875541	0	0.75059
map00250	0	0	0.105042	0.118483	0	3.4617226	0	4.6014689	0.0250338	0.9457171	2.3173307	3.1954826	0.0816327	0	0.0568463	0.0487329	0	0.1707797	0	0.128535	0.653885	0	0	0	0.1500865	0	0	1.3075855	3.0679873	0	0	0	0	0	0	0.177305	2.7823601	0	0	3.746283	0	0.9635561	5.954329	1.8839787	0.3393767	0	0.626053	0	0	0.1684939	0	9.3976688	0.05265	0.068306	0.856953	5.0254274	0	0.4600535	0.236967	0	0.1828532	2.0681192	0	0.6146447	0	0.236967	2.8574137	1.582051	0	0.6335142	0	0	6.9681906	0.236967	1.7289002	0.680885	0.407615	0.4719659	1.4288184	1.820556	0.6193115	0.347551	1.3030821	5.8851867	1.268602	9.3745218	0	0	1.2345142	2.1789515	0.0403699	1.009768	0.9386099	6.3062485	0	0	0	0.170068	0	0.668409	0	18.5799115	0.15528	0	0	0	0	0.2260009	1.3760266	0	0.4314933	0.256224	0.1696127	11.1291146	0	2.0839348	0	0.3528057
map00260	0.386293	0	0	0.0758706	0	2.727746	0	6.7797837	0	1.440267	3.794376	3.0296883	1.947969	0.189342	0.943462	0	0	0.756219	0	0.279	0.30818295	0.703876	0.217865	0.6348194	0.892686	0.520697	0	3.14359358	7.633225	0.46729	0	0	0.46729	0	0	0.558001	2.205468	0.0573711	0	4.2254501	0	2.3305632	3.88108	4.456703	0	0.674468	0.326071	0	0.235489	0.623756	0	12.2312496	0.286953	0.210084	0.217865	8.9972807	0	0.769393	2.881459	1.45	0.276644	0.9340731	0.559701	3.389867	1.118159	1.595382	3.43148	0.524576	0.129825	0.170068	0.0895692	0	23.61954	0	2.701568	0.890901	0.170068	0.454545	1.45368	1.76451	0.423973	0.540029	5.741769	5.6188537	2.049144	11.046882	0.729483	0.649123	1.443008	2.159612	0.689795	2.227857	5.9515444	19.6222151	0.131579	0	0	0	0.233645	1.494344	0.301647	33.599522	0.274725	0	0	0.470588	1.380953	1.782703	1.7218509	0.14059	0.352904	0	0	6.4971037	0	3.780476	0	0.39229
map00270	0.523295	0	0	0	0.272013	4.369612	0	6.8828087	0	1.220713	3.153895	3.976682	1.122713	0.189342	0.898776	0	0	0.251337	0	0.432293	0.301647	0	0.131907	0.8211666	0.326797	0	0	4.171494	9.8404951	0	0.917431	0	2.684245	0	0	0.340136	3.1851847	0.185185	0	3.33091838	0	2.6186317	3.532241	2.493194	0.196078	0.808521	0.725606	0	0.326797	0.170068	0	22.239704	0.152439	0.145246	0.677996	9.5394475	0	1.511169	0.498866	1.45	2.220518	0.425541	0	1.6084692	1.165775	2.523037	4.095795	1.091629	0.129825	0.3520789	0.0895692	2.61438	16.362048	0	4.2836376	0	0.170068	1.61563	2.74486	1.156396	0.500648	2.329068	7.1768754	7.8219997	2.2704075	79.8528945	0	0	2.8134762	3.96587	0.488214	2.7143895	7.587624	41.3147621	0.2946808	0	0	0	0	1.02041	0.569027	39.2315267	0	0.13369	0	0.304225	1.520229	1.477195	3.010394	0.14059	0.405917	0	1.135501	10.4103235	0	4.2376121	0	0.170068
map00280	0.395876	0	0.441176	0.0735294	0.1416667	0.0720588	0	0.9567481	0	0.8784314	1.2218304	2.9487	0.881863	0	0.1770494	0.207039	0	0.1470588	0.174216	0.0735294	0	0	0	1.780089	0	0	0	0	2.7461697	0.0426471	0	0	1.670268	0	0.147059	0.480614	4.512997	0.147059	0	2.2298376	0.352598	0.0730392	1.308515	0	0.1757784	0.2205884	0	0	1.048738	0.348432	0	5.1275822	0.852805	0.2548482	0	0.2823529	0.322581	0.10352	0	0	1.5257531	0	0.0735294	4.228668	1.74657	1.8298975	0.4983194	0.1726377	0	0.279554	0	0	0.3178965	0	1.6705714	2.88122583	0	0.3961104	0.2205884	1.390769	0.187266	1.0620074	0	0.0735294	1.2994878	0	0.0735294	0.0735294	0.2180384	0	0	0.187266	0	5.896279	0	0.0730392	0	0	0	0.101961	0	3.7877434	0	0	0	0.395365	0.977669	0	0.251256	0	0.102249	0.9519169	0	0.1470588	0	0	0	0.3028874
map00310	0	0	0	0	0	0.211864	0	0.84745772	0	1.053672	1.795698	3.400302	0	0	0.505649	0.635593	0	0.971159	0	0	0	0	0	0	0	0.211864	0	1.119456	3.3983096	0	0	0	0	0	0	0	0.121469	0	0	0.3008471	0	0.438108	3.06497	0	0.635593	0.634181	0	0	0.345168	0.958133	0	6.915312	0	0.284024	0.211864	1.758972	0	0.210452	0	0.295858	0.3736	0.295858	0	1.355179	0.635593	0.0974843	1.1242926	0.827683	0	0.29661	0	0	1.69492	0	0.211864	0.355932	0.211864	2.296805	1.916446	0.211864	0.317796	0.543784	3.347766	1.1045198	1.350283	3.362357	0	0	0.5176257	1.216102	0.211864	0.211864	0	4.324108	0	0	0	0	0.423729	0	0	4.525839	0	0	0	0	0.0141243	0.0621469	0.387005	0	0	0	0	1.059322	0	0.5367223	0	0
map00330	0	0	0	0.572016	0.308642	1.545027	0	6.82112472	0	2.49999	3.954706	9.829917	2.77778	0	1.788571	0.635593	0	1.291118	0.154321	0.128535	0.12037	0	0	1.008231	1	0.330177	0	2.162666	6.0063186	0	0	0	1.975309	0.154321	0	0.752252	2.0704355	0	0	1.3873211	0	2.568857	3.346863	1.484068	1.329009	2.908778	0.154321	0	0.65381	1.567186	0	13.053107	0.154321	0.592666	0.373154	5.5583055	0	0.635717	0	0.295858	2.09994	1.032251	0	2.702617	2.06872	0.5604473	4.1518066	2.040257	0.598765	1.19675	0	0	9.033798	0	1.566098	1.7026359	0.342522	2.81018	4.259037	1.917773	0.472117	1.548928	4.3296511	1.708165	1.655665	7.439929	0	0	1.3474181	2.552666	0.270506	0.366185	0.400251	9.360814	0	0	0	0	1.148367	0	0	14.314227	0	0	0	0	0.0141243	0.1906819	0.695647	0	0.770576	0.299383	0.357723	3.779336	0.154321	1.8414773	0	0.384774
map00340	1.092233	0.96837	0.485437	4.868473	0.534591	0.366876	0	6.241869	0	0.210084	1.842323	0.446434	1.45469	0	1.197431	1.69903	0	0.869349	0.242718	0.242718	0	0	0	1.356624	0.402956	0.214761	0	0	0.281046	0	0.485437	0	0.970874	0.240069	0	0	3.623488	0	0	0	0	0	0	0.840336	1.352974	4.23922668	0.220264	0	4.2519586	0.0859539	0	4.085269	0.314465	0.485437	0.242718	2.998684	0	0	0.321705	0	0.4208791	4.0544025	0	3.85183	0	7.178824	0.210084	0	0	0	0	0	10.816017	0	1.03891	3.47216	0	0.407767	0.210084	0.452802	0	0.354298	0	0	0.3764805	2.2057083	0.7265261	0	0	0	0.0272537	0	0	1.390757	0	0	0	0	0	0	0	3.096062	0	0	0	0.242718	0	0	0.595844	0	0	0	0	0.639625	0	0.694522	0	0
map00350	0	0	0	0	0	1.674777	0	1.476006	0	0.520392	1.53691	1.652061	0.273224	0	0	0.136612	0	0	0	0.128535	1.456903	0	0	0	0	0	0	0.261384	1.816406	0	0	0	0	0	0	0	0.513282	0	0	1.501507	0	1.310758	4.320913	0.4480139	0	0	0	0	0	0.136612	0	3.761857	0	0	0	6.5429435	0	0.6607435	0	0	0	0.119109	0	0.128535	0	0.136612	1.430036	0.450228	0	0.128535	0	0	3.898749	0	0.93878	0	0.136612	0	0	0.25707	0	0	0.3764331	1.426557	0.144092	2.373372	0	0	0.5810404	1.482284	0	0.136612	2.669821	5.500277	0	0	0	0	0	0	0	7.373199	0	0	0	0	0	0.128535	0	0	0	0	0.135501	1.398605	0	1.026977	0	0
map00360	0	0	0	0	0	1.886641	0	2.32346372	0	1.574064	3.332608	5.052363	0.273224	0	0.505649	0.772205	0	1.971159	0	0.128535	1.456903	0	0	0	0	0.211864	0	2.00584	5.2147156	0	0	0	0	0	0	0	0.634751	0	0	1.8023541	0	1.748866	7.385883	0.4480139	0.635593	0.634181	0	0	0.345168	1.094745	0	10.677169	0	0.284024	0.211864	8.3019155	0	0.8711955	0	0.295858	0.3736	0.414967	0	1.483714	0.635593	0.2340963	2.5543286	1.277911	0	0.772971	0	0	5.593669	0	1.150644	0.355932	0.348476	2.296805	1.916446	0.468934	0.317796	0.543784	3.7241991	2.5310768	1.494375	5.735729	0	0	1.0986661	2.698386	0.211864	0.348476	2.669821	9.824385	0	0	0	0	0.423729	0	0	11.899038	0	0	0	0	0.0141243	0.2615152	0.387005	0	0	0	0.135501	2.457927	0	1.5636993	0	0
map00480	1.12214	0	0	0	0	2.576071	0	0.390282	0	1.055008	9.810488	1.441589	0.446497	0	0	0	0	0.381679	0	0	0.381679	0	0	1.6335857	0.0356234	0.115473	0	0.568129	0.747061	0	0	0	0	0	0	0.226667	0.115473	1.093001	0	4.127276	0	0.213542	0.923788	0.0839695	0	0.73536953	0	0	0	0	0	4.400882	0.580589	0.295165	0.6320543	2.400988	0	1.0186	0.3543363	0	0	0	0	0.77919	0.381679	0.302799	4.725113	0	0	0.696124	0	0	5.896145	0	1.042483	0.569975	0	0	0	0.115473	0.461893	0.4703952	0.230946	1.4721699	0.823195	2.7822904	0.086514	0	1.034546	0.381679	0.115473	0.2124707	1.27249	4.088634	0	0	0	0.333333	0	0.16549	0	16.386087	0	0.230947	0.461894	0	0	0.115473	0.458814	0	0.117647	0	0	1.2934187	0	1.594867	0	0.489137
map00500	0.102459	0	0	0.3494068	0	0.302419	0	4.313636	0	0.403225	0.478803	0.404878	0	0	0.201612	0.100806	0	0.201612	0	0	0	0	0	0.100806	0	0	0	0.100806	1.252016	0	0	0	0.604839	0	0	0	0.3881613	0	0	0.107527	0	0.215054	0.505982	0.509409	0.100806	0.100806	0.0866935	0	0	0	0.869579	2.742789	0.107527	0.100806	0	1.032257	0	0.100806	0	0	0	0.434303	0	0.9193453	0.100806	0.100806	0.100806	0.224719	0.102459	0	0	0	0.980352	0	0.732029	0.201612	0	0	0.100806	0.200269	0.0949454	0.100402	0.163934	0.100806	0	1.603218	0	0	0	0	0	0	0	0.742562	0	0	0	0	0	0	0	0.903226	0	0	0	0	0	0	0.201613	0	0	0	0	0.400537	0	0	0	0
map00520	0.50276	0.185874	0	0.19084	0.726463	0.5392699	0	1.717559	0	0.573982	0.34957	5.080339	1.532999	0.114504	0.76409	0	0	0.768359	0.381679	0	0.182254	0	0	2.029838	1.509421	0.158228	0	0.354297	1.952158	0	0.381679	0	0.301405	0.68589	0.763359	0	1.42344	0.621692	0	0	0.19084	0.744405	1.71134	3.286284	0.19084	5.108151	0.132075	0	0.19084	0.705347	0	7.010451	0	0.584714	0.191571	2.0220823	0	0.554167	0	0	2.761237	2.46090659	0.354157	0.381138	1.91068	2.178702	2.937499	1.122309	0.571247	0.347527	0	0	3.40883	0	0	2.164555	0.19084	0.704834	5.734354	0.422392	1.222886	0.9159884	0.191571	0.959632	0.423639	7.961199	0.557252	0	0	0.35646684	0	0.382411	0.190294	7.435104	0	0	0	0.174968	0.157233	0	0	7.750765	0.15873	0	0	0.19084	0	0	0.572519	0	0.55598	0.382411	0.382411	1.426311	0	1.105747	0	0
map00531	0	0	0	0	0	0	0	0	0	0	0	0	0	0	0	0	0	0.577519	0	0	0	0	0	0.224806	0	0	0	0	0	0	0	0	0	0	0	0	0	0	0	0	0	0	0	0	0	0	0	0	0	0	0	0	0	0	0	0	0	0	0	0	0.406977	0	0	0	0	0	0	0	0	0	0	0	0	0	0	0	0	0	0	0	0	0	0	0	0	0	0	0	0	0	0	0	0	0	0	0	0	0	0	0	0	0	0	0	0	0	0	0	0	0	0	0	0	0	0	0	0	0
map00540	0	0	0	0	0	0	0	0	0	0	0.6238856	0	0	0	0	0	0	0	0	0	0.153535	0	0	0	0	0	0	0.124183	0.0748663	0	0	0	0	0	0	0	0	0.178253	0	0.26738	0	0.1855279	0	0.8934107	0	0	0	0	0	0	0	0.0213904	0	0	0	0.8842894	0	0	0.26738	0	0	0	0	0.110517	0	0	0.398693	0	0	0	0	0	0.245118	0	0.2792632	0	0	0	0	0.0891266	0	0	0	0.178253	0.1901366	0.121951	0	0	0.0891266	0	0	0	0.0659537	1.427441	0	0	0	0	0	0	0.121951	11.9749746	0	0.178253	0	0	0	0.0569106	0.121951	0	0	0	0	0.8051012	0	2.326287	0	0.0891266
map00561	0	0	0	0	0	0.162338	0	0	0	0.0716418	0.99816	0.835821	0.487013	0	0	0	0	0	0	0	0.149254	0	0	0	0	0	0	0	0.298508	0	0	0	0	0	0	0.295858	0.0726368	0	0	0.109453	0	0.2350528	0	0	0	0	0	0	0	0	0	0.324675	0	0	0	1.269052	0	0	0	0	0	0	0	0	0	0	0.324675	0	0	0	0	0	2.724634	0	0.10355	0	0	0	0	0.149254	0.269652	0	0.148268	0.162338	0	0.139303	0	0	0	0.3801	0	0	0.473929	1.159321	0	0	0	0	0	0	0	2.899308	0	0.324675	0	0	0	0	0.149254	0	0	0	0	0.573233	0	0.297183	0	0.298507
map00564	0	0	0	0	0	0.318471	0	0.955414	0	0.473461	1.837159	1.176222	0	0	0	0	0	0	0	0.636943	0	0	0	0.318471	0	0	0	1.208068	0.318471	0	0	0	0	0	0	0	0.353357	0	0	1.41225	0	0.828025	0	0.271762	0	0	0	0	0	0.666667	0	5.205443	0.318471	0	0	2.669129	0	0.318471	0	0	0	1.62633	0	0.316348	0	0	1.798599	0	0	0.318471	0	0	4.7096513	0	0.923567	0	0.318471	0	0	0.318471	0	0	2.12739	0.789809	0.318471	1.365837	0	0	0.977103	0.106007	0	0	0.467091	4.1227881	0	0	0	0	0	0	0	7.718449	0	0	0	0	0	0.318471	0.555056	0.318471	0	0	0	1.673702	0	0.403397	0	0
map00620	4.4335243	1.792091	0	2.309922	2.114833	12.364731	0.568182	9.06114	0.124688	0.6073364	8.357853	6.803318	5.774632	0.874877	6.772854	0.3336852	0.408779	4.3589673	3.939356	0.752683	1.553725	0	0.163214	6.07236	1.5438943	0.594344	0.0532003	2.487649	2.5349748	0.77896	0	0	4.896071	0.930199	0	0.854714	9.293351	4.1536826	0.142045	5.885667	1.178842	1.4453191	3.570482	11.9083493	4.9320302	24.0982976	2.5161667	0	6.0966454	6.210904	0	20.232973	0	4.6873263	3.9111692	21.9602911	0	2.560109	0	1.907389	2.804404	16.672989	0.925249	15.5072398	2.31818	14.4423591	11.024599	2.917179	0.435605	2.738131	0	0	20.05164	5.380794	2.883992	25.5568336	0.9417887	15.167789	14.4748116	7.8435767	2.32819	5.0783695	3.886474	8.165517	1.676989	41.937222	2.437125	0.206359	3.468231	1.68277	0.445381	2.8215166	4.395086	27.201495	0.316456	0	0.247525	2.5467838	0.284091	0.158228	0.124688	28.503294	0.748518	0.373134	0	0.927713	2.1382667	1.367667	4.842308	1.253808	3.132149	3.80598	0.9867574	6.444342	0.247525	6.7919756	0.490099	1.0395098
map00630	0	0	0	0	0	0	0	0.59761	0	0	0.199134	0	0	0	0	0	0	0.358566	0	0	0.555556	0	0	0	0.154321	0	0	0	0	0	0	0	0	0	0	0	0	0	0	0	0	0	0	0	0	0.837027	0	0	1	0	0	3.071638	0	0.324675	0	0.411111	0	0	0	0	0	0	0	0	0	0	0	0.324675	0	0	0	0	0.153292	0	0	0.199203	0	1.386031	0	0	0	0	0	0	0	0.750564	0	0	0	0	0	0.173971	0	0.846527	0	0	0	0	0	0	0.324675	0	0	0	0	0	0	0	0	0	0	0	0	0.912183	0	0	0	0
map00640	1.5188741	0.142045	0.441176	2.0280794	1.2780267	3.6666258	0.568182	10.3062281	0	1.7388404	7.6322384	7.495536	4.372252	0.284091	2.8336044	0.2335542	0.284091	2.3544936	1.883734	0.8262124	0.283144	0	0.147493	4.8028524	1.2988183	0.329532	0	1.498148	4.0002565	0.3532531	0	0	4.605334	0.285038	0.147059	0.980718	10.564915	3.3084832	0.142045	4.7145996	0.352598	1.1230292	4.16755	3.4491043	2.4186776	12.14829	0.9559987	0	2.570867	1.958758	0	14.4034372	1.589096	1.7141455	1.2310272	6.918933	0.322581	1.223115	0	0.14359	4.3301571	8.168339	0.7165404	9.9122898	4.0753657	6.8776556	8.6580474	1.5722327	0.587308	2.205024	0	0	17.2439695	4.60171	3.3876444	21.72976483	0.1960227	4.7915504	12.4159734	5.1588003	0.894495	7.3851903	3.602883	5.9942464	1.7133138	85.856091	1.3812844	0.1038324	2.2723324	1.68277	0.575175	3.3153656	7.586313	40.950842	0	0.0730392	0.247525	0.821725	0.284091	0.260189	0.125265	20.2425374	0	1.147593	0	0.536463	1.172981	1.109243	4.059734	0.514678	0.800341	1.9985549	0.7868673	3.8067558	0.247525	5.786994	0.490099	0.9294154
map00670	0.242206	0	0	0.0498866	0	0.92309	0	7.872866	0	0.870503	7.98437	9.578015	0	0	1.120239	0	0	1.795995	1.076567	1.014217	0.556355	0	0	2.143042	1.05036	0.58753	0	1.388318	2.489033	0.357143	0	0	2.095924	0	0	1.42857	3.784418	0	0.0191847	4.664268	0.206349	0.865707	1.39089	0.359712	0.264286	4.88923	0	0	1.795993	1.62143	0	3.330274	0.359712	0.359712	1.429256	3.465059	0	0.719424	0	0	2.215385	1.948874	0.357143	2.904013	1.852572	4.641827	4.233786	4.481031	0	0.468408	0	0	8.0671455	0	0.872901	2.235823	0.925773	2.956678	0.359712	1.76862	0.697842	1.35156	0.244604	2.539568	1.033419	4.145582	0	0	0.561526	0.194245	0.160671	0.359712	0.942446	2.761543	0	0	0	0	0	0	0.254197	1.733643	0.0362812	0	0	0.357143	0	0	0.786816	0	2.15238	0	0	0.292566	0.359712	0	0	0.357314
map00680	1.1229981	0.142045	0	2.0304206	1.13636	3.541161	0.568182	9.911902	0	1.313338	7.841942	4.773285	4.263272	0.284091	3.600017	0.0265152	0.284091	2.9068943	1.709518	0.861615	0.28967995	0	0.217865	2.6802204	1.4554423	0.618174	0	2.12913138	3.1967158	0.310606	0	0	2.555518	0.285038	0	0.717969	7.413849	2.7130317	0.142045	3.3084861	0	1.9246805	3.39447	3.6669693	1.8338532	12.0198446	1.2820697	0	1.351522	1.424273	0	10.3207936	0.146766	1.5145823	1.4488922	7.7858441	0	1.306162	2.05	0.14359	2.804404	7.81826	1.202712	6.4031348	3.436339	5.9788051	8.486207	1.040931	0.435605	1.92547	0	0	14.697768	4.60171	1.934938	16.487147	0.1960227	1.82554	13.649065	3.3553147	0.839759	3.6896625	3.454615	4.249092	0.413826	36.417253	1.867456	0.030303	3.025587	2.196134	0.445381	1.6036526	3.9223464	27.133362	0	0	0.247525	0.821725	0.284091	0.158228	0	18.441184	0.274725	0.373134	0	0.611686	0.195312	0.954444	4.0233979	0.514678	0.57133	1.046638	0.7042714	5.758974	0.247525	5.555457	0.490099	0.471729
map00710	0.144509	0	0	0	0	0.245665	0	0.289017	0	0	0.432563	0.803468	0.578034	0	0.567437	0	0	0.144509	0	0	0	0.342466	0	0	0.106936	0	0	0	0	0	0	0	0.703955	0.289018	0	0	0	0.277457	0	0.251445	0	0.144509	0	0.140845	0.144509	0.458041	0.288184	0	0	0	0	1.665704	0.144509	0	0	0.144092	0	0	0	0	0	0	0	0	0.144509	0	0.512525	0.144509	0	0.117534	0	0	0.289017	0	0.775992	0.684064	0	0.144509	0.372832	0	0.144509	0.223507	0	0.140845	0	0.4389769	0	0	0.285354	0	0	0	0	0.61368	0	0	0	0	0	0	0.289017	1.987668	0	0	0	0	0.432277	0.128722	0	0	0	0	0.144509	0	0	0	0	0
map00730	2.370373	0.941578	1.18203	4.263983	0.86446	3.396485	0	15.405745	0	7.308596	24.689631	22.971454	2.187471	0.2504607	5.12609	0.3810929	0.118203	11.058358	5.1316	0.7484798	1.03448	0.229885	0.539596	8.28225	1.123719	1.018963	0	18.7977614	34.352813	0.234831	0.217625	1.43656	3.806821	0.472813	0.600473	1.499242	9.232452	2.125732	0.1626474	13.117099	0.472025	3.683051	21.061084	5.120869	3.356425	13.549597	1.2754602	0.118203	3.16864	2.8094473	0	72.518997	0.233146	0.877069	0.677394	18.238283	0	5.6925371	1.8715294	0.661151	11.00835	1.737223	0.91647	28.068138	2.73995	0.118203	13.0139016	2.108094	0.7636261	0.459771	0	0	50.1011	0	8.700573	4.5420264	0.118203	5.026347	5.399528	2.932797	2.23723	4.4136438	12.307659	6.766473	22.710453	19.287495	1.168533	0.415287	4.35879	3.764749	0.2697317	2.138548	5.7758282	51.291656	0.236407	0	0	0.236406	0.522459	1.064562	0	43.359957	0	0.344828	0	1.557127	0.114943	0.519074	4.099324	0.278172	0.833875	3.8471896	0.114943	6.5107242	0	4.044671	0	0.4189021
map00750	0	0	0	0	0	0.363067	0	2.28333	0	0.111111	0.444444	0.222222	0	0	0	0	0	0	0	0	0	0	0	0.318471	0.581741	0.111111	0	0.222222	0.222222	0	0	0	0	0	0	0	0.333333	0	0	0.333333	0	0.183704	1.08667	1.506953	0	0.272727	0	0	0.111111	0.111111	0	4.016236	0	0	0	2.8343757	0	0.111111	0.332593	0	0	0.0911111	0	0.444444	0	0.454545	0.620052	0	0	0	0	0	4.745742	0	0.222222	0	0	0.454545	0	0.764906	0	0.111111	0.222222	1.305186	0.448575	1.413333	0	0	0	0.322222	0.388148	0	1.076852	3.145921	0	0	0	0	0	0.473934	0	8.912222	0	0	0	0	0	0.594815	0	0	0	0	0	0.874814	0	0.558529	0	0.222222
map00760	0.628931	0	0	0.989787	1.7338842	0.6938613	0	7.891762	0	2.2585142	7.2048007	12.6855733	1.345998	0	0.66497	0.6259426	0	2.210009	0.252277	0.127505	0.4865799	1.44271	0.546448	2.0256866	1.433053	0	0	1.51559397	1.0929	0	0	0.411337	3.7092	0.414467	0	0.0375817	1.610954	0.628931	0	2.967078	0.273224	1.859661	5.022763	0.957195	2.081839	2.7868139	0.168301	0	0.4318242	0.4231681	0	14.863912	0.136612	0.4353606	1.4308317	4.7918006	0	1.353208	0	0	2.19435	2.0490293	0	4.2729728	2.505865	1.250784	4.929063	1.8761008	0.587689	0.569903	0	0.273224	19.970761	3.55714	3.2258694	3.6048886	0	3.9415535	5.4808708	0.7948133	0.572297	1.635731	0.998178	2.595761	2.5396832	12.16378695	0.47913	0	0.4506857	0.8898	0.136612	0.273224	0.80343	5.691869	0.136612	0	0.537634	0	0	0	0	8.160717	0	0.273224	0	0.661765	0	0.539252	1.305032	0.245098	0.2094073	0.273224	0	2.07061	0	1.057627	0.126594	0
map00770	0	0	0	0	0	0	0	0	0	0	0	0	0	0	0	0	0	0	0	0	0	0	0	0	0	0	0	0	0	0	0	0	0	0	0	0	0	0	0	0	0	0	0	0	0	0	0	0	0	0	0	0	0	0	0	0	0	0	0	0	0	0	0	0	0	0	0	0	0	0	0	0	0	0	0	0	0	0	0	0	0	0	0	0	0	0	0	0	0	0	0	0	0	0	0	0	0	0	0	0	0	0	0	0	0	0	0	0	0	0	0	0	1	0	0	0	0	0
map00780	0.457063	0	0	0.181159	0	0.199275	0	1.3073162	0	0	0.8081831	1.983185	0	0	0.653093	0.181818	0	0.324879	0	0	0	0.431034	0	0.660274	0.363636	0.862069	0	0.112727	0	0	0	0	2.90545	0	0	0	1.044021	0	0	0.676363	0	0	1.642124	0.181818	0.510979	2.650166	0	0	0.467666	0.181818	0	2.451679	0.0410628	1.030303	0	1.977698	0	0.118357	0	0.459418	1.577878	1.059683	0	1.612649	1.03152	1.903684	1.402441	0	0.181818	0	0	0	4.19968	0	1.94303	1.155618	0	0.352487	0.959223	0.54303	0.181818	0.485507	0.545454	0	0.363636	1.9707339	0.792929	0	0.253623	0	0	0.181159	0	1.401352	0	0	0	0	0	0	0	0.616934	0.0642424	0	0	0	0	0	0	0	0	0	0	0.898182	0	0.0727273	0	0
map00860	1.2431552	0.2	0	1.405947	2.382685	6.9953976	0	18.289593	0	7.3215964	19.2657792	23.1773627	4.840388	1.29065	7.3070973	0.513746	0	7.2593456	2.175215	1.064977	0.648537	0	0	6.8903631	4.006707	0.826125	0	5.632186	8.4122705	0.145804	0	0.554138	5.245275	0.3268535	0.301205	1.862854	10.74789158	0.535714	0	6.986619	1.394891	6.5048455	14.58873	10.513952	3.2044449	14.7293275	0.9193853	0	2.8683231	5.3505949	0	61.0998267	0.357143	3.754919	2.3206198	15.365018	0	2.76701	0.7019745	0.438596	7.439649	5.791326	4.249849	16.26244048	4.254545	4.602355	21.66643189	4.2633723	1.0019244	0.7986604	0	0.925697	45.538977	0.301205	12.515941	16.5029153	1.94702	13.7432153	26.7560008	5.131789	2.69561	4.955191	12.603998	10.2279165	8.7247118	33.393233	2.1120879	0.178571	6.305552	2.8861105	0.4724158	4.2064072	10.7394103	38.0076907	0.3754269	0	0	0.178571	0.916549	0.4232091	0.561288	107.6828295	1.9706985	3.04843	0	2.994525	0.70726758	2.451852	6.7850964	2.324059	3.0072661	4.370116	0.8162164	9.2926118	0	10.5876165	0	1.424498
map00900	0.4440394	0.613855	0	1.7057001	0.547445	0.474317	0	27.139438	0	4.796884	11.4749497	24.732257	4.358435	0	3.6960888	0	0	5.494734	0.364964	0.460913	0	0	0	6.221178	2.673817	0.182482	0	3.375547	3.819072	0	0	0.0766423	7.9584832	0.8671059	0	2.316403	3.208807	1.005614	0.181265	1.9930562	1.273243	2.4668121	4.646059	2.6891639	0.701767	8.903959	1.063056	0	0.426384	0.0778589	0	19.231469	0.351582	0.287104	1.107317	5.9587234	0	0.99052	0	0	6.179192	2.267477	0.182482	4.8999575	4.960399	2.58986	10.333106	2.178772	0.464858	2.289255	0	0	28.77858	2.18978	3.626998	3.618981	0	5.0199234	7.063587	0.411138	0.176399	2.6925216	0.364964	2.814988	1.301996	24.508279	1.4871287	0	2.236978	1.552068	0.729529	1.254318	3.117152	10.1707336	0.487805	0	0	0.0571776	0	0	0	9.590416	0	0	0	0.947205	1.119514	0.182482	1.82393	0.759123	2.0300208	0.588235	0.182482	2.6839079	0	0.859306	0	0.243902
map00910	0	0	0.105042	0	0	0.1675826	0	0.8532959	0.0250338	0.3068421	0.7107427	1.7412676	0.4633117	0	0.0568463	0.0487329	0	0.1707797	0	0	0.298435	0	0	0	0.068306	0	0	0.2507145	2.8314943	0	0	0	0.381679	0	0	0.177305	0.6600709	0.37594	0	2.400804	0	0.2586831	5.780294	2.4908087	0.3393767	0	0	0	0	0.1353185	0	0.9720508	0.05265	0.068306	0.619986	2.7409739	0	0.0338295	0	0	0.1828532	0.7001892	0	0.4861097	0	0	1.4636347	1.01334	0	0.0681702	0	0	12.5565336	0	1.5639922	0	0.170648	0.4719659	1.3103354	1.223918	1.4078745	0.18797	0.781303	1.5969547	0.641678	4.0174238	0	0	0.7798958	0.236806	0.0403699	0.247525	0.1827399	2.4387815	0	0	0	0.170068	0.19084	0.299499	0	7.6955475	0	0	0	0	0	0.0974659	0.3104656	0	0.4314933	0.137741	0.2585337	1.7892209	0	0.5743248	0	0.085034
map00920	0.523295	0	0	0	0.272013	0.953812	0	3.439101	0	0	1.418233	0.609756	0.326797	0	0.532831	0	0	0	0.468165	0	0	0	0	0.2792776	0.326797	0	0	1.546959	1.366818	0	0.917431	0	2.254655	0	0	0	0.0691057	0.185185	0	0.58823538	0	0.60124	1.638076	1	0.196078	0.808521	0	0	0.326797	0	0	5.175558	0.152439	0	0.677996	3.446555	0	0	0	0	0.85357	0	0	0.392156	0.196078	2.313247	0.784313	0.195122	0	0	0	2.61438	5.322838	0	1.4507636	0	0	0.16732	1.520753	0.33464	0	1.383567	1.372549	4.12005	0.763327	23.483843	0	0	2.1339248	0.653595	0	0.185185	2.007857	15.698671	0	0	0	0	0	0	0	11.441089	0	0	0	0.304225	0	0	0.152439	0	0.235849	0	0	0.6951219	0	0.3898051	0	0
map00950	0	0	0	0	0	1.674777	0	1.476006	0	0.520392	1.53691	1.652061	0.273224	0	0	0.136612	0	0	0	0.128535	1.456903	0	0	0	0	0	0	0.261384	1.816406	0	0	0	0	0	0	0	0.513282	0	0	1.501507	0	1.310758	4.320913	0.4480139	0	0	0	0	0	0.136612	0	3.761857	0	0	0	6.5429435	0	0.6607435	0	0	0	0.119109	0	0.128535	0	0.136612	1.430036	0.450228	0	0.128535	0	0	3.898749	0	0.93878	0	0.136612	0	0	0.25707	0	0	0.3764331	1.426557	0.144092	2.373372	0	0	0.5810404	1.482284	0	0.136612	2.669821	5.500277	0	0	0	0	0	0	0	7.373199	0	0	0	0	0	0.128535	0	0	0	0	0.135501	1.398605	0	1.026977	0	0
map02010	0.4571957	0.0437523	0	0.727715	0	0	0	8.4763569	0	1.318963	2.9263059	4.507147	0.537634	0	1.1962651	0	0.274462	0.4952843	0.5127697	0.1385448	0.0914342	0	0.351676	3.2740021	0.3360616	0.0908497	0	1.0152478	2.3222198	0.189753	0.0863558	0.359903	0.8641106	0.1897534	0.222469	0.4032147	2.1261064	0.196078	0	0.7324534	0.212272	1.0989309	2.8354841	0.3282978	0.719684	2.2207734	0.1499052	0	1.1451917	0.1812325	0	6.392251	0.5438257	0.247525	0.501604	1.8935338	0	0.4952549	0	0	1.210236	2.20197	0.169205	2.3129514	1.538265	2.484165	2.4475199	0.2517245	1.22932	0.1309659	0	0	4.670905	0	1.2965163	2.5370454	0	1.2890134	3.298422	0.6361942	0	0.3746995	1.6642274	1.98284397	0.8760136	11.4348262	0.5024331	0.0519095	0.3567384	0.739781	0.2759669	0.9659528	1.060482	7.0912095	0	0	0.08726	0.46436	0	0	0	8.3203711	0	0	0	0.5958817	0	0.046083	1.830947	0.1017004	1.015297	0.391233	0.0514403	2.3658527	0	0.5330556	0	0.2986439
map02020	3.10295531	0.513806	0	4.340426	0.27572	5.080599	0	21.125367	0	7.4184005	10.18155	23.118995	5.560935	0.658436	3.418345	1.400387	0	13.76748	5.243669	0.665827	0.3229207	0.909091	0.860606	8.3230451	3.235155	0	0	4.652675	9.8617055	0	0.61026318	0.751599	3.468674	0.565425	1.671546	1.516049	4.8610103	0.302114	0	4.054044	0.996207	3.0375077	9.4885999	2.451525	3.732945	4.556892	0.616314	0	2.326961	0.938789	0	39.133668	0.817772	2.969738	3.11157121	13.113633	0.143266	1.984774	0.143266	2.654089	4.287092	8.815332	1.425004	16.6442273	4.261201	5.869738	12.8593703	9.151452	0.378788	1.173747	0	0.993266	24.119465	0.900089	5.114048	10.409129	0.60767	10.909219	8.4676788	3.6532804	1.987738	4.4073991	2.039768	7.804576	3.927584	34.525137	0.818266	0.2503	2.92659	1.2104932	2.001094	1.09451	3.1709441	16.0286968	0	0	0	0.7139358	0.693062	0.670305	0.2290213	32.846754	0	0.270896	0	0.645923	0.509324	0.2282201	5.1579573	0.302115	1.196204	1.391317	0.229358	7.0541647	0	0.681318	0	0.430319
map03018	1.719807	0	0	0.484262	0	8.928699	0	4.8065364	0	7.7082662	9.7861716	8.1715574	7.129718	0	0.6443202	0	0	1.7802813	3.367875	0.107527	1.1295355	0	1.07455	0.6476214	1.3647995	0.107527	0	6.32336	4.6772185	0.0766747	0.967742	0.0662824	2.569224	1.120567	0.472813	0.463082	9.5711337	0.885985	0.107527	4.361737	0.213256	4.5291912	11.748721	2.18958269	3.537487	5.1169403	0.498843	0	0.1144394	4.3123255	0	34.6540419	0.171527	0.252689	0.1412525	15.03650821	0	0.8610851	0.728983	2.539499	2.0676963	2.884403	0.117647	2.5410498	0.6019173	2.926192	19.129666	2.935194	0.943502	0.7586322	0	0	26.866983	0	7.7206103	10.7711765	1.582165	1.578875	5.096549	1.830736	0.471103	0.5846917	2.5785531	10.239496	4.903016	16.1408759	1.2602426	1.144871	2.2049597	2.0722245	0.165591	1.65364	6.7648454	34.1415882	0.117647	0.2203115	0	0.0979827	0.346761	1.02536	0.322581	26.8806347	0	1.537634	0	1	0	4.373632	3.2250568	0.144092	0.936461	0.443646	2.107527	11.5607565	0	10.242772	0	1.061428
map03030	3.2788681	0.2547472	1.00223	4.2462662	3.8741081	3.8281803	0	41.56921099	0	3.60960944	17.8514402	32.9268228	3.0766594	0.3239061	11.6004666	1.2957446	0.333333	6.8198593	0.1415071	0.5624446	0.9019934	1.0579479	0.3300584	6.2497869	3.4278665	1.253946	0	3.7724867	5.9696773	0.5492821	0.226475	0.1410967	8.6236971	0.9009231	1.4534804	1.005702	10.5057926	1.038564	0.0897868	6.1577684	2.8602406	1.8444314	9.3962049	5.3096876	4.9097205	17.63463865	0.402496	0	3.6133455	2.9485979	0	120.6121944	0.4204042	2.5820891	4.3269593	22.18038777	0.833333	0.7679824	0.3768142	0.6632039	5.7926	5.6691617	3.9715939	12.6626639	6.307049	14.8673591	16.41705729	2.9163192	1.4450763	1.1498158	0.952381	0	22.57739819	2.766511	9.1009288	10.3037358	2.111271	6.3527582	9.1280907	1.9908868	3.8722925	6.0919904	4.7468096	7.826242	2.9668095	38.88166418	2.1273715	0	2.1142698	7.4738873	1.17983	5.384652	2.945478	16.661644	0	0	0	0.0924214	0.11655	0.64407	0.253623	24.7243079	0.758865	0	0	1.604783	0.643997	1.598389	4.2146432	0.2942691	3.5849267	1.850292	1.619572	5.4271584	0	2.9940216	0	1.1359132
map03410	0	0.218341	0	1.756736	0	1.2292	0	4.2953266	0	0.3065442	4.603034	4.5823335	0.65977	0	0.218341	0	0	2.120697	0.479363	0.0606796	0.1996734	0	0.635965	2.3204823	0.0175439	0	0	1.287562	1.6686645	0.315401	0	0	1.673363	0.5871681	0	0	1.212753	0	0	0.2458491	0	0.67143	0.484628	2.173115	0.437639	3.677238	0	0	0.221491	0.8047681	0	5.2353987	0.335802	0.273224	0.814997	2.2564336	0.211111	0.4869506	0	0	2.52083	0.88311	0.290698	1.430735	2.612574	0.363465	2.28881959	0.13246	0.064346	0.377813	0	0	10.389996	0	2.2617432	1.530797	0.6223236	1.763937	3.9485177	0.7407998	0.6188826	1.9571696	0.503856	2.3494328	1.3276006	8.99807028	0.10865	0.0786164	1.0899433	1.421928	0	0.6592186	2.2245804	6.774872	0	0	0	0	0	0	0	11.2099287	0	0.333333	0	0	0	1.31388	0	0	1.07308	0.0752315	0.9927786	1.9406416	0	0.639148	0	0
map03420	0.641976	0.2777159	0	1.068764	0.3871311	1.4339041	0	12.4613766	0	2.9790564	5.8140297	13.5561535	0.397333	0.0894454	4.6879061	0	0	3.0611967	0.303269	0.612878	0.7604661	0	0.4624995	3.3174568	2.0719125	0.4466808	0	3.2216092	3.6045723	0.0178891	0	0.1534659	2.878839	0.6809934	0	1.712143	4.0605823	0.359396	0	2.4811342	0.155763	4.0741176	6.920078	1.4569974	0.7420455	3.9170153	0.4032321	0	0.926892	0.933855	0	13.8768125	0.2099072	1.1133725	0.3557439	6.6173165	0	0.7442677	0	0	7.8723089	3.3865008	0.7393167	7.7661165	3.276504	1.730833	4.22194019	1.3166394	1.1619659	0.3518154	0	0	21.3113352	2.0904309	6.2216293	2.9497814	0.5013002	5.0393196	5.0333145	1.654033	0.9409611	2.7921537	1.5673007	4.6603888	3.750667	23.02428668	1.4302236	0.702786	1.1175873	1.3165304	0.4372484	1.0348529	3.1680621	17.1677772	0.421739	0.0190658	0.205314	0.0508642	0	0.0894454	0.137255	20.6586703	1.541832	0.6709419	0	0.3395615	0.2926693	1.482667	2.7782387	0.7471219	4.5405112	1.188596	0.9927786	3.7583084	0	1.4582522	0	0.370717
map03440	2.8914531	0.3561962	1.00223	2.3057846	2.193235	4.1900273	0	41.3123548	0	5.8601423	19.6082255	26.4098563	3.4587392	0.3239061	10.4559533	1.6583176	0.2228004	6.1170439	1.8006971	0.8245709	1.2630157	1.507138	0.6580544	7.192755	5.9606427	1.3406154	0	6.2285106	8.3306788	0.0412201	0	0.2398308	5.3148677	1.1718946	0	1.7944884	7.213573	1.116402	0.0897868	7.9040552	2.738775	4.124594	10.0900383	6.2750232	4.8381531	17.00681575	0.770018	0	3.2598509	1.8712796	0.298063	116.0714368	1.8507088	2.048216	3.3739457	25.3121699	0.833333	1.1079634	0.1516292	1.1342529	6.4085423	7.5604487	2.6608609	7.6760977	9.5566323	9.7870091	16.50764099	3.9092424	1.0863648	1.6623979	0	0	45.106907	0.561812	6.7312734	11.9799292	1.255656	8.81813907	8.8731566	3.4255146	3.4239403	6.0962113	4.9150435	7.2289305	3.9009014	36.77999578	1.925894	0.0786164	2.3783259	8.5988908	1.4140458	4.93860561	4.4343109	26.3963731	0	0	0	0.180077	0.11655	0.176328	0.253623	33.9877538	0.950242	0.421075	0	2.695522	1.01897	2.3330852	3.9228676	0.2112622	1.4404438	1.9906804	1.775832	9.6173265	0	4.46307	0.0759878	1.6597125
map05120	0	0.342529	0	0.489681	0.263852	0.6649231	0	6.1655371	0	1.4789713	5.0310441	6.4611519	2.39283	0	1.3231042	0	0.3086811	0.747648	0.0655233	0.136447	1.054598	0.265252	0.328947	1.339651	1.192992	0	0	2.1836981	3.520378	0	0	0	0.82565	0.0334213	0.274725	0.274725	2.7958011	0.481337	0.19305	2.22263	0	0.192308	4.751899	1.431164	0.326353	1.0704411	0.269289	0	0.1319262	0.6013101	0	9.8134915	0	1.4270848	1.26556	3.6133396	0	0.2033261	0.769588	0	1.7101643	0.9751661	1.099882	3.9007131	0.747246	0.9066031	2.669398	1.1540672	0.47619	0.324097	0	0	35.122406	0	5.1710436	0.8368322	0	0	1.6537071	0.6488363	1.0337541	0.238386	2.388452	1.0638329	1.928761	9.001685	0.3516771	0	0.5665524	1.22609	0	1.4784807	1.03894	8.721935	0	0	0	0	0	0.378795	0	14.1614231	0	0	0	0.0659631	0	0.4819212	1.3579381	0.131926	0.476614	0.115183	0.386079	3.4523251	0.137363	1.7080931	0	0
map05133	0	0	0	0	0	0	0	0.0429	0	0.0680272	0	0	0.0512472	0	0	0	0	0.0120578	0	0	0	0	0	0.2175355	0.2301374	0	0	0	0.188679	0	0	0	0	0	0	0	0.2500661	0	0	0	0	0.0556174	0	0.754717	0	0.1894902	0	0	0	0	0	0	0	0.0862069	0.0475964	0.237718	0	0	0.0431034	0	0.129023	0	0	0.34965	0	0.0862069	0	0	0	0	0	0	2.94772	0	0	0	0	0	0	0	0.188679	0.0642071	0	0.5079172	0.0630386	0	0	0	0.02145	0	0.02145	0.0193983	0.0135057	0.810482	0	0	0	0.0593824	0	0	0	0	0	0	0	0	0	0	0	0	0	0.10846	0	0.357979	0	0	0	0
