#SampleID	002VWWX	004AWZY	004VWZY	006VHQK	027VYMX	031VPYH	036AXHM	036VXHM	040VYDY	047VLRL	083AYGC	083VYGC	086VHXM	110VZSZ	149VYYD	153VWG	155VCHJ	173VHJW	174LBQA	180VHMQ	189VXZJ	195VXXY	199VOZQ	206ZFDA	215ATKH	215VTKH	220VDXP	227AZMH	227VZMH	230VLSH	235VDBJ	243AHZH	243VHZH	287DJQA	309VHJD	322VCHL	325ALRY	325VLRY	331ALDY	331VLDY	342VCSL	347APZL	347VPZL	348VYQM	350VLYY	351AZDY	351VZDY	353VGSZ	354VPYM	357VLTS	358AWXC	358VWXC	359VYSH	361ATLX	361VTLX	362VLBJ	363VLH	364VCZ	366VZMY	367VWSY	370VLZW	371VTYJ	372VJHK	373VHXR	376VYKZ	377VHWH	379ALJJ	379VLJJ	384VCZL	388DHLA	388VDHL	390VNFD	392VWLL	393VZLH	395VGSQ	C001CJB	C002HHP	C003XYQ	C006LYH	C007XXZ	C008QLX	C009HHY	C010WL	C013MJH	C014LWG	C017YYM	C018LJP	C020LBJ	C022SMR	C024XHR	C025PCY	C026CBR	C031CQS	C034LJ	LR200116-0001	LR200116-0002_L4_1000002	LR200116-0003_L1_1000787	LR200116-0004_L1_1000734	LR200116-0005_L1_1000735	LR200116-0006_L1_1000736	LR200116-0008_L1_1000738	LR200116-0009_L1_1000739	LR200116-0010	LR200116-0011	LR200116-0012_L4_1000742	LR200116-0013_L1_1000743	LR200116-0014_L4_1000788	LR200116-0015_L4_1000789	LR200116-0016_L4_1000953	LR200116-0017_L4_1000954	LR200116-0018_L1_1000955	LR200116-0019_L1_1000956	LR200116-0020_L1_1000916	LR200116-0021_L1_1000957	LR200116-0023_L1_1001357	LR200116-0024_L1_1001404	LR200212-0001	LR200212-0002
K01698	0.181818	0	0	0.569415	0	0	0	3.818186	0	0.440613	0.181818	2.027962	0	0	0.2268061	0.17697	0	0.19151497	0	0	0	0	0	0	0.155152	0	0	0.375616	0.723636	0	0	0	0.181818	0.181818	0	0	0.153257	0	0	0.363636	0.193798	0	0	0	0	0.545455	0	0	0.181818	0	0	0.336244	0	0	0	0	0	0	0.346253	0	0.924939	0	0	0.346253	2.394542	0.181818	0.1606099	0.348659	0	0	0	0	0	0.775758	0.4163326	0.0472727	0	0.363636	0.469174	0	0	0	0	0.193798	0	3.411135	0	0	0.193798	0	0	0	0	0.486061	0	0	0	0	0	0	0	0	0	0	0	0.181818	0	0	0.498084	0	0.287273	0	0.181818	0	0	0	0	0
K00991	0.596491	0	0	0.526316	0	0	0	2.1155436	0	0	0	0	0	0	0.401754	0	0	0.289474	0	0.524938	0.263158	0	0	0.524938	0	0	0	0	0	0	0	0.26178	2.63158	0.26178	0	1.67797	0.26178	0	0	0	0.26178	0	0	0.721053	0.638596	2.013169	0.331588	0	0.524938	0	0	0	0	0.106457	0.115183	0.00526316	0	0	0	0	0.52007	0	0	0.91649	1.322348	0.978238	1.289474	2.095928	0.26178	0.263158	0	0	0	0	0	1.346736	0.265957	2.735466	2.865769	0.265957	0.757062	1.010471	0	0	0	2.659453	0.52356	0	0.26178	0.26178	0	0	0	0.5116655	0	0	0	0	0	0	0	0.919298	0	0	0	0	0.263158	0.1	0.789474	0.367647	0	0.265957	0	0	0	0.249123	0	0
K03763	0.0517052	0.0550055	0	0.0550055	0	0.301883	0	1.637224	0	0.195312	1.69626	0.0224387	0.2174632	0	0.0550055	0	0	0.2562042	0	0.088574	0	0	0	0.327274	0	0	0	0.2407007	0.4172542	0	0	0.174195	0.486566	0.1971257	0	0	0.154298	0	0	0.1368784	0	0.256262	0.1378359	0.4805375	0.607985	1.0948317	0	0	0.678178	0.428617	0	1.8828325	0	0	0.623524	0.4203865	0	0	0.3803586	0	1.2905134	0	0	0.110011	0	1.647667	0.1877222	0	0.0550055	0.0995228	0	0	1.222145	0	0.74993651	1.4574042	0	0.146536	0.044287	0.239599	0	0.366761	0	0.3350085	0	1.7990417	0	0	0.044287	0	0	0	0.123558	1.31037287	0	0	0	0.0992925	0	0	0.0550055	0.6054974	0	0	0	0	0	1.14286	0	0	0	0.102249	0.119904	0.3963246	0	0.271739	0	0.289017
K00764	0	0	0	0	0	0	0	0	0	0	0.374065	0	0	0	0	0	0	0	0	0	0	0	0	0	0	0	0	0	0	0	0	0	0	0.0764381	0	0	0	0	0	0	0	0	0	0	0	0	0	0	0	0	0	0	0	0	0	0	0	0	0	0.118203	0	0	0	0	0	0	0.0386131	0	0	0	0	0	0.0780142	0	0	0	0	0.55792	0	0	0	0	0	0	0	0	0	0	0	0	0	0	0	0	0	0	0	0	0	0	0	0	0	0	0	0	0	0	0	0	0	0	0	0.0630631	0	0	0	0
K01154	0	0	0	0	0	0	0	0	0	0	0	0	0	0	0	0	0	0	0	0	0	0	0	0	0	0	0	0	0	0	0	0	0	0	0	0	0	0	0	0	0	0	0	0	0	1.33333	0	0	0	0	0	0	0	0	0	0	0	0	0	0	0	0	0	0	0	0	0	0	0	0	0	0	0	0	0	0	0	0	0	0	0	0	0	0	0	0	0	0	0	0	0	0	0	0	0	0	0	0	0	0	0	0	0	0	0	0	0	0	0	0	0	0	0	0	0	0	0	0
K09861	0	0	0	0.248756	0	0	0	0	0	0	0	0	0	0	0	0	0	0	0	0	0.969697	0	0	0	0	0	0	0	0	0	0	0	0	0	0	0	0	0	0	0	0	0	0	0	0	0	0	0	0	0	0	0	0	0	0	0	0	0	0	0.984848	0	0	0	0	0	0	0	0	0	0	0	0	4.54545	0	0	0	0	0	0.721088	0	0	0	0	0	0.189055	1.413712	0	0	0	0	0	0	0	0	0	0	0	0	0	0	0	0.248756	0	0	0	0	0	0	0	0	0	0	0	0.965986	0	0	0	0
K02501	0	0	0	0.218029	0	0	0	0	0	0	0	0	0	0	0	0	0	0	0	0	0	0	0	0	0	0	0	0	0	0	0	0	0	0	0	0	0	0	0	0	0	0	0	0	0	0	0	0	0	0	0	0	0	0	0	0	0	0	0	0	0	0	0	0	0	0	0	0	0	0	0	0	0	0	0	0	0	0	0	0	0	0	0	0	0	0	0	0	0	0	0	0	0	0	0	0	0	0	0	0	0	0	0	0	0	0	0	0	0	0	0	0	0	0	0	0	0	0
K03495	0	0	0	0	1.04365	0	0	0	0	0	0	0	0	0	0	0	0	0.0970874	0	0	0	0	0	0	0	0	0	0.194175	0.485437	0	0	0	0	0	0	0	0.0970874	0	0	0	0	0	0	0	0	0	0	0	0	0	0	0	0	0	0	0	0	0	0	0	0	0	0	0	0	0	0	0	0	0	0	0	0	0	0	0	0	0	0	0	0	0	0	0	0	0	0	0	0	0	0	0	0	0	0	0	0	0	0	0	0	0.194175	0	0	0	0	0	0	0	0	0	0	0	0	0	0	0	0
K03737	0.803559	0	0	0.13624	0.723327	1.378624	0	0.271248	0	1.177809	1.580548	5.049472	0.723327	0	1.005541	0	0	0.361664	0.292398	0	0.866779	0.282139	0	0.513115	0.270645	0.0904159	0	0.990038	1.45656	0	0	0	0.361664	0	0	0.180832	0.625911	0.270645	0	0.437705	0	1.105389	1.081103	1.484643	0	0.584795	0	0	0.2184229	0.6470609	0	4.046072	0	0.302208	0.469899	2.999142	0	0.13624	0.455063	0.572207	0.23624	0	0.34664	2.736848	0	0.78371	2.947904	1.924755	0	0.170648	0	0	0.841668	0	0.408719	1.866618	0.128007	0.811332	2.0746336	0.781787	0.0904159	0.271248	0	0.391404	0.0862852	1.961875	0.271248	0.128007	0.2266559	0.265107	0.170648	0.128007	0.514605	1.612425	0	0	0	0.0904159	0.0904159	0.256873	0	6.105103	0.538012	0	0	0	0.170648	0.108077	1.297272	0	1.720193	1.54671	0.0904159	1.592813	0	0.113766	0	0.170648
K01989	0	0	0	0	0	0	0	0.539855	0	0	0.362319	2.913047	0	0	0	0	0.711111	0.713768	0	0	0	0	0	0.181159	0.181159	0	0	0	0	0	0	0	0	0	0	0	0.513889	0	0	0	0	0	0	0.569444	0	0.136473	0	0	0.833333	0.181159	0	0	0	0	0	1	0	0	0	0	0.566667	1.357629	0.382353	1.924819	0	0	0.362319	0.179952	0	0	0	0	0	0	0	1.090526	0	0.293963	0	0	0	0	0	0	0	2.425599	0	0	0	0	0	0.748031	0	0.181159	0.181159	0	0	0	0	0	0	0.493056	0	0	0	0	0	0	0	0.181159	0	0	0	0	0	0	0	0
K00997	0	0	0	0	0	0	0	0	0	0	0	0	0	0	0	0	0	0	0	0	0	0	0	0	0	0	0	0	0	0	0	0	0	0	0	0	0	0	0	0	0	0	0	0	0	0	0	0	0	0	0	0	0	0	0	0	0	0	0	0	0	0	0	0	0	0	0	0	0	0	0	0	0	0	0	0	0	0	0	0	0	0	0	0	0	0	1	0	0	0	0	0	0	0	0	0	0	0	0	0	0	0	0	0	0	0	0	0	0	0	0	0	0	0	0	0	0	0
K00941	0	0	0	0	0	0	0	0	0	0	0	0	0	0	0	0	0	0	0	0	0	0	0	0	0	0	0	0	0	0	0	0	0	0	0	0	0	0	0	0	0	0	0	0	0	0	0	0	0	0	0	0	0	0	0	0	0	0	0	0	0	0	0	0	0	0	0	0	0	0	0	0	0	0	0	0	0	0	0.691057	0	0	0	0	0	0	0	0	0	0	0	0	0	0	0	0	0	0	0	0	0	0	0	0	0	0	0	0	0	0	0	0	0	0	0	0	0	0	0
K03742	0	0	0	0	0	0	0	1.20482	0	0	0.245098	0	0	0	0	0	0	0	0.373134	0	0	0	0	0	0	0	0	0.338105	0	0	0	0	0	0	0	0	0	0	0	0	0	0	0	0	0	0.136612	0	0	0	0.37053	0	0	0	0	0	0	0	0	0	0	0	0	0	0.779528	0	0	0	0	0.509746	0	0	0	0	0	0.149588	0.610337	0	0.136612	0	0	0	0	0	0.4431	0.136612	1.000168	0.245098	0	0	0.176678	0	0	0	0	0	0	0	0	0	0	0	0	0	0	0	0	0	0	0.393701	0	0	0	0	0	0	0	0	0
K15581	0.564301	0	0	0.383142	0	0	0	2.188681	0	0.191571	0.745461	0.391243	0	0	0.210084	0	0	0.361111	0.181159	0	0	0	0	0.362319	0	0	0	0.0421456	0	0	0	0	0.570048	0.181159	0	0	0.80424953	0	0	0	0	0	0	0	0.702899	0.762064	0	0	0.181159	0.191571	0	0	0	0	0.181159	0.601722	0	0	0	0	1.391318	0.138889	0	1.95652	0.361111	0.298309	1.45721	0	0.191571	0	0	0	0	0	0	0.445933	0	0.181159	0.383142	0	0	0.362319	0	0.181159	0	1.524904	0.268817	0	0	0	0	0	0	0	0	0	0	0	0	0	0	0	0	0	0	0	0	0	0.401655	0	0	0	0	0	0	0	0	0
K03529	0	0	0	0	0	0	0	0	0	0.195312	0.4186267	1.444457	0	0	0.302564	0	0	0	0	0	0	0	0	0	0	0	0	0.0976562	0.115473	0	0	0	0	0	0	0	0.344828	0	0	0	0.172414	0	0	0.390625	0	0.0664062	0	0	0.195312	0.0900901	0	0.253453	0	0.172414	0	0.228987	0	0	0	0	0	0.115473	0	0.689655	0	0	0.115473	0.0700539	0	0.234742	0	0	0	0	0	0.3256474	0	0	0.234742	0.0976562	0	0	0	0.0976562	0.115473	0.200924	0	0	0	0	0	0	0.132132	0.0926966	0	0	0	0	0	0	0	0.588622	0	0	0	0	0	0.231481	0.172414	0	0	0.234742	0	0	0	0	0	0
K01601	0	0	0	0	0	0	0	0	0	0	0	0	0	0	0	0	0	0	0	0	0	0	0	0	0	0	0	0	0.144509	0	0	0	0	0	0	0	0	0	0	0	0	0	0	0	0	0	0	0	0	0	0	0	0	0	0.735294	0	0	0	0	0	0	0	0	0	0	0	0.0751445	0	0	0	0	0	0	0	0.135838	0	0	0	0	0	0	0	0	0	0	0	0	0	0.144509	0	0	0	0	0	0	0	0	0	0	0	0	0	0	0	0	0	0	0.25641	0	0	0	0	0	0	0	0	0	0
K03470	0	0	0	0	0	1	0	0	0	0	0	0	0	0	0	0	0	0	0	0	0	0	0	0	0	0	0	0	0	0	0	0	0	0	0	0	0	0	0	0	0	0	0	0	0	0	0	0	0	0	0	0	0	0	0	0	0	0	0	0	0	0	0	0	0	0	0	0	0	0	0	0	0	0	0	0	0	0	0	0	0	0	0	0	0	0	0	0	0	0	0	0	0	0	0	0	0	0	0	0	0	0	0	0	0	0	0	0	0	0	0	0	0	0	0	0	0	0
K02600	2.123676	0	0	0.508127	0.134844	0.227969	0	8.077001	0	0.0920502	2.698343	6.165863	0	0.308889	1.299126	0	0.166667	2.25409	0.484358	0.166667	0	0	0	2.670533	1.04247	0.382148	0	1.810722	1.630323	0	0	0.166667	0.323625	0.85214	0	0.31	1.035671	0	0	0	0.304207	0.209205	0	0.166667	1.363946	3.67368	0	0	1.03283	0.328479	0	3.358832	0	1.336605	0	0	0.161812	0.350593	0.323625	0.0604396	2.15426	0.322546	0.579288	2.290606	2.09493	1.708135	6.209423	0	1.175402	0	0	0	1.66667	0	0	2.557602	0.166667	2.61568	3.721212	0.161812	0	1.306904	0	0.995146	0.287356	8.753296	0	0	0.319254	0	0	0.184502	0	2.253984	0	0	0	0.328479	0	0	0	0.751743	0.334728	0	0	0.323625	0.561173	0.184502	1.102081	0.4944329	3.146859	1.134304	0.903705	0.6007904	0	0.272031	0	0
K01736	0.643519	0	0	0	0	0	0	0	0	0	0	0	0	0	0	0	0	0.347222	0	0	0	0	0	0	0	0	0	0.15873	0	0	0	0	0	0	0	0	0	0	0	0	0	0	0	0	0.323457	0	0	0	0	0.15873	0	0	0	0	0	0.431034	0	0.31746	0	0	0	0	0	0.505952	0	0.15873	0	0	0	0	0	0	0.862069	0	0.609524	0.47619	0	0	0	0	0	0	0	0.31746	0	0.15873	0	0	0	0	0	0	0	0	0	0	0	0	0	0	0	0	0	0	0	0.182716	0	0	0	0	0	0	0	0	0	0	0	0.15873
K04486	0	0	0	0.105042	0	0	0	1.34314	0	0.353333	0	0	0	0	0.207283	0	0	0	0	0	0.210084	0	0	0	0	0	0	0	0.531915	0	0	0.210084	0	0	0	0	0	0	0	0	0	0	1.2605	0	0	0	0	0	0	0	0	0	0	0	1.07955	0	0	0	0	0	0.0812325	0	0	0.724638	0.210084	0	0.779361	0	0	0	0	0	0	0	0	0	0	0	0	0	0	0.45002	0	0	0.370647	0.210084	0	0	0	0	0	0	0	0	0	0	0	0	0	0	0	0	0	0	0	0	0	0	0	0	0	0	0	0	0	0	0	0
K11710	0.405499	0	0	0	0	0.256014	0	2.260029	0	2.490681	1.677836	6.236857	0	0	0.0274914	0.633333	0	1.035224	0.256014	0	0.486277	0	0	0.650458	0	0	0	0.583689	2.427423	0	0	0	0.713058	0	0	1	0	1.6158314	0	1.000001	0.395189	1.399741	0.254296	0	0	1.845791	0	0	0.132302	0.730695	0	4.895223	0	0	2.478894	3.341649	0.489796	0.172222	0.962268	0.745704	1.273265	0	0	7.636582	1.482814	0.463918	0.242268	1.486255	0.256014	0	0	0	11.451483	0	4.943799	1.86008	0	0	4.995695	0	0.3247425	0	0	1.7388321	0	1.3648671	0	0	0.59265	0.319588	0	0.256014	1.02921	0.950172	0	0	0	0	0	0	0	4.895584	0	0	0	0.669444	0.137457	0	0	0.256014	0.176976	0.256014	0	0.871134	0	1.345358	0.513746	0
K07040	0	0	0	0	0.757576	1.48232	0	0.8445325	0	2.124878	8.28445	2.77684	0	0	1.548423	0	0	1.13636	0.378788	0	0	0	0	3.40657	1.2179171	0	0	7.30543	2.34964	0.757576	0	0.378788	0	4.1278	0	0.0521739	6.84805	0.757576	0	0.225	0.378788	4.566913	0	1.190272	0.75	14.86944	0.82029	0	0.813571	4.149887	0	3.058758	0	1.89141	1.176197	1.025088	0	0.378788	2.04348	3.169127	10.489226	0.378788	0.757576	4.803421	2.27273	5.4303	15.0214	0.353535	0	1.998156	0	0	5.227713	0	0	13.622817	1.192359	4.976597	1.4899	1.2507471	0	1.87121	1.30435	0.813746	1.68696	12.42503	0.757576	0.378788	2.772246	0	0	0.757576	0.20202	1.911356	0	0	0	0.378788	0	0	0	3.8385	0	0	0	0.757576	0	0	1.199078	0.378788	2.222396	0.378788	0	1.3942	0	0	0	0
K03312	0	0	0	0	0	0	0	0	0	0	0	0	0	0	0	0	0	0	0	0	0	0	0	0	0	0	0	0	0	0	0	0	0	0	0	0	0	0	0	0	0	0	0	0	0	0	0	0	0	0	0	0	0	0	0	0	0	0	0	0	0	0	0	0	0	0	0	0	0	0	0	0	0	0	0	0	0	0	0	0	0	0	0	0	0	0	0	0	0	0	0	0	0	0	0	0	0	0	0	0	0	0	0	0	0	0	0	0	0	0	0	0	0	0	0	0	0	0
K01487	0	0	0	0	0	0	0	0	0	0	0	0	0	0	0	0	0	0	0	0	0	0	0	0	0	0	0	0	0	0	0	0	0	0	0	0	0	0	0	0	0	0	0	0	0	0	0	0	0	0	0	0	0	0	0	0	0	0	0	0	0	0	0	0	0	0	0	0	0	0	0	0	0	0	0	0	0	0	0	0	0	0	0	0	0	0	0	0	0	0	0	0	0	0	0	0	0	0	0	0	0	0	0	0	0	0	0	0	0	0	0	0	0	0	0	0	0	0
K03686	0	0	0	0	0	0	0	0	0	0	0	0.714286	0	0	0.620072	0	0	0	0	0	0	0.494624	0	0	0	0	0	0	0	0	0	0	0	0	0	0	0	0	0	0	0	0	0	0	0	0	0	0	0	0	0	3.83154	0	0	0	0.215054	0	0	0	0.293333	0	0	0	0	0	0	0.125448	0	0	0	0	0	0	0	0.37619	0	0	0	0	0	0	0	0	0	0	0	0	0	1	0	0	0	0	1	0	0	0	0	0	0	0	0	0	0	0	0	0	0	0	0	0	0	0	0	0	0	0	0
K02028	0.113861	0	0	0.494505	0	0	0	3.650598	0	0	1.902725	3.935643	0	0	2.147342	1.5150871	0	1.402641	0	0.247525	0	0	0	1.188257	0.127063	0.247525	0	0.239274	0	0	0	0	0	0.410891	0	0.0792079	0.7508258	0	0	0.217822	0	0.247525	0	0	0.247525	1.090759	0.274725	0	0.221122	0.470297	0	0.70297	0	0.49505	1.237624	0.579208	0	0	0	0.49505	0.833333	0.361386	0	0.653466	0.0825083	0.990099	1.5694236	0	0	0	0	0	0	0	0	2.3460823	0	0.838516	1.890226	0.0214521	0.105611	0.656766	0	0	0	3.2221368	0	0	0	0	0	0	0	0.990099	0	0	0	0.245875	0	0	0	0.49505	0	0	0	0	0.0726073	0.155116	0	0	0	0.247525	0	0	0	0.247525	0	0
K00931	0	0	0	0.154321	0	0	0	0	0	0.154321	0	0.308642	0.154321	0	0	0	0	0	0	0	0	0	0	0	0	0	0	0.794238	1.07922	0	0	0.154321	0	0	0	0	0	0	0	0	0	0	0	0	0	0	0	0	0	0	0	0.308642	0	0	0	0	0	0	0.462963	0	0	0	0	0	0	0	0.0421811	0	0	0.146091	0	0	0	0.617284	0	0.617284	0	0	0	0	0	0	0	0	0.222222	0	0	0	0	0	0	0	0	0	0	0	0	0	0	0	0	0.308642	0	0	0	0	0	0	0	0	0	0	0	0	0	0	0	0
K04567	0	0	0	0.109409	0	0	0	0.546317	0	0.284404	0.218818	0.0773158	0	0	0.310722	0	0	0.109409	0	0	0	0	0	0.304887	0.218818	0	0	1.093997	0.5	0	0	0	0	0.333333	0	0	0.166667	0	0	0	0	0	0	0.118483	0	0.2772698	0	0	0	0.276076	0	0	0	0.547046	0.552151	0	0	0	0	0	0	0	1.027778	0	0	0	0.109409	0	0.35545	0	0	0	0	0	0	1.2093639	0	0.118483	0	0	0	0.208607	0.0363349	0.1907052	0	0.285193	0.109409	0	0	0	0	0	0	0	0	0	0	0	0	0	0	0.14	0	0	0	0	0	0	0	0	0	0.109409	0	0	0	0.407002	0	0
K01613	0	0	0	0	0	0	0	3.115995	0	0	0.304878	0.75813	0.609756	0	0	0	0	0	0	0	0	0	0	1.32724	0.609756	0	0	0	0	0	0	0	0	0.304878	0	0	1.21951	0	0	0	0	0	0	0	0	1.410138	0	0	0	0.914634	0	0.430894	0.0528455	0.825346	0	0.304878	0	0.304878	0	0	0	1.166947	0	0	0.25813	0.355691	1.221545	0	0	0	0	0	0	0	0	2.740792	0	1.174797	0.441057	0.304878	0	0	0.788618	0	0.20935	2.898378	0	0	0	0	0	0	0	0.594352	0	0	0	0	0	0	0	0	0.231707	0	0	0.272358	0	0	0.0426829	0	0.609756	0.304878	0.304878	0	0	0	0	0
K01756	0	0	0	0	0	0	0	0	0	0	0	0	0	0	0.13089	0	0	0	0	0	0	0	0	0	0	0	0	0	0	0	0	0	0	0	0	0	0	0	0	0	0	0	0	0	0.13089	0.13089	0	0	0	0	0	0	0	0	0	0	0	0	0.0575916	0	0.42735	0	0	0	0	0.39267	0.13089	0	0	0	0	0	0	0	0	1.232831	0	0	0.13089	0	0	0	0	0	0	0	0	0	0	0	0	0	0	0.69541	0	0	0	0	0	0	0	0	0	0	0	0	0	0	0	0	0	0	0	0	0	0	0	0
K02338	0	0	0	0	0	0	0	0	0	0	0.277778	0.434599	0	0	0	0	0	0	0	0	0	0	0	0	0	0	0	0.327869	0.102732	0	0	0	0	0	0	0	0.264	0	0	0	0	0	0	0.694444	0	0	0	0	0	0	0	0	0	0	0	0	0	0	0	0	0	0	0.320675	0	0	0	0	0	0	0	0	0	0	0	0	1.47257	0	0	0	0	0	0	0	0.163934	0	0	0	0	0	0	0	0	0	0	0	0	0	0	0	0	0	0	0	0	0	0	0	0	0	0	0	0	0	0	0	0	0	0
K03977	0	0	0	0	0	0	0	0	0	0	0.0995781	0	0	0	0	0	0	0.126582	0	0	0	0	0	0	0	0	0	0.336709	0	0	0	0	0	0	0	0	0	0	0	0.253165	0	0.126582	0	0	0	0.0725738	0	0	0	0	0	0	0	0	0.253165	0	0	0	0	0	0	0	0	0	0	0	0.30303	0	0	0	0	0	0	0	0	0.30303	0	0	0	0	0	0	0	0	0	0	0	0	0	0	0	0	0	0	0	0	0	0	0.30303	0	0	0	0	0	0	0	0	0	0	0	0	0	0	0	0	0	0	0
K02230	0	0	0	0.9434988	0	0	0	0	0	0	0	0	0	0	0	0	0	0	0	0	0	0	0	0.0431779	0	0	0	0	0.111483	0	0	0	0	0	0	0	0.1927274	0	0	0	0	0	0	0	0	0	0	0	0	0	0	0.215889	0	0	0	0	0	0	0.100705	0	0	0	0	0	0	0	0.0934579	0	0	0.0431779	0	0	0	0	0	0.100705	0	0	0.0431779	0	0	0	0	0	0	0	0	0	0	0	0	0	0	0.0863558	0	0	0	0	0	0	0	0.153846	0	0	0	0	0	0	0	0	0	0	0	0	0	0	0	0
K00656	0	0	0	1.23356	0.2751842	2.538212	0	7.532525	0	11.786376	3.6586507	6.87804356	0.165142	0.159744	0.718679	0.0798722	0	0.658809	1.0602642	0.173077	0.64	1	0	4.325164	0.0798722	0	0	22.6035383	25.241845	0.0798722	0	0.412269	2.188739	0.245098	0.319489	2	7.015491	0	0	1.4735735	0.252525	3.761634	7.355023	1.420034	1	11.2128952	0	0	0.96467	3.439529	0	18.166699	0	0	4.1006722	1.3409238	0	1.3065422	19.138356	7.1535592	3.1196995	1.921338	0	9.187537	0	2.277811	5.130072	4.17072	1.4959862	0	0	0	9.182074	0.79819	1.161077	3.1327875	0.245098	0.534081	6.770494	1.111111	0.217391	0.561366	6.441667	2.131029	11.7830113	0.696624	0	0	3.2782232	0	0	0	0.111111	5.80358	0	0	0	0.424242	0	0.479233	0	8.81056	0	0.215942	0	0.7800558	0.319775	2.327915	0.9170784	0.2972632	1.122478	3.293375	0.214592	1.159744	0	1.0793397	0	0
K00789	1.366693	0	0	0.292021	0.575408	0.5292165	0	3.32066	0	0.138329	1.3100032	2.636634	0.575408	0	0.7945	0.144092	0	0.820365	0.6889681	0	0	0	0	0.675313	1.112472	0	0	1.170363	2.69048	0.242075	0	0	0.910663	0.971473	0	0	1.615852	0	0	0.431316	0.146199	1.64286	0	0	1.7310693	3.252885	0	0	0.226244	0.580206	0	3.895662	0	0.8791474	0.144092	0	0	0	0.446028	0.447373	2.248515	1.5778306	0.576369	1.949343	1.09702	4.862085	2.054735	0	0.146199	0.440831	0	0	1.74736	0	0	4.167293	0.952735	1.512035	8.665554	1.352442	0.678303	1.494079	0	0.718385	0	15.48393	0.658521	0	0.911243	0	0	0.226244	0	1.407706	0	0	0	0	0	0	0	0.591716	0	0	0	0.144092	0	0.100865	0.663523	0	0.43649	0.5922378	0.144092	0.144092	0	0	0	0.288184
K07461	0	0	0	0	0	0	0	0	0	0	0	0	0	0	0	0	0	0	0	0	0	0	0	0	0	0	0	0	0	0	0	0	0	0	0	0	0	0	0	0	0.200803	0	0	0	0	0	0	0	0	0	0	0	0	0	0	0	0	0	0	0	0	0	0	0	0	0	0.35743	0	0	0	0	0	0	0	0	0	0	0	0	0	0	0	0	0	0	0	0	0	0	0	0	0	0	0	0	0	0	0	0	0	0	0	0	0	0	0	0	0	0	0	0	0	0	0	0	0	0	0
K01658	0	0	0	0	0	0	0	1.079136	0	0	0.340528	0	0.601307	0	0.787402	0	0	0	0	0	0	0	0.402878	0	0.127098	0	0	0	0	0.276119	0	0	0	0.359712	0	0	0.309353	0	0	0	0	0	0	0	0	0.359712	0	0	0	0	0	2.61667	0	0	0	0	0	0	0	0	0	0	0	0	0	0	0.944844	0	0	0	0	0	0.359712	0	0.359712	0	0	0	0.139089	0	0	0.472441	0	0	0.737589	0.359712	0	0	0	0	0	0	0	1.141487	0	0	0	0	0	0	0	0	0	0	0	0	0	0	0.793765	0.359712	0	0	0	0	0	0	0	0
K07010	0	0	0	0	0	0	0	0	0	0	0	0	0	0	0	0	0	0	0	0	0	0	0	0	0	0	0	0	0	0	0	0	0	0	0	0	0	0	0	0	0	0	0	0	0	0	0	0	0	0.181015	0	0	0.135364	0	0	0	0	0	0	0	0	0	0	0	0	0	0	0	0	0	0	0	0	0	0.0794473	0.507614	0.0860927	0	0	0	0.241963	0	0	0.352113	0	0	0	0	0	0	0	0	0	0	0	0	0	0	0	0	0	0	0	0	0	0	0	0	0	0	0	0	0	0	0	0	0	0
K00574	0	0	0	0	0	0	0	0	0	0	0	0	0	0	0	0	0	0	0	0	0	0	0	0	0	0	0	0.103858	0.866667	0	0	0	0	0	0	0	0	0	0	0	0	0	0	0	0	0.434783	0	0	0	0	0	0	0	0	0.0919881	0	0	0	0	0	0	0	0	0	0	0	0	0	0	0	0	0	0	0	0	0	0	0	0	0.182482	0	0	0	0.148368	0	0	0	0	0	0	0	0	0	0	0	0	0	0	0	0	0	0	0	0	0	0	0	0	0	0	0	0	0	0	0	0	0	0
K03439	0	0	0	0	0	0	0	0	0	0	0	0	0	0	0	0	0	0	0	0	0	0	0	0	0	0	0	0	0.294118	0	0	0	0	0	0	0	0	0	0	0	0	0	0	0.882353	0	0.294118	0	0	0	0	0	0	0	0	0	0	0	0	0	0	0	0	0	0	0	0	0	0	0	0	0	0	0	0	0.294118	0	0	0	0	0	0	0	0	0	0	0	0	0	0	0	0	0	0	0	0	0	0	0	0	0	0	0.294118	0	0	0	0	0	0	0	0	0	0	0	0	0	0	0	0
K03502	0	0	0	0	0	0	0	0	0	0	0	0	0	0	0	0	0	0	0	0	0	0	0	0	0	0	0	0	0	0	0	0	0	0	0	0	0	0	0	0	0	0	0	0	0	0	0	0	0	0	0	0	0	0	0	0	0	0	0	0	0	0	0	0	0	0	0	0	0	0	0	0	0	0	0	0	0	0	0	0	0	0	0	0	0	0	0	0	0	0	0	0	0	0	0	0	0	0	0	0	0	0	0	0	0	0	0	0	0	0	0	0	0	0	0	0	0	0
K01744	1.474192	0.243483	0.118483	1.764995	0	0.79403	0	12.423898	0	0.236967	2.871693	0.668437	0.236966	0	2.570313	2.608948	0	6.488343	1.185451	0	0	0.0173776	0	3.7453139	0.704856	0.118483	0	1.1261367	0	0	0.236967	1.064097	10.437544	0.118483	0	0	2.720355	0.472354	0	0.221698	0	0.231805	0	0	2.161492	10.989449	0.818788	0	2.074108	0.7298057	0	5.257377	0.118483	1.3377077	0.239548	0.871302	0	0.890255	0	0.201613	1.257501	4.457089	0.537915	8.513075	1.30332	8.916988	3.2933865	0.1484988	0	0.465116	0	0	2.691947	0	0	26.815926	0.6335782	1.424241	10.251816	2.233365	0.64567	2.9273536	0	0.118483	0.7377562	14.476278	1.239432	0.0150079	0.504739	0	0	0.118483	0.403226	1.424094	0.118483	0	0	1.41502	0	0	0	0.118483	0	0	0.424528	2.596521	0.43858	0.35545	4.055816	1.1409299	0.960289	7.253498	0.621834	1.807681	0	0.972261	0	0.592073
K01627	0.224215	0	0	0.795425	0	0	0	7.557485	0	0.736243	1.093685	11.130658	0	0	2.620372	0.203288	0.00597907	0.406577	0.393124	0	0	0	0	1.85501	0.858266	0.243902	0	0.224215	0.428999	0	0.224215	0	1.4843	0.224215	0	0.918033	0.687978	0	0	0	0.433483	0	0.820628	0.787743	1.8849	1.973095	0	0	0.553064	0.224215	0	1.80097	0	0.544728	0.850778	0	0	0	2.1136	0	2.3007691	0.254296	0.663	4.334397	0	0.887231	2.04794905	0	0	0.44843	0	0	0	0	0.553064	1.5353282	0.210762	1.34529	1.97246	0.153961	0.224215	1.973353	0.0627803	0	0	7.840562	0	0	0.224215	0	0	0.0313901	0.224215	1.007051	0.224215	0	0	0	0	0	0	0.397608	0	0	0	0.224215	0	0.487805	0.7199234	0.303279	0.487805	0	0	0.734748	0	0	0	0
K06287	0	0	0	0	0	0	0	0	0	0	0	0	0	0	1	0	0	0	0	0	0	0	0	0	0	0	0	0	0	0	0	0	0	0	0	0	0	0	0	0	0	0	0	0	0	0	0	0	0	0	0	0	0	0	0	0	0	0	0	0	0	0	0	0	0	0	0	0	0	0	0	0	0	0	0	0	0	0	0	0	0	0	0	0	0	0	0	0	0	0	0	0	0	0	0	0	0	0	0	0	0	0	0	0	0	0	0	0	0	0	0	0	0	0	0	0	0	0
K21936	0	0	0	0	0	0	0	0	0	0	0	0	0.402415	0	0	0	0	0	0	0	0	0	0	0	0	0	0	2.559523	0	0	0	0	0	0.0717639	0	0	0	0	0	0	0	0	0	0	0	0.240107	0	0	0	0	0	0.100604	0	0	0	0	0	0	0	0	0	0	0	0	0	0.100604	0	0	0	0	0	0	0	0	0	0.660377	0	0	0	0	0	0	0	0	0	0	0	0	0	0.100604	0	0	0	0	0	0	0	0.584906	0	0	0	0	0	0	0	0	0	0	0	0	0	0	0	0	0	0	0	0
K03215	0	0	0	0	0	0	0	0	0	0	0	0	0	0	0	0	0	0	0	0	0.57277	0	0	0	0	0	0	0	0	0	0	0	0	0	0	0	0	0	0	0	0	0	0	0	0	0	0	0	0	0	0	0	0	0	0	0	0	0	0	0	0	0	0	0	0	0	0	0	0	0	0	0	0	0	0	0	0	0	0	0	0	0	0	0	0	0	0	0	0	0	0	0	0	0	0	0	0	0	0	0	0	0.248148	0	0	0	0	0	0	0	0	0	0	0	0	0	0	0	0
K00548	0.248518	0	0	0	0	0	0	0.182815	0	0	0.1368268	0	0	0	0	0	0	0	0	0	0	0	0	0	0.142248	0	0	0	0	0.065703	0	0	0	0	0	0	0	0	0	0	0	0	0	0	0	0.1368268	0	0	0.065703	0	0	0	0	0	0	0	0	0	0	0	0	0.201613	0	0.0711238	0	0	0	0	0	0	0	0	0	0	0	0	0.065703	0.278226	0.8420426	0	0	0	0	0	0	3.834033	0.0914077	0	0	0	0	0	0	0.702166	0	0	0	0	0	0	0	0	0	0	0	0	0	0	0	0	0	0	0	0	0	0	0	0
K02030	4.0991811	0	0	1.2454797	0.938967	0.226244	0	1.558869	0	0	4.008571	0.750282	0.452488	0.200603	1.2503766	1.260786	0	4.074929	0.226244	0.101056	0	0	0	0.937258	1.3047035	0.236967	0	0.226244	0.579186	0	0.3403909	0	0	0.226244	0	0.0542986	10.422384	0	0	0	0	0	0.657766	0.226244	3.530488	2.8034992	0	0.20362	2.2486828	0.208145	0	3.669239	0	2.640617	0.901253	1.026334	0	0	1.294118	0	1.146305	2.56802	0.0422222	0.867435	0.2723371	2.036482	4.753045	0	0.467911	0.3137251	0	0	0	0	0	9.1874576	0.188889	0.9523628	2.025942	0.5503911	0.656714	0	0	0	0.159879	4.290691	1.093074	0	0	0	0.342383	0.596491	0	0.4249147	0	0	0	0.206573	0	0.452489	0	0.503771	0	0	0	0	0	0.226244	1.894112	0.0241327	1.90649	0	0	0.320513	0	0.226244	0	0
K03705	0.960182	0.682594	0	0.807736	0.170648	0.948806	0	3.621157	0	0.170648	0.170648	2.209333	1.23777	0	5.856661	0	0.170648	1.972696	0	0.170648	0.320513	0.180887	0	0.341296	2.410693	0	0	0.906711	0	0	0	0.2389074	3.751996	0	0	0	2.5035222	0	0	1.705346	0	0.545758	0	0.681455	2.142208	5.604096	0.170648	0	0.534698	2.283801	0	2.053271	0	2.6022941	4.267344	0.697383	0	0	0.341297	0	2.718999	1.772469	1.692835	1.16496	2.5165	10.228666	0.816837	0	0.940171	0	0	0	0.853242	3.06624	0.170648	3.485018	0.509669	0.453924	0.458475	2.681461	0.511945	0.680318	0	0.341296	0	5.05119	0	0.341297	0.0523322	0.170648	0.170648	0	0	1.322482	0	0	0	0	0	0	0	0.682594	0.170648	0	0	0.128555	0	0	0.170648	0	0	0.2354944	0	0	0	0	0	0
K13542	0	0	0	0	0	0	0	0	0	0	0	0	0	0	0	0	0	0	0	0	0	0	0	0	0	0	0	0	0	0	0	0	0	0	0	0	0	0	0	0	0	0	0	0	0	0	0	0	0	0	0	0	0	0	0	0	0	0	0	0	0	0	0	0	0	0	0	0	0	0	0	0	0	0	0	0	0	0	0	0	0	0	0	0	0	0	0	0	0	0	0	0	0	0	0	0	0	0	0	0	0	0	0	0	0	0	0	0	0	0	0	0	0	0	0	0	0	0
K03620	0	0	0	0	0	0	0	1.09804	0	1.37615	0.0621212	4.71846	0	0	0.227273	0	0	0	0	0	0	0	0	0	0	0	0	0.30581	1.28746	0	0	0	0	0.458716	0	0	0	0	0	0	0	0	1.49541	0.314012	0.306061	1.096703	0	0	0.559091	0.130303	0	1.1560353	0	0	0	0.145455	0	0	1.751197	0	0	1.89091	0	8.24545	0	0	0	0	0	0	0	0	1.93798	0	0.421212	0.354545	0.748485	0	0	0.188725	0	0	0.221212	0	0.227273	0	0	0	0	0	0	0	0	0.227273	0	0	0	0	0	0	0	0	0	0	0	0.227273	0	0	0	0	0	0	0	0	0	0.393939	0	0
K02492	0	0	0	0	0	0	0	0	0	0	0	0	0	0	0	0	0	0	0	0	0	0	0	0	0	0	0	0	0	0	0	0	0	0	0	0	0	0	0	0	0	0	0	0	0	0	0	0	0	0	0	0.851852	0	0	0	0	0	0	0	0	0	0	0	0	0	0	0	0	0	0	0	0	0	0	0	0	0	0	0	0	0	0	0	0	0	0	0	0	0	0	0	0	0	0	0	0	0	0	0	0	0	0	0	0	0	0	0	0	0	0	0	0	0	0	0	0	0	0
K09807	0	0	0	0	0	0	0	0	0	0	0	0	0	0	0	0	0	0	0	0	0.256014	0	0	0	0	0	0	0	0.481687	0	0	0	0	0	0	0	0.291925	0	0	0	0	0	0	0	0	0.111111	0	0	0.308489	0	0	1.28866	0	0	0	0.972386	0	0	0	0	0	0	0	0	0	0	0	0	0	0	0	0	0	0	0	0.744125	0	0	0.117816	0.862069	0	0	0	0	0.104811	0	0	0	0	0	0	0	0	0.256014	0	0	0	0	0	0	0	0	0	0	0	0	0	0.0962199	0	0	0	0	0	0	0	0	0	0.12543
K01995	0.245098	0	0	0	0	0	0	0	0	0	0.21732	1.578198	0	0	0	0	0	0	0	0	0	0	0	0	0.245098	0	0	0	0	0	0	0	0	0	0	0	0	0	0	0	0	0.952381	0	0	0	0.490196	0	0	0.735294	0	0	0	0	0	0	0	0	0	0	0	0	0.308824	0	0.777778	0	0	0.245098	0	0	0	0	0	0	0	0	0	0	0	0	0	0.245098	0	0	0	0	0	0	0	0	0	0	0	0	0	0	0	0	0	0	0	0	0	0	0	0	0	0	0.245098	0	0	0.669935	0.245098	0	0	0	0	0	0
K03273	0	0	0	0	0	0	0	0	0	0	0	0	0	0	0	0	0	0	0	0	0	0	0	0	0	0	0	0	0	0	0	0	0	0	0	0	0	0	0	0	0	0	0	0	0	0	0	0	0	0	0	0	0	0	0	0	0	0	0	0	0	0	0	0	0	0	0	0	0	0	0	0	0	0	2.67816	0.496454	0	0	0	0	0	0	0	0	0	0	0	0	0	0	0	0	0	0	0	0	0	0	0	0	0	0	0	0	0	0	0	0	0	0	0	0	0	0	0	0	0	0
K05515	0.2910324	0	0	0.0846024	0.157924	0.0846024	0	3.9070734	0	0.0846024	0.3328664	1.4342374	0	0	0.383451	0	0	0.462977	0	0.0846024	0	0	0.274691	1.82082954	0.0693739	0	0	0.2389234	0.582042	0.169205	0	0	1.77665	0.147772	0	0	0.540693	0	0	0	0.186544	0.135135	0.164129	0	0.3129673	0.63469	0	0	0	0.3448524	0	0.7956746	0.3795822	0.0846024	0.0846024	0	0	0	0	0	0.8871431	0.33841	0	1.509765	0.6300059	0.7297601	0.3378454	0.0850694	0	0.30434	0	0	0	0.846024	0	0.3372814	0	0.3723611	0.3728144	0.0846024	0.0846024	0.124647	0	0	0.347222	3.2151434	0	0	0	0	0	0	0	0.111408	0	0	0	0	0	0	0	0	0	0	0	0	0	0	0	0	0	0	0	0	0	0	0	0
K00645	0	0	0	0	0	0	0	0.757576	0	0.568182	0.998737	0	0	0	0	0	0	0	0	0	0.106061	0	0	0	0	0	0	1.59975	0.818182	0	0	0	0	0	0	0	0	0	0	0	0	0	0	0.294192	0	0.094697	0	0	0.189394	0.867424	0	0.974747	0	0	0	0	0	0	0.189394	0.378788	0	0	0	0.378788	0	1.51389	0	0	0	0	0	0	0	0	0.94697	0	0	0	0.0959596	0	0	0	0	0.189394	0.378788	0	0	0	0	0.189394	0	0	0.084596	0	0	0	0	0	0	0	0	1.30177	0	0	0	0	0	0	0	0	0	0	0	0	0	0	0	0
K04066	0	0	0	0.664587	0	0	0	0.318471	0	0.243902	0.16917389	0	0	0	0	0	0	0	0.282486	0	0	0	0	0	0	0	0	0	0.167785	0	0	0	0	0	0	0	0	0	0	0	0	0	0	0	0	0.510204	0.293992	0	0	0	0	0	0	0	0	0.543478	0	0.196078	0	0	0.501062	0	0	0.309524	0	0.282486	0.166667	0	0	0	0	0	0	0	1	0.377236	0	0	0.84058	0	0	0	0	0.208333	0	1.7634	0	0	0.633333	0	0	0	0	0	0	0	0	0	0	0	0	0	0	0	0	0	0	0	0	0	0	0	0	0.347826	0	0	0	0
K04075	0	0.842105	0	0	0	0	0	0	0	0.33557	0	0	0	0	0	0	0	0	0	0	0	0	0	0	0	0	0	0.529916	0	0	0	0	0	0	0	0	0	0	0	0	0	0.272931	0	0	0	0	0	0	0	0	0	0	0	0	0	0	0	0	0	0	0	0	0	0	0	0	0	0	0	0	0	0	0	0	0	0	0	0	0	0	0	0	0	0	0	0	0	0	0	0	0	0	0	0	0	0	0	0	0	0	0	0	0	0	0	0	0	0	0	0	0	0	0	0	0	0	0	0
K01878	0	0	0	0	0	0	0	0	0	0	0	0	0	0	0	0	0	0	0	0	0	0	0	0	0	0	0	0	0	0	0	0	0	0	0	0	0	0	0	0	0	0	0	0	0	0	0	0	0	0.37037	0	0	0	0	0	0	0	0	0	0	0	0	0	0	0	0	0	0	0	0	0	0	0	0	0.375758	0.396825	0	0	0.393701	0	0	0.37037	0	0	0.37037	0	0	0	0	0	0	0	0	0	0	0	0	0	0	0	0	0.37037	0	0	0	0	0	0	0	0	0	0	0	0	0	0	0	0
K05845	0	0	0	0.32538	0	0.124688	0	0	0	0.723514	0	0.21692	0	0	0.19423	0	0	0	0	0	0	0	0	0	0.0310918	0.10846	0	0	0	0	0	0	0	0	0	0	0	0	0	0	0	0.10846	0	0.473684	0.43384	0	0.167224	0	0	0	0	0	0.167224	0	0	0.1751267	0	0.124688	0	0	0	0.32538	0	0	0.10846	0.0691193	0	0.0361533	0	0	0	0	1.0846	0	0.787999	0.23131	0	0	0.2234278	0	0.10846	0.10846	0	0.36976	0.6159101	0.142857	0.1677514	0	0	0	0	0	0	0.726681	0	0	0	0	0	0	0	0.21692	0	0	0	0	0	0	0.197628	0	0	0	0	0	0	0	0	0
K05946	0	0	0	0	0	0	0	0	0	0	0	0	0	0	0	0	0	0	0	0	0	0	0	0	0	0	0	0	0	0	0	0	0	0	0	0	0	0	0	0	0	0	0	0	0	0	0	0	0	0	0	0	0	0	0	0	0	0	0	0	0	0	0	0	0	0	0	0	0	0	0	0	0	0	0	0	0	0	0	0	0	0	0	0	0	0	0	0	0	0	0	0	0	0	0	0	0	0	0	0	0	0	0	0	0	0	0	0	0	0	0	0	0	0	0	0	0	0
K03319	0	0	0	0.119904	0	0	0	0	0	0	0.470479	0	0	0	0	0	0	0	0	0	0	0	0	0	0.119904	0	0	0.463285	0.119904	0	0	0.119904	0.719424	0	0	0	0.119904	0	0	0	0	0.119904	0	0	0	0.302158	0	0	0.119904	0.613909	0	0	0	0.119904	0.119904	0	0	0	0.478817	0.649425	0	0	0	0	0	0	0.239808	0	0	0	0	0	0	0	0	0.239808	0	0	0.91954	0	0	0	0	0.544218	0.119904	5.3520569	0	0	0	0.119904	0	0	0.119904	0.390805	0	0	0	0	0	0	0	0	0	0	0	0	0	0	0.239808	0	0	0	0	0	0	0	0	0
K00616	0	0	0	0	0	0	0	0	0	0	0	0.682927	0	0	0	0	0	0	0	0	0	0	0	0	0	0	0	0	0	0	0	0	0	0	0	0	0	0	0	0	0	0	0	0	0	0	0	0	0.699187	0	0	0	0	0	0	0	0	0	0	0	0	0	0	0	0	0	0	0	0	0	0	0	0	0	0	1	0	0	0.699187	0	0	0	0	0	0	0	0	0	0	0	0	0	0	0	0	0	0	0	0	0	0	0	0	0	0	0	0	0	0	0	0	0.699187	0	0	0	0	0	0
K02527	1.03896	0	0	0.0632035	0	0	0	3.614908	0	0.649351	1.653296	2.196926	0.25974	0	0.892641	0	0	0.707676	0.251948	0	0.159509	0	0	1.0026	0.128139	0	0	0.1613839	1.300612	0	0	0.12987	0.464069	0.497517	0	0	2.275638	0	0.12987	0	0.25974	0	0	0.109957	0.519481	1.070791	0.0995671	0	0.429232	0.463564	0	0	0.12987	0.627387	0.249351	0.12987	0	0.12987	0.676836	0.25974	1.3767448	0.779221	0.38961	2.529122	0.907359	1.783555	2.033527	0.38961	0.417226	0	0	0	0.12987	0	0	2.95018	0.12987	0.714286	1.611778	0.12987	0.306748	0.793269	0	0	0	2.3896023	0.12987	0	0.129004	0	0	0.12987	0	1.267572	0	0	0	0	0	0	0	0	0.25974	0	0	0.12987	0	0.261759	0.572618	0.12987	0.9949525	0.12987	0.12987	0	0	0.12987	0	0
K01657	0	0	0	0	0	0	0	0	0	0	0	0	0	0	0	0	0	0	0	0	0	0	0	0	0	0	0	0	0	0	0	0	0	0	0	0	0	0	0	0	0	0	0	0	0	0	0	0	0	0	0	0	0	0	0	0	0	0	0	0	0	0	0	0	0	0	0	0	0	0	0	0	0	0	0	0	0	0	0.0978682	0	0	0	0	0	0	0	0	0	0	0	0	0	0	0	0	0	0	0	0	0	0	0	0	0	0	0	0	0	0	0	0	0	0	0	0	0	0	0
K00946	0	0	0	0	0	0	0	0	0	0	0.180505	0	0	0	0	0	0	0	0	0	0	0	0	0	0	0	0	0.139591	0	0	0	0	0	0	0	0	0	0	0	0	0	0	0	0	0	0	0	0	0	0	0	0	0	0	0	0	0	0	0	0	0	0	0	0	0	0.259067	0.518135	0	0	0	0	0	0	0	0	0	0	0	0	0	0	0	0	0	0	0	0	0	0	0	0	0	0	0	0	0	0	0	0	0	0	0.337838	0	0	0	0	0	0	0	0	0	0	0	0	0	0	0	0
K11709	0	0	0	0	0	0	0	0	0	0	0	0	0	0	0	0	0	0	0	0	0	0	0	0	0	0	0	0	0	0	0	0	0	0	0	0	0	0	0	0	0	0	0	0	0	0	0	0	0	0	0	0	0	0	0	0	0	0	0	0	0	0	0	0	0	0	0	0	0	0	0	0	0	0	0	0	0	0	0	0	0	0	0	0	0	0	0	0	0	0	0	0	0	0	0	0	0	0	0	0	0	0	0	0	0	0	0	0	0	0	0	0	0	0	0	0	0	0
K11065	2.368856	1.710382	0.819672	0.655738	0.786885	4.261584	0	16.6298	0	3.288179	12.279436	8.888661	2.147539	0.770492	2.785338	0.819672	0	3.31421	1.929783	1.164166	0.114754	0	0	16.930802	30.933516	0.819672	0	9.818544	0.819672	0	0	3.15847	2.613026	1.653469	0	0.964481	31.717075	1.336066	0	1.09836	1.220902	7.851785	7.09836	1.74613	1.297769	90.130219	1.187159	0	1.821036	2.56011	0	44.959	0	2.767942	0.409836	5.355682	0.407104	1.24044	0.4083329	6.55975	13.32655	1.778686	0.942623	3.99454	2.78415	2.060573	50.842936	1.229508	3.250005	2.595628	0.277778	0	0.81694	0	0	15.002955	3.70765	22.21561	81.777996	2.523229	1.39891	3.355651	0.169444	2.499685	6.162811	130.33108	2.116117	0.416667	11.384016	3.310912	0.409836	6.34639	3.539768	54.98059	0.702186	0.409836	0.0956284	9.385566	0.374317	0	0.409836	27.29191	2.147538	2.106556	0	4.98907	1.964477	12.2459	9.958339	4.077873	7.868856	9.860658	2.35792	3.21147	0.416667	2.169396	0	1.076503
K03546	0	0	0	0	0	0	0	0	0	0	0	0	0	0	0	0	0	0	0	0	0	0	0	0	0	0	0	0	0.124378	0	0	0	0	0	0	0	0	0	0	0	0	0	0	0	0	0	0	0	0	0.137741	0	0.833333	0	0	0	0	0	0	0	0	0	0	0	0	0	0	0	0	0	0	0	0	0.399287	0	0	0	0	0	0	0	0	0	0	2.137741	0	0	0	0	0	0	0	0	0.137741	0	0	0	0	0	0	0	0	0	0	0	0	0	0	0	0	0	0	0	0	0	0	0	0	0
K09771	0	0	0	0	0	0	0	1.22807	0	0	0	0	0	0	0	0	0	0	0	0	0	0	0	0	0	0	0	0	0	0	0	0	0	0	0	0	0	0	0	0	0	0	0	0	0	0	0	0	0	0	0	0	0	0	0	0	0	0	0	0	0	0	0	0	0	0	0	0	0	0	0	0	0	0	0	0	0	0	0	0	0	0	0	0	0	0	0	0	0	0	0	0	0	0	0	0	0	0	0	0	0	0	0	0	0	0	0	0	0	0	0	0	0	0	0	0	0	0
K04771	3.312778	1.052104	0	4.942773	0	0.158228	0.158228	1.887788	0	0.0660377	2.249464	0.2806799	0.918896	0	2.539004	0.961538	0.157233	2.66992756	0	0	0	0	0	0	1.805047	0	0	0.898869	0.2130803	0	0	0	0.986373	0.315461	0	0.314465	0.66597	0	0	0.304878	0.42319	0.653687	0	0	3.67242	10.702338	0.752728	0	0.737655	1.611511	0	2.308185	0.549451	1.642497	0.468165	1.662058	0.158228	0.157233	0	0	3.067235	1.87997	0.791139	2.555446	1.405185	20.687623	0.157233	0.265957	0	0	0	0	0.210692	0	0	5.5166866	1.156258	1.015615	0.0780591	1.204945	0.158228	0.790599	0	0.156184	0	4.298498	0.442295	0	0	0	0	0.400016	0	0.5721683	0	0	0	0	0	0	0	0	0	0	0	0	0	0	0.28692	0	0	0.157233	0	0	0	0	0	0
K01783	0	0	0	0	0	0	0	0	0	0	0	0	0	0	0	0	0	0	0	0	0	0	0	0	0	0	0	0	0	0	0	0	0	0	0	0	0	0	0	0	0	0	0	0	0	0	0	0	0	0	0	0	0	0	0	0	0	0	0	0	0	0	0	0	0	0	0.809524	0	0	0.386905	0	0	0	0	0	0	0	0	0	0	0	0	0.589286	0	0	0	0	0	0	0	0	0	0	0	0	0	0	0	0	0	0	0	0	0	0	0	0	0	0	0	0	0	0	0	0	0	0	0
K07584	2.601986	0	0	0	0.350575	0	0	3.8835985	0	3.3696932	3.5068979	2.866666	0	0	2.927268	0	0.431034	3.400002	0.872727	2.07879	0.436364	0	0.909091	0	5.134161	0	0	3.55758	9.731924	0	0	0.89697	0	0	0	3.35758	4.28485	2.31515	0	6.55151	0.624242	0.861789	0	10.11515	2.044719	10.0897521	0	0	4.703032	2.2670801	0	20.550824	0	1.627587	0.624242	2.846294	0	0	2.18788	2.30303	0.850575	14.25531	0	16.563647	0.764368	1	3.296971	0	1.066667	0.266667	0	0	31.756091	3.24138	3.963638	6.90534	3.343681	1.569904	2.169275	1	4.454541	0.393939	4.42424	11.359595	1.69697	14.796858	2.5138975	0	1	0.00606061	0.509091	0	15.8	6.914421	0	0	0	2.69091	1.072727	1.22424	0	32.63636	0	0	0	0	1.406061	4.553291	1.733231	0	0.581818	0.50303	0	0	0.0181818	6.444515	0	0.649425
K10036	0	0	0	0	0	0	0	0	0	0	0	0	0	0	0	0	0	0	0	0	0	0	0	0	0	0	0	0	0	0	0	0	0	0	0	0	0	0	0	0	0	0	0	0	0	0	0	0	0	0	0	0	0	0	0	0	0	0	0	0	0	0	0	0	0	0	0	0	0	0	0	0	0	0	0	0	0	0	0	0	0	0	0	0	0	0	0	0	0	0	0	0	0	0	0	0	0	0	0	0	0	0.954955	0	0	0	0	0	0	0	0	0	0	0	0	0	0	0	0
K01779	0.274725	0	0	0	0	0	0	3.79383	0	0	0.755444	0.247423	0	0	0.148352	0	0	0.766465	0	0	0	0	0	0.490196	0	0	0	0.24055	0	0	0	0	0	0	0	0.429553	0	0	0	0	0	0	0	0	0.237113	0.998456	0	0	0.274725	0.150183	0	0	0	0.153846	0.274725	0	0	0	0	0.513746	1.078647	0	0	0.490842	0	1.260687	0.878725	0	0.274725	0	0	0	0	0	0	2.098552	0	0	0.730769	0	0	0.0622711	0	0	0	0.6216159	0.911765	0.118557	0	0	0	0	0	0.30303	0	0	0	0	0	0	0	0.513746	0	0	0	0	0	0	0.274725	0.274725	0	0.358974	0	0	0	0.274725	0	0
K19138	0	0	0	0	0	0	0	0	0	0	0	0	0	0	0	0	0.333333	0	0	0	0	0	0	0	0	0	0	0	0	0	0	0	0	0	0	0	0	0	0	0	0	0	0	0	0	0	0	0	0	0	0	0	0	0	0	0	0	0	0	0	0	0	0	0	0	0	0	0	0	0	0	0	0	0	0	0	0	0	0	0	0	0	0	0	0	0	0	0	0	0	0	0	0	0	0	0	0	0	0	0	0	0	0	0	0	0	0	0	0	0	0	0	0	0	0	0	0	0
K01207	0.699702	0	0	0	0	0	0	1.493021	0	0	0	0	0	0	0	0	0	0.15015	0	0	0	0	0	0	0	0.15015	0	0	0	0	0	0	0	0.100437	0	0	0	0	0	0	0.15015	0	0	0	0	0	0	0	0.0920398	0	0	0	0	0.0590591	0	0	0	0	0	0	0.475355	0	0	0	0.3003	0.668791	0	0	0	0	0	0	0	0	0	0.467723	0	0	0.336717	0	0	0	0	0	0	0	0.132	0	0.523284	0	0	0	0	0.021021	0	0	0	0	0	0	0	0	0	0	0	0	0	0	0	0	0	0	0	0	0	0	0	0
K03702	0	0	0	0	0	0	0	0.409836	0	0.949712	0.49505	0.245399	0	0	0	0	0	0.346995	0	0	0	0	0	0	0	0	0	0.0862069	0.215517	0	0	0	0	0	0	0	0	0	0	0	0	0	0.862069	0.819672	0	0.204918	0	0	0	0.0798851	0	0.777515	0	0	0	0	0	0	0	0	0	0	0	0	0	0	0	0	0.215517	0	0	0	0	0	0.431034	0.888982	0	0	0.409836	0	0	0	0	0	0	0	0	0	0	0	0	0	0.316425	0	0	0	0	0	0	0	0	0.557983	0	0	0	0	0	0	0	0	0	0	0	0	0	0	0	0
K09817	0.102804	0	0	0	0	0	0	0.685714	0	0	0	0	0	0	0	0	0	0.233645	0	0	0	0	0	0.207937	0	0	0	0	0	0	0	0	0	0.118674	0	0	0	0	0	0	0	0	0	0	0	0.436508	0	0	0.786382	0	0	0	0	0	0	0.27933	0	0	0	0	0	0.726984	0	0.238095	0	0	0	0	0	0	0	0	0	0	0	0.645098	0.233645	0	0	0.0855148	0	0	0.245098	0	0	0	0	0	0	0	0	0	0	0	0	0	0	0.17619	0	0	0	0	0.233645	0	0	0	0	0	0	0	0	0	0	0	0	0	0	0
K03638	0	0	0	0	0	0	0	0	0	0	0	0	0	0	0	0	0	0	0	0	0	0	0	0	0	0	0	0	0	0	0	0	0	0	0	0	0	0	0	0	0	0	0	0	0	0	0	0	0	0	0	0	0	0	0	0	0	0	0	0	0	0	0	0	0	0	0	0	0	0	0	0	0	0	0	0	0	0	0	0	0	0	0	0	0	0	0	0	0	0	0	0	0	0	0	0	0	0	0	0	0	0	0	0	0	0	0	0	0	0	0	0	0	0	0	0	0	0
K04759	0	0	0	0	0	0	0	0	0	0	1.74242	0	0	0	0	0	0	0	0	0	0	0	0	0	0	0	0	0	0	0	0	0	0	0	0	0	0	0	0	0	0	0	0	0	0	0	0	0	0	0	0	0	0	0	0	0	0	0	0	0	0	0	0	0	0	0	0	0	0	0	0	0	0	0	0	0	0	0	0	0	0	0	0	0	0	0	0	0	0.886364	0	0	0.318182	0	0	0	0	0	0	0	0	0	0	0	0	0	0	0	3.91667	0	0	0	0	0	0	0	0	0	0
K00371	0	0	0	0.0934579	0	0	0	0.116822	0	0.424428	0.4267134	0.700935	0	0	0	0	0	0.233644	0	0	0	0	0	0.116822	0.116822	0	0	2.00371	1.417291	0	0	0	0.471963	0.116822	0	0	0.244743	0	0	0.200935	0	0	0	0.185358	0	0.116822	0.116822	0	0	0.314642	0	1.5626178	0	0	0	0	0	0	1.202159	0.611872	0.116822	0	0	0	0	0	0.610221	0.638961	0.144737	0.350467	0	0	0.9036224	0	0	1.160281	0	0	0.350467	0.404178	0	0.0880062	0	0.116822	0	0.3370889	0	0	0	0.0537383	0	0	0	0.183272	0	0	0	0	0	0	0	0.53767	0	0	0	0	0	0	0.7141743	0.247525	0	0	0	0.46729	0	0.0451713	0	0
K03823	0	0	0	0	0	0	0	0	0	0	0	0	0	0	0	0	0	0	0	0	0	0	0	0	0	0	0	0	0	0	0	0	0	0	0	0	0	0	0	0	0	0	0	0	0	0	0	0	0	0	0	0	0	0	0	0	0	0	0	0	0	0	0	0	0	0	0	0	0	0	0	0	0	0	0	0	0	0	0	0	0	0	0	0	0	0	0	0	0	0	0	0	0	0	0	0	0	0	0	0	0	0	0	0	0	0	0	0	0	0	0	0	0	0	0	0	0	0
K00765	0	0	0	0	0	0	0	0	0	0	0	0	0	0	0	0	0	0	0	0	0	0	0.103093	0	0	0	0	0	0	0	0	0	0	0	0	0	0	0	0	0	0	0	0	0	0	0	0	0	0	0	0	0	0	0	0	0	0	0	0	0	0	0	0	0	0	0	0	0	0	0	0	0	0	0	0	0	0	0	0	0	0.537634	0	0	0.0458333	0	0	0	0	0	0	0	0	0	0	0	0	0	0	0	0	0	0	0	0	0	0	0	0	0	0	0	0	0	0	0	0	0	0
K00763	0.270487	0	0	3.538852	0.230415	2.806268	0	0.777266	0	0.4521857	0.115207	2.444324	0.794741	0	2.2401426	0.691243	0	1.9646466	0.230414	2.698159	0	0	0	1.716985	1.027162	0	0	0.802857	1.075474	0	0	0	1.5791564	0	0.345622	0	1.130415	0	0	0.19305	1.249284	0	0	0.691244	1.530722	0.8479812	0	0	1.71108049	0.116009	0	0.676463	0.167702	0.6218274	0	0.6713798	0	0.652525	0.752137	0	0.518244	2.144492	0.0360983	0.6493176	1.920119	3.767016	0.3763441	0.460829	0.3382697	0.215821	0	0	1.99005	0.046083	0.230414	0.9123563	0.230414	1.245589	1.3512411	1.491288	0.61503	2.7127907	0.115207	0.155773	0.115207	2.2852544	1.920813	0.181818	0.116009	0.34639	0.278606	0.252381	0	1.030683	0.0614439	0	0	0.524577	0	0	0	0	0.115207	0	0	0.736418	0	0.345622	1.2872489	0	0.155887	0.2283532	0.0837174	0.667434	0	0.115207	0	0
K00336	0	0	0	0	0	0.238663	0	0	0	0.111373	0	0	0.238663	0	0	0	0	0	0	0	0.119332	0	0	0	0	0	0	0.236979	0	0	0	0	0	0	0	0	0	0	0	0.909091	0	0	0	0	0	0	0	0	0	0	0	0	0	0	0	0	0	0	0	0	0	0	0	0	0	0.352941	0.119332	0	0	0	0	0	0	0	0	0.6081352	0	0	0	0	0	0	0	0	0.118536	0	0	0	0.052506	0	0	0	0	0.118536	0	0	0	0	0	0	0	0.119332	0	0	0	0	0	0	0	0	0	0	0	0.119332	0	0	0	0
K03210	0	0	0	0	0	0	0	0	0	0	0	1.20567	0	0	0	0	0	0	0	0	0	0	0	0	0.446809	0	0	0.482269	0	0	0	0	0	0	0	0	0	0	0	0	0	0	0	0	0	0	0	0	0	0	0	0	0	0	0	0	0	0	0	0	0	0	0	0	0	0	0	0	0	0	0	0	0	0	0	0.446809	0	0	0	0	0.567376	0	0	0	0	0	0	0	0	0	0	0	0	0	0	0	0	0	0	0	0	0	0	0	0	0	0	0	0	0	0	0	0	0	0	0	0	0
K01704	0	0	0	0	0	0	0	0	0	0	0	0	0	0	0	0	0	0	0	0	0	0	0	0	0	0	0	0	0	0	0	0	0	0	0	0	0	0	0	0	0	0	0	0	0	0	0	0	0	0	0	0	0	0	0	0	0	0	0	0	0	0	0	0	0	0	0	0	0	0	0	0	0	0	0	0	0	0	0	0	0	0	0	0	0	0	0	0	0	0	0	0	0	0	0	0	0	0	0	0	0	0	0	0	0	0	0	0	0	0	0	0	0	0	0	0	0	0
K00954	0	0	0	0	0	0	0	0	0	0	0	0	0	0	0	0	0	0	0	0	0	0	0	0	0.438596	0	0	1.15205	2.18129	0	0	0	0	0.380117	0	0	0	0	0	0	0	0	0	0.137427	0	0.438596	0	0	0	0.131579	0	0	0	0	0	0.111111	0	0	0	0.356725	0	0	0	0	0	0.438596	1.27485	0	0	0.21345	0	0	0	0	0	0	0	0	0.809942	0	0.438596	0	0.438596	0	0	0.567251	0	0	0	0.388889	0	0	0.412281	0	0	0	0	0	0	0	0	4.54971	0	0	0	0	0	0	0	0	0	0	0	0	0	0.210526	0	0.187135
K07053	0	0	0	0	0	0.333333	0	0.884956	0	0.3125	0.436578	4.177881	1.83486	0	1.117354	0	0	0.864306	0	0	0.221239	0	0	0.137168	1.710655	1.10619	0	0	0	0	0	0	0	0.103245	0	0	2.276062	0	0	0	0.555556	0	0	1.44065	0.221239	4.150833	0	0	0	0	0	2.05686	0	0.325959	0	0.243902	0	0	0	0	1.28234	0.761062	0	1.355651	1.40855	1.12242	1.961121	0	0.0914454	0.731707	0	0	0	0	0	1.602223	0	1.570581	1.1015511	0	0	0.039823	0	0	0	6.180075	0	0	0.646667	0	0	0	0	0.442478	0	0	0	0.442478	0.0914454	0	0	1.8004549	0	0	0	0.705014	0	0	0.6701554	0.219764	0	0.221239	0	0.465141	0	0.930283	0	0
K09013	0	0	0	1.325	0	0	0	0	0	0	0	0	0	0	0	0	0	0	0	0	0	0	0	0	0	0	0	0.408333	0	0	0	0	0	0	0	0	0	0	0	0	0	0.933333	0	0	0	0	0	0	0	0	0	1.6	0	0	0	0.383333	0	0	0	0	0	0	0	0	0	0	0	0	0	1.35833	0	0	0	0	0	0	0.566667	0	0	0	0	0	0	0	0	0	0	0	0	0	0	0	0	0	0	0	0	0	0	0	0	0.766667	0	0	0	0	0	0	0.508333	0	0	0	0	0	0	0	0	0
K14540	0	0	0	0	0	0	0	0	0	0	0	0	0	0	0	0	0	0	0	0	0	0	0	0	0.0833333	0	0	0.198413	0	0	0	0	0	0.0701058	0	0	0.518926	0	0	0	0	0	0	0	0	0	0	0	0	0	0	0	0.198413	0	0	0	0	0	0	0	0	0	0	0	0	0	0	0	0	0	0	0	0.198413	0	0	0.396825	0	0	0	0	0	0	0	0	0	0	0	0	0	0	0	0	0	0	0	0	0	0	0	0	0	0	0	0	0	0	0	0	0	0	0	0	0	0	0	0	0	0
K04761	0	0	0	0	0	0	0	0	0	0	0	0	0	0	0	0	0	0	0	0	0	0	0	0	0	0	0	0.18797	1.406851	0	0	0	0	0	0	0	0	0	0	0	0	0	0	0	0	0.18797	0	0	0	0	0	0	0	0	0	0	0	0	0	0	0	0	0	0	0	0	0	0	0	0	0	0	0	0	0	0	0	0	0	0	0	0	0	0	0	0	0	0	0	0	0	0	0	0	0	0	0	0	0	0	0	0	0	0	0	0	0	0	0	0	0	0	0	0	0	0	0	0
K03437	0.57115	0	0	0.0976744	0	0.00775194	0	0.0852713	0	0	0.4837207	1.567442	0	0	0.190698	0	0	0.995525	0	0.232558	0	0	0	0.679069	0.836773	0	0	0.232558	0.397004	0	0	0.299401	0	0.232558	0	0	0.370542	0	0	0	0.1978	0	0	0	0	1.539915	0.465116	0	0	0	0	0	0.232558	1.040941	0	0	0	0	0	0	0	0	0	0.232558	0	0.9596898	0.976745	0	0	0	0	0	0.0310078	0	0	0.4914729	0	0.446511	1.221862	0.232558	0	0	0	0	0	3.9193839	0	0	0.232558	0	0	0	0	0.539535	0	0	0	0	0	0	0	0.754491	0	0	0	0.39961	0	0.232558	0.465116	0	0	0	0	0	0	0	0	0
K00560	0	0	0	0	0	0	0	0	0	0	0	0	0	0	0	0	0	0	0	0	0	0	0	0	0	0	0	0	0	0	0	0	0	0	0	0	0	0	0	0	0	0	0	0	0	0	0	0	0	0	0	0	0	0	0	0	0	0	0	0	0	0	0	0	0	0	0	0	0	0	0	0	0	0	0	0	0	0	0	0	0	0	0	0	0	0	0	0	0	0	0	0	0	0	0	0	0	0	0	0	0	0	0	0	0	0	0	0	0	0	0	0	0	0	0	0	0	0
K03699	0.5548182	0	0	0	0	0.147929	0	2.593962	0	0.144509	2.436559	1.5454169	2.847448	0	1.341736	0.123153	0	1.253229	1.30864	0.123153	0	0.252525	0	0	3.913743	0.35034	0	0.359002	0.50505	0	0	0.147929	0.150246	0.587761	0	0.127877	2.376127	0.0621891	0	0.123153	0.658741	0	0	0	0.4301784	1.861764	0.919376	0	0.359712	0.4690994	0	0.73613	0.462963	0.4371802	0.359712	0.6120841	0	0	0	0	1.716745	1.3142541	0	1.120361	0.658457	0.497512	2.748406	0	0.340136	0	0	0	0	0	0	2.4329637	0.707483	0.247531	6.552573	0	0.127877	0.412116	0	0	0.381679	17.516956	0.144509	0	3.2867171	0.12285	0	0.246003	0	1.521152	0	0	0	0	0	0	0.123153	0.471698	0	0	0	0.2944193	0.903761	0.972838	0.745666	0	1.126243	0	1.373103	0	0	0.754625	0	0.166113
K03547	0	0	0	0	0	0	0	0.470219	0	1.021138	0.55353	0.42866	0.36855	0	0.12285	0	0	0	0.2457	0	0	0	0	0.31348	0	0	0	0.426367	0.2691259	0	0	0	0	0.22932	0	0	0	0	0	0	0.241546	0	0	0	0	0.5765761	0	0	0	0	0	0.559531	0	0	0	0	0	0	0.436681	0	0.12285	0.12285	0	0.53311	1.07699	0	0.12285	0	0	0.218341	0	0	0	0	0.299401	0.31348	0	0.045045	0.27959	0.257985	0	0.30581	0.149701	0	0	0.62619111	0.241546	0	0.15674	0	0	0	0	0.138889	0	0	0	0	0	0	0	0	0	0	0	0	0	0	0.0745291	0	0	0	0	0.12285	0	0	0	0
K01304	0	0	0	0	0	0	0	0	0	0	0	0	0	0	0	0	0	0	0	0	0	0	0	0	0	0	0	0	0	0	0	0	0	0	0	0	0	0	0	0	0	0	0	0	0	0	0	0	0	0	0	0	0	0	0	0	0	0	0	0	0	0	0	0	0	0	0	0	0	0	0	0	0	0	0	0	0	0	0	0	0	0	0	0	0	0	0	0	0	0	0	0	0	0	0	0	0	0	0	0	0	0	0	0	0	0	0	0	0	0	0	0	0	0	0	0	0	0
K01571	1.05199	0	0	0.354762	0	0.357143	0	0.45045	0	0	0.881493	0.6	0	0	0.597619	0	0	0.848797	0	0	0	0	0	0	1.04048	0	0	0	0.357143	0	0	0	0.512028	0	0	0	3.15476	0.711905	0	0	0	0	0	0	0	2.11315	0	0	3.249644	0.195238	0	0	0	0	0	1.385424	0	0	0	0	0	7.54533	0	3.46467	0	0.357143	0.714286	0	0	0	0	0	0	0	0	0.512028	0.185714	0	6.23571	0.214286	0.357143	0	0	0	0	6.81728	0	0	0.357143	0	0	0	0	0	0	0	0	0	0	0	0	0	0	0	0	0	0	0	0.27381	0	0	0.458716	0	0	0	0	0	0
K03404	0	0	0	0	0	0	0	0	0	0	0.195312	0.195312	0	0	0	0	0	0	0	0	0	0	0	0	0	0	0	0	0	0	0	0	0	0	0	0	0	0	0	0	0	0	0	0	0	0	0	0	0	0	0	0	0	0	0	0	0	0	0	0	0	0	0	0	0	0	0	0	0	0	0	0	0	0	0	0	0	0	0	0	0	0	0	0	0	0	0	0	0	0	0	0	0	0	0	0	0	0	0	0	0	0	0	0	0	0	0	0	0	0	0	0	0	0	0	0	0	0
K00850	0.304762	0	0	0	0	0	0.37037	1.218792	0	0	0.532099	0.682498	0	0	0.419577	0	0	0.845461	0	0	0	0	0	0	0	0	0.0975309	0	0	0	0	0	0	0	0	0	1.114978	0	0	0.185185	0	0.392473	0	0	0	0.709876	0	0	0.246305	0	0	0.339233	0	0	0	0	0	0.0666667	0	0	0.588235	0	0	0	0.899215	1.056279	1.252966	0	0	0	0	0	0	0	0	1.721618	0	0	1.149116	0	0	0.111111	0	0	0	1.843934	0	0	0	0	0	0	0	0.552381	0	0	0	0	0	0	0	0.195312	0	0	0	0	0	0	0	0	0.121569	0.368627	0.120988	0	0	0	0	0
K01424	0	0	0	0	0	0	0	0	0	0	0	0	0	0	0	0	0	0	0	0	0	0	0	0	0	0	0	0.362319	0	0	0	0	0	0	0	0	0	0	0	0	0	0	0.362319	0	0	0.543478	0	0	0	0.181159	0	0	0	0	0	0	0	0	0.181159	0	0	0	0	0	0	0	0	0	0	0	0	0	0	0	0	0.181159	0	0	0	0	0	0	0	0	0	0	0	0	0	0	0	0	0	0	0	0	0	0	0	0	0	0.724638	0	0	0	0	0	0	0	0	0	0	0	0	0	0	0	0
K03118	0	0	0	0	0	0.202429	0	1.80567	0	0.659919	0.821862	0.195682	0	0	0	0	0	0	0	0.0242915	0.381916	0	0	0	0	0.85695	0	0.995952	1.728329	0	0	0	0	0	0	0	0	0	0	0	0	0.692307	0	0	0	0.202429	0	0	0	0	0	1.085885	0	0	0.202429	0.460189	0	2.53216	0.726046	0	0	0.179487	0	0.202429	0	0	1.403372	0	0	0.398111	0	0	7.18489	0	1.0027	0.9147	0	0	0	0	0	0	0	0.578947	1.025629	1.62348	0	0	0.253711	0.2874492	0	0	1.0108	4.415653	0	0	0	0	1.41667	0	0	4.666668	0	0	0	0	0	0.404858	0	0	0	0	0	0.499325	0	0.368421	0	0
K07571	0	0	0	0	0	0	0	0.361111	0	0	0	0	0	0	0	0	0	0	0	0	0	0	0	0	0	0	0	0.634921	1.19048	0	0	0	0	0	0	0	0	0	0	0	0	0.290598	0	0	0	0	0	0	0	0	0	0	0	0	0	0	0	0	0	0	0	0	0	0	0	1.23199	0	0	0	0	0	0	0	0	0.337302	3.2619	0	0	0	0.31746	0	0	0	0	0	0	0	0	0	0.595238	0	0	0	0	0	0	0	0	0	0	0	0	0	0	0	0	0	0	0	0.595238	0	0	0	0	0	0	0	0
K00239	0	0	0	0	0	0	0	0	0	0	0.253623	0	0	0	0	0	0	0	0	0	0	0	0	0	0	0	0	0	0	0	0	0	0	0	0	0	0	0	0	0	0	0	0	0	0	0	0	0	0	0	0	0	0	0	0	0	0	0	0	0	0	0	0	0	0	0	0	0	0	0	0	0	0	0	0	0	0	0	0	0	0	0	0	0	0	0	0	0	0	0	0	0	0	0	0	0	0	0	0	0	0	0	0	0	0	0	0	0	0	0	0	0	0	0	0	0	0	0
K03685	0	0	0	0	0	0	0	0	0	0	0	0	0	0	0	0	0	0	0	0	0	0	0	0	0	0	0	0	0	0	0	0	0	0	0	0	0	0	0	0	0	0	0	0	0	0	0	0	0	0	0	0	0	0	0	0	0	0	0	0	0	0	0	0	0	0	0	0	0	0	0	0	0	0	0	0	0	0	0	0	0	0	0	0	0	0	0	0	1.48	0	0	0	0	0	0	0	0	0	0	0	0	0	0	0	0	0	0	0	0	0	0	0	0	0	0	0	0	0
K02371	0	0	0	1.041649	0	0.188679	0	0.667925	0	0.543431	0.651642	0	0	0	0.518519	0	0.176101	0	0	0	0.377358	0	0	0	0.188679	0	0	1.471448	0.88158	0	0	0	0	0.0229885	0	0	0	0	0	0	0	0	0	0.378651	0	0.908176	0	0	0.377358	0.427673	0	1.274251	0	0.188679	0.462963	0	0	0	7.21801	0	0.0617284	0	0	0	0	0.505695	0.627707	0	0.0385802	0	0	0	0.188679	0	1.03019	2.32602	0	0	0.0691824	0.188679	0	0	0	0.0830189	0.367296	0	0	0	0	0	0	0	0	0.188679	0	0	0	0	0	0	0	0.462963	0	0	0	0	0	0	0	0	0	0	0	0	0	0	0	0.231481
K16787	0	0.207469	0.421941	0.0281294	0	0.209205	0	1.869201	0	0.246862	0.8583046	2.4343788	0	0	0.2756676	0.0309423	0	0.596343	0	0	0	0	0	0.627285	0.0815752	0	0	0.207469	0	0	0	0	0.748242	0	0	0	0.21097	0	0	0.207469	0	0	0	0.17704	0.145833	0.860759	0.21097	0	0	0.421941	0	0.4683545	0	0	0	1.195334	0	0	0	0.464777	1.486638	1.032348	0	0	0.5625879	0.0703235	0.420534	0	0	0.843112	0	0.813278	1.675076	0	1.926769	0.476379	0	0.616033	0	0	0.156293	0.421941	0	0.271605	0.125864	1.441217	0	0	0	0	0	0	0	0.421941	0	0	0	0.0773558	0	0	0	3.17544	0	0	0	0.21097	0	0.393812	0	0	0	0	0	0.241615	0	0	0	0
K00996	0	0	0	0	0	0	0	0	0	0	0	0	0	0	0	0	0	0	0	0	0	0	0	0	0	0	0	0	0	0	0	0	0	0	0	0	0	0	0	0	0	0	0	0	0	0	0	0	0	0	0	0	0	0	0	0	0	0	0	0	0	0	0	0	0	0	0	0	0	0	0	0	0	0	0	0	0	0	0	0	0	0	0	0	0	0	0	0	0	0	0	0	0	0	0	0	0	0	0	0	0	0	0	0	0	0	0	0	0	0	0	0	0	0	0	0	0	0
K02453	0	0	0	0	0	0	0	0	0	0	0	0	0	0	0	0	0	0	0	0	0	0	0	0	0	0	0	0	0	0	0	0	0	0	0	0	0	0	0	0	0	0	0	0	0	0	0	0	0	0	0	0	0	0	0	0	0	0	0	0	0	0	0	0	0	0	0	0	0	0	0	0	0	0	0	0.378788	0	0	0	0	0	0	0	0	0	0	0	0	0	0	0	0	0	0	0	0	0	0	0	0	0	0	0	0	0	0	0	0	0	0	0	0	0	0	0	0	0	0
K03565	0	0	0	0	0	0.537634	0	0	0	0	0	0	0	0	0	0	0	0	0	0	0	0	0	0	0	0	0	1.29851	0	0	0	0	0	0	0	0	0	0	0	0	0	0	0	0	0	0.0995025	0	0	0	0	0	0	0	0	0	0	0	0	0	0	0	0	0	0	0	0	0	0	0	0	0	0	0	0	0	0	0	0	0.53405	0	0	0	0	0	0	0	0	0	0	0	0	0	0	0	0	0	0	0	0	0	0	0	0	0	0	0	0	0	0	0	0	0	0	0	0	0	0	0
K03572	0	0	0	0.327869	0	0.0688525	0	0	0	0.645833	0.19697	1.9318419	0	0	0	0	0	0.327066	0	0	0	0	0	1.25243	0.133869	0	0	1.0956149	0.327869	0	0	0	0.117845	0.126263	0	0	0.126263	0.126263	0	0	0	0.5246509	0	0	0	0.4017909	0.0884735	0	0.617008	0.4226249	0	0.598185	0	0	0	0	0	0.0795107	0.557873	0.163934	0.554167	0.2	0	0	0	0.163934	0.2652839	0	0	0	0	0	0	0	0	0.491803	0	0.126263	0.126263	0	0	0.401606	0	0.327869	0.163934	0.768407	0.454167	0	0	0	0	0	0.126263	0.45679	0	0	0	0	0	0	0	2.678395	0	0	0	0	0	0	0	0	0	0	0.148634	0	0	0	0	0
K03216	0.406504	0	0	0	0	0	0	3.26984	0	0	0.27381	0.879871	0	0	0.885671	0	0	0.186992	0	0	0	0	0	0.446429	0.403794	0	0	0	0	0	0	0	0	0.380952	0	0	0.279133	0	0	0	0	0	0	0	0.446429	3.399443	0	0	0.502976	0	0	0.446429	0	0.384824	0.375	0	0	0	0	0	1.58285	1.16386	0	1.503518	0.678958	0	1.421044	0	0	0	0	0	0	0	0	0.980881	0	0.470238	1.201147	0.446429	0	0.446429	0	0	0	1.577379	0	0	0.661949	0	0	0	0	0.487805	0	0	0	0	0	0	0	0.583333	0	0	0	0	0	0	0.208333	0	0	0	0	0	0	0	0	0
K16785	0	0	0	0	0	0	0	0.932722	0	0	0	1	0	0	0	0	0	0	0.229358	0	0	0	0	0	1	0	0	0	1.22078	0	0	0	0	0	0	0	0	0	0	0	0	0	0	0	0	0.458716	0	0	0	0	0	0	0	0	0.467532	0	0	0	0	0	0.229358	0	0	0	0	0.0657492	0	0	0	0	0	0	0	0	1	0	0	0.229358	0	0	0	0	0	0	0	1.229358	0	0	0	0	0	0	0	0	0	0	0	0	0	0	0	0	0	0	0	0	0	0	0	0	0	0.54893	0	0	0	0	0	0
K01703	0	0	0	0	0	0	0	0	0	0	0	0	0	0	0	0	0	0	0	0	0	0	0	0	0	0	0	0	0	0	0	0	0	0	0	0	0	0	0	0	0	0	0	0	0	0	0	0	0	0	0	0	0	0	0	0.077381	0	0	0	0	0	0	0	0	0	0	0.18797	0	0	0	0	0	0.177936	0	0	0	0	0	0	0	0	0	0	0	0	0	0	0	0.333333	0	0	0	0	0.186717	0	0	0	0	0	0	0	0.162515	0	0	0	0	0	0	0	0	0	0	0	0	0	0	0	0
K07792	0	0	0	0	0	0	0	0	0	0	0	0	0	0	0	0	0	0	0	0	0	0	0	0	0	0	0	0	0	0	0	0	0	0	0	0	0	0	0	0	0	0	0	0	0	0	0	0	0	0	0	0	0	0	0	0	0	0	0	0	0	0	0	0	0	0	0	0	0	0	0	0	0	0	0	0	0	0	0	0	0	0	0	0	0	0	0	0	0	0	0	0	0	0	0	0	0	0	0	0	0	0	0	0	0	0	0	0	0	0	0	0	0	0	0	0	0	0
K01695	0	0	0	0	0	0	0	0	0	0	0	0	0	0	0	0	0	0	0	0	0	0	0	0	0	0	0	0	0	0	0	0	0	0	0	0	0	0	0	0	0	0	0	0	0	0	0	0	0	0	0	0	0	0	0	0	0	0	0	0	0	0	0	0	0	0	0	0	0	0	0	0	0	0	0	0	0	0	0	0	0	0	0	0	0	0	0	0	0	0	0	0	0	0	0	0	0	0	0	0	0	0	0	0	0	0	0	0	0	0	0	0	0	0	0	0	0	0
K00788	0	0	0	0	0	0	0	0	0	0	0	0	0	0	0	0	0	0	0	0	0	0	0	0	0	0	0	0	0	0	0	0	0	0	0	0	0	0	0	0	0	0	0	0	0	0	0	0	0	0	0	0	0	0	0	0	0	0	0	0	0	0	0	0	0	0	0	0	0	0	0	0	0	0	0	0	0	0	0	0	0	0	0	0	0	0	0	0	0	0	0	0	0	0	0	0	0	0	0	0	0	0	0	0	0	0	0	0	0	0	0	0	0	0	0	0	0	0
K00600	0	0	0	0	0	0	0	0	0	0	0	0	0	0	0	0	0	0	0	0	0	0	0	0	0	0	0	0	0	0	0	0	0	0	0	0	0	0	0	0	0	0	0	0	0	0	0	0	0	0	0	0	0	0	0	0	0	0	0	0	0	0	0	0	0	0	0	0	0	0	0	0	0	0	0	0	0	0	0	0	0	0	0	0	0	0	0	0	0.694444	0	0	0	0	0	0	0	0	0	0	0	0	0	0	0	0	0	0	0	0	0	0	0	0	0	0	0	0	0
K07016	0	0	0	0	0	0	0	0.275482	0	0	0	0	0	0	0	0	0	0	0	0	0	0	0	0	0	0	0	0	0	0	0	0	0	0	0	0	0	0	0	0	0	0.12055	0.181159	0	0	0	0	0	0	0	0	0	0	0	0	0	0	0	0	0	0	0	0	1.33929	0	0	0	0	0	0	0	0	0	0	0	0.275482	0	0	0	0	0	0	0	0	0	0	0	0	0	0	0	0	0	0	0	0	0	0	0	0	0	0	0	0	0	0	0	0.137741	0	0	0	0	0	0	0	0	0	0
K15738	0	0	0	0	0	0.0803858	0	0.322581	0	0.0803858	0.4939373	0.3220796	0.321007	0	0.1507025	0	0	0	0	0	0	0.1879128	0	0.634011	0	0	0	0.149254	0	0	0	0	0	0.0755627	0.160772	0	0	0	0	0	0	0	0	0.331126	0	0.342466	0	0	0	0	0	0.160772	0	0.344828	0	0	0	0	0	0.82906	0.1518144	0	0	1.357481	0.278583	0.2787988	0.390013	1.17866	0	0	0	0	0	0	0	0.2068513	0	0.365546	0.1694756	0.161031	0.0805153	0.112004	0	0	0	0.4795878	0	0	0	0	0	0	0	0.8839588	0	0	0	0	0	0	0	0	0	0	0	0	0	0	0	0.298507	0	0.6617808	0	0	0	0	0	0
K19140	0	0	0	0	0	0	0	0	0	0	0	0	0	0	0	0	0	0	0	0	0	0	0	0	0	0	0	0	0	0	0	0	0	0	0	0	0	0	0	0	0	0	0	0	0	0	0	0	0	0	0	0	0	0	0	0	0	0	0	0	0	0	0	0	0	0	0	0	0	0	0	0	0	0	0	0	0	0	0	0	0	0	0	0	0	0	0	0	0	0	0	0	0	0	0	0	0	0	0	0	0	0	0	0	0	0	0	0	0	0	0	0	0	0	0	0	0	0
K02503	0	0	0	0	0	0	0	3.97917	0	0	0.625	2.472226	0	0.509804	0	0	0	0	0	0	0	0	0	0	0.632479	0	0	0	0	0	0	0	0	0	0	0	0.972222	0	0	0	0	0	0	0	0	0	0	0	0	0	0	0	0	0	0	0	0	0	0	0	0	0.649573	0	0	0	0	3.215278	0	0	0	0	0	0	0	0	0	1	0	3.947307	0	0.990196	0	0	0	0	0	0	0	0	0	0	0	0	0	0	0	0	0	0	0	0	0	0	0	0	0.77451	0	0	0	0	0	0	0	0	0	0	0	0
K00989	0	0	0	0	0	0	0	0	0	0	0	0	0	0	0	0	0	0	0	0	0	0	0	0	0	0	0	0	0	0	0	0	0	0	0	0	0	0	0	0	0	0	0	0	0	0	0	0	0	0	0	0	0	0	0	0	0	0	0	0	0	0	0	0	0	0	0	0	0	0	0	0	0	0	0	0	0	0	0	0	0	0	0	0	0	0	0	0	0	0	0	0	0	0	0	0	0	0	0	0	0	0	0	0	0	0	0	0	0	0	0	0	0	0	0	0	0	0
K01775	0	0	0	0	0	0	0	0	0	0	0	0	0	0	0	0	0	0	0	0	0	0	0	0	0	0	0	0.34375	0	0	0	0	0	0	0	0	0	0	0	0	0	0	0	0	0	0	0	0	0	0	0	0	0	0	0	0	0	0	0	0	0	0	0	0	0	0	0	0	0	0	0	0	0	0	0	0	0	0	0	0	0	0	0	0	0	0	0	0	0	0	0	0	0	0	0	0	0	0	0	0	0	0	0	0	0	0	0	0	0	0	0	0	0	0	0	0	0	0
K02224	0	0	0	0.111397	0	0	0	0	0	0	0	0.200803	0	0	0	0	0	0	0	0	0	0	0	0	0	0	0	0	0	0	0	0	0	0	0	0	0	0	0	0	0	0	0	0	0	0	0	0	0.257069	0	0	0	0	0	0	0	0	0	0.164659	0	0	0	0	0	0	0.568182	0	0	0	0.200803	0	0	0	0	0.284091	0	0	0	0.284091	0	0	0	0	0	0	0	0	0	0	0	0	0	0.200803	0	0	0	0	0	0	0	0	0.385542	0	0	0	0	0	0	0	0	0	0	0	0	0	0	0	0
K03789	0	0	0	0	0	0	0	0	0	0	0	0	0	0	0	0	0	0	0	0	0	0	0	0	0	0	0	0	0	0	0	0	0	0	0	0	0	0	0	0	0	0	0	0	0	0	0	0	0	0	0	0	0	0	0	0	0	0	0	0	0	0	0	0	0	0	0	0	0	0	0	0	0	0	0	0	0	0	0	0	0	0	0	0	0	0	0	0	0	0	0	0	0	0	0	0	0	0	0	0	0	0	0	0	0	0	0	0	0	0	0	0	0	0	0	0	0	0
K03327	0	0	0	0	0	0	0	0	0	0.19084	0	0.123242	0	0	0.123242	0	0	0.248138	0.124069	0	0	0	0	0.248138	0	0.571247	0	0.124069	0	0	0	0	0	0	0	0	0.6192928	0	0	0	0.2	0	0	0.434685	0	0.628222	0	0	0.2	0.19084	0	0.686187	0.2	0.248139	0	0.549089	0	0	0	0	0.515886	0.124069	0	0	0.496278	0.267747	0.124069	0.231596	0.124069	0.123242	0	0	0	0	0.19084	0.2406947	0	0.248139	0.371381	0	0	0.124069	0	0	0	1.480562	0.372208	0	0.124069	0	0	0	0	0.372208	0	0	0	0	0	0	0	0.347222	0	0	0	0	0	0	0	0	0.557252	0	0	0.624339	0	0	0	0
K11928	0	0	0	0	0	0	0	0	0	0	0	0	0	0	0	0	0	0	0	0	0	0	0	0	0	0	0	0	0	0	0	0	0	0	0	0	0	0	0	0	0	0	0	0	0	0	0	0	0	0	0	0	0.777778	0	0	0	0	0	0	0	0	0	0	0	0	0	0	0	0	0	0	0	0	0	0	0	0	0	0	0	0	0	0	1	0	0	0	0	0	0	0	0	0	0	0	0	0	0	0	0	0	0	0	0	0	0	0	0	0	0	0	0	0	0	0	0	0	0
K15580	0.414945	0	0	0.594444	0	0	0	2.2775486	0	0.516529	1.2153926	10.608515	0	0	1.4476085	0	0	1.4200424	0.4834716	0.103306	0	0	0	0.4008266	0.475202	0	0	0.339593	0.744339	0	0	0	0.413223	0.158228	0	0	0	0	0	0	0	0.628487	0	0.264768	0.2889115	1.792011	0	0	0.311639	0.4703855	0	0.103306	0	0.416667	1.136805	0.145833	0	0	0	0.0895317	1.762207	0.537535	0	1.497245	1.264464	1.445594	3.1546819	0.841833	0	0	0	0	2.32292	0	0.158228	1.4825957	0.687131	0.933196	0.555611	0.617769	0.103306	0.594353	0	0.103306	0	5.92855	0.1522038	0	0	0.103306	0	0.457447	0	1.138669	0	0	0	0.1508267	0	0	0	0.102617	0	0	0	0.205923	0.0578512	0.0896624	0.671594	0	0.571625	0.0792011	0.103306	0.158228	0	0.311639	0	0.103306
K00800	0.564972	0	0	0.134048	0	0.329905	0	0	0	0	0.134048	0.268097	0	0	0.0661305	0	0	0	0	0	0	0	0	0	0	0	0	0	0	0	0	0	0	0	0	0	0	0	0	0	0	0	0	0	0	0.247525	0	0	0.134048	0.134048	0	0	0	0	0	0.297619	0	0	0	0	0	0	0	0	0	0.268097	0	0.0911528	0	0	0	0	0	0	0	0	0	0	0	0	0	0	0	0	0	0	0	0	0	0	0	0	0	0	0	0	0	0	0	0	0	0	0	0	0	0	0	0	0	0	0	0	0	0	0	0	0	0
K01633	0	0	0	0	0	0	0	0	0	0	0	0	0	0	0	0	0	0	0	0	0	0	0	0	0	0	0	0.714976	0	0	0	0	0	0	0	0	0	0	0	0	0	0	0	0	0	0	0	0	0	0	0	0	0	0	0	0	0	0	0	0	0	0	0	0	0	0	0	0	0	0	0	0	4.65728	0	0	0	0	0	0	0	0	0	0	0	0	0	0	0	0	0	0	0	0	0.704225	0	0	0	0	0	0	0	0	0	0	0	0	0	0	0	0	0	0	0	0	0	0	0	0
K01925	0	0	0	0	0	0	0	0	0	0	0	1.68468	0	0	0	0	0	0	0	0	0	0	0	0	0	0	0	0	0	0	0	0	0	0	0	0	0	0	0	0	0	0	0	0	0	0	0	0	0	0	0	0	0	0	0	0	0	0	0	0	0	0	0	0	0	0	0	0	0	0	0	0	0	0	0	0	0	0	0	0	0	0.981982	0	0	0	0	0	0	0	0	0	0	0	0	0	0	0	0	0	0	0	0	0	0	0	0	0	0	0	0	0	0	0	0	0	0	0	0
K09790	0	0	0	0	0	0	0	0	0	0	0	0	0	0	0	0	0	0	0	0	0	0	0	0	0	0	0	0	0	0	0	0	0	0	0	0	0	0	0	0	0	0	0	0	0	0	0	0	0	0	0	0	0	0	0	0	0	0	0	0	0	0	0	0	0	0	0	0	0	0	0	0	0	0	0	0	0	0	0	0	0	0	0	0	0	0	0	0	0	0	0	0	0	0	0	0	0	0	0	0	0	0	0	0	0	0	0	0	0	0	0	0	0	0	0	0	0	0
K02111	0	0	0	0	0	0	0	0	0	0.510638	0	0	0	0	0	0	0	0	0	0	0	0	0	0	0	0	0	0	0	0	0	0	0	0	0	0	0	0	0	0	0	0	0	0	0	0	0	0	0	0	0	0	0	0	0	1.63248	0	0	0	0	0	0	0	0	0	0	0	0	0	0	0	0	0	0	0	0	0	0.931624	0	0	0	0	0	0	0	4.80851	0	0	0	0	0	0	0	0	0	0	0	0	0	0	0	0	0	0	0	0	0	0	0	0	1.3617	0	0	0	0	0	0	0
K02945	7.417079	0.5992	0	3.310202	1.93482	2.725398	0.25729	14.358544	0	3.313436	9.726569	10.671268	5.756397	0	8.037067	1.37221	0.279286	9.056159	4.225407	1.0789	0.358188	0.171527	0	8.109165	14.671043	1.42653	0	7.586836	11.353843	0.170955	0.171527	1.1384	4.278224	3.2599	0.448828	1.998298	15.443848	1.446361	0.30932	1.877571	1.39394	3.124186	1.631724	3.809863	4.50715	27.044148	1.850203	0	3.345826	4.757549	0	8.99549	0.5362133	5.108616	1.71527	2.838157	0.0857633	0.594054	1.606422	2.939636	13.128174	6.377519	2.753	7.35392	5.84505	13.29838	35.671452	1.914726	1.346978	2.673252	0	0	2.392724	0.343053	0.171527	57.444032	1.66438	14.668917	48.906739	2.548234	1.410422	12.531017	0.686106	1.620663	2.263232	83.408982	2.971377	0.256146	4.350482	1.06452	0.836996	8.418597	1.987764	16.553815	0.857633	0.240924	0	3.639759	0.857633	0	0.67577	11.59752	0.30932	0	0.171527	8.01949	3.224888	2.318896	12.86885	2.069406	8.532835	5.31869	2.624282	2.134059	0	2.67162	0	1.405046
K02519	0.0988142	0	0	0.197628	0	0.0988142	0	0	0	0.399868	1.060546	0.638654	0	1.14124	1.254128	3.07692	0	0.564103	0	0	0	0	0	1.625641	0.7711302	0	0	2.82544	3.32016	0	0	0	0	0.22859	0	0	0	0	0	0	0	0	0	0.395257	0	0.241765	0	0	0	1.050423	0	2.495341	0	0	0	0	0	0	0.197628	0.121951	2.3361022	1.34872	0	0.0902503	0	0.404938	0.738855	0.769231	0.0988142	0.534515	0	0	2.590251	0	0.395257	0.944506	0	0	3.1131016	0.0810277	0	0.446154	0	0.468927	0.4691842	1.1292722	0	0	0.0988142	0.2444642	0	0	0.0988142	0.0474308	0	0	0.197628	0	0	0	0	9.735142	0.296443	0	0	0	1.61582	0.197628	0.197628	0	0	0	0.197628	0.878788	0	0.0988142	0	0.146628
K00796	0.218341	0	0	0	0	0	0	1.14265	0	0.137427	0.144105	0.342067	0	0	0.218341	0	0	0.655022	0.295359	0	0	0	0	0.91848642	0	0	0	0.1746725	0	0	0	0	0.829694	0	0.425036	0	0.36099	0	0	0	0.112082	0	0	0	0	1.882179	0.218341	0	0.436681	0	0	0	0	0.218341	0	0.218341	0	0	0	0	0.60262	0	0	0.3246	1.49782	0.557496	0.0409357	0	0	0	0	0	1.36099	0	0	1.515068	0	0.218341	0.952369	0	0	0	0.219298	0	0	1.967978	0	0	0	0	0	0	0	0.818786	0	0	0	0	0	0	0	0	0	0	0	0	0	0	0	0	0.873362	0	0	0	0	0	0	0
K01520	0	0	0	0	0	0	0	0	0	0	0	0	0	0	0	0	0	0	0	0	0	0	0	0	0	0	0	0	0	0	0	0	0	0	0	0	1	0	0	0	0	0	0	0	0	0	0	0	0	0	0	0	0	0	0	0	0	0	0	0	0	0	0	0	0	0	0	0	0	0	0	0	0	0	1	0	0	0	0	0	0	0	0	0	0	0	0	0	0	0	0	0	0	0	0	0	0	0	0	0	0	0	0	0	0	0	0	0	0	0	0	0	0	0	0	0	0	0
K00003	0	0	0	0	0	0.131579	0	0.920176	0	0.290698	1.128386	2.680058	0	0	0.526316	0	0	0.263158	0	0	0	0	0	0.263158	0.0385965	0	0	0.131579	0.432171	0	0	0	0	0.130702	0	0	2.16391	0	0	0.145349	0	0	0	0	0	1.171052	0	0	0.394737	0.131579	0	1.234578	0	0	0	1	0	0.131579	0	0.145349	0.131579	0.285965	0	0	0.131579	0.0605263	0.4429826	0	0	0.263158	0	0	0.436047	0	0	2.111526	0	0.394737	1.105979	0	0	0.191228	0	0.145349	0.131579	2.0456185	0.394737	0	0.131579	0	0	0.131579	0	0.485088	0	0	0	0	0	0	0	1.145349	0	0	0	0.131579	0	0	0.299123	0	0.263158	0	0	0	0	0.568182	0	0.704545
K01493	0	0	0	0	0	0	0	0	0	0	0	0	0	0	0	0	0	0	0	0	0	0	0	0	0	0	0	0	0	0	0	0	0	0	0	0	0	0	0	0	0	0	0	0	0	0	0	0	0	1.48148	0	0	0	0	0	0	0	0	0	0	0	0	0	0	0	0	0	0	0	0	0	0	0	0	0	0	0	0	0	0	0	0	0	0	0	0	0	0	0	0	0	0	0	0.986395	0	0	0	0	0	0	0	0	0	0	0	0	0	0	0	0	0	0	0	0	0	0	0	0
K19221	0.699301	0.347319	0	0	0	0	0	0.34965	0	0.42735	0.699301	1.960373	0	0.699301	0	0.606061	0	0.200466	0.34965	0	0	0	0	0.34965	0	0	0	0.906759	0	0	0	0	0	0.0738255	0	0	0.200466	0	0	0	0	0	0	0	0.34965	2.072107	0	0	0.34965	0	0	0.34965	0	0.564102	0.34965	0	0	0	0.6809121	0	0.773893	0.263403	0.341954	0	0.736597	1.804195	1.04895	0	0	0.300699	0	0	0.174497	2.1236	0.34965	0.324009	0.213333	0.34965	0.831444	0.34965	0	0.41958	0	0	0.34965	3.13054	0.263403	0.438596	0	0	0	0	0	0.41958	0	0	0	0	0	0	0	0.699301	0	0	0	0	0	0	0.671329	0	0	0	0.428161	0	0	0	0	0
K12267	0	0	0	0	0	0	0	0	0	0	0	0	0	0	0	0	0	0	0	0	0	0	0	0	0	0	0	0	0	0	0	0	0	0	0	0	0	0	0	0	0	0	0	0	0	0	0	0	0	0	0	0	0	0	0	0	0	0	0	0	0	0	0	0	0	0	0.27933	0	0	0	0	0	0	0	0	0	0	0	0	0	0	0	0	0	0	0	0	0	0	0	0	0	0	0	0	0	0	0	0	0	0	0	0	0	0	0	0	0	0	0	0	0	0	0	0	0	0	0
K01142	0	0	0	0	0	0	0	0	0	0	0	0	0	0	0	0	0	0	0	0	0	0	0	0	0	0	0	0	0	0	0	0	0	0	0	0	0	0	0	0	0	0	0	0	0	0	0	0	0	0	0	0	0	0	0	0	0	0	0	0	0	0	0	0	0	0	0	0	0	0	0	0	0	0	0	0	0	0	0	0	0	0	0	0	0	0	0	0	0	0	0	0	0	0	0	0	0	0	0	0	0	0	0	0	0	0	0	0	0	0	0	0	0	0	0	0	0	0
K09951	0	0	0	0	0	4.5	0	0	0	0	0	0	0	0	0	0	0	0	0	0	0	0	0	0	0	0	0	0	0	0	0	0	0	0	0	0	0	0	0	0.84127	0	0	1.39535	0	0	0	0	0	0	0	0	0	0	0	0	0	0	0	0	0	0	0	0	0	0	0.619048	0	0	0	0	0	0	0	0	0	0	0	0	0	0	0	0	0	0	0	0	0	0	0	0	0	0	0	0	0	0	0	0	0	0	0	0.930233	0	0	0	0	0	0	0	0	0	0	0	0	0	0.96124	0	0
K03284	0.324675	0	0	0	0	0	0	0	0	0	1.28311	0.684932	0	0	0	0	0	0.410959	0	0	0	0	0	0	0	0	0	0.0920398	0	0	0	0	0	0	0	0	0	0	0	0	0.253807	0.818074	0	0.99187	0	0	0	0	0	0	0	0.961538	0	0	0	0	0	0	0	0	0.489718	0	0	0	0	0	0.657534	0	0	0	0	0	0.373134	0	0.320513	0.54476	0	0.228426	0	0.185897	0	0.253807	0	0.0136816	0	0	0	0	0	0	0	0	0	0	0	0	0	0	0	0	0	0	0	0	0	0	0	0	0	0	0	0	0	0	0	0	0	0
K07112	0	0	0	0	0	0	0	0	0	0	0	0	0	0	0	0	0	0	0	0	0	0	0	0	0	0	0	0	0	0	0	0	0	0	0	0	0	0	0	0	0	0	0	0	0	0	0	0	0	0	0	0	0	0	0	0	0	0	0	0	0	0	0	0	0	0	0	0	0	0	0	0	2.39583	0	0	0	0	0	0	0	0	0	0	1	0	0	0	0	0	0	0	0	0	0	0	0	0	0	0	0	0	0	0	0	0	0	0	0	0	0	0	0	0	0	0	0	0	0
K02073	0	0	0	0	0	0	0	0	0	0	0	0	0	0	0	0	0	0	0	0	0	0	0	0	0	0	0	0	0	0	0	0	0	0	0	0	0	0	0	0	0	0	0	0	0	0	0	0	0	0	0	0	0	0	0	0	0	0	0	0	0	0	0	0	0	0	0	0	0	0	0	0	0	0	0	0	0	0	0	0	0	0	0	0	0	0	0	0	0	0	0	0	0	0	0	0	0	0	0	0	0	0	0	0	0	0	0	0	0	0	0	0	0	0	0	0	0	0
K03639	0	0.512255	0	1.21201	0.367647	0	0	2.269422	0	0.505208	1.244179	2.37199	0	0	0	0	0	1.538587	0	0	0	0	0	1.71569	0.962202	0	0	0	0	0	0	0	0	0.183824	0	0	0	0.366422	0	0.369792	0.626225	0	0	0.395833	0	0	0	0	0	0	0	2.099177	0	0	0	0.540541	0	0	0	0.770833	3.92034	0	0	5	2.40686	0.360294	4.021526	0.458333	0	0	0	0	0	0	0	0.436118	0.183824	0.530637	0.498774	0	0	0	0	0	0	3.103996	0.473039	0	0.41673	0	0	0	0	1.17117	0	0	0	0.367647	0.677083	0	0	0	0	0	0	0.463235	0	0.27027	0.367647	0	0.366422	0.281863	0	0	0	0	0	0
K01847	0	0	0	0	0	0	0	0	0	0	0	0.16129	0	0	0	0.322581	0	0	0	0	0	0	0	0	0	0	0	0	0.16129	0	0	0	0	0.16129	0	0	0	0	0	0	0	0	0	0	0	0	0	0	0	0.322581	0	0	0	0	0	0	0	0	0	0	0	0	0	0.322581	0	0.806452	0	0	0	0	0	0	0	0	0	0.860439	0	0	0.482796	0.148387	0	0	0	0	0	0	0	0.499431	0	0	0	0	0	0	0	0	0	0	0	0	0	0.170648	0	0	0	0	0	0	0	0	0	0	0	0.445961	0	0	0	0
K02029	0	0	0	0	0	0	0	0	0	0	0	0	0	0	0	0	0	0	0	0	0	0	0	0	0	0	0	0	0	0	0	0	0	0	0	0	0	0	0	0	0	0	0	0	0	0	0	0	0	0	0	0	0	0	0	0	0	0	0	0	0	0	0	0	0	0	0	0	0	0	0	0	0	0	0	0	0	0	0	0	0	0	0	0	0	0	0	0	0	0	0	0	0	0	0	0	0	0	0	0	0	0	0	0	0	0	0	0	0	0	0	0	0	0	0	0	0	0
K03311	0	0	0	0	0	0	0	0	0	0	0	0	0	0	0	0	0	0	0	0	0	0	0	0	0	0	0	0	0	0	0	0	0	0	0	0	0	0	0	0	0	0	0	0	0	0	0	0	0	0	0	0	0	0	0	0	0	0	0	0	0	0	0	0	0	0	0	0	0	0	0	0	0	0	0	0	0	0	0	0	0	0	0	0	0	0	0	0	0	0	0	0	0	0	0	0	0	0	0	0	0	0	0	0	0	0	0	0	0	0	0	0	0	0	0	0	0	0
K03571	0	0	0	0	0	0	0	0	0	0	0	0	0	0	0	0	0	0	0	0	0	0	0	0	0	0	0	0	0	0	0	0	0	0	0	0	0	0	0	0	0	0	0	0	0	0	0	0	0	0	0	0	0	0	0	0	0	0	0	0	0	0	0	0	0	0	0	0	0	0	0	0	0	0	0	0	0	0	0	0	0	0	0	0	0	0	0	0	0	0	0	0	0	0	0	0	0	0	0	0	0	0	0	0	0	0	0	0	0	0	0	0	0	0	0	0	0	0
K03525	0	0	0	0	0	0	0	0.242718	0	0	0.242718	0.797619	0	0	0	0	0	0	0	0	0	0	0	0	0	0	0	0.242718	1.071551	0	0	0	0	0	0	0	0	0	0	0	0	0	0	0	0	0	0	0	0	0	0	0.372024	0	0	0	0	0	0	0.795944	0	0	0	0	0	0	0	0	0	0	0	0	0	0	0	0.446429	0	0	0	0	0	0	0	0	0	0	0	0	0	0	0	0	0	0	0	0	0	0	0	0	0	0	0	0	0	0	0	0	0	0	0	0	0	0	0	0	0	0	0
K03704	0	0	0	0	0	0.729167	0	0	0	1	8	0	0	0	1.64583	0	0	2	0	1	0	0	0	4.437503	1	0	0	1.89583	0	0	0	0	2	0	0	0	1.6875	1.95833	0	0	1	0	0	0	0	2.95833	0	0	1	1	0	14.2083	0	0	0	0.666667	0	0	0	0	0	0.895833	0	0	0.770833	0	3.5625	0	0	7.41667	0	0	0	0	0	39.56253	2.916663	0	3.75	4	1	0	0	1.916667	13.0208	6.70833	0	0	1	1	0.916667	0	1	9	0	0	0	1	0	7.3125	1	78.57497	0	0.625	0	1	0	3.85417	2.875	2.85417	1	2	0	8.6875	0	1	0	2
K00868	0	0	0	0	0	0	0	0	0	0	0	0	0	0	0	0	0	0	0	0	0	0	0	0	0	0	0	0.232558	0	0	0	0	0	0	0	0	0	0	0	0	0	0	0	0	0	0	0	0	0	0	0	0	0	0	0	0	0	0	0	0	0	0	0	0	0	0	0.232558	0	0.0409357	0	0	0	0	0	0	0	0	0	0	0	0	0	0	0.438596	0	0	0	0	0	0	0	0	0	0	0	0	0	0	0	0	0	0.625	0	0	0	0	0	0	0	0	0	0	0	0	0	0	0	0
K00919	0.400268	0	0	0	0	0.200803	0	0.803213	0	0	0.038822	0.400268	0	0	0.47925	0	0	0.53012	0	0	0	0	0	0.285141	0.192771	0	0	0	0	0	0	0	0.161981	0	0	0	0	0	0	0	0.200803	0	0	0	0	0.31593	0.401606	0	0	0.159304	0	0	0	0.200803	0	0.296565	0	0	0	0.401606	0.200803	0	0	0.736278	0	0	0.200803	0.465863	0	0	0	0	0	0	0	0.307898	0	0	0	0.200803	0	0	0	0	0	1.125273	0	0	0	0	0	0	0	0	0	0	0	0	0	0	0	0	0	0	0	0.200803	0	0	0.168421	0	0.37751	0.200803	0	0	0	0	0	0
K04488	1.63043	0	0	0.699275	0	0	0	15.98189	0	3.21333	1.235507	0.351111	0.583333	1.08696	5.173911	0	0.376812	5.282609	1	0.521739	0	0	0	3.19565	3.583329	0.373188	0	1.324444	2.52444	0	0	0.612319	3.695653	0.123188	0	0.126812	0.666667	1.95238	0	2.0942	1.14855	0.2963284	0	2	1.76449	20.310644	0.971014	0	1.155797	3.242948	0	3.2246374	0	0.75	0.894154	0	0	0.173913	0	1.38095	10.654765	1.692028	0.15942	3.90217	3.71739	0	16.2447842	2.362316	1.033478	1.753623	0	0	0	0	0.324444	5.247685	0	2.64855	13.148524	0.0362319	0	2.9058	0.808889	1.499029	1	31.61598	1.231884	0	0.181159	0	0	0	0.6101447	3.80435	0	0	0	0.380435	0	0	0.778986	7.285507	0.916667	0	0	2.07609	0.543478	1.35556	1.866667	0	0.373188	2.55073	0.553575	0	0.844203	2.223041	0	0.952381
K07574	0	0	0	0	0	0	0	0	0	0	0	0	0	0	0	0	0	0	0	0	0	0	0	0	0	0	0	0	0	0	0	0	0	0	0	0	0	0	0	0	0	0	0	0	0	0.733333	0	0	0	0	0	0	0	0	0	0	0	0	0	0	0	0	0	0	0	0	0	0	0	0	0	0	0	0	0	0	0	0	0	0	0	0	0.266667	0	0	0	0	0	0	0	0	0	0	0	0	0	0	0	0	0	0	0	0	0	0	0	0	0	0	0	0	0	0	0	0	0	0	0
K02687	0	0	0	0	0	0	0	0	0	0	0	0	0	0	0	0	0	0	0	0	0	0	0	0	0	0	0	0	0	0	0	0	0	0	1.19444	0	0	0	0	0	0	0	0	0	0	0	0	0	0	0	0	0.583333	0	0	0	0	0	0	0	0	0	0	0	0	0	0	0	0	0	0	0	0	0	0	0	0	0	0	0	0	0	0	0	0	0	0	0	0	0	0	0	0	0	0	0	0	0	0	0	0	0	0	0	0	0	0	0	0	0	0	0	0	0	0	0	0	0	0
K19147	0	0	0	0	0	0	0	0	0	0	0	0	0	0	0	0	0	0	0	0	0	0	0	0	0	0	0	0	0.169492	0.3367	0	0	0	0	0	0	0	0	0	1.75595	0	0	0	0	0	0.294052	0	0	0	0	0	0	0	0	0	0	0	0	0	0	0	0	0.162866	0	0	0	0	0	0	0	0	0	0	0	0	0	0	0.16835	0	0	0	0	0	0.179487	0	0	0	0	0	0	0	0	0	0	0	0	0	0	0	0	0	0	0	0	0	0	0	0	0.123164	0	0	0	0	0.168919	0	0.494872	0	0
K04561	0	0	0	0.550308	0.508906	0	0	0.636132	0	1.226143	0.127226	0	0	0	0	0	0	0	0.253605	0	0	0	0	0	0	0	0	0.798346	1.422649	0	0	0	0	1.127226	0	0	0	0	0	0.789881	0	0	0.625	1.0805	0	0.104167	0	0	0.104167	0.335559	0	0.357925	0	0	0.391115	0	0	0	0.52624	0	0.0619169	0	0	0.381679	0	0.208333	0.127226	0	0	0	0	0	2.12976	0	0.833333	1.075165	0	0	0	0.222064	0	0.127226	0	0.151824	0	0	0	0	0	0.208333	0	0	0	0	0	0	0	0.127226	0	0	0	0.380831	0	0	0	0	0	0	0	0	0	0	0	0	0	0	0	0
K02669	0	0	0	0	0	0	0	0	0	0	0	0	0	0	0	0	0	0	0	0	0	0	0	0	0	0	0	0	0	0	0	0	0	0	0	0	0	0	0	0	0	0	0	0	0	0	0	0	0	0	0	0	0	0	0	0	0	0	0	0	0	0	0	0	0	0	0	0	0	0	0	0	0	0	0	0	0	0	0	0	0	0	0	0	0	0	0	0	0	0	0	0	0	0	0	0	0	0	0	0	0	0	0	0	0	0	0	0	0	0	0	0	0	0	0	0	0	0
K07098	0.13469	0	0	0.758865	0	0	0	1.356425	0	0	0	0.909883	0	0	1.33346	0	0	0.791605	0	0	0	0	0	0.399486	0.290698	0	0	0	0.892926	0	0	0.145349	0	0	0	0	0.860228	0.290698	0	0	0	0.256944	0	0	0	2.7399054	0	0	0	0	0	0.916999	0.290698	0.133721	0	0	0	0.35646	0	0.357143	0.410771	0.246124	0	1.3880815	1.69283	0.145349	1.311449	0	0	0	0	0	0	0	0	0.9170037	0	1.3537806	0.5892686	0.389323	0	0.290698	0	0	0	3.264527	0.145349	0	0	0.145349	0	0.292398	0	0	0	0	0	0	0	0	0	0.445785	0	0	0	0.457849	0	0.728445	0	0	0.726744	0.64485	0	0	0	0	0	0
K06967	0	0	0	0	0	0	0	0	0	0	0	0	0	0	0	0	0	0	0	0	0	0	0	0	0	0	0	0	0	0	0	0	0	0	0	0	0	0	0	0	0	0	0	0	0	0	0	0	0	0	0	0	0	0	0	0	0	0	0	0	0	0	0	0	0	0	0	0	0	0	0	0	0	0	0	0	0	0	0	0	0	0	0	0	0	0	0	0	0	0	0	0	0	0	0	0	0	0	0	0	0	0	0	0	0	0	0	0	0	0	0	0	0	0	0	0	0	0
K02031	0	0	0	0	0	0	0	0	0	0	0	0	0	0	0	0	0	0	0	0	0	0	0	0	0	0	0	0	0	0	0	0	0	0	0	0	0	0	0	0	0	0	0	0.465278	0	0	0	0	0	0	0	0	0	0	0	0	0	0	0	0	0	0	0	0	0	0	0.118056	0	0	0	0	0	0	0	0	0	0	0	0	0	0	0	0	0	0	0	0	0	0	0	0	0	0	0	0	0	0	0	0	0	0	0	0	0	0	0	0	0	0	0	0	0	0	0	0	0	0	0
K03399	0	0	0	0	0	0	0	0	0	0	0	0	0	0	0	0	0	0	0	0	0	0	0	0	0	0	0	0	0	0	0	0	0	0	0	0	0	0	0	0	0	0	0	0	0	0	0	0	0	0	0	0	0	0	0	0	0	0	0	0	0	0	0	0	0	0	0	0	0	0	0	0	0	0	0	0	0	0	0	0	0	0	0	0	0	0	0	0	0	0	0	0	0	0	0	0	0	0	0	0	0	0	0	0	0	0	0	0	0	0	0	0	0	0	0	0	0	0
K00806	0	0	0	0.128455	0	0	0	1.91919	0	0	0	0	0	0	0	0.931818	0	0	0	0	0	0	0	0	0	0	0	0	2.488342	0	0	0	0	0.0471545	0	0	0	0	0	0	0	0	0	0	0	0	0	0	0	0	0	0	0	0	0	0	0	0	0	0	0	0	0	0	0	0	0.277778	0	0	0.985859	0	0	0	0	0	0.742424	0	0.25	0.0260163	0	0	0	0	0	0	0	0	0	0	0	0	0	0	0	0	0	0	0	0	0	0	0.243902	0	0	0	0	0	0	0	0	0	0	0	0	0	0	0	0
K00174	1.77901	0	0	0.6287391	0.374532	0.5933663	0	6.476486	0	0.280899	2.534422	2.304351	0.419476	0	2.494201	0	0	2.7042	0.717229	0	0	0	0	2.8327667	1.006149	0	0	0.093633	1.368201	0	0	0.657895	7.2845	0.105485	0	0	1.646051	0.187266	0	0.3932587	0	0	3.39785	0	1.259035	1.557412	0	0	0.946941	1.349897	0	1.988736	0	0.52809	0.387632	0.783969	0	0.187266	0	0	1.863456	1.632793	0.093633	6.90372	2.86767	3.843459	0.322722	0.914462	0.105485	0.569439	0	0	0	0.187266	0.565518	9.291772	0.516221	2.809907	6.382092	0.383895	1.067745	1.541942	0.316456	0.689581	0.229713	16.117712	0.1498128	0	0.1385768	0	0.093633	1.223109	0	1.081622	0	0	0	0.187266	0	0	0	0.289987	0	0	0	1.73212	0.280275	0	2.920383	0.187266	0.655431	0.6204747	0.093633	0.307108	0	0.093633	0	0.1527728
K01868	0	0	0	0.625	0	0	0	0	0	0	0.18315	0	0	0	0	0	0	0	0	0	0	0	0	0	0	0	0	0.0784737	0	0	0	0	0	0.783667	0	0	0	0	0	0	0	0	0	0	0.625	0.18315	0	0	0	0	0	0	0	0	0.215983	0	0	0	0	0	0.18315	0	0	0.617698	0	0	0	0	0	0	0	0	0	0	0	0	0	0.308333	0.18315	0	0	0	0	0	0	0.3663	0	0	0.632479	0	0	0	0	0	0	0	0	0	0	0	0	0	0	0	0	0	0	0	0	0	0	0	0	0	0	0	0	0
K02003	0	0	0	0	0	0.854686	0	0	0	0	0.446309	0	0	0	0	0	0	0	0	0	0	0	0	0	0	0	0	0.958237	0	0	0	0	0	0	0	0	0.268761	0	0	0	0	0	0	1.02618	0.0296684	0.302428	0	0	0.26178	0	0	1.72251	0	0	0.273997	0.27027	0	0	0.52356	0	0	0	0	0	0	0.260035	0	0	0	0	0	0	0	0	0.111693	0.247818	0	0	0	0	0	0	0	0	0	0	0	0	0	0	0	0	0	0	0	0	0	0	0	0	0	0	0	0	0	0	0	0	0	0	0	0	0	0	0	0	0	0
K03657	0	0	0	0	0	0	0	0	0	0	0	0.196217	0	0	0	0	0	0	0	0	0	0	0	0	0	0	0	0.260887	0.118203	0	0	0	0	0	0	0	0	0	0	0	0	0	0	0.215208	0	0	0	0	0	0	0	0	0	0	0	0	0	0	0	0	0	0	0	0	0	0	0.261675	0	0	0.342995	0	0	0	0	0	0.0615006	0	0	0	0	0	0	0	0	0	0	0	0	0.071736	0	0	0	0	0	0	0	0	0	0	0	0	0	0	0	0	0	0	0	0	0	0	0	0	0	0	0	0	0
K03553	0	0	0	0	0	0	0	0	0	0	0	0	0	0	0	0	0	0	0	0	0	0	0	0	0	0	0	0	0	0	0	0	0	0	0	0	0	0	0	0	0	0	0	0	0	0	0	0	0	0	0	0	0	0	0	0	0	0	0	0	0	0	0	0	0	0	0	0	0	0	0	0	0	0	0	0	0	0	0	0	0	0	0	0	0	0	0	0	0	0	0	0	0	0	0	0	0	0	0	0	0	0	0	0	0	0	0	0	0	0	0	0	0	0	0	0	0	0
K01993	0	0	0	0	0	0	0	0	0	0	0	0	0	0	0	0	0	0	0	0	0	0	0	0	0	0	0	0	0	0	0	0	0	0	0	0	0	0	0	0	0	0	0	0	0	0	0	0	0	0	0	0	0	0	0	0	0	0	0	0	0	0	0	0	0	0	0	0	0	0	0	0	0	0	0	0	0	0	0	0	0	0	0	0	0	0	0	0	0	0	0	0	0	0	0	0	0	0	0	0	0	0	0	0	0	0	0	0	0	0	0	0	0	0	0	0	0	0
K06881	0	0	0	0	0	0	0	0	0	0	0	0	0	0	0	0	0	0	0	0	0	0	0	0	0	0	0	0	0	0	0	0	0	0	0	0	0	0	0	0	0	0	0	0	0	0	0	0	0	0	0	0	0	0	0	0	0	0	0	0	0	0	0	0	0	0	0	0	0	0	0	0	0	0	0	0	0	0	0	0	0	0	0	0	0	0	0	0	0	0	0	0	0	0	0	0	0	0	0	0	0	0	0	0	0	0	0	0.256173	1	0	0	0	0	0	0	0	0	0
K02454	0	0	0	0	0	0	0	0	0	0	0	0	0	0	0	0	0	0	0	0	0	0	0	0	0	0	0	0	0	0	0	0	0	0	0	0	0	0	0	0	0	0	0	0	0	0	0	0	0	0	0	0	0	0	0	0	0	0	0	0	0	0	0	0	0	0	0	0	0	0	0	0	0	0	0	0	0	0	0	0	0	0	0	0	0	0	0	0	0	0	0	0	0	0	0	0	0	0	0	0	0	0	0	0	0	0	0	0	0	0	0	0	0	0	0	0	0	0
K02191	0	0	0	0	0	0	0	0	0	0	0	0	0	0	0	0	0	0	0	0	0	0	0	0	0	0	0	0	0	0	0	0	0	0	0	0	0	0	0	0	0	0	0	0	0	0	0	0	0	0	0	0	0	0	0	0	0	0	0	0	0	0	0	0	0	0	0	0	0	0	0	0	0	0	0	0.423729	0	0	0	0	0	0	0	0	0	0	0	0	0	0	0	0	0.423729	0	0	0	0	0	0	0	0	0	0	0	0	0	0	0	0	0	0	0	0	0	0	0	0	0
K03046	0.478697	0	0	0.4097361	0.133869	0.0669344	0	2.237524	0	3.6744894	0.4795121	4.477226	2.014714	0.133869	2.48538	0	0.133869	1.153372	0.334672	0.165017	0	0.648318	0	2.594567	0.0669344	0.322581	0	4.2911248	6.5205931	0	0	0.1888141	0	1.918454	0	0	0.245476	0	0	1.752743	0.139376	0.2642234	0	0.4644184	0.62707	2.25296	0.290698	0	0.1888141	1.0292854	0	2.0058705	0	0.2198394	0.670509	0.94538	0.025	0.133869	4.07765113	2.2146291	1.598021	1.040641	0	2.4842186	0	0.0374833	1.403829	0.4338784	0	0.5767234	0	0	2.6006234	0	0.269113	5.196251	0.4117624	1.1508434	1.5558734	0.200803	0.1661408	1.466043	0	0.8464894	0.984968	4.385075	0.133869	0	0.814042	0.625	0	0	0	0.8386584	0	0	0	0	0	0.330033	0	3.5499001	0	0.398936	0	0.4336172	0	0	0.840587	0.0669344	0	0	0.0669344	0.4665344	0	0.0992064	0	0
K07034	0	0	0	0	0	0	0	0	0	0	0	0	0	0	0	0	0	0	0	0	0	0	0	0	0	0	0	0	0	0	0	0	0	0	0	0	0	0	0	0	0	0	0	0	0	0	0	0	0	0	0	0	0	0	0	0	0	0	0	0	0	0	0	0	0	0	0	0	0	0	0	0	0	0	0	0	0	0	0	0	0	0	0	0	0	0	0	0	0	0	0	0	0	0	0	0	0	0	0	0	0	0	0	0	0	0	0	0	0	0	0	0	0	0	0	0	0	0
K01265	4.273756	1.20773	0	1.849885	2.559597	2.9936621	0.42029	27.194861	0	9.891609	12.256695	58.512475	11.513483	0.241546	36.578659	0	0	9.929875	11.701134	0.835749	3.4627947	2.772603	0	6.099842	5.207954	2.901758	0	7.010333	12.227967	0.338164	0	2.4887639	14.692411	9.803771	1.6715	4.372636	4.714377	1.560295	0.241546	5.623382	1.96457	0.933758	0.966184	6.426128	5.803088	17.781997	1.208224	0.161031	4.229783	6.01862	0	52.274886	0.233494	4.16161	4.515958	2.1326102	0	6.272401	1.02778	7.086047	27.7166	9.466282	1.808173	10.94686	7.94686	6.740592	20.699467	10.7783321	2.05438	1.437838	0.481481	0	77.8258685	4.76458	0.785577	25.943998	0.899816	11.183541	19.52452	3.676848	0.630895	11.07728495	1.00447	0.4943641	0.465034	22.410121	3.919143	0	2.017373	0.166667	0.0933977	1.152634	0	6.830738	0	0	0	0.84058	0	0	0	12.224655	0.481481	0.543478	0	0.481481	0.285714	3.699165	2.394562	0.449151	6.42469	0.940419	0.462158	2.787593	0	3.224245	0	0
K00651	0.22831	0.185185	0	0	0.555556	0	0	0	0	0.290123	0.941975	0.555555	0.228395	0	0	0	0	0.0617284	0	0.185185	0	0	0	0	0.0296296	1.6	0	0	1.8716	0.508197	0	0	0	0	0	0	1.471605	0	0	0	0	0	2.22222	0	0.185185	0.455555	0	0	0	0	0	1.220504	0	0	0	0.185185	0	0	0	0	0.177536	0	0	0	0	0.37037	0.5851852	0.11358	0	0.185185	0	0	0	0	0.2520819	0.744087	0	1.633333	4.500978	0.19685	0	0	0.538271	0	0.9950322	0.698068	0.782716	0	1.502555	0.545679	0	0	0	0.05290848	0	0	0	0	0	0	0	1.062962	0	0	0	0	0	0	0.311111	0	0.37037	0	0	0.68395	0	0	0	0
K02535	0.730435	0.130435	0	0.3043475	0	0.234783	0	2.4913	0	0.0768116	0.824637	3.8323	0.869565	0	1.697583	0.185507	0	2.863771	0.217391	0.434783	0.217391	0	0	2.397104	0.78116	0	0	0.464644	4.873088	0	0	0	1.020059	0.4318842	0	0	0.85942	0	0	1.14783	0.217391	0.236264	0.827839	1.371018	0.911594	2.32754	0	0	0.489855	0.726087	0	3.442032	0	0.263768	0	0.507938	0.12029	0.468116	0.652174	0.7	4.617515	1.16377	0.652174	1.782021	4.002901	3.379417	1.620794	1.443476	0.230435	0.434783	0	0	0.662252	0	0.171014	4.560734	0.147826	1.456541	5.439811	0.2507243	0	1.833334	0	0.434783	0.434782	10.58957	0.507246	0	0.217391	0	0	0	0	1.528332	0.238095	0	0	0	0	0	0	1.37391	0.278146	0.143478	0	0.0652174	0.99117	0	1.636117	0.430435	0.7191856	0.785507	0.753645	0.169565	0	0	0	0
K03217	0.335271	0	0	0.180233	0	0	0	0	0	0	0.290698	0	0	0	0	0	0	0	0	0	0	0	0	0	0	0	0	1.513623	0.968992	0	0	0	0	0.312016	0	0	0	0	0	0	0	0	0	0.290698	0	0	0	0	0	0.290698	0	0	0	0	0	0	0	0	1.43992	0.447674	0	0	0	0.28876	0	0	0	0	0	0	0	0	0.24031	0	0	0.742248	0	0	0	0.290698	0	0	0	0	0	0	0	0	0	0	0	0	0	0	0	0	0	0	0	0	0	1.37597	0	0	0	0	0	0	0	0	0	0	0	0	0	0	0	0
K01791	1.11959	0	0	0	0	0	0	0	0	0.49505	0.184502	0.553506	0	0	0	0.184502	0	0	0	0	0	0	0	0.175573	0	0	0	0.707148	1.05639	0	0	0	0	0.257426	0	0	0	0	0	0	0	0	0	1.868716	0	0.4559	0	0	0.366337	0.759826	0	1.45141	0	0	0	0	0	0	0.302115	0	0	0	0	0	0	0	0.307471	0.184502	0.151057	0.242699	0	0	10.693259	0	1.25	0.151057	0	0	0.151057	0	0	0	0	0	0	0.321033	0	0	0.143911	0	0	0	0	0	0	0	0	0	0	0	0	0.466667	0	0	0	0	0.105781	0.151057	0	0	0	0	0.184502	0	0	0.369004	0	0.794444
K10974	0	0	0	0	0	0	0	0	0	0	0	0	0	0	0	0	0	0	0	0	0	0	0	0	0	0	0	0	0	0	0	0	0	0	0	0	0	0	0	0	0	0	0	0	0	0	0	0	0	0	0	0	0	0	0	0	0	0	0	0	0	0	0	0	0	0	0	0	0	0	0	0	0	0	0	0	0	0	0	0	0	0	1	0	0	0	0	0	0	0	0	0	0	0	0	0	0	0	0	0	0	0	0	0	0	0	0	0	0	0	0	0	0	0	0	0	0	0
K00981	0	0	0	0	0	0	0	0	0	0.139493	0	0	0	0	0	0	0	0	0	0	0	0	0	0	0	0	0	0	0	0	0	0	0	0	0	0	0	0	0	0	0	0	0.514493	0	0	0	0	0	0	0	0	0	0	0	0.0869565	0	0	0	0	0	0	0	0	0	0	0	0.0456989	0	0	0.307971	0	0	0	0	0	0	0	0	0.123188	0	0	0	0	0	0	0	0	0	0	0	0	0	0	0	0	0	0	0	0	0	0	0.543478	0	0	0	0	0	0	0	0	0	0	0	0	0	0	0	0
K02067	0.426664	0	0	1.6203742	1.651263	0.136073	0	12.687202	0	1.885037	3.376486	8.576278	0.530504	0	4.34393	0.135135	0.512821	1.3895841	1.2767955	0.132626	0.0114943	0	0	3.703691	1.8280823	1.753459	0	1.612145	2.90657	0	0	0	1.866568	0.8634938	0.27027	1.069097	0.654161	0.127536	0	0.3035538	0.2090089	0.923173	0	0.699083	3.511796	5.795262	0	0	1.96446	1.803853	0	4.1965901	0	0.273973	1.178926	0.511112	0	0.0621622	0.601238	1.0180996	5.038089	2.084577	0	3.484339	2.02432	1.763934	4.544811	0.42072	1.632217	0.374843	0	0	12.17778	2.415917	0	3.229103	0.267761	4.200097	2.6983486	0.6524458	0	4.127021	1.295314	0.709377	1.4364617	14.983625	0.0459459	0.490514	0.420849	0.512743	0	0.109009	0.132626	0.481054	0	0	0	0.135135	0	0	0	1.857601	0	0	0	0.54054	1.277778	0.606359	0.778483	0	0.540541	0.400387	0	0.188679	0	1.132626	0	0
K00558	0	0	0	0	0	0	0	0	0	0	0	0	0	0	0	0	0	0	0	0	0	0	0	0.137741	0	0	0	0	0	0	0	0	0	0	0	0	0	0	0	0	0	0	0	0	0	0	0	0	0	0	0	0.198347	0	0	0	0	0	0	0	0	0	0	0	0	0	0	0	0	0	0	0	0	0	0	0	0	0	0	0	0	0	0	0	0	0	0	0	0	0	0.137741	0	0	0	0	0	0	0	0	0	0	0	0	0	0	0	0	0	0	0	0	0	0	0	0	0	0	0	0
K02549	0	0	0	0	0	0	0	0	0	0	0.540947	0	0	0	0	0	0	0	0	0	0	0	0.167472	0	0	0	0	0.299401	0	0	0	0	0	0	0	0	0.577778	0	0	0	0	0	0	0	0	0	0	0	0	0.255319	0	0	0	0	0	0	0	0	0	0	0	0	0	0.247987	0	0	0.149701	0	0	0	0	0	0	0	0	0.299401	0	0	0	0	0	0	0	0	0	0	0	0	0	0	0	0	0	0	0	0	0	0	0	0	0	0.170692	0	0	0	0	0	0	0	0	0	0	0	0	0	0	0	0
K02469	0.3882327	0	0	0.193548	0.137721	0.13348771	0	1.4468278	0	1.1371621	2.920798	6.50117	1.02921	0	1.388103	0.0645161	0	2.5725317	0.7371891	0	0	0	0	2.69225	0.3811488	0	0	0	0.281536	0	0	0	5.502552	0.387371	0.258065	0.129032	1.919295	0	0	0.897919	0.513746	0.139549	0.0914077	0.2473311	0.5101807	3.915699	0	0	0.3248428	0.0914077	0	5.118689	0	0.9772564	0.0602151	0.6473817	0	0.477631	0	0	2.020885	1.886081	0.45045	2.131317	0	0.40804	3.9133834	1.547518	0.4167407	0.403226	0	0	0.9923087	0	0.7788301	2.351669	0.429553	4.808506	3.9024985	0	0.5457551	0.0914077	0	1	0	2.368198	0.26178	0.0645161	0.1796717	0	0	0.1559238	0.2334351	0.9253037	0	0	0	0	0	0	0	23.623825	0.0645161	0	0	0.6661851	0.0645161	0.1559238	2.63293	0	3.76553	1.553349	0.2064081	0	0	0.7387391	0	0.193548
K01933	0	0	0	0	0	0	0	0	0	0	0	0	0	0	0	0	0	0	0	0	0	0	0	0	0	0	0	0	0	0	0	0	0	0	0	0	0	0	0	0	0	0	0	0	0	0	0	0	0	0	0	0	0	0	0	0	0	0	0	0	0	0	0	0	0	0	0	0	0	0	0	0	0	0	0	0	0	0	0	0	0	0	0	0	0	0	0	0	0	0	0	0	0	0	0	0	0	0	0	0	0	0	0	0	0	0	0	0	0	0	0	0	0	0	0	0	0	0
K03402	0.122977	0	0	0	0	1.16828	0	2.31961	0	0.441667	1.022653	1.933581	0.213592	0	1.27508	0	0	1.71197	0.69407949	0	0	0	0.490196	0.608414	0.804112	0.453074	0	2.745571	0.581395	0	0	0.325	0	0	0	0	1.71526995	0.271845	0	0.485437	0	0.229773	0	2.875	0.485437	4.019414	0	0	0	1.12304	0	3.03268	0	1.46602	1.333333	2.518022	0	0.300971	0	0	1.533981	0.275081	0.3074435	0.226537	0	4.058654	2.535508	0	0	1.309251	0	0	0	0	0.644013	6.952169	0.485437	1.500662	5.145634	1.006472	0	2.242714	0.124183	0.203883	1.44984	7.247308	0.692556	0	1.423948	0.490196	0	0.649351	0.410305	2.337073	0	0	0	0.197411	0	0.980392	0	1.760502	0.61165	0	0	0.401294	0	0.490196	1.23301	0	0	0.970874	0	0.859477	0	0	0	0.649351
K00817	0	0	0	0	0	0	0	0	0	0	0	0	0	0	0	0	0	0	0	0	0	0	0	0	0	0	0	0	0	0	0	0	0	0	0	0	0	0	0	0	0	0	0	0	0	0	0	0	0	0	0	0	0	0	0	0	0	0	0	0	0	0	0	0	0	0	0	0	0	0	0	0	0	0	0	0	0	0	0	0	0	0	0	0	0	0	0	0	0	0	0	0	0	0	0	0	0	0	0	0	0	0	0	0	0	0	0	0	0	0	0	0	0	0	0	0	0	0
K05786	0	0	0	0	0	0	0	0	0	0	0	0.200803	0	0	0.3212856	0	0	0	0	0	0	0	0	0.200803	0	0	0	0	0	0	0	0	0	0.200803	0.270415	0	0.200803	0	0	0	0	0	0	0	0	0.211864	0	0	0	0	0	0	0	0.200803	0	0.225225	0	0	0	0	0.200803	0	0	0	0	0.586345	0	0	0	0	0	0	0	0	0.437406	0.200803	0.199465	0.200803	0.601071	0	0	0	0	0	0	0.100402	0	0	0	0	0	0	0	0.200803	0	0	0	0	0	0	0	0.637455	0	0	0	0	0	0	0.200803	0	0	0	0	0.400268	0	0	0	0
K01251	0	0	0	0	0	0	0	0	0	0	0	0	0	0	0	0	0	0	0	0	0	0	0	0	0	0	0	0	0	0	0	0	0	0	0	0	0	0	0	0	0	0	0	0	0	0	0	0	0	0	0	0	0	0	0	0	0	0	0	0	0	0	0	0	0	0	0	0	0	0	0	0	0	0	0	0	0	0	0	0	0	0	0	0	0	0	0	0	0	0	0	0	0	0	0	0	0	0	0	0	0	0	0	0	0	0	0	0	0	0	0	0	0	0	0	0	0	0
K06183	0.253188	0.546448	0	0	0	0.384615	0	0.438596	0	0.629853	0.580392	5.183451	0	0	0.273224	0	0	0.273224	0	0	0	0	0	0.539162	0.220401	0	0	0.273224	1.29091	0	0	0	0.994536	0	0	0	0.4604539	0	0	0	0.0145719	0	0	0	0	2.6971	0.25731	0	0.3442623	0	0	1.386784	0	0	1.240892	0	0	0	0	0	1.589253	0	1.08235	1.962533	1.092896	0.273224	1.083799	0	0	0	0	0	0	0	0	1.274662	0.173042	0.273224	1.788974	0	0	0.506375	0	0	0	3.309482	0	0	0.697706	0	0	0	0.0333333	1.042455	0	0	0	0	0	0.296078	0	2.148537	0	0	0	0	0	0	0.1758385	0	0.655738	0	0	0	0	1.872081	0	0
K19139	0	0	0	0	0	0	0	0	0	0.833333	0	0	0	0	0	0	0	0.176678	0	0	0.341667	0	0	0	0	0	0	0	0	0	0	0	0	0	0	0	0	0	0	0	0	0	0	0	0	0	0	0	0	0	0	0	0	0	0	0	0	0	0	0	0	0	0	0	0	0	0	0	0	0	0	0	0	0	0	0	0	0	0	0	0	0	0	0	0	0	0	0	0	0	0	0	0	0	0	0	0	0	0	0	0	0	0	0	0	0	0	0.176678	0	0	0	0	0	0	0	0	0	0
K00374	0	0	0	0	0	0	0	0	0	0	0	0	0	0	0	0	0	0	0	0	0	0	0	0.95	0	0	0	0	0	0	0	0	0	0	0	0	0	0	0	0	0	0	0	0	0	0	0	0	0	0	0	0	0	0	0	0	0	0	0	0	0	0	0	0	0	0	0	0	0	0	0	0	0	0	0	1.10833	0	0	0	0.216667	0	0	0	0	0	0	0	0	0	0	0	0	0.7	0	0	0	0	0	0	0	0	0	0	0	0	0	0	0	0	0.0350877	0	0	0	0	0	0	0	0
K01735	0	0	0	0	0	0	0	0	0	0	0	0	0	0	0	0	0	0	0	0	0	0	0	0	0	0	0	0	0	0	0	0	0	0	0	0	0	0	0	0	0	0	0	0	0	0	0	0	0	0	0	0	0	0	0	0.175287	0	0	0	0	0	0	0	0	0	0	0	0	0	0	0	0	0	0	0	0	0	0	0	0	0	0	0	0	0	0	0	0	0	0	0	0	0	0	0	0	0	0	0	0	0	0	0	0	0	0	0	0	0	0	0	0	0	0	0	0	0	0
K00930	0	0	0	0	0	0	0	0	0	0	0.0423729	0	0	0	0	0	0	0	0	0	0	0	0	0.310559	0	0	0	0	0	0	0	0	0	0	0	0	0	0	0	0	0	0.375706	0	0	0	0	0	0	0	0	0	0	0	0	0	0	0	0	0	0	0	0	0	0	0	0	0	0	0	0.125	0	0	0	0	0	0	0	0	0	0	0.211864	0	0	0	0	0	0	0	0	0	0	0	0	0	0	0	0	0	0	0	0	0	0	0	0	0	0	0	0	0	0	0	0	0	0	0	0	0
K03701	0.0554939	0	0	0.4212708	3.417896	0.3855129	0	5.7219198	0	0.3875798	2.2788639	3.7836569	0	0	0.7148081	0	0	1.1050528	0.0816092	0	0.6001039	0	0	1.185624	1.551493	0	0	0.2842102	1.2311091	0.224215	0	0.3043432	0.3905919	0.547189	0	0	0.36108	0	0	0	0.0554939	0	0.337232	0	0.3489639	1.811588	0	0	0.3526188	0	0	2.3468259	0	0.1877689	0.2646899	0.118483	0	0.110988	0.334448	0.1664819	0.521916	1.481953	0	3.8876549	1.590828	0.0554939	0.728742	1.2937109	0.1109878	0.6634059	0	0	1.670777	0.207773	1.0913779	0.9652888	0	1.5275799	3.9108811	0.4025059	0	0.0554939	0.0801282	0.167224	0.626414	2.0653505	0.159107	0	0.2465509	0	0	0.30292	0.27957	0.4232331	0	0	0	0.1737104	0.204082	0	0	3.133031	0	0	0	0	0	0	0.30504	0.3031777	0.166482	0.1664819	0	0	0	0	0	0.132275
K02189	0	0	0	0	0	0	0	0	0	0	0	0	0	0	0	0	0	0	0	0	0	0	0	0	0	0.150602	0	0	0.150602	0	0	0	0	0	0	0	0	0	0	0	0	0	0	0	0	0	0	0	0	0	0	0.150602	0	0	0	0.0461847	0	0	0	0.0873494	0	0	0	0	0	0	0	0	0	0	0	0	0	0	0	0	0	0	0	0	0	0	0	0.150602	0	0	0	0	0	0	0	0	0	0	0	0	0	0	0	0	0	0	0	0	0	0	0	0	0	0	0	0	0.120482	0.150602	0	0	0	0
K01874	0	0	0	0.250836	0	0.0965251	0	2.08974	0	0.772982	0.367447	4.435583	0	0	1.357195	0.197628	0.364964	0.250279	0	0	0	0	0	0.412741	0.083612	0	0	0.566237	0.695436	0	0	0	0	0.0958816	0.083612	0.657895	0	0	0	0	0.448576	0.3947956	0	0	0	0.4265455	0	0	0	0.191763	0	0.197628	0	0.197628	0	0.49505	0	0	0.482625	0.300201	1.045981	0	0	0.204819	0.470457	0.333891	2.280858	0	0.083612	0	0	0	0.0965251	0	0	2.353354	0	0.356947	0.651159	0.558014	0.49505	0	0.462046	0	0	1.703499	0	0	0	0	0	1.3282171	0.581636	1.012671	0.166667	0	0	0	0	0	0	0.349421	0	0	0	1	0	0.412559	0.083612	0.234214	0.167224	0	0	0.207469	0	0	0	0
K00812	0.25707	0	0	0	0	0.128535	0	1.828692	0	0.1885179	1.491456	1.410454	1.02742	0	0.7654654	0.684091	0	2.754052	0.385604	0.155099	0	0	0	1.796913	0.385604	0.128535	0	0.586976	0.127877	0	0	0	1.06967	0.315338	0	0.513282	0.799491	0.632911	0	0	0	0	2.073934	0	0.57840629	2.450781	0.059126	0	0.88483	0.409012	0	2.342003	0.256213	0.3241069	0.642674	0.231363	0	0.257069	0	0	1.180805	1.230505	0	1.149958	1.56213	1.41328	3.362774	0.145673	0	0	0	0	0	0	0.257069	3.637539	0.514139	1.462399	2.939527	0.9187981	0.128535	0.929734	0	0	0.473207	17.01223	0.938303	0.0728363	0.128535	0	0	0.25707	0	0.9826027	0	0	0	0	0	0	0	0	0.128535	0.0625536	0	0.768638	0.128535	0.25707	1.3998343	0.316456	0.9940915	0.128535	0.128535	0	0	0	0	0
K12940	0	0	0	0	0	0	0	0	0	0	0	0	0	0	0	0	0	0	0	0	0	0	0	0	0	0	0	0	0	0	0	0	0	0	0	0	0	0	0	0	0	0	0	0	0	0	0	0	1	0	0	0	0	0	0	0	0	0	0	0	0	0	0	0	0	0	0	0	1	0	0	0	0	0	0	0	0	0	0	0	0	0	0	0	0	0	0	0	0	0	0	0	0	0	0	0	0	0	0	0	0	0	0	0	0	0	0	0	0	0	0	0	0	0	0	0	0	0
K01738	0	0	0	0.196078	0	0	0	0	0	0	0	0	0	0	0	0	0	0	0	0	0	0	0	0	0	0	0	0	0	0	0	0	0	0	0	0	0	0	0	0	0	0.0941176	4.09333	0	0	0	0	0	0	0	0	0	0	0	0	0	0	0	0	0	0	0	0	0	0	0	0	0	0	0	0	0	0	0	0	0	0	0	0	0	0	0	0	0	0	0	0	0	0	0	0	0	0	0	0	0	0	0	0	0	0	0	0	0	0	0	0	0	0	0	0	0	0	0	0	0	0	0
K01934	0	0	0	0	0	0	0	0.973621	0	0.279365	2.112782	0	0	0	1	0	0	0	0	0	0.359712	0	0	0	1	5	0	2.067795	1.07914	0	0	0	0	0	0	0	1.333333	0	0	0	0	0	0	0	2	3	0	0	0	0	0	0	0	0	0	0	0	1	1.07914	0	1	0.359712	0	2.244604	2	1.37594	0.314149	1	0	0	0	0	1.18296	0	0	2.280705	0	1	0	1	0	0	0	0	0	1	0	0	0.165468	0	0	0	0	0	0	0	0	0	0	0	0	0	0	0	0	0	0	0	0.220624	0	0	0	0	0	0	0	0	0
K02575	0.859649	0	0	0	0	0.315789	0	0	0	0	0	0	0	0	0	0	0	0	0	0	0	0	0	0.342105	1	0	0	0	0	0	0	0	0	0	0	0	0	0	0	0	0	0	0	0	0.894737	0	0	0	0	0	0	0	0	0	0	0	0	0	0	0	0	0	0	0	0	0.289474	0	0	0	0	0	0	0	0	0	0	0	0	0	0	0.219298	0	0	0	0	0.333333	0	0	0	0	0	0	0	0	0	0	0	0	0	0	0	0	0	0	0	0	0	0	0	0	0	0	0	0	0	0	0	0
K02233	0	0	0	0.201613	0.200269	0	0	0.65457	0	0	0.403226	2.995966	0	0	0.604839	0	0	0.62903226	0	0.201613	0	0	0	0	0.727151	0	0	0	0	0	0	0	0.403226	0.403226	0	0	0.403226	0	0	0.401882	0	0	0	0	0.900538	2.419355	0	0	0	0	0	0.0645161	0	0.592742	0	0	0	0	0	0	0.604839	0.0107527	0	0.5403229	0.604839	0.403226	1.75599	0.806452	0	0	0	0	0	0	0	0.531025	0.201613	2.076613	0.75	0	0	0.322581	0	0	0.201613	1.011733	0.201613	0	0	0	0	0	0	0.90457	0	0	0	0	0	0	0	0	0	0	0	0	0	0	0.403226	0	0.200269	0.201613	0.0954301	0	0	0	0	0
K09949	0	0	0	0	0	0	0	0	0	0	0	0	0	0	0	0	0	0	0	0	0	0	0	0	0	0	0	0	0.125182	0	0	0	0	0	0	0	0	0	0	0	0	0.218341	0	0.436681	0	0	0	0	0	0	0	0	0	0	0	0	0	0	0	0.218341	0	0	0	0	0	0	0.218341	0	0	0.344978	0	0	0	2.83843	0	0.435732	0	0	0.218341	0	0	0	0	0	0	0	0	0	0	0	0	0	0	0	0	0	0	0	0	0	0	0	0	0	0	0	0	0	0	0	0	0	0	0	0	0	0	0
K01754	0	0	0	0	0	0	0	0.661157	0	0	0	0	0	0	0.351529	0	0	0.119181	0.107076	0	0	0	0	0	0	0	0	0	0	0	0	0	0	0	0	0	0	0	0	0	0	0	0	1.47316	0	0	0	0	0	0	0	0	0	0.2061064	0	0	0	0	0.813333	0	0	0	0	0.246741	0.0418994	0	0	0	0	0	0	0	0	0	0	0	0	0	0	0	0.168919	0	0	0	0	1.628933	0	0	0	0	0	0	0	0	0	0	0	0	0	0	0	0	0	0	0	0.139665	0	0	0.167793	0	0.558659	0	0	0	0	0	0	0
K03781	0	0	0	4.100105	0	16.620353	0	3.248251	0	6.942879	6.485864	8.55237	3.07832	0	0.114155	0	0.735294	0.2080797	0.134048	1.85616	1.828217	0.226027	0.268097	0.136723	0	0.170068	0	11.4887801	24.3027873	0.214612	0	0	0.325775	0.169492	0	1.804926	4.530484	0	0.114155	0.779205	0.170068	3.5879851	23.048851	7.179176	0.114155	0.387186	1.9255952	0	0.539774	10.330816	0	49.731405	0.170068	0	1.686048	18.191728	0	5.86758	5.097704	5.073028	0	0.14459032	0.338983	3.120193	0	0.697747	3.257229	1.257252	1.54771	0.773995	0	0	43.986701	0.717514	9.269117	1.653568	0	0	0.137741	3.354132	2.077972	0.1849252	14.085436	4.466297	5.556916	21.394664	0.682602	11.776685	1.575037	0	1.31507	0.209285	1.182468	13.9504205	0	0.122549	0	0	0.122549	0	0	121.773342	0.114155	0.268097	0.170068	0	3.196268	0.137741	5.720026	0	0	0.924057	0.3273507	19.367958	0	0.134048	0	1.4582003
K02768	0	0	0	0	0	0	0	0	0	0	0	0	0	0	0	0	0	0	0	0	0	0	0	0	0	0	0	0	0	0	0	0	0	0	0	0	0	0	0	0	0	0	0	0	0	0	0	0	0	0	0	0	0	0	0	0	0	0	0	0	0	0	0	0	0	0	0	0	0	0	0	0	0	0	0	0	0	0	0	0	0	0	0	0	0	0	0	0	0	0	0	0	0	0	0	0	0	0	0	0	0	0	0	0	0	0	0	0	0	0	0	0	0	0	0	0	0	0
K00013	0	0	0	0	0	0	0	0	0	0	0	0	0	0	0	0	0	0	0	0	0	0	0	0	0	0	0	0	0	0	0	0	0	0	0	0	0	0	0	0	0	0	0	0	0	0	0	0	0	0	0	0	0	0	0	0	0	0	0	0	0	0	0	0	0	0	0	0	0	0	0	0	0	0	0	0	0	0	0	0	0	0	0	0	0	0	0	0	0	0	0	0	0	0	0	0	0	0	0	0	0	0	0	0	0	0	0	0	0	0	0	0	0	0	0	0	0	0
K01839	0	0	0	0	0	0	0	0	0	0	0.297619	0	0	0	0	0	0	0	0	0	0	0	0	0	0	0.669251	0	0.543071	0.660424	0	0	0	0.374532	0	0	0	0	0	0	0.14881	0	0	0	0	0	0.14881	0	0	0	0.286706	0	0	0	0	0	0	0	0	0.103175	0	0	0	0	0	0	0.14881	0	0	0	0	0	0	0	0	0	0.297619	0	0	0.27933	0	0	0	0	0.382429	0	0	0	1.76486	0	0	0	0	0	0	0	0	0	0	0	0	0	0	0	0	0	0	0	0	0	0	0	0	0	0.217877	0	0	0	0.296627
K02356	0	0	0	0	0	0	0	0	0	0	0	0	0	0	0	0	0	0	0.439716	0	0	0	0	0	0	0	0	0	0	0	0	0	0	0	0	0	0	0	0	0	0	0	0	0	0	0	0	0	0	0	0	0	0	0	0	0	0	0	0	0	0	0	0	0	0	0	0	0	0	0	0	0	0	0	0	0	0	0	0	0	0	0	0	0	0	0	0	0	0	0	0	0	0	4.24823	0	0	0	0	0	0	0	0	0	0	0	0	0	0	0	0	0	0	0	0	0	0	0	0
K01892	0	0	0	0	0	0	0	0	0	0	0.503268	1.152086	0	0	0	0	0	0	0	0	0	0	0.27027	0	0	0	0	0.540541	1.219822	0	0	0	0	0	0	0	0	0	0	0	0	0	0	0	0.571429	0.423077	0	0	0	0	0	0	0	0	1	0	0	0	1.567568	0	0	0.285714	0	0	0	0.620952	0	0	0.225225	0	0	0	0	0	0	0.207619	0.27027	0	0.733258	0.496732	0	0	0	0	0	0	0	0	0	0	0	0	0	0	0	0	0	0	0	0	0	0.810811	0	0	0	0	0	0	0	0	0	0	1.02564	0	0	0	0	0
K02066	0	0	0	0	0	0	0	0	0	0	0	0	0	0	0	0	0	0	0	0	0	0	0	0	0	0	0	0	0.0757576	0	0	0	0	0	0	0	0	0	0	0	0	0	1.27273	0	0	0	0	0	0	0	0	0	0	0	0	0	0	0	0	0	0	0	0	0	0	0	0	0	0	0	0	0	0	0	0	0	0	0	0	0	0	0	1	0	0	0	0	0	0	0	0	0	0	0	0	0	0	0	0	0	0	0	0	0	0	0	0	0	0	0	0	0	0	0	0	0	0	0
K03518	0	0	0	0.867987	0	0	0	2.379541	0	0.945578	0.808581	1.2970299	1.535948	0	1.468647	0	0	0.521452	0	0	0	0	0	1.21782	0	0	0	0	0	0	0	0	0	0	0	0	0.966996	0	0	1.697979	0	0.5	6.458252	0	0.155116	0.861387	0	0	0.392739	0	0	2.2	0	0.376238	0	0	0	0	0	0.526316	0	0.122112	0	3.606006	1.66997	0	0	0.339934	0	1.609347	0	0	0	0	0	1.313531	0.49505	0	2.091956	0.186275	0	1.0858096	0.251634	0.729373	1.249754	0.699346	0	0	0	0.604575	0	0	0	2.787388	0	0	0	0.217822	0	0	0	3.1759492	0	0	0	0.409241	0	0	0	0	0	0.49505	0.353135	0.356209	0	0.245098	0	0
K11085	0	0	0	0.27581	0	0	0	1.08696	0	1.939658	0	0	0	0	0.641026	0	0.106884	0	0	0	0.265766	0	0	1.47645	0	0	0	0.817925	1.220591	0	0	0	0.807971	0.645775	0	0.870748	0	0	0	0	0	0.607724	0	0.341751	0.688889	0.271739	0	0	0	0	0	0	0	0	0	0.378788	0	0	0.778509	0.126263	0.269928	0	0	0.525362	0	1	1.095148	1.422055	0	0	0	0	2.62222	0	0.126263	0.649685	0	0	0.644782	0	0	0	0	0.573896	0.145161	0	0	0	0	0	0	0	0.0765993	0.268817	0	0	0	0	0	0	0	1.97764	0	0	0	0	0	0	0	0	0	0	0	0	0	0	0	0
K03750	0.259873	0	0	1.567914	0	0	0	4.424243	0	0.138122	1.638916	6.083244	0.276243	0.276243	1.679823	0	0	1.2885598	0.247698	0	0	0	0	1.2407018	0.5861888	0.717703	0	1.183209	1.083507	0	0	0	4.418776	0.355591	1.10497	0.275322	1.4772558	0.0810313	0	0.3710875	0	1.294616	0.537753	0.552486	0.144054	2.1577106	0.133517	0	0.208556	0.137201	0	5.860641	0.972338	0	0	0.121547	0	0.414366	0.420608	0	1.170347	0.552486	0	2.209177	1.11971	1.093027	1.46501	0.915285	0.395949	0.276244	0	0	2.092916	0	3.734067	1.270831	0.3590751	0.776606	3.724341	1.218515	0.0736648	1.889503	0	1.1765935	0.358019	6.19632	0	0	0.841758	0.138122	0	0	0	1.583794	0	0	0	0	0	0	0	0.604113	0	0	0.178628	0.633616	0	0.138122	0.552487	0	1.24217	0.138122	0.239234	0.803743	0	0.454545	0	0
K03703	0	0	0	0	0	1.15873	0	0.0799046	0	1.126268	0	0.217391	0	0	0	0	0	0.975719	0.217391	0	0	0	0	0.0894454	0.609756	0	0	0.456442	0.5026185	0	0	0	0.810904	0.292398	1.34959	0	0	0	0	0	0.128818	0.221239	0	0.178891	0	0.435153	0.609756	0	0.199203	0.4297674	0	1.121468	0.15873	0	0.136986	0	0	0	0	0	0	0	0	1.008105	0	0	1.0754	0	0	0	0	0	0.886525	0	1.442839	0.503546	0.292398	2.8569534	3.270481	0	0.265957	0	0	0	0	2.82174	0	0	0.221239	0.136986	0	0	0	0	0	0	0	0	0	0	0	1.29821	0	0	0	0	0	0	0.178891	0	0	0	0	0	0	0	0	0.0894454
K07738	0	0	0	0	0	0	0	0	0	0	0	0	0	0	0	0	0	0	0	0	0	0	0	0	0	0	0	0	1.34835	0	0	0	0	0	0	0	0	0	0	0	0	0	0	0	0	0	0	0	0	0	0	0	0	0	0	0	0	0	0.438596	0	0	0	0	0	0	0	0.526316	0	0	0.45045	0	0	0	0	0	1.27193	0	0	0	0	0	0	0	0	0	0	0	0	0	0	0	0	0	0.342105	0	0	0	0	0	0	0	0	0	0	0	0	0	0	0	0	0	0	0	0.675676	0	0	0	0
K02032	3.299098	0.0414878	0	0.7197117	0.858369	3.482712	0	8.804966	0	1.176062	6.84564	22.12897	7.070315	0	9.356326	0.476395	0.429185	5.945055	1.994274	0.213162	0	0.297568	0	4.863671	3.9210108	0.214592	0	1.460993	2.23273	0.0515021	0	0.7488296	4.811163	0.758226	0	2.9539202	3.521597	0.426426	0.214592	2.083002	0.334764	1.472519	1.360516	1.1729015	5.616964	11.752168	1.018086	0	5.949842	5.85644	0	7.675578	0.214592	3.686901	3.7007452	4.3892109	0	0.215517	0.475703	0.235849	6.910231	10.856718	1.972373	20.058481	2.839772	10.098363	16.7178447	1.53934	2.105292	2.1894778	0	0	8.586184	0.471698	0.100601	16.0812361	1.6622764	3.5445187	18.098864	4.888857	2.129816	6.734574	1.618188	4.5558863	4.4445435	19.10663	1.286123	0.214592	1.795968	0.208709	0.444444	3.016021	2.587249	24.9292	0	0	0	2.418192	0	1.287554	0.42324	14.516158	0.869563	0	0	1.7248256	1.17767	5.6330094	2.129294	0.434856	4.113994	4.319452	1.430108	1.682049	0	5.310364	0	0.873628
K07005	0	0	0	0	0	0	0	0	0	0	0	0	0	0	0	0	0	0	0	0	0	0	0	0.311295	0	0	0	0	0	0	0	0	0	0	0	0	0.413223	0.212121	0	0	0	0	0	0	0	0	0	0	0	0	0	0	0	0	0	0	0	0	0	0	0	0	0	0	0	0	0.242424	0	0	0	0	0	0	0	0	0	0	0	0	0	0	0	0.413223	0	0	0	0	0.22865	0	0	0	0	0	0	0	0	0	0	0	0	0	0	0	0	0	0	0	0	0	0	0	0	0	0	0	0	0	0
K02434	0.600013	0	0	1.700767	1.74569	0.37259	0.115473	6.698631	0	0.257116	1.581217	4.130914	0	0	1.821401	0.115473	0	0.808314	0.34642	0	0	0	0	2.004617	0.427251	0.115473	0	0.115473	0	0	0	0	2.717553	0.696868	0.382923	0	2.168572	0.514698	0	0.150963	0.346419	0.0369515	0.151976	0	0.856812	3.117326	0.230946	0	0.686873	0.5607517	0	0.267449	0	0.929176	0	0.2027843	0	0.115473	0	0.115473	2.304845	1.30671	0.0177059	0.923786	1.7636659	2.690133	2.9371234	0.345651	0.230946	0	0	0	0	0	0	3.692434	0.257116	1.60585	6.011072	0.460354	0	1.110085	0.178318	0	0.331307	7.777574	0.6136337	0	0.577367	0.115473	0.0223249	0.230947	0.115473	1.179795	0.141643	0	0	0.723376	0.183988	0	0	0.607903	0	0	0	0.461893	0	0.267449	0.906081	0.230947	0.346419	0.333333	0.267449	0.230946	0	0.115473	0	0.230946
K05366	0.11695	0	0	0.231839	0	0.214323	0	0.224626	0	0	0.0772798	0.231839	0	0	0.0772798	0	0	0.188047	0	0	0.0772798	0	0	0.285935	0.6496653	0	0	0.540958	0.308604	0	0	0	0.640907	0.7758711	0	0	0	0	0	0	0	0.0772798	0	0	0.309119	0.850077	0.0772798	0	0.0772798	0	0	0.1545596	0	0.270994	0.0772798	0	0	0.0772798	0	0	0	0.331788	0	0.942298	0.15456	1.67491	0.290057	0	0	0	0	0	0	0	0.0772798	0.5342608	0.0772798	0.368367	0	0	0	0.153529	0	0.11695	1	0.660484	0	0	0.0772798	0.15456	0	0	0	0.119011	0	0	0	0	0	0	0	0.2442038	0	0	0	0.152499	0	0.908602	0.0772798	0.0767646	1.93199	0.153529	0.0669758	0	0	0.231839	0	0.0772798
K12132	0.5427225	0.0840336	0	0.9470706	0	0.2592845	0	7.7210466	0	0.9522536	2.793464	15.678108	0.552061	0	1.2083911	0	0	1.6636396	0.168067	0.2529526	0	0	0	1.9865095	1.9233116	1.14174	0	0.75702	1.311484	0.383142	0	1.0331226	3.410481	1.6772969	0.336134	0	2.5073526	0	0	0.27451	0.4273515	0.0840336	0.336134	3.12936	1.1473555	4.444199	0.526163	0	0.780828	1.3073769	0	1.177319	0	0.656285	0.0840336	0.3421531	0	0.2525265	0	0.156863	3.136357	1.2050686	1.067682	6.69855	2.84314	3.1541249	3.913868	1.6709765	1.1729976	0.0577031	0	0	0	0.0302521	0.372093	3.993538	0.0834734	2.917193	5.182082	0.3365605	0.1882258	0.81557	0.252101	0.0840336	0	10.9931721	0.639771	0	0.23705	0	0	1.5949476	0	2.476817	0.0844595	0.0840336	0	0.2525265	0.174825	0	0	2.3829736	0	0	0	0.490913	0	1.6261295	0.8495116	1.139903	0.760135	0.312066	0.253378	0.7365156	0	0	0	0.0840336
K00824	0	0	0	0.442029	0	0	0	0	0	0.34887	0.629822	0.0480226	0	0	0.372881	0	0	0.287356	0	0	0	0	0	0	0	0	0	0	0.729919	0	0	0	0	0	0	0	0.41165	0	0	0	0	0	1.856607	0	0.211864	0.666098	0	0	0	0.342466	0	1.39464	0.211864	0.211864	0	0	0	0	0	0.211864	0.0720339	0.287356	0	0.278249	0	0.361582	0.312147	0	0.19774	0	0	0	0.223164	0	0	0.881663	0.211864	1.25282	1.18785	0	0	0.49922	0	0.211864	0	6.645181	0.656953	0	0.423729	0.128531	0	0.122881	0	0.336158	0	0	0	0	0	0	0	0.114407	0	0	0	0	0	0.287356	0.764124	0	0	0.203196	0	0	0	0	0	0
K02337	0	0	0	0	0	0.262253	0	0.89920245	0	0.0239551	0.163399	1.531866	0	0	0.0829187	0	0	0	0	0.0829187	0	0	0	2.134414	0	0	0	0.245098	0.459865	0	0	0	0	0	0	0	0.152905	0	0	0.0579374	0	0	0	0.516424	0	0	0	0	0	0.245098	0	0.2758327	0.0442233	0.0829187	0	0.576526	0	0	0	0	0.11161	0	0	0.168864	0	0.245098	0	0.268097	0	0	0	0	0.659134	0	0	0.364537	0	0	0.6360961	0.8498777	0	0.115875	0	0.162338	0	1.13439	0	0	0	0	0	0	0	0.276243	0	0	0	0	0	0	0	0.377624	0	0	0	0	0	0	0	0	0	0.15882	0	0.188324	0	0.614805	0	0.256014
K01938	0	0	0	0	0	0.0986193	0	0	0	0	0	0	0	0	0	0	0	0	0	0	0	0	0	0.0940171	0.0631164	0	0	0	0	0.0986193	0	0	0	0	0	0	0.197239	0	0	0.184747	0.0986193	0	0	0	0	0.937541	0	0	0	0	0	0	0	0	0.0986193	0	0	0	0	0	0.174885	0	0.43261	0	0.197239	0	0.756572	0	0	0	0	0	0	0	0	0	0	0.0203813	0.4670903	0	0	0.2602353	0	0	0	0.4236265	0	0	0	0	0	0	0	0.0986193	0	0	0	0	0	0	0	0	0	0	0	0	0	0	0	0	0	0	0	0	0	0	0	0
K05934	0.277778	0	0	0.277778	2.78295	0	0	3.544607	0	1.423596	1.0022154	5.3848967	0.342222	0	2.78728	0	0	0.235185	0.555556	0.5469133	0	0	0	3.354205	0	0	0	0.645479	3.21562	0	0	0.277778	0	0.2088893	0	0.555556	0.513627	0	0	2.876482	0.853704	1.121651	0.462963	0.125926	0.564814	1.405555	0	0	0.833333	0.202011	0	6.738054	0.3670373	0.553704	0.277778	0.58232	0	0.855556	0	2.105349	2.518265	1.737038	0.555556	1.672964	1.44074	2.218514	1.55503	0.759629	0	0.312893	0.127407	0.829457	3.813547	0	1.774634	1.620741	0.955556	1.111112	5.24511	0.406667	0.489833	0.277778	0	0.726939	0.805926	3.244002	0.277778	0	0.555556	0.45	0.222222	0.114074	0	2.297251	0.222222	0	0	0	0	0.235849	0	3.135074	0	0	0	0	1.555556	0.111111	0	1.277778	1.748889	0	0	1.426065	0	0.277778	0	0
K03310	0.465116	0.348062	0	1.18217	0	0.349688	0	4.055089	0	0.0395349	1.81864	2.143555	0.700935	0.232558	2.63524	0.465116	0	4.321939	0.631783	0	0	0	0	2.371292	0.116822	0	0	0.494909	0	0	0	0	4.623145	0	0	0	1.694905	0	0	0.0457364	0.116279	0	0	0	1.0143	4.584549	0.431034	0	1.887795	0.113178	0	3.289468	0	0.0310078	0.698761	0.810837	0	0.116279	0.248756	0	0.572135	6.934167	0	2.5155	0.661094	2.37209	1.857081	0.116822	0	0	0.231783	0	0	0	0.123549	6.735342	0.570396	1.04574	0.912078	1.406228	0.337838	2.058915	0	0.155039	0.116279	6.05822	0.464341	0	0.543591	0	0	0.232558	0.116279	1.204366	0	0.304878	0	0.115504	0	0	0	0	0	0	0	1.04729	0.304878	0	2.959613	0	0.116822	0.87903	0	0.65294	0	0	0	0
K01992	0	0	0	0	0	0	0	0	0	0	0	0	0	0	0	0	0	0	0	0	0	0	0	0	0	0	0	0	0	0	0	0	0	0.203252	0	0	0	0	0	0	0	0	0	0	0	0	0	0	0	0	0	0	0	0	0	0	0	0	0	0	0	0	0	0	0	0	0.454545	0	0	0	0	0	0	0	0	0	0	0	0.403226	0	0	0	0	0	0	0	0	0.540643	0	0	0	0	0	0	0	0	0	0	0	0	0	0	0	0	0	0	0	0	0	0	0	0	0	0	0	0	0	0
K00175	0	0	0	1	0	0	0	0	0	0	0	0	0	0	0	0	0	0	0	0	0	0	0	0	0	0	0	0	0	0	0	0	0	0	0	0	0	0	0	0	0	0	0	0	0	0	0	0	0	0.436782	0	0	0	0	0	0	0	0	0	0	0	0	0	0	0	0	0	0	0	0	0	0	0	0	0	0	0	0	0	0	0	0	0	0	0	0	0	0	0	0	0	0	0	0	0	0	0	0	0	0	0	0	0	0	0	0	0	0	0	0	0	0	0	0	0	0	0	0
K01784	0	0	0	0.629053	0	0	0	0	0	0	0	0	0	0	0	0	0	0	0	0	0	0	0	0	0	0	0	0	0	0	0	0	0	0	0	0	0.142672	0	0	0	0	0	0	0	0	0	0	0	0	0	0	0	0	0	0	0	0	0	0	0	0	0	0	0	0	0	0.176394	0	0	0	0	0	0	0	0	0	0	0	0	0	0	0	0	0	0	0	0	0	0	0	0	0	0	0.194553	0	0	0	0	0	0	0	1.01816	0	0	0	0	0	0	0	0	0	0	0	0	0	0	0	0
K19411	0	0	0	0	0	0	0	0	0	0	0	0	0	0	0	0	0	0	0	0	0	0	0	0	0	0	0	0	0	0	0	0	0	0	0	0	0	0	0	0	0	0.384615	0	2.951285	0	0	0	0	0	1.887183	0	0	0	0	0	0	0	0	0	0	0.35641	0	0	0	0	0	0.102564	0	0	0	0	0	0.938462	0	0	0.384615	0	0	0	0	0	0	0	1.042948	0	0	0	0	0	0	0	0	0.382051	0	0	0	0	0	0	0	0	1.161803	0	0	0	0	0	0	0	0	0	0	0	0	0	0	0	0
K00943	0	0	0	0	0	0	0	0	0	0	0	0	0	0	0	0	0	0	0	0	0	0	0	0	0	0	0	0	0	0	0	0	0	0	0	0	0	0	0	0	0	0	0	0	0	0	0	0	0	0	0	0	0	0	0	0	0	0	0	0	0	0	0	0	0	0	0	0	0	0	0	0	0	0	0	0	0	0	0	0	0	0	0	0	0	0	0	0	0	0	0	0	0	0	0	0	0	0	0	0	0	0	0	0	0	0	0	0	0	0	0	0	0	0	0	0	0	0
K04094	0	0	0	0	0	0	0	0	0	0	0	0	0	0	0	0	0	0	0	0	0	0	0	0	0	0	0	0	0	0	0	0	0	0	0	0	0	0	0	0	0	0.12987	0	0	0	0	0	0	0	0	0	0	0	0	0	0	0	0	0	0.819672	0	0	0	0	0	0	0	0	0	0	0	0	0	0	0	0	0	0	0.204918	0	0	0	0	0	0.340136	0	0	0	0	0.25974	0	0	0	0	0	0	0	0	0	0	0	1.33787	0	0	0	0	0	0	0	0	0	0	0	0	0	0	0	0
K01869	0	0	0	0	0	0.212509	0	1.901978	0	0.5820842	0.6187652	0.760982	0.688889	0	0.3101192	0	0	0.2035092	0	0.10661	0	0	0	0.184755	0.45801	0	0	0.88286	1.03218	0	0.10661	0	0.10661	0	0	0	0.503272	0	0	0	0	0	0	0	0.0872093	1.852345	0.0968992	0	0	0.331111	0	2.453605	0	0	0	0.0968992	0	0	0	0	0.775194	1.290052	0	0	0	0.706134	0.623364	0	0	0.10661	0	0	0	0	0.387597	0.5361312	0	0.0968992	0.300408	0	0	0	0	1.108751	0	1.834952	0.0885013	0	0.10661	0	0.240385	0.555556	0.481481	0.517721	0.10661	0	0	0.21322	0	0	0	1.897905	0	0	0	1.83333	0.446429	0	0.387597	0	0	0.0968992	0	0	0	0.446429	0	0
K06956	0.124688	0	0	0.120192	0	0.149254	0	0.296537	0	1.441424	2.0670115	14.2660926	0	0	1.19403	0	0	0	0	0.361116	0	0	0	0	0.5249915	0	0	0.524364	0.5439282	0	0	0.120773	0	0.2017025	0	0	0.6657194	0.249377	0	0.398631	0	0.120773	0.249377	0	0	0.840793	0.276617	0	0	0.511573	0	0.188695	0	0	0	0.124688	0	0	0	0.247525	0.0556941	0.4222	1.51515	0.324675	0.240385	0	0.748113	0.221685	0.423195	0	0	0	0.142145	0.124688	0	0.162338	0	0.0560897	2.237095	0	0	0	0	0.892102	0.120192	0	0.0689942	0	0.447761	0.727167	0	0.161255	0	6.768335	0	0	0	0.547884	0	0.2069391	0	2.286644	0	0.466346	0	0	0	0	1.189779	0.43031	0.298507	0	0.0731505	0.149254	0	0.0432253	0	0
K02536	0	0	0	0	0	0	0	0	0	0	0	0	0	0	0	0	0	0	0	0	0	0	0	0	0	0	0	0	0	0	0	0	0	0	0	0	0	0	0	0	0	0	0	0	0	0	0	0	0	0	0	0	0	0	0	0	0	0	0	0	0	0	0	0	0	0	0	0	0	0	0	0	0	0	0	0	0	0	0	0	0	0	0	0	0	0	0	0	0	0	0	0	0	0	0	0	0	0	0	0	0	0	0	0	0	0	0	0	0	0	0	0	0	0	0	0	0	0
K02355	6.5857229	1.063863	0.5528609	3.7846027	3.366769	1.470969	0.6242575	25.690234	0	7.4366286	8.729911	27.48416	3.627624	0.6998941	23.637805	2.301755	0.380582	7.886583	1.1028016	0.8362894	1.5126056	0.9958336	0	6.252096	2.348101	2.461578	0	4.739654	6.5574756	0.399273	0	0.7855406	16.660965	5.286938	0.956386	1.372499	6.078394	1.582978	0	7.9280975	1.484158	0.703067	2.029832	2.3269237	8.817641	11.564395	0.7653194	0	6.176843	5.095721	0	15.882774	0.388889	3.803305	2.5580617	3.689601	0.0950156	2.463801	1.833748	3.718215	28.261289	22.295859	3.762142	21.42883	8.1308768	11.199421	7.6814783	4.645458	1.0091966	0.5559415	0.20439	0.155763	20.98724	4.958779	3.283508	18.322232	2.110681	8.56364949	15.0785696	3.872223	1.4223395	4.118561	2.861106	0.8108692	2.752972	21.217471	1.713913	0.321391	1.2900326	0.191327	0.3387596	0.7739326	0.820513	2.5454989	0.2326066	0	0.177305	0.510869	0.174455	0.0778816	0	2.2954836	0.0886525	0	0	0.4138681	0.0778816	0.7998386	3.638125	0.765571	3.697198	3.471006	0.22831	1.558685	0	0.591429	0	0.182248
K06180	0.193798	0.155039	0	0	0.387597	0	0	0.968992	0	0.666667	0.8799707	0.387596	0	0	0.404762	0	0	0.387597	0	0	0	0	0	2.61645	1	0.182171	0	0.357143	0.781402	0.193798	0	0	1.929861	0	0	0.387597	0.143411	0	0	0	0	0.166667	0	1.64331	0	0.581395	0	0	0	0	0	0	0.6665649	0	0	0.830303	0	0	0.204082	0	0.193798	2.589622	0	0	0.174419	0	0.817375	2.319388	0	0	0	0	0	0	0	1.6565077	0	1.47603	0.787597	0.402131	0	0.136681	0	0	0	2.542565	0	0	0	0	0	0	0	0.193798	0	0	0	0	0	0	0	1.8602032	0	0	0	0.168317	0	0	0	0	0.193798	0.193798	0.193798	0.469484	0	0	0	0
K01646	0	0	0	0.128788	0	0	0	0.318182	0	0.727273	0.5	0	0	0	0	0	0	0.825758	0	0	0	0	0	0.712121	0	0	0	2.17424	0.484848	0	0	0	0.575758	0	0	0	0	0	0	1.42424	0	0	4.20455	0	0.641667	0	0.212121	0	0.537879	0	0	0	0	0	0	0.477273	0	0	0	0	0.5	0	0	1.18182	0	0	0	0	0	0	0	0	1.25758	0	0.181818	0.143939	0	0.212121	0.590909	0	2.196217	0	0	1.15909	0	1.77273	0	0	0	0	0	0	0	0	0	0	0	0	0	0	0	0	0	0	0	0	0	0	0	0	0	0	0	0.416667	0	0	0	0
K03523	0	0	0	0	0	0	0	0	0	0	0	0	0	0	0	0	0	0	0	0	0	0	0	0	0	0	0	0	0	0	0	0	0	0	0	0	0	0	0	0	0	0	0	0	0	0	0	0	0	0	0	0	0	0	0	0	0	0	0	0	0	0	0	0	0	0	0	0	0	0	0	0	0	0	0	0.934783	0	0	0	0	0	0	0	0	0	0	0	0	0	0	0	0	0	0	0	0	0	0	0	0	0	0	0	0	0	0	0	0	0	0	0	0	0	0	0	0	0	0
K07099	0	0	0	0	0	0	0	0.120664	0	0.221239	0	0	0	0	0.892857	0	0	0	0.375439	0	0	0	0	0	0	0	0	0	0	0	0	0	0	0	0	0	0	0	0	0	0	0	0	0	0	0	0	0	0.119155	0.257143	0	0	0	0	0	0	0	0	0	0	0	0	0	0	0	0.393665	0.226244	0	0	0	0	0	0	0	0	0.414381	0	0	1.470238	0	0	0.225641	0	0	0	0.452489	0	0	0	0	0	0	0	0	0	0	0	0.261905	0	0	0	0	0	0	0	0	0	0.526316	0	0.226244	0	0	0.892857	0	0	0	0	0
K00882	0	0	0	0	0	0	0	0	0	0.612245	0	1.1147	0	0	0	0	0	0	0	0	0	0	0	0	0	0	0	0.196078	0.816327	0	0.408163	0	0	0	0	0	0	0	0	0	0	0	0	0	0.127891	0	0	0	0	0.644131	0	0	0	0	0	0	0	0	0.0312925	0	0	0	0	0.265233	0	0.196078	0	0	0	0.121088	0	0	0	0	0	0	0	0	0	0	0	0	0	0	0	0.471698	0	0	0	0	0	0	0	0	0	0	0	0	0	0	0	1.23454	0	0	0	0	0	0	0.702041	0	0	0	0	0	0	0	0	0
K00626	0	0	0	0	0	0	0	0	0	0	0	0	0	0	0	0	0	0	0	0	0	0	0	0	0	0	0	0	0	0	0	0	0	0	0	0	0	0	0	0	0	0	0	0	0	0	0	0	0	0	0	0	0	0	0	0	0	0	0	0	0	0	0	0	0	0	0	0	0	0	0	0	0	0	0	0	0	0	0	0	0	0	0	0	0	0	0	0	0	0	0	0	0	0	0	0	0	0	0	0	0	0	0	0	0	0	0	0	0	0	0	0	0	0	0	0.320513	0	0
K00261	0	0	0	0	0	0	0	0	0	0	0	0	0	0	0	0	0	0	0	0	0	0	0	0	0	0	0	0	0	0	0	0	0	0	0	0	0	0	0	0	0	0	0	0	0	0	0	0	0	0	0	5.03571	0	0	0	0	0	0	0	0	0	0	0	0	0	0	0	0	0	0	0	0	0	0	0	0	0	0	0	0	0	0	0	0	1	0	0	0	0	0	0	0	0	0	0	0	0	0	0	0	0	0	0	0	0	0	0	0	0	0	0	0	0	0	0	0	0	0
K00873	0	0.0888099	0	0	0	0	0	3.52113	0	0.266786	0	0.2670629	0.356506	0	0	0	0	0.307512	0	0.0843731	0	0	0	0.0888099	0.0888099	0	0	0	0.0888099	0	0	0	0	0	0	0	0.00356506	0	0	0.0888099	0.0888099	0.0746004	0.17762	0	0	0	0	0	0	0	0	1.117822	0	0	0	0.0891266	0	1.0309	0	0	0	0.17762	0	0	0.0746004	0	0.1776198	0.704225	0	0	0	0	0	0	0.0888099	0	0	0.0888099	0	0.26738	0	0.62167	0.26643	0.4538573	0	0.35524	0	0	0.355318	0.62167	0	0.1776198	0	0.352872	0	0	0	0	0	0	0	0	0	0.35524	0	0	0	0	0.1773423	0.0888099	0	0	0.352113	0.259917	0	0	0	0
K01848	0	0	0	2.624837	0	0	0.544662	0	0	1.021351	0	2.001742	0	0	0	0	0	0	0	0	0.588235	0	0	0	0	0	0	0	2.593663	0	0	0	2.17391	0	0	0	0	0	0	0	0	0.372549	0.578035	1.843091	0	0.752486	0	0	0	0.678223	0	2.523934	0	0	0.362319	0.211864	0	0	0.640523	0.311547	0.441207	0	0	1.178613	0	0.591787	0.289017	0	0	0	0	0	8.66905	0	0.240848	6.907674	0	0.211864	0.538661	0.578035	0	0	0	0.28744	0	0	0	0.167756	0	0	0	0	0.438444	0.578035	0	0	0	0	0	0	0	1.315157	0	0	0	0	0	0	0.289017	0	0	0	0	0	0	0	0	0
K02072	0	0	0	0	0	0	0	0	0	0	0	0	0	0	0	0	0	0	0	0	0	0	0	0	0	0	0	0	0	0	0	0	0	0	0	0	0	0	0	0	0	0	0	0	0	0	0	0	0	0	0	0	0	0	0	0	0	0	0	0	1.46341	0	0	0	0	0	0.658537	0	0	0	0	0	0	0	0	0	0	0	0	0	0	0	0	0	0	0	0	0	0	0	0	0	0	0	0	0	0	0	0	0	0	0	0	0	0	0	0.287356	0	0	0	0	0	0	0	0	0	0	0
K01673	0	0	0	1.379506	0	0.248858	0	5.432385	0	0.271368	0.899543	0	0	0	0.835617	0	0	0.342466	0	0	0	0	0	0.931507	0	0	0	0.662979	0	0	0	0.46555	0	0	0	0	1.143884	0	0	0.318376	0	0	0	0	0	1.223939	0	0	0.684932	0.575342	0	1.222808	0	0.315068	0	0.7557083	0	0	0	0	1	0.342466	0	1.027398	0	1.19178	1.1448463	0.440639	0	0	0	0	1.0274	0	0	0.829376	0	0.500521	1.691782	0	0.342466	1.18	0	0.27169	0.829133	2.238002	0	0	0	0	0	0.913242	1.323294	2.856162	0	0	0	0	0.506996	0	0	2.610924	0	0	0	0	0	0.207977	1.703192	0.342466	1.157535	0.684932	0.3379	0.314465	0	0.128205	0	0
K03575	0	0	0	0	0	0	0	0	0	0	0	0	0	0	0	0	0	0	0	0	0	0	0	0	0	0	0	0	0	0	0	0	0	0	0	0	0	0	0	0	0	0	0	0	0	0	0.158228	0	0.158228	0	0	0	0	0	0	0	0	0	1.459328	0	0	0	0	0	0	0.537634	0.537634	0	0	0	0	0	0	0	0	0	0	0	0	0	0	0	0	0	0	0	0	0	0.158228	0	0	0	0	0.543478	0	0	0	0	0	0	0	0	0	0	0	0	0	0	0	0	0	0	0.543478	0	0	0	0	0
K02004	0	0	0	0.350877	0	0	0	0	0	0.175439	0	0	0.464361	0	0	0	0	0	0	0.175439	0	0	0	0	0	0	0	0.156184	0.157233	0	0	0	0	0	0	0	0	0	0	0	0	0	0	0.144654	0	0	0	0	0	0.715271	0	0.853547	0	0	0.157233	0	0	0	1.21951	0	0	0	0	0	0	0.157233	0	0	0	0	0	0	0	0	0.156184	0.968421	0	0	0	0	0	0	0	0	0	0	0	0	0.157233	0.157233	0	0	0	0	0	0	0	0	0	0	0	0	0	0	0	0	0	0	0	0	0	0.0432749	0	0	0	0	0	0
K04069	0	0	0	0	0	0	0	0	0	0	0	0	0	0	0	0	0	0	0	0	0	0	0	0	0	0	0	0	1.8	0	0	0	0	0	0	0	0	0	0	0	0	0	0	0.88	0	0.473333	0	0	0	0	0	0	0	0	0.766667	0	0	0	0	0	0	0	0	0	0	0	0	0	0	0	0	0	0	0	0	0	0	0.953333	0	0	0	0	0	0	0	0	0	0	0	0	0	0	0	0	0	0	0	0	0	0	0	0	0	0	0	0	0	0	0	0	0	0	0	0	0	0	0	0
K00099	0	0	0	0	0	0	0	0	0	0	0	0	0	0	0	0	0	0	0	0	0	0	0	0	0	0	0	0	0	0	0	0	0	0	0	0	0	0	0	0	0	0	0	0	0	0	0	0	0	0	0	0	0	0	0	0	0	0	0	0	0	0	0	0	0	0	0	0	0	0	0	0	0	0	0	0	0	0	0	0	0	0	0	0	0	0	0	0	0	0	0	0	0	0	0	0	0	0	0	0	0	0	0	0	0	0	0	0	0	0	0	0	0	0	0	0	0	0
K03438	0	0	0	0	0	0.153199	0	0	0	0.138677	0.0178117	1.648669	0	0	0	0	0	0	0	0	0.381679	0	0	0	1.08833	0	0	0.585242	0	0	0	0	0	0.380407	0	0	0.462963	0	0	0	0.434783	0	0	0	0	1.187601	0	0	0	0	0	0	0	0	0	0	0	0	0.469697	0	0	0	0	0	0	0	0.854352	0	0.381679	0	0	0	0	0	0	0.97209	0	0	0	0	0	0	0	0	0	0	0	0	0	0.0928753	0	0	0	0.0547074	0	0	0	0	0	0	0	0.424937	0	0	0	0	0	0	0	0	0	0	0	0	0	0	0	0
K00145	0	0	0	0	0	0	0	0	0	0	0	0	0	0	0	0	0	0	0	0	0	0	0	0	0	0	0	0	0	0	0	0	0	0	0	0	0	0	0	0	0	0	0	0	0	0	0	0	0	0	0	0	0	0	0	0	0	0	0	0	0	0	0	0	0	0	0	0	0	0	0	0	0	0	0	0	0	0	0	0	0	0	0	0	0	0	0	0	0	0	0	0	0	0	0	0	0	0	0	0	0	0	0	0	0	0	0	0	0	0	0	0	0	0	0	0	0	0
K03500	0	0	0	0	0	0	0	0	0	0.494845	0	0	0	0	0	0	0	0	0	0	0	0	0	0	0	0	0	0.93676	1.455651	0	0	0	0	0.171821	0	0	0	0	0	0	0.171821	0	0	0	0	0	0	0	0.111111	0	0	0	0	0	0	0	0	0	0.247525	0.389643	0	0	0	0.323024	0	0	0.822599	0	0.247525	0	0	0	0.650165	0	0	0	0	0	0.302406	0.538476	0	0	0	0	0	0	0	0	0.171821	0	0	0	0	0.343643	0	0	0	0.171821	0	0	0	0.319054	0	0	0	0	0	0	0.171821	0	0	0	0	0	0	0	0	0
K02585	0	0	0	0	0	0	0	0	0	0	0	0	0	0	0	0	0	0	0	0	0	0	0	0	0	0	0	0	0	0	0	0	0	0	0	0	0	0	0	0	0	0	0	0	0	0	0	0	0	0	0	0	0	0	0	0	0	0	0	0	0	0	0	0	0	0	0	0	0	0	0	0	0	0	0	0	0	0	0	0	0	0	0	0	0	0	0	0	0	0	0	0	0	0	0	0	0	0	0	0	0	0	0	0	0	0	0	0	0	0	0	0	0	0	0	0	0	0
K04720	0.152905	0.152905	0	0	0.30581	0	0	0.595145	0	0.359173	0.303772	3.723751	0	0	0.5406253	0	0	0.917431	0	0	0	0	0	0.7706425	0.152905	0	0	0.152905	0.328165	0	0	0	0	0.109524	0	0	0.735983	0	0	0	0	0	0	0	0.152905	0.7573898	0.152905	0	0	0	0	0.917431	0	0	0	0	0	0	1.91214	0	0.9960444	0.917431	0	0.704383	0.458716	0	0.669921	0	0	0.18863	0	0	2.63158	0	0	0.5453613	0	0.611621	1.1356	0.124363	0	0	0	0	0.37594	0.747558	0	0	0	0	0	0.152905	0.0856269	0.902953	0	0	0	0	0	0	0	0	0	0	0	0	0	0	0.454638	0.679587	0.449541	0	0	0	0	0	0	0
K21498	0	0	0	0	0	0	0	0	0	0	0	0	0	0	0	0	0	0	0	0	0	0	0	0	0	0	0	0	0	0	0	0	0	0	0	0	0	0	0	0	0	0	0	0	0	0	0	0	0	0	0	0	0	0	0	0	0	0	0	0	0	0	0	0	0	0	0	0	0	0	0	0	0	0	0	0	0	0	0	0	0	0	0	0	0	0	0	0	0	0	0	0	0	0	0	0	0	0	0	0	0	0	0	0	0	0	0	0	0	0	0	0	0	0	0	0	0	0
K03785	0	0	0	0	0	0	0	0	0	0	0	0	0	0	0	0	0	0.246305	0	0	0	0	0	0	0.246305	0	0	0.232558	1	0	0	0	0	0	0	0	0	0	0	0	0	0	0	0	0	0	0	0	0	0	0	0	0	0.239737	0	0	0	0	0	0	0	0	0	0	0	0	0	0	0	0	0	0	0	0	0	0	0	0	0	0	0	0	0	0	0	0	0	0	0	0	0	0	0	0	0	0	0	0	0	0	0	0	0	0	0	0	0	0	0	0	0	0	0	0	0	0	0	0
K02018	0	0	0	0	0	0	0	0	0	0	0	0	0	0	0	0	0	0	0	0	0	0	0	0	0	0	0	0	0	0	0	0	0	0	0	0	0	0	0	0	0	0	0	0	0	0	0	0	0	0	0	0	0	0	0	0	0	0	0	0	0	0	0	0	0	0	0	0	0	0	0	0	0	0	0	0	0	0	0	0	0	0	0	0	0	0	0	0	0	0	0	0	0	0	0	0	0	0	0	0	0	0	0	0	0	0	0	0	0	0	0	0	0	0	0	0	0	0
K03605	0	0	0	0	0	0	0	0	0	0.938776	0	0	0	0	0	0	0	0	0	0	0	0	0	0	0	0	0	0.49505	0	0	0	0	0	0.49505	0	0	0	0	0	0.0853659	0	0	0	0	0	0	0	0	0	0	0	0.361789	0	0	0	0	0	0	0	0	0	0	0	0	0	0.990099	0	0	0	1.812125	0	0	0	0	0	0	0	0	0	0	0	0	0	0.362745	0	0	0	0	0	0	0	0	0	0	0	0	0	0	0	0	0	0	0	0	0	0	0	0	0	0	0	0	0	0	0	0	0	0
K02552	0	0	0	0	0	0	0	0	0	0	0	0	0	0	0	0	0	0	0	0	0	0	0	0	0	0	0	0	0	0	0	0	0	0	0	0	0	0	0	0	0	0	0	0	0	0	0	0	0	0.151057	0	0	0	0	0	0	0	0	0	0	0	0	0	0	0	0	0	0	0	0	0	0	0	0	0	0.360595	0	0	0	0	0	0	0	0	0	0	0	0	0	0	0	0	0	0	0	0	0	0	0	0	0	0	0	0	0	0	0	0	0	0	0	0	0	0	0	0	0	0
K10026	0	0	0	0	0	0	0	0	0	0	0	0	0	0	0	0	0	0	0	0	0	0	0	0	0	0	0	0.395425	0	0	0	0	0	0	0	0	0	0	0	0	0	0	0	0.958904	0	0	0	0	0	0	0	0	0	0	0	0	0	0	0	0	0	0	0	0	0	0	0	0	0	0	0	0	0	0	0	0	0	0	0	0	0	0	0	0	0	0.432432	0	0	0	0	0	0	0	0	0	0	0	0	0	0	0	0.292398	0	0	0	0	0	0	0	0	0	0	0	0	0	0	0	0
K03501	0	0	0	0	0	0	0	0	0	0	0.248756	0	0	0	0	0	0	0	0	0	0	0	0	0	0	0	0	0	0.239234	0	0	0	0	0	0	0	0	0	0	0	0	0.0207337	0	0	0	0	0	0	0	0	0	0	0	0	0	0	0	0	0	0	0	0	0	0	0	0	0	0	0	0	0	0	0	0	0	0	0	0	0	0	0	0	0	0	0	0	0	0	0.15257	0.4	0	0	0.239234	0	0	0	0	0	0	0	0	0.736746	0	0	0	0	0	0	0	0	0	0	0	0	0	0	0	0
K03272	0	0.103837	0	0.526316	0	0	0	6.00693	0	1.21102	0.175439	1.7968367	0	0	1.480726	0	0.297619	0	1.301198	0.120482	0	0	0	0.6615826	0	0	0	0.24031	0.205761	0	0	0	1.18651	0	0.908304	0.120482	2.377368	0	0	0	0.919104	0.0809419	0	0	0.112867	1.194476	0	0	0.496429	0.120482	0	0.782387	0	0.112867	0.287719	0	0	0	1.040355	0.3410677	2.35285	0	0.350877	2.870245	0	0.719368	3.141913	0.112867	0	0	0	0.350877	0.212048	0	0	1.0719268	0	0.225734	0.9230241	0.634521	0	0.204918	0	0	0	1.3425909	0.0700197	0	0.120482	0.110375	0	0	0	0.846533	0	0	0	0	0	0	0	0	0	0	0	0	0	0	1.150904	0	0.549828	0	0	0	0	0.0562414	0.112867	0
K21903	0	0	0	0	0	0	0	0	0	0	0	0	0	0	0	0	0	0	0	0	0	0	0	0	0	0	0	0	0	0	0	0	0	0	0	0	0	0	0	0	0	0	0	0	0	0.652482	0.292517	0	0	0	0	0	0	0	0	0	0	0	0	0.394558	0	0	0	0	0	0	4.94558	0	0	0	0	0	0	0	0	0	0	0	0	0	0	0	0	0.574468	0.539007	0	0	0	0	0	0	0	0	0	0	0	0	0	0	0	0	0	0	0	0	0	0	0.285714	0	0	0	0	0	0	0	0	0	0
K06925	0	0	0	0	0	0	0	0	0	0	0.617391	0	0	0	0	0	0	0	0	0	0	0	0	0	0	0	0	0	0	0	0	0	0	0	0	0	0	0	0	0	0	0	0	0	0	0	0	0	0	0	0	0	0	0	0	0	0	0	0	0	0	0	0	0	0	0	0	0	0	0	0	0	0	0	0	0.434783	0	0	0	0	0	0	0	0	0	0	0	0	0	0	0	0	0	0	0	0	0	0	0	0	0	0	0	0	0	0	0	0	0.434783	0	0	0	0	0	0	0	0	0
K07271	0	0	0	0	0	0	0	0	0	0	0	0	0	0	0	0	0	0	0	0	0	0	0	0.465116	0	0	0	0	0	0	0	0	0	0	0	0	0	0	0	0	0	0	0	0	0	0	0	0	0	0.226357	0	0	0	0.232558	0	0	0	0	0.252874	0	0	0	0	0	0	0	0	0	0	0	0	0	0	0	0	0.4510299	0	0	0	0	0	0	0	0	0	0	0	0	0	0	0	0	0	0.00155039	0	0	0	0	0	0	0	2.784408	0	0	0	0	0.535632	1.19723	1.79279	0	0	0	0	0	0	0	0	0
K01945	0	0	0	0	0	0	0	1.0274	0	0	0	0	0	0	0	0	0	0	0	0	0	0	0	0	0	0	0	0	0	0	0	0	0	0	0	0	0	0	0	0	0	0	0	0	0	0	0	0	0	0	0	0	0	0	0	0	0	0	0	0	0	0	0	0	0	0.225053	0	0	0	0	0	0	0	0	0	0.726368	0	0	0	0	0	0	0	0	0	0	0	0	0	0	0	0	0	0	0	0	0	0	0	0	0	0	0	0	0	0	0	0	0	0	0	0	0	0	0	0	0	0
K03629	0	0	0	0.314465	0	0	0	0	0	0	0.20679	0	0	0	0	0	0	0	0	0	0	0	0	0	0	0	0	0	0.462963	0	0	0	0	0	0	0	0	0	0	0	0	0	0	0	0	0	0	0	0	0	0	0	0	0	0	0.0657748	0	0	0	0	0	0.462963	0	0	0	0	0.334448	0	0	0	0	0	0	0	0	0	0	0	0	0	0	0	0	0	0	0	0	0	0	0	0	0	0	0	0	0	0	0	0	0	0	0	0	0	0	0	0	0	0	0	0	0	0	0	0	0	0	0
K03497	0	0	0	0	0	0	0	0	0	0	0.192308	0	0	0	0	0	0	0	0	0	0	0	0	0	0	0	0	0.384615	0	0	0	0	0	0.132051	0	0	0	0	0	0	0	0	0	0	0	0	0	0	0	0	0	0	0	0	0	0	0	0	0	0	0	0	0	0	0	0	0	0	0	0	0	0	0	0	0	0	0	0.192308	0	0	0	0	0.394958	0	0	0	0	0	0	0	0	0	0	0	0	0	0	0	0	0	0	0	0	0	0	0	0	0	0	0	0	0	0	0	0	0	0	0
K13498	0	0	0	0	0	0	0	0	0	0	0	0	0	0	0	0	0	0	0	0	0	0	0	0	0	0	0	0	0	0	0	0	0	0	0	0	0	0	0	0	0	0	0	0	0	0	0	0	0	0	0	0	0	0	0	0	0	0	0	0	0	0	0	0	0	0	0	0	0	0	0	0	0	0	0	0	0	0	0	0	0	0	0	0	0	0	0	0	0	0	0	0	0	0	0	0	0	0	0	0	0	0	0	0	0	0	0	0	0	0	0	0	0	0	0	0	0	0
K02500	0	0	0	2.27273	0	0	0	0	0	0	0	0	0	0	0	0	0	0	0	0	0	0	0	0	0	0	0	0	0	0	0	0	0	0	0	0	0	0	0	0	0	0	0	0	0	0	0	0	0	0	0	0	0	0	0	0	0	0	0	0	0	0	0	0	0	0	0	0	0	0	0	0	0	0	0	0	0	0	0	0	0	0	0	0	0	0	0	0	0	0	0	0	0	0	0	0	0	0	0	0	0	0	0	0	0	0	0	0.209302	0	0	0	0	0	0	0	0	0	0
K04043	0	0	0	0	0	0.597872	0	0	0	0	0.541516	0.872443	0	0	0.170878	0	0	0	0	0	0	0	0	0	0	0	0	0.872382	0	0	0	0	0	0	0	0	0	0.89577	0	0	0	0	0	2.446871	0	1.18487	0	0	0.0565584	1.601911	0	0	0	0	2.12605	1.16315	0	0	0.840336	0	0	2.92201	0	0.578821	0	0	0	0	0	0	0	0	0	0	1.241406	0	0	0	0	0	0	0	0	0	0	0	0	0	0	0	0	0	0	0	0	0	0	0	0	0	0	0	0	0	0	0	0	0	0	0	0	0	0	0	0	0	0	0
K03091	2.367621	0.284091	0.571429	0	0	0.857143	0	4.102854	0	0.20381	2.224763	2.739051	4.255242	0	0.706666	0	0	1.059047	0.00761905	0.121905	0	0	0	3.824763	0.935238	0	0	1.349636	1.7197	1.10095	0.56	0	1.714289	0.434286	0	0.571429	1.491429	0	0.175238	0	0.348571	0.0795455	0.493333	0	0.883809	5.108576	0	0	0	0.567901	0	3.662856	0.443809	0.419047	0.3142854	1.068853	0	1.059047	0	0.731429	1.52762	1.333333	0	2.74857	5.82476	2.857142	5.152573	1.42857	0	0.285714	0	0	0	0	0	3.280671	0.285714	1.902854	4.015239	0.285714	0.272381	1.769527	0	0.238095	0.190476	11.302886	0.3314283	0.11619	2.268571	0.00380952	0	0.415238	0.213333	1.666668	0	0	0	0	0	0	0	0.138258	0	0	0	0.28381	0.508571	0.72	0.561904	0	0.866667	0.285714	0.285714	0.295238	0	0.00952381	0	0.100952
K01462	0.442478	0	0	0.442478	0	0	0	7.700504	0	1.905207	0.974885	3.048759	0	0	0	0	0	0.442478	0	0	0.884956	0	0	0.516224	1.280236	0	0	0.849107	2.61062	0	0	0	3.14749	0	0	0	3.051626	0	0	0.442478	0.442478	0	0.106195	0	0.442478	1.837464	0	0	0.0412979	0.442478	0	0.220974	0	0.976401	0	0	0	0	0.884956	1.34218	1.36376	0.0943953	0	0	0.681416	0.845256	3.761395	0	0	0	0	0	0	0	0	1.3715605	0.442478	3.13274	2.171996	0.516224	0	0.911505	0.171091	0	0	6.064893	0	0	0	0	0	0.309735	0.265487	2.144543	0	0	0	0	0	0.235988	0	0.563422	0	0	0	0.389381	0	0	0.377581	0	0	0	0	0.262537	0	0	0	0
K01129	0	0	0	0	0	0	0	0	0	0	0	0	0	0	0	0	0	0	0	0	0	0	0	0	0	0	0	0	0	0	0	0	0	0	0	0	0	0	0	0	0	0	0	0	0	0	0	0	0	0	0	0	0	0	0	0	0	0	0	0	0	0	0	0	0	0	0	0	0	0	0	0	0	0	0	0	0	0	0	0	0	0	0	0	0	0	0	0	0	0	0	0	0	0.313043	0	0	0	0	0	0	0	0	0	0	0	0	0	0	0	0	0	0	0	0	0	0	0	0
K05808	0	0	0	0	0	0	0	0	0	0	0	0	0	0	0	0	0	0	0	0	0	0	0	0	0	0	0	0	0	0	0	0	0	0	0	0	0	0	0	0	0	0	0	0	0	0	0	0	0	0	0	0	0	0	0	0	0	0	0	0	0	0	0	0	0	0	0	0	0	0	0	0	0	0	0	0	0	0	0	0	0	0	0	0	0	0	0	0	0	0	0	0	0	0	0	0	0	0	0	0	0	0	0	0	0	0	0	0	0	0	0	0	0	0	0	0	0	0
K01939	0.162338	0	0	0	0	0.146104	0	0	0	0	0.230415	0	0	0	0	0	0	0	0	0	0	0	0	0	0	0	0	1.033307	0.132275	0	0	0	0	0	0	0	0	0	0	0	0	0.0811688	0	0	0	0.370317	0	0	0	0.735881	3.66667	0	0.303951	0	0	0	0	0	2.875661	0.60241	0	0	0	0.199295	0	0.522088	0.530018	0	0	0	0	0	0.354978	0	0.301205	1.024081	0	0	0	0	0	0	0.251256	0.150602	0	0	0	0	0	0	0	0	0	0	0	0	0	0	0	0	0	0	0	0	0	0	0	0.141844	0	0	0	0	0	0	0	0	0	0
K01870	0.0723589	0	0	0.666667	0	0.124069	0	4.276098	0	0.124069	0.262274	1.021879	0	0	0.116279	0	0	0.416121	0	0	0	0	0	0.088968	0.116279	0.217077	0	0.333333	0.374713	0	0	0	0.225999	0	0	0.232558	0.75697	0	0	0.485437	0	0.224215	0.513746	0	0	0.6334779	0	0	0	0	0	0.47619	0	0.214592	0.119332	0.08044952	0	0.0723589	0	0	0.3125931	0.235849	0	0.088968	0	0.64722	0.5692447	0	0	0	0	0	0.627932	0	0.116279	1.455888	0	0	0.420158	0.116279	0.0750751	0.2840822	0	0	0	0.4095885	0	0	0	0	0	0	0	1.159195	0	0	0	0	0	0	0	0	0	0	0	0	0	0.291946	0.2575439	0	0	0.3049169	0	0.8152904	0	0	0	0
K02965	0	0	0	0	0	0	0	0	0	0	0	0	0	0	0	0	0	0	0	0	0	0	0	0	0	0	0	0.190476	0	0	0	0	0	0	0	0	0	0	0	0	0	0	0.22619	0	0	0	0	0	0	0	0	0	0	0	0	0	0	0	0	0	0	0	0	0	0	0	0	0	0	0	0	0	11.0595	0	3	0	0	0	0	0	0.97619	0	0	0	0	0	0	1	0	0	0	0	0	1	0	0	0	0	0	0	0	0	0	0	0	0	0	0	0	0	0	0	0	1	0	0	0	0
K01952	0	0	0	0	0	0.135501	0	1.806728	0	0	0.0402576	0.1595921	0	0	0.0805153	0	0	0.0417711	0	0	0	0	0	0.120773	0	0	0	0	0.311064	0	0	0	0	0	0	0	0	0	0	0	0	0	0	0	0	0.131579	0	0	0	0.0351583	0	0.0417711	0.368159	0.0402576	0.0402576	0.0884956	0	0	0	0	0.0414926	0	0	0	0.167084	0.0805153	0	0	0	0	0	0	4	0.0531401	0	0.393613	0	0.0417711	0.147343	0	0.0788644	0	0	0	0.0947368	0.2401176	0	0	0.26738	0	0	0	0	0	0	0	0	0	0	0	0	0.2723196	0	0	0	0.2200746	0	0	0.0402576	0	0.183601	0	0	0	0	0.0402576	0	0
K03169	0.106838	0	0	0	0	0	0	0.0686004	0	0	0.1382171	0.231749	0	0	0	0	0	0	0	0.0690608	0	0	0	0.1990263	0	0	0	0.267992	0	0	0	0	0	0.106838	0	0	0.129004	0	0	0	0	0.0520258	0	1.300689	0	0.641026	0	0	0.0691563	0.0690608	0	0.345304	0	0.0691563	0	0	0	0	0	0	0.12987	0	0	0.278238	0	0	0.138313	0	0	0	0	0	0.622407	0	0	0.0691563	0.0691563	0	0.25974	0	0	0	0	0.0690608	0	0	0	0	0	0.0690608	0	0	0	0	0	0	0	0	0	0	0	0.137852	0	0	0	0.12987	0	0	0.400128	0	0	0	0	0	0	0	0	0
K00648	0	0	0	0	0.192308	0	0	1.132388	0	0	1.42435	1.536752	0.585897	0	1.661573	0	0	0.177305	0	0	0	0	0	0.496454	0	0	0	1.381801	1.06028	0	0.327423	0.35461	0.260047	0.177305	0	0	0.303101	0	0	0	0.0200946	0	0	0.497636	0.2541372	0.973995	0	0	0.93617	0.177305	0	2.1844	0	0	0.270686	0.649027	0	0	0.921791	0	0.35461	0.192308	0	0.192308	0.177305	0.886525	0.549451	0.072104	0.531915	0	0	0	0.20331	0.70922	0.14539	0.1158392	0.191026	0	2.170027	0	0	0.0744681	0	0.35461	0.0531915	0.339244	0	0	0.22695	0	0	0	0	0.490998	0	0	0	0	0	0.769231	0	0.072104	0.384615	0	0	0	0.177305	0	0.177305	0	0.125296	0	0.384615	0	0	0.177305	0	0
K03979	0	0	0	0	0	0	0	0	0	0	0	0	0	0	0	0	0	0	0	0	0	0	0	0	0	0	0	0	0.872093	0	0	0	0	0	0	0	0	0	0	0	0	0	0	0	0	0.53876	0	0	0	0	0	0	0	0	0	0	0	0	0	0	0	0	0	0	0	0	0	0	0	0.282486	0	0	0	0	0	1.0969	0	0	0	0	0	0	0	0.290698	0	0	0	0	0	0	0	0	0	0	0	0	0	0	0	0	0	0	0	0	0	0	0	0	0	0	0	0	0	0	0	0	0	0
K10441	0	0	0	0	0	0	0	0	0	0	0	0	0	0	0	0	0	0	0	0	0	0	0	0	0	0	0	0	0	0	0	0	0	0	0	0	0	0	0	0	0	0	0	0	0	0	0	0	0	0	0	0	0	0	0	0	0	0	0	0	0	0	0	0	0	0	0	0	0	0	0	0	0	0	0	0	0	0	0	0	0	0	0	0	0	0	0	0.185874	0	0	0	0	0	0	0	0	0	0	0	0	0	0	0	0	0	0	0	0	0	0	0	0	0	0	0	0	0	0
K03574	0	0	0	0	0	0	0	0	0	0.708013	0.0403226	0	0	0	0	0	0	0.172549	0	0	0	0	0	0	0	0	0	0	0	0	0	0	0	0	0	0	0	0	0	0	0	0	0	0	0.478431	1.57647	0	0	0	0	0	0.364706	0	0.0117647	0	0.298039	0	0	0	0	0.121569	0.713726	0	0	0	0	0	0	0	0	0	0	0	0	0	2.192156	0	0	0.513726	0	0	0	0	0	0	1.29412	0	0	0	0	0	0	0.519841	0.427451	0	0	0	0	0	0	0	0	0	0	0	0	0	0	0	0	0	0	0	0	0	0	0	0
K03779	0	0	0	0	0	0	0	0	0	0	0	0	0	0	0	0	0	0	0	0	0	0	0	0	0	0	0	0	0	0	0	0	0	0	0	0	0	0	0	0	0	0	0	0	0	0	0	0	0	0	0	0	0	0	0	0	0	0	0	0	0	0	0	0	0	0	0	0	0	0	0	0	0	0	0.199203	0	0	0	0	0	0	0	0	0	0	0	0	0	0	0	0	0	0	0	0	0	0	0	0	0	0	0	0	0	0	0	0	0	0	0	0	0	0	0	0	0	0	0
K03086	0.85494	0	0	0.296736	0	0.565725	0	6.83086	0	0.148368	2.907963	5.62611	0	0	1.698056	0.140455	0	1.46983	0.148368	0	0	0	0	0.167161	0.6322943	0	0	1.801576	0.2711114	0	0	0	0.296736	0	0	0	1.29828	0	0	0	0	0.647003	0	0.204918	0.579521	4.994438	0	0	0.318497	0.628304	0	3.18101	0	0.379822	1.18694	0.296736	0	0	0.4379785	0.2304133	1.33432	0.964841	0.466864	2.64787	0	0.170129	2.297256	0	0.238378	0.148368	0	0	0	0	0	1.595786	0	1.92779	2.015176	0.0593472	0.593472	0.147379	0	1.098166	0	1.40158	0	0	0.849398	0.2317013	0	0	0.4381603	3.19387	0	0	0	0.148368	0	0	0	0.608464	0.149357	0	0	0.739862	0	0	0.838773	0.296736	0.147379	0.435213	0	0.145349	0	0.148368	0	0.283826
K07090	0	0	0	0	0	0	0	1.86047	0	0	0.20202	0.232558	0	0	0	0	0	0.136434	0	0	0	0	0	0.465116	0	0	0	0	0	0	0	0	1.28205	0	0	0	0	0.514943	0	0	0.288889	0	0.980392	0	0	0	0	0	0.225071	0	0	0	0	0.202279	0	0	0	0	0	0	0	0	0	0.657059	0.151938	0	0.20155	0	0	0	0	0	0	0	0	0.462016	0	0	0	0	0	0	0	0	0	0.232558	0	0	0	0	0	0	0	0	0	0	0	0	0	0	0	0	0	0	0	0	0	0	0	0	0	0	0	0	0	0	0	0
K09698	0.227273	0	0	0	0	0.0954545	0	0	0	0.108333	1.427351	1.05648	0	0	0	0	0	0.833333	0	0	0	0	0	0.227273	0.391414	0.138889	0	0.125945	0.149051	0	0	0	0.227273	0	0	0	0.138889	0.227273	0	0.113636	0	0.406504	0	0	0	0	0	0	0.276852	0.125945	0	0.12197	0	0	0	0	0	0	0	0	0	2.027774	0.138889	0	0	0.516667	0.457625	0	0	0	0	0	0.340909	0	0	1.640763	0	0.125945	1.49864	0.138889	0.277778	1.34015	0	0.251889	0.49575	11.4265	0	0	0	0	0	0.0469697	0	2.054041	0	0	0	0	0	0	0	0.9078863	0	0	0	0	0	0	0.52037	0	0.138889	0	0.138889	0.227273	0	0	0	0
K07166	0	0	0	0	0	0	0	0	0	0	0	0	0	0	0	0	0	0	0.47619	0	0	0	0	0	0	0	0	0.968254	0	0	0	0	0	0	0	0	0	0	0	0	0	0	0	0	0	0	0	0	0	0	0	0	0	0	0	0	0	0	0	0.595238	0	0	0	0	0	0	0	0	0	0	0	0	0	0	0	0	0	0	0	0.896825	0	0	0	0	0	0	0	0	0	0	0	0	0	0	0	0	0	0	0	0	0	0	0	0	0	0	0	0	0	0	0	0	0	0	0	0	0	0
K03581	1.3955815	0	0	0.2389867	0	0	0	14.88052	0	3.142926	4.5655523	9.854323	0.4291003	0.0748503	2.8501739	0	0.265625	3.201905	1.0086213	0.588542	0.190114	0	0	3.083515	1.4380796	0	0	2.6909529	5.506171	0.149701	0	0.8101443	2.063918	0.573929	0	0.596807	1.020378	0	0	0.149701	0.416368	0.149701	0	0	1.0509467	10.6864759	0.5024	0	0.4350119	0.2245513	0	0.3742513	0	0.736852	0.299401	0.0748503	0	0.0892857	2.061369	0.4730424	3.19359	1.1061197	0	1.8112627	2.5204502	0.8352673	5.5569761	0.2145704	0.53513	0.453125	0	0	1.343975	0	0.510773	3.2007343	0	3.462202	2.5151743	0.149701	0.0748503	1.5855943	0	0.1910759	0.84101	16.33232	0.2470063	0	0.286428	0.149701	0	0.0748503	0.252614	0.630344	0	0	0	0.0768049	0	0	0	1.109475	0.149701	0	0	0.3861856	0	0	0.2380243	0.149202	0.548161	0.9105923	0.0748503	0.2337727	0	0	0	0
K00016	0	0	0	0.543478	0	0	0	0	0	0	0	0	0	0	0	0	0	0	0	0	0	0	0	0	0	0	0	1.5	0	0	0	0	0	0	0	0	0	0	0	0	0	0	0	0	0	0	0	0	0	0	0	0	0	0	0	0	0	0	0.56391	0	0	0	0	0	0	0	0	0	0	0.18797	0	0	0	0	0	0	0	0	0	0	0	0	0	0	0	0	0	0	0	0	0	0	0	0	0	0	0	0	0	0	0	0	0	0	0	0	0	0	0	0	0	0	0	0	0	0	0	0
K03787	0	0	0	0	0	0	0	0	0	0	0	0	0	0	0	0	0	0	0	0	0	0	0	0	0	0	0	0	0	0	0	0	0	0	0	0	0	0	0	0	0	0	0	0	0	0	0	0	0	0	0	0	0	0	0	0	0	0	0.228758	0	0	0	0	0	0	0	0.245098	0	0	0	0	0	0	0	0	0	0	0	0.133987	0	0	0	0	0	0	0	0	0	0	0	0	0	0	0	0	0	0	0	0	0	0	0	0	0	0	0	0	0	0	0	0	0	0	0	0	0	0	0
K18930	0	0	0	0	0	0.0561167	0	0	0	0	0.0557426	0.225225	0	0	0	0	0	0	0	0	0	0	0	0.225225	0	0	0	0.54065	0	0	0	0.42268	0	0	0	0	0	0	0	0	0	0	0	0	0.0670241	0.0670241	0	0	0	0.0561167	0	0.0740741	0.0740741	0.112613	0	0	0	0	0	0	0	0	0	0.613497	0	0	0	0	0.281654	0	0	0	0	0	0	0.8355	0	0	0.0670241	0	0.0561167	0	0	0	0	0.0561167	0.195312	0	0	0	0	0	0	0.0523756	0	0	0	0	0	0	0	0	0	0	0	0	0	0	0	0	0.225225	0	0	0	0	0	0	0
K04083	0	0	0	0	0	0	0	0	0	0	0	0	0	0	0	0	0	0	0	0	0	0	0	0	0	0	0	0	0	0	0	0	0	0	0	0	0	0	0	0	0	0	0	0	0	0	0	0	0	0	0	0	0	0	0	0	0	0	0	0	0	0	0	1	0	0	0	0	0	0	0	0	0	0	0	0	0	0	0	1	0	0	0	0	0	0	0	0	0	0	0	0	0	0	0	0	0	0	0	0	0	0	0	0	0	0	0	0	0	0	0	0	0	0	0	0	0	0
K06217	0.424867	0	0	0.173611	0	0.180505	0	0.990741	0	0.4642189	0.718948	1.489363	0	0	0	0	0	0.386574	0.15162	0.347222	0	0	0	0.481225	0.6273145	0	0	0.594595	0	0	0	0	0.556812	0	0	0	0.556713	0	0	0	0	0	0	1.044691	0	0.755787	0	0	0.482744	0.348432	0	1.657808	0	0.758125	0	0.288194	0	0	0	0	1.159111	0.173611	0	0.173611	0.606481	1.039352	0.893335	0	0	0.211806	0	0	0	1.041666	0	1.041666	0	0.173611	0.960648	0.15162	0.675676	0	0	0.348432	0	0.66213	0.251256	0	0.251256	0	0	0	0	0.715127	0	0	0	0	0	0	0	0	0	0	0	0.173611	0	0	0	0	0.427083	0.172454	0	0	0	0	0	0
K09685	0	0	0	0	0	0	0	0	0	0	0.0179372	0	0	0	0	0	0	0	0	0	0	0	0	0	0	0	0	0	0	0	0	0	0	0	0	0	0	0	0	0	0	0	0	0	0	0	0	0	0	0.419244	0	0.671151	0	0	0	0	0	0	0.206278	0	0	0	0	0	0	0	0	0	0	0	0	0	0	0	0	0	0	0	0	0	0	0	0	0	0	0	0	0	0	0	0	0	0	0	0	0	0	0	0	0	0	0	0	0	0	0	0	0	0	0	0	0	0	0	0	0	0	0
K02493	0.00694444	0	0	0.181944	0	0	0	2.76744	0	0.318471	0	1.951041	0.442478	0	0.417203	0	0	0.7413609	0	0	0	0	0	1.265722	0	0	0	0.203147	0	0	0	0	0	0.208333	0	0	0.2972219	0	0	0.232993	0	0.255102	0.255102	0	0.208333	3.387503	0	0	0.116667	0	0	0	0	0.175	0	0.0958333	0	0	0	0	1.330697	0.214592	0	1.04167	0.208333	0.282486	0.0972222	0	0	0	0	0	0	0	0	0.537588	0	0.27307	0.282486	0	0	0.416666	0	0	0	2.64805	0	0	0	0	0	0	0	0	0	0	0	0	0	0	0	0	0	0	0	0	0	0	0.103578	0	0	0	0	0	0	0	0	0
K01486	0	0	0	0	0	0	0	0	0	0	0	0	0	0	0	0	0	0	0	0	0	0	0	0	0	0	0	0	0	0	0	0	0	0	0	0	0	0	0	0	0	0.105932	0	0	0	0	0	0	0	0	0	0	0	0	0	0	0	0	0.199475	0	0	0	0	0	0	0	0	0.0984252	0	0	0	0	0.896861	0	0	0	0.148368	0	0	0	0	0	0.0734908	0	0	0	0	0	0	0	0	0	0	0	0	0	0	0	0	0	0	0	0	0	0	0	0	0	0	0	0	0	0	0	0	0	0	0
K01297	0	0	0	0	0	0	0	0.740177	0	0	0.190114	0.570342	0.829517	0	0.101394	0	0	0.190114	0	0	0	0	0	0.505703	0	0	0	0	0	0	0	0	0.69455	0	0	0	0	0	0	0	0.190114	0	0	0	0.359949	0	0	0	0	0	0	0	0.0747782	0	0	0	0	0	0	0	0	0	0	0.190114	0	0	0	0	0	0	0	0	0	0	0	0.406855	0	0	0	0	0	0	0	0	0	0.190114	0.423729	0	0	0	0	0	0	0	0	0	0	0	0	0	0	0	0	0	0	0	0	0	0	0	0	0	0	0	0	0	0	0
K00355	0	0	0	0	0	0	0	0	0	0	1.115107	0.359712	0	0	0	0	0	0	0	0	0	0	0	0.693046	0	0.139089	0	0.3003	0	0	0	0	0	0	0	0	0	0	0	0.798561	0.359712	0	0	0	0	0	0	0	0.309353	0	0	1.79856	0.719424	0	0	0.359712	0	0	0.359712	0	0.911271	0.251799	0	0	0	0	0	0	0	0.359712	0	0	2.863306	0	0	0.239808	0.196643	0	1.585131	0	0	0	0	0.719424	0	1.193045	0	0	0.088729	0.359712	0	0	0	0	0	0	0	0	0	0	0	4.88729	0	0	0	0.719424	0	0.0623501	0.335731	0	0	0	0	0	0	0	0	0
K03496	0	0	0	0	0	0	0	0	0	0	0	0	0	0	0	0	0	0	0	0	0	0	0	0	0	0	0	0	0	0	0	0	0	0	0	0	0	0	0	0	0	0	0	1.979081	0	0	0	0	0	0	0	0	0	0	0	0	0	0	0	0	0	0	0	0	0	0	0.241546	0	0.251256	0	0	0	0	0	0	0	0	0	0	0	0	0	0	0	0	0	0	0	0	0	0	0	0	0	0	0	0	0	0	0	0	0	0	0	0	0	0	0	0	0	0	0	0	0	0	0	0	0
K00962	1.1213453	0	0	0.439614	0	0.213146	0.0986193	0.985915	0	1.448411	2.085794	3.840294	0.3321539	0.0638498	1.2553492	0.140845	0	0.681788	0.0986193	0.154321	0	0.239936	0	1.180664	0.6222843	0	0	1.058148	0.896575	0	0	0.117096	0.28169	0.5027756	0	0.197239	0.140845	0	0	0.308642	0.438003	0.45045	0.197239	0.212334	0.422535	3.249386	0	0	0.140845	0.140845	0	1.086232	0	0.295166	0.10989	0.358642	0	0.523236	0.117096	0.28169	1.481622	1.1163143	0.241546	0.7024273	0	0.570583	4.761008	0.0986193	0	0.745131	0	0	0	0	0.225225	3.642288	0.382391	0.944987	2.09907	0.3516043	0	0.813146	0	0.2457663	0.225225	6.800135	0	0	0.117096	0.117096	0	0.3395079	0.140845	0.4108694	0	0.260073	0	0	0	0	0	2.129993	0	0.117096	0	0	0	0.28169	1.096906	0.241546	0.2394643	0.635366	0.241546	0	0	0.0765027	0	0.140845
K13256	0	0	0	0	0	0	0	0	0	0	0	0	0	0	0	0	0	0	0	0	0	0	0	0	0	0	0	0	0	0	0	0	0	0	0	0	0	0	0	0	0	0	0	0	0	0	0	0	0	0	0	0	0	0	0	0	0	0	0	0	0	0	0	0	0	0	0	0	0	0	0	0	0	0	0	0	0	0	0	0	0	0	0	0	0	0	0	0	0	0	0	0	0	0	0	0	0	0	0	0	0	0	0	0	0	0	0	0	0	0	0	0	0	0	0	0	0	0
K03466	0	0	0	0	0	0.0626566	0	0.510204	0	0.0626566	0	2.5919557	0	0	0.255102	0	0	0	0	0	0	0	0.465116	1.156449	0	0	0	0.253944	1.148961	0	0	0	0	0.059315	0	0	0	0	0	0	0	0.232558	1.368635	0	0	0.3426548	0	0	0	0.2453866	0	0	0	0	0	0	0	0	0.125313	0	0.255102	0	0	1.02041	0	0.360544	0.0626566	0	0	0	0	0	0.5521778	0	0.248756	0.849371	0	0	0.2213866	0	0	0	0.196404	0.0759878	0	0.255102	0	0	0.255102	0.138804	0	0	0.0626566	0	0.0759878	0	0	0	0	0	0	0	0	0	0	0	0	0	0.0759878	0	0	0	0	0.26738	0	0.248756	0	0
K06142	0	0	0	0	0	0	0	0	0	0	0	0	0	0	0	0	0	0	0	0	0	0	0	0	0	0	0	0	0	0	0	0	0	0	0	0	0	0	0	0	0	0	0	0	0	0	0	0	0	0	0	0	0	0	0	0	0	0	0	0	0	0	0	0	0	0	0	0	0	0	0	0	0	0	0	0	0	0	0	0	0	0	0	0	0	0	0	0	1	0	0	0	0	0	0	0	0	0	0	0	0	0	0	0	0	0	0	0	0	0	0	0	0	0	0	0	0	0
K03589	0	0.409836	0	0	0	0	0	3.7418	0	0.204918	0.385983	3.967595	0	0	0.735371	0	0	0.536044	0	0	0	0	0	1.727133	0.204918	0	0	0	0.204918	0	0	0	0	0.4474566	0	0	0.730874	0	0	0	0	0	0	0	0.725509	1.139869	0	0	0.664079	0.487805	0	0.441782	0	0.906606	0	0	0	0	0	0	1.087957	0.306748	0	1.884406	0.362021	0.598361	1.009247	0.876208	0.0396175	0	0	0	0	0	0	2.324102	0	0.908714	1.2138518	0.504762	0.204918	0.306748	0	0.603864	0	2.449304	0	0	0	0	0	0	0	0.782787	0	0	0	0	0	0	0	0	0	0	0	0.068306	0	0	0.204918	0	0.312842	0.409836	0	0	0	0.203091	0	0
K01615	0	0	0	0	0	0.693878	0	22.6577	0	0.489796	0.554054	7.91201	0	0	0	2	0	0.671171	0	0	0	0	0	0	0	0	0	0	0	0	0	0	0.036036	0	0	1.18919	11.121712	3.59459	0	0	0	0	0.884354	0	0	0	0	0	1	1	0	4.36667	0	0	0	2.422227	0	0	0	0	0	4.997155	0	1.12925	0.220721	0	0	2.10811	0.445946	0	0	0	0	0	0.644444	7.45587	0	0	5.87084	0	1.542343	2.64166	0	0	0	1.342343	0	0	0	0	0	0	0	1.426917	0	0.148649	0	0	0	0	0	0	0	0	0	0.369369	0	0.675676	1.990991	0	0	0.954955	0	0	0	0	0	0
K07088	0.403796	0	0	0	0	0.178571	0	0	0	0	0	0.0797721	0	0	0.260417	0	0	0.259994	0	0	0	0	0	0.105952	0	0.164474	0	0.260417	0	0	0	0	0	0	0	0	0	0	0	0	0	0	0.357143	0	0	0.46111	0	0	0	0	0	0	0	0	0	0	0	0	0.0431655	0	0.447651	0	0.381679	0	0	0	0.42735	0	0	0	0	0	0	0	0	1.089259	0	0.178571	0.42735	0	0	0.178571	0	0	0.178571	2.136208	0	0	0	0	0	0	0.147619	1.438873	0	0	0	0	0	0	0	3.949608	0	0	0	0	0	0	0	0	0	0.366866	0	0	0	0	0	0
K09729	0.232558	0	2.52525	0.5581393	0	0.431884	0	6.982338	0	2.220242	2.863338	10.779903	0.652449	0	1.825885	0	0	0	0.308559	0	0	0	0	3.499721	1.012914	0	0	0.616211	3.86947	0	0	0	1.3938	0	0	0	1.539263	1	0	0.735795	0.231008	1.036965	0.235387	1.281234	2.0279064	2.090278	0	0	0	0.337838	0	1.600378	0	0	0.442573	1.85201	0	0.747765	0.637387	0.675676	1.57059	0.827469	0.728682	3.97757	3.34109	0.634515	4.043842	0.926395	0.706492	0.924972	0	0	7.19273	0	0.236967	2.096009	0	1.719017	3.0407747	1.0347195	0.109005	0	0.445498	0.4941768	0.48413	7.598862	0	0	1.018605	1.194312	0.3	0.3819833	0.946288	6.421657	0	0	0	0	0	0	0	2.69779	0	0	0	0.465116	0.0742496	0	0.108527	0.232558	0	0.232558	0	1.3409093	0	0.403226	0	0
K18118	0	0	0	0	0	0	0	0	0	0	0	0	0	0	0	0	0	0	0	0	0	0	0	0	0	0	0	1	2.79167	0	0	0	0	0	0	0	0	0	0	0	0	0.135417	0	0	0	0	0	0	0	0	0	0	0	0	0	1	0	0	1	0	0	0	0	0	0	0	0	0	0	0	0	0	0	0	0	2.55208	0	0	0	0	0	0	0	0	0.333333	0	0	0	0	0	0	0	0	0	0	0	0	0	0	0	0	2	0	0	0	0	0	0	0	0	0	0	0	0	0	0	0	0
K06409	0.809717	0	0	0	0	0	0	0.49505	0	0	0.136302	0.438967	0	0	0.609295	0	0	0	0	0	0.471926	0	0	0	0	0	0	0.160772	0.352538	0	0	0	0	0	0	0	0.531915	0	0	0.634796	0	0.0246914	0	0	0.247525	0	0	0	0	0.520833	0	0.265957	0	0	0	0.111857	0	0	0.015775	0.0889603	0.265957	0	0	0	0	0.17301	0.513729	0.265957	0	0	0	0	0.732054	0	0.490196	1.3114253	0	0	0	0.246454	0	0	0	0.111857	0	1.5028	0	0	0	0	0	0	0.265957	0	0	0	0	0	0	0	0	0	0	0	0	0	0	1.01773	0	0	0	0	0	0	0	0.319829	0	0
K01867	0	0	0	0	0	0	0	0	0	0	0.236967	0	0	0	0	0	0	0	0	0	0	0	0	0	0	0	0	0	0	0	0	0	0	0	0	0	0	0	0	0	0	0	0	0	0	0	0	0	0	0	0	0	0	0	0.0555556	0.157978	0	0	0	0	0	0	0	0	0	0	0	0	0	0	0	0	0	0	0	0	0	0	0	0	0.236967	0	0	0	0	0.236967	0	0	0	0	0	0	0	1.2575	0	0	0	0	0	0	0	0	0	0	0	0	0	0	0	0	0	0	0	0	0	0	0	0
K00969	0	0	0	0	0	0	0	0	0	0	0	0	0	0	0	0	0	0	0	0	0	0	0	0	0	0	0	0.967742	0.965591	0	0	0	0	0	0	0	0	0	0	0	0	0	0	0	0	0	0	0	0	0	0	0	0	0	0	0	0	0	0	0	0	0	0	0	0	0	0.322581	0	0	0	0	0	0.322581	0	0	0	0	0	0	0	0	0	0	0	0	0	0	0	0	0	0	0	0	0	0	0	0	0	0	0	0	0.322581	0	0	0	0	0	0	0	0	0	0	0	0	0	0	0	0
K03856	0	0	0	0	0	0	0	0	0	0	0	0	0	0	0	0	0	0	0	0	0	0	0	0	0	0	0	0	0	0	0	0	0	0	0	0	0	0	0	0	0	0	0	0	0	0	0	0	0	0	0	0	0	0	0	0	0	0	0	0	0	0	0	0	0	0	0	0	0	0	0	0	0	0	0	0	0	0	0	0	0	0	0	0	0	0	0	0	0	0	0	0	0	0	0	0	0	0	0	0	0	0	0	0	0	0	0	0	0	0	0	0	0	0	0	0	0	0
K02065	0	0	0	1.707718	0	0.939916	0	10.688919	0	1.825945	2.486047	8.682241	1.71429	0	3.103894	0.233169	0	0.285714	0.545455	0	0.588235	0	0	2.037472	1.09642	0	0	3.295812	4.24078	0	0	1.125	0.471264	0	0	0.184762	0.532019	0	0	0.285714	0.695931	0.730869	0	0.83454	1.58857	3.709687	0.513726	0	0.574253	2.587744	0	3.10796	0	1.115387	0.466338	0.563218	0	0.571429	1.55337	1.295698	5.540175	1.22844	0	2.465933	1.000591	4.331735	3.662544	0	1.40381	0.898194	0	0	0.326765	1.72414	0	3.51447	0	1.932936	2.577871	0	0	0.16092	0.738916	0.566502	0.246305	4.277176	0	0	0	0	0	0	0.218391	1.385916	0	0	0	0	0	0	0	0.955665	0	0	0	0	0.492611	0	0	0	0	0	0.110476	0	0	0	0	0
K02314	0	0	0	0.274725	0	0	0	0	0	0.0430622	0	0.119617	0	0	0.119617	0	0	0	0	0	0	0	0	0	0.119617	0	0	0	0.119617	0	0	0	0	0.433787	0	0	0	0	0	0	0	0.194553	0	0	0	0.119617	0	0	0	0	0	0.549451	0	0	0	0	0	0	0.824176	0	0	0	0	0	0	0	0.434066	0	0.119617	0	0	0	0.680934	0	0	0.0494506	0	0	0.239234	0	0	0	0	0	0.239234	0.60241	0	0	0	0.358852	0	0	0	0.194553	0	0	0	0	0	0	0	0.119617	0	0	0	0	0	0	0	0	0	0	0	0	0	0	0	0
K07452	0	0	0	0	0	0	0	0.390625	0	0	0	0	0.147929	0	0	0	0	0	0	0	0	0	0	0	0	0	0	0	0.0739645	0	0	0	0	0	0	0	0	0	0	1.52991	0	0	0	0	0	0	0	0	0	0	0	0	0	0	0	0	0	0	0	0	0	0.147929	0	0	0	0	0.26178	0	0	0	0	0	0	0	0	0.26178	0	0	0	0	0.205797	0	0	0	0.147436	0	0	0	0	0	0	0.303483	0	0	0	0	0	0	0	0	0	0	0	0	0	0	0	0	0.147929	0	0	0	0	0.146628	0	0.217391	0	0
K01056	0	0	0.699301	0.34965	0	0	0	0	0	0	0	0	0.662005	0	0	0	0	0	0	0	0	0	0	0	0	0	0	0	1.78089	0	0	0	0	0	0	0	0.221445	0	0	0	0	0	0	0.331002	0	0.34965	0	0	0	0	0	0.415094	0	0	0	0.456522	0	0	1.74825	1.3986	0	0	0	0	0	0	0.755447	0	0.375291	0	0	0	0	0	0	0.620047	0.272727	0	0	0	0	0	0	0	0	0	0.34965	0	0	0	0	0	0.543478	1.08696	0	0	0	0	0	0	0	1.05072	0	0	0	0.347319	0	0	0	0	0	0	0	0	0	0.664336	0	0
K02313	0.210084	0.15914	0	1	0.371747	0	0	0.650658	0	0.492135	0.743238	0.210084	0.210084	0	0.130548	0	0	0.1295647	0	0.120482	0	0	0	0	0	0.227273	0	0.231561	0	0	0.207283	0	0.163866	0.105263	0	0	0	0	0.105042	0.315126	0.16129	0	0.488095	0.501914	0.272621	0.105042	0.113636	0	0.288516	0.123249	0	1.3663571	0	0.0994398	0	0.609082	0	0.105042	0	0	0.630252	0.32372	0	0	0.105042	0	0.255861	0.353774	0.0511204	0	0	0	2.4629678	0	0.179211	1.2934994	0	0	0.105042	0.156162	0.105042	0.130548	0	0	0	1.911308	0.113636	0	0	0	0	0	0	0.20098	0	0	0	0	0	0	0	1.88271	0	0	0	0.105042	0	0.125313	0.2087173	0	0.105042	0.07493	0	0.5042164	0	0.179211	0	0.315126
K09002	0	0	0	0	0	0	0	0	0	0	0	0	0	0	0	0	0	0	0	0	0	0	0	0	0	0	0	0	0	0	0	0	0	0	0	0	0	0	0	0	0	0	0	0	0	0	0	0	0	0	0	0	0	0	0	0	0	0	0	0	0	0	0	0	0	0	0	0	0	0	0	0	0	0	0	0	0	0	0	0	0	0	0	0	0	0	0	0	0	0	0	0	0	0	0	0	0	0	0	0	0	0	0	0	0	0	0	0	0	0	0	0	0	0	0	0	0	0
K11737	0	0	0	0	0	0	0	0	0	0	1	1.58503	0	0	0.733333	0	0	0	0	0	0	0	0	0	0	0	0	0	0	0	0	0	0	0	0	0	0	0	0	0	0	0	0	0	0	0	0	0	0	0	0	0	0	0	0	0	0	0	0	0	0	0	0	0	0	0	0	0	0	0	0	0	0	0	0	0	0	0	0	0	0	0	0	0	0	0	0	0	0	0	0	0	0	0	0	0	0	0	0	0	0	0	0	0	0	0	0	0	0	0	0	0	0	0	0	0	0	0
K02113	0	0	0	0	0	0	0	0	0	0	0	0	0	0	0	0	0	0	0.179104	0	0	0	0	0	0	0	0	0.373134	0	0	0	0	0	0	0	0	0	0	0	0	0	0.373134	0	0	0	0	0	0	0	0	0	0	0	0	0	0	0	0	0	0	0	0	0	0	0	0	0	0	0	0	0	0	0	0	1.087064	0.527363	0.116915	0	0	0	0	0	0.689055	0	0	1.26087	0	0	0	0	0	0	0	0	0	0	0	0	0	0	0	0	0	0	0	0	0	0	0	0	0	0	0	0	0	0	0	0
K01956	0	0	0	0	0	0	0	0	0	0.172414	0	0	0	0	0	0	0	0	0	0	0	0	0	0	0	0	0	0.344828	0	0	0	0	0	0	0	0	0	0	0	0	0	0	0	0	0	0	0	0	0	0	0	0	0	0	0.193103	0	0	0	0	0	0	0	0	0	0	0	0.172414	0	0	0	0	0	0	0	0	0.344828	0	0	0	0	0	0	0	0.172414	0	0	0	0	0	0	0	0	0	0	0	0	0	0	0	0	0	0	0	0	0	0	0	0	0	0	0	0	0	0	0	0	0	0
K00942	0	0	0	0	0	0	0	1.31111	0	0	0.666667	0	0	0	0	0	0	0	0	0	0	0	0	0.377778	0	0	0	0	0	0	0	0	0	0	0	0	0	0	0	0	0	0	0	0	1	0	0	0	0	0	0	0	0	0	0	0	0	0	0	0	0	0	0	0	0.222222	0	2	0	0	0	0	0	0	0	0	0	0	0	0	0	0	0	0	0	0	2	0	0	0	0	0	0	0	0	0	0	0	0	0	0	0	0	0	0	0	0	0	0	0	0	0	0	0	0	0	0	0	0
K07460	0	0	0	0	0	0	0	0	0	0	0	0	0	0	0	0	0	0	0	0	0	0	0	0	0	0	0	0	0	0.84739	0	0	0	0	0	0	0	0	0	0	0	0	0	0	0	0.60241	0	0	0	0	0	0	0	0	0	0	0	0	0	0	0	0	0	0	0	0	0	0	0	0	0	0	0	0	0	0	0	0	0	0	0	0	0	0	0	0	0	0	0	0	0	0	0	0	0	0	0	0	0	0	0	0	0	0	0	0	0	0	0	0	0	0	0	0	0	0	0	0
K03274	0	0	0	0.236928	0	0	0	0	0	0	0	1.250153	0	0	0	0	0	0.366422	0.514416	0	0	0	0	0.35620892	0	0	0	0	0.306748	0	0	0.228758	1.285538	0.295858	0	0	0	0	0	0.126225	0.367647	0	0	0	0.637255	0.367648	0	0	0	0	0	0	0.0318627	0	0.245098	0	0	0.724265	0	0	0.183824	0.20098	0.183824	0	0	0	1.002686	0	0	0	0	0	0	0	0	1.014953	0	0.476716	1.104069	0	0.0526961	0.324675	0	0	0	0.875	0	0	0	0	0	0.245098	0	0.0845588	0	0	0	0	0	0	0	0	0	0	0	0	0	0	0.5	0	0	0	0	0	0	0	0	0
K04651	0	0	0	0	0	0	0	0	0	0	0	0	0	0	0	0	0	0	0	0	0	0	0	0	0	0	0	0	0.484375	0	0	0	0	0	0	0	0	0	0	0	0	0	0	0	0	0	0	0	0	0	0	0	0	0	0	0	0	0	0	0	0	0	0	0	0	0	0	0	0	0	0	0	0	0	0	0	0	0	0.794872	0	0	0	0	0	0	0	0	0	0	0	0	0	0	0	0	0	0	0	0	0	0	0	0	0	0	0	0	0	0	0	0	0	0	0	0	0	0	0
K00435	0	0	0	0	0	0	0	0	0	0	0.674067	0	0	0	0	0	0	0	0	0	0	0	0	0	1.258184	0	0	0.76355	1.97368	0	0	0	0	0	0	0	0	0.352234	0	0	0	0.46729	0	1.31579	0	0.27933	0	0	0	0	0	5.95335	0	0	0	0	0	0	0	0.46729	0	0	0	0	0	0	2.720219	0	0	0	0	0	0.387387	0	0	0.828947	0	0.434708	0.635965	0	0	0.256014	0	0	0.207904	38.24398	0	0	0	0.27933	0	1.21404	0	5.83161	0	0	0	0	0	0	0	0	0	0	0	0	0	0.28866	0.439252	0	0.256014	0	0	0	0	0	0	0
K05895	0.824486	0	0	0.460094	0	0.3145542	0	5.277256	0	2.52739	0.973396	3.935835	0	0.469484	1.5231888	0	0	1.579032	0.469484	0	0.234742	0	0	1.20394	0	0	0	0.234742	2.707355	0	0	0	0.441315	0	0	0	0.9154941	0	0	0.946792	0	0.234742	1.528954	0.644758	0	0.13302	0.234742	0	0	0	0	9.02505	0	0	0.741784	1.5305122	0	0	0.0672926	0.234742	2.2071747	1.777151	0	3.308295	0.342723	0.234742	2.826264	0.446009	0	0.14554	0	0	2.935832	0	0.907668	1.32697095	0	1.176056	2.705644	0.6366893	0.15493	1.036151	0.469484	0.469484	0.688576	3.733958	0.704225	0	0.469484	0.469484	0	0.134585	0.469484	2.455401	0	0	0	0	0	0.469484	0.234742	4.536779	0.704225	0	0	0	0.469484	0.704225	0.466354	0	1.08294	0	0.234742	2.408451	0	0.758999	0	0.234742
K02071	0	0.358423	0	0	0.5338433	0.327996	0	2.411163	0	0.334586	1.0409592	2.128854	0.321543	0	1.1718347	0.271739	0	1.1551129	0.141636	0	0	0	0	2.317865	0.8818949	0.321544	0	0.171821	0.167224	0.343643	0	0.911125	0.144928	0	0	0.00750268	0.983692	0	0	0.514318	0.170648	0.381271	0	0	0.285102	1.14521	0.482315	0.271739	0.171821	0.327996	0	1.093002	0.346014	0	0	0.167224	0	0	0	0	1.859121	0.321543	0.320472	0.334448	1.7523377	2.339693	1.538161	0.848693	0	0.188295	0	0	0.83612	0	0	2.125391	0	2.696556	3.132827	0.537634	0	0.160772	0	0.967734	0.167224	9.443429	0.374062	0	0	0.0613155	0	0.171821	2.186215	3.529882	0.337838	0.168919	0	0.675676	0	0	0	1.685909	0	0.343643	0	0.37412	0	0.855615	0.160772	0.227273	1.030928	0.171821	0	1.377526	0	0.682086	0.40724	0
K07258	0	0	0	0	0	0	0	0	0	0.431624	0	0	0	0	0	0	0	0	0	0	0	0	0	0	0	0	0	0.0756972	0	0	0	0	0	0	0	0	0	0	0	0	0	0	0	0	0	0	0	0	0	1	0	0	0	0	0	0	0	0	0	0	0	0	0	0	0	0	0	0	0	0.138114	0	0	0	0	0	0	0	0	0	0	0	0	0	0	0	0	0	0	0	0	0	0	0	0	0	0	0	0	0	0	0	0	0.167331	0	0	0	0	0	0	0	0	0	0	0	0	0	0	0
K09748	0	0	0	0	0	0	0	0.724638	0	0	0.370647	3.32609	0	0	0	0	0	0	0	0	0	0	0	0	0	0	0	1.39552	1.20647	0	0	0	0	0	0	0	0	0	0	0	0	0	0	0.746269	0	1.165044	0.978261	0	0	0.746269	0	4.565109	0	0.862319	0	0	0	0	1.49254	0	1.60145	0.478261	0	0	0	1.15942	2.105014	2	0	0	0	0	0	0	0	0.70398	0	1.15942	0.971014	1.86957	0	0.985507	0	0	0.373134	5.39855	0	0	0	0.373134	0	0	0	0	0	0	0	0	0	0	0	0	0	0	0	0	0.73913	0	0	0	0.73913	0	0	0.731884	0	0	0	0
K03655	0	0	0	0	0	0	0	0	0	0	0	0	0	0	0	0	0	0	0	0	0	0	0	0	0	0	0	0	0	0	0	0	0	0	0	0	0	0	0	0	0	0	0	0	0.387597	0	0	0	0	0	0	0	0	0	0	0	0	0	0	0	0	0	0	0	0	0	0.387597	0	0	0	0	0	0	0	0	0	0	0	0	0	0	0	0	0	0	0	0	0	0	0.167336	0	0	0	0	0	0	0	0	0	0	0	0	0	0	0	0	0	0	0	0	0	0	0	0	0	0	0	0
K01163	0.615385	0	0	0.226244	0	0	0	2.498803	0	0.678733	1.756455	1.583709	0	0	1.193045	2.512609	0	1.082956	0.470146	0	0	0	0	0.226244	1.081262	0.580693	0	0.911304	0	0	0	0.452488	1.395114	0	0	0	1.580694	0	0	0	0	0.553758	0	0.33557	0.840864	4.236099	0	0	0.573152	0.852187	0	0	0	0.678733	0.678733	0.12368	0	0.452489	0	0	0.570873	1.627593	0	2.33793	1.80241	1.862745	4.547069	0.226244	0.943439	0	0	0	3.16742	0	0	0.8122	0	1.883861	3.695085	0.452488	0.226244	0	0	0.218703	0.825329	8.44829	0.226244	0.226244	0.382353	0	0	0.55734	0.226244	0.226244	0	0	0	0	0	0	0	1.34004	0	0	0	0	0	1.47264	0.981216	0	1.129713	0.452489	0.348416	0	0	0.226244	0	0
K13038	0	0	0	0	0	0	0	0	0	0	0	0	0	0	0	0	0	0	0	0	0	0	0	0	0	0	0	0	0	0	0	0	0	0	0	0	0	0	0	0	0	0	0	0	0	0	0	0	0	0	0	0	0	0	0	0	0	0	0	0	0	0	0	0	0	0	0	0	0	0	0	0	0	0	0	0	0	0	0	0	0	0	0	0	0	0	0	0	0	0	0	0	0	0	0	0	0	0	0	0	0	0	0	0	0	0	0	0	0	0	0	0	0	0	0	0	0	0
K00266	0	0	0	0	0	0	0	0	0	0	0	0	0	0	0	0	0	0	0	0	0	0	0	0	0	0	0	0	0	0	0	0	0	0	0	0	0	0	0	0	0	0	0	0	0	0	0	0	0	0	0	0	0	0	0	0	0	0	0	0	0	0	0	0	0	0	0.8	0	0	0	0	0	0	0	0	0	0	0	0	0	0	0	0	0	0	0	0	0	0	0	0	0	0	0	0	0	0	0	0	0	0	0	0	0	0	0	0	0	0	0	0	0	0	0	0	0	0	0
K02851	0	0	0	0	0	0	0	0.149701	0	0	0	0	0	0	0	0	0	0.0768463	0	0	0	0	0	0	0	0	0	0.50183	0.735493	0	0	0	0	0	0	0	0	0	0	0	0	0	0	0	0	0	0	0	0.320513	0	0	0	0	0	0	0	0	0	0	0	0	0	0	0	0.0948104	0	0	0	0	0	0	0	0.149701	0	0	0.736842	0	0	0	0	0.0179641	0	0	0.149701	0	0	0	0	0	0	0	0	0	0	0	0	0	0	0	0	0	0	0	0	0	0	0	0	0	0	0	0	0	0	0	0	0	0.0409182
K10440	0	0	0	0.19084	0	0.166667	0	0.344784	0	0.19084	0.38168	1.338423	0	0	1.118321	0	0	0.4732831	0.545801	0.0839695	0.505089	0	0	0	0.19084	0.19084	0	0	0	0	0	0	0	0.19084	0	0	0	0.572519	0	0.159033	0	0.149086	0	0.6379847	0.381679	0	0	0	0.349873	0.515268	0	0.188295	0.305344	0	0	0.893131	0	0.19084	0	0	0.464376	0.4287538	0	0.6221373	0.381679	1.61069	0.600021	0	0	0.19084	0	0	6.024173	0	0.212468	0.8066163	0	0.326972	0.461832	0	0.2722649	0	0	0.1848645	0.5547078	1.577607	0	0	0	0.572519	0	0	0	0.576233	0	0	0	0	0	0	0	0.90458	0	0	0	0	0.2061072	0	0.38168	0	0.253181	0	0.19084	0.656489	0	0	0	0.19084
K03561	0	0	0	0	0	0	0	0	0	0	0	0	0	0	0.328947	0	0	0	0	0	0	0	0	0	0	0	0	0	1.1886	0	0	0	0	1	0	0	0	0	0	0	0	0	0	0	0	0.328947	0	0	0	0	0	0	0	0	0	0	0	0	0.949561	1.2193	0.794326	0	0	1	0	0	0	0	0	0	0	0	0	0	0	0.463158	0	0.485437	0.396825	0.396825	0	0	0	0.214912	0.705636	0	0	0	0	0	0	0	0	0	0	0	0	0	0	0	0	0.225877	0	0	0	0	0	0	0	0	0	0	0	0	0	0	0	0
K03303	0	0	0	0	0	0	0	0	0	0	0	0	0	0	0	0	0	0	0	0	0	0	0	0	0	0	0	0	0	0	0	0	0	0	0	0	0	1.75676	0	0	0	0	0	0	0	0	0	0	0	0	0	0	0	0	1.62162	0	0	0	0	0	0	0	0	0	0	0	0	0	0	0	0	0	0	0	0	0	0	0	0	0	0.63964	0	0	0	0	0	0	0	1.66667	0	0	0	0	0	0	0	0	0	0	0	0	0	0	0	0	0	0	0	0	0	0	0	0	0	0	0	0	0
K03526	0	0	0	0	0	0	0	0	0	0	0	0	0	0	0	0	0	0	0	0	0	0	0	0	0	0	0	0	0	0	0	0	0	0	0	0	0	0	0	0	0	0	0	0	0	0	0	0	0	0.52381	0	0	0	0	0	0	0	0	0	0	0	0	0	0.631206	0	0	0	0	0	0	0	0	0	0	0	0	0	0	0	0	0	0	0	0	0	0	0	0	0	0	0	0	0	0	0	0	0	0	0	0	0	0	0	0	0	0	0	0	0	0	0	0	0	0	0	0	0	0
K01678	0	0	0	0	0	0	0	0	0	0	0	0	0	0	0	0	0	0	0	0	0	0	0	0	0	0	0	0	0	0	0	0	0	0	0	0	0	0	0	0	0	0	0	0	0	0	0	0	0	0	0	0	0	0	0	0	0	0	0	0	0	0	0	0	0	0	0	0	0	0	0	0	0	0	0	1	1	0	0	0	0	0	0	0	0	0	0	0	0	0	0	0	0	0	0	0	0	0	0	0	0	0	0	0	0	0	0	0	0	0	0	0	0	0	0	0	0	0
K03550	0	0	0	0	0	0	0	0	0	0	0	0	0	0	0	0	0	0	0	0	0	1.1	0	0	0	0	0	0	0	0	0	0	0	0	0	0	0	0	0	1	0	0	0	1.49242	0	0	0	0	0	0	0	0	0	0	0	0	0	0	0	0	0	0	0	0	0	0	0	0	0	0	0	0	0	0	0	0	0	0	0	0	0	0	0	0	0	0	0	0	0	0	0	0	0	0	0	0	0	0	0	0	0	0	0	0	0	0	0	0	0	0	0	0	0	0.962121	0	0	0	0
K02528	0	0	0	0	0	0	0	0	0	0	0	0	0	0	0	0	0	0	0	0	0	0	0	0	0	0	0	0	0	0	0	0	0	0	0	0	0	0	0	0	0	0	0	0	0	0	0	0	0	0	0	0	0	0	0	0	0	0	0	0	0	0	0	0	0	0	0	0	0	0	0	0	0	0	0	0	0	0	0	0	0	0	0	0	0	0	0	0	0	0	0	0	0	0	0	0	0	0	0	0	0	0.652174	0	0	0	0	0	0	0	0	0	0	0	0	0	0	0	0
K01159	0	0	0	0	0	0	0	0	0	0	0.162319	0	0	0	0	0	0	0	0	0	0	0	0	0	0	0	0	0	0	0	0	0	0	0	0	0	0	0	0	0	0	0	0	0	0	0.263768	0	0	0	0	0	0	0	0	0	0	0	0	0	0	0	0	0	0	0	0	0	0	0	0	0	0	0	0	0	0.191304	0	0	0	0	0	0	0	0.434783	0	0	0	0	0	0	0	0	0	0	0	0	0	0	0	0	0	0	0	0	0	0	0	0	0	0	0	0	0	0	0	0	0	0
K01679	0	0	0	0	0	0.791667	0	0	0	0	0	0	0	0	0.638889	0	0	0	0	0	0	0	0	1.36111	0	0	0	0	0	0	0	0	0	0	0	0	0	0	0	0	0	0	0	0	0	0	0	0	0	0	0	0	0	0	0	0	0	0	0	0	0	0	0	0	0	0	0	0	0	0	0	0	0	0	0	0	0	0	0	0	0	0	0	0	0	0	0	0	0	0	0	0	0	0	0	0	0	0	0	0	0	0	0	0	0	0.780488	0	0	0	0	0	0	0	0	0	0	0	0
K00156	1.3306662	0	0	2.737933	0	4.2321196	0.747967	16.875286	0	1.9676164	4.719877	3.957189	0.938804	0	3.0489193	0	0	7.177205	1.416832	0.188324	0.450821	0.252354	0.116729	4.229032	1.730768	0	0	2.0791017	2.732241	0	0	0.658556	1.920922	0.89666	0	0.528383	2.8590445	0.470281	0	2.615291	0	0.9268937	6.181052	1.128058	2.163485	5.469393	0.094162	0	0.294256	2.0987847	0	13.711451	0.211864	0.6897	1.156734	6.127364	0.029661	1.240807	4.529261	0.851738	2.42669	2.969866	4.0289282	9.514327	1.19523	8.8474396	3.162597	1.488828	0.094162	0.5916438	0	0	3.3971873	0.58506	3.178512	9.5999865	0.1644696	10.233545	6.3789522	2.5091998	0.1720027	2.7964249	0.691803	3.2096423	0.891235	12.427922	0.407163	0.195312	0.849222	0.298807	0	1.2202488	4.071414	10.57159	0.195312	0.343832	0.126582	0.435308	0	0.842978	0	42.6232984	0.1743564	0	0	1.612905	0.711913	1.21126	3.552026	0.5521921	1.4553397	1.243664	0.223696	5.059724	0.188324	1.3162777	0	1.611397
K02049	0	0	0	0	0	0	0	0	0	0	0	0	0	0	0	0	0	0	0	0	0	0	0	0	0	0	0	0	0	0	0	0	0	0	0	0	0	0	0	0	0	0	0	0	0	0	0	0	0	0	0	0	0	0	0	0	0	0	0	0	0	0	0	0	0	0	0	0	0	0	0	0	0	0	0	0	0	0	0	0	0	0	0	0	0	0	0	0	0	0	0	0	0	0	0	0	0	0	0	0	0	0	0	0	0	0	0	0	0	0	0	0	0	0	0	0	0	0
K03150	0.53283	0.206313	0.127791	4.395573	1.1194	2.7358225	0	11.85953	0	4.915481	8.446411	12.070196	1.381078	0	1.95749	0	0	5.2709841	2.134791	1.139733	1.08714	0	0	2.773555	2.599568	0	0	8.739704	13.186534	0.276366	0	1.270884	5.3340587	0.244296	0	3.028002	3.836038	0	0	4.550626	3.219743	2.775911	1.487959	1.106662	0.911571	23.076787	0.531395	0	2.756114	4.05613	0	25.116923	0	0.4180982	1.794653	3.556158	0	1.847497	2.009545	4.441051	3.707843	2.678982	0	10.031944	0.524232	4.691478	6.723911	1.665289	2.482288	0.801193	0	0	14.51673	0.344828	6.0724613	11.5362107	0.217361	5.939133	5.797667	1.003252	0.351309	1.341842	12.01877	1.226053	8.68447	9.963751	2.094441	0.170398	2.810716	0.483692	0.326797	0.569939	0.344828	22.216843	0.0839107	0	0	1.410134	0.277778	0	0	6.314871	0.395645	0	0	0.7180818	0.480437	0.7520562	2.858991	0.481752	0.9842389	4.730978	1.205401	0.439441	0	1.9275013	0	0
K11754	0	0	0	0	0	0	0	0	0	0	0	0	0	0	0	0	0	0	0	0	0	0	0	0	0	0	0	0	0	0	0	0	0	0	0	0	0	0	0	0	0	0	0	0	0	0	0	0	0	0	0	0	0	0	0	0	0	0	0	0	0	0	0	0	0	0	0	0	0	0	0	0	0	0	0	0	0	0	0	0	0	0	0	0	0	0	0	0	0	0	0	0	0	0	0	0	0	0	0	0	0	0	0	0	0	0	0	0	0	0	0	0	0	0	0	0	0	0
K01643	0	0	0	0	0	0	0	0	0	0	0	0	0	0	0	0	0	0	0	0	0	0	0	0	0	0	0	0	0	0	0	0	0	0	0	0	0	0	0	0	0	0	0	0	0	0	0	0	0	0	0	0	0	0	0	0	0	0	0	0	0	0	0	0	0	0	0	0	0	0	0	0	0	0	0	0	0	0	0	0	0	0	0	0	0	0	0	0	0	0	0	0	0	0	0	0	0	0	0	0	0	0	0	0	0	0	0	0	0	0	0	0	0	0	0	0	0	0
K06199	0	0	0	0	0	0	0	0	0	0.636364	0	0	0	0	0.497835	0	0	0	0	0	0	0	0	0	0	0	0	0	0	0	0	0	0	0	0	0	0	0	0	0	0	0	0	0	0	0	0	0	0	0	0	0	0	0	0	0	0	0	0	0	0	0	0	0	0	0	0	0	0	0	0	0	0	0	0	0	0	0	0	0	0	0	0	0	0	0	0	0	0	0	0	0	0	0	0	0	0	0	0	0	0	0	0	0	0	0	0	0.692641	0	0	0	0	0	0	0	0	0	0
K02358	1.156069	0.243902	0	0.243902	0	2.150276	0	2.395987	0	3.202928	7.583148	12.959142	1.061838	0	11.648533	0.163934	0.259152	3.599741	2.167232	0.144509	7.08272	0.395122	0	5.115895	1.718039	0.796248	0.244701	5.675079	9.171223	0	0	1.085265	0.8259422	2.7036009	0.867052	1.762552	6.968824	0.901639	0	2.339655	1.466972	1.351464	6.124366	12.412293	1.877653	8.689156	0.301541	0.144509	5.452483	3.818298	0	15.7265985	0	4.272682	4.27501	2.66584	0	0.867052	5.33475	5.243078	2.903031	6.58063	1.250482	3.871362	0.83237	3.113237	9.524213	1.657542	1.385366	0.3286804	0	0	19.785943	1.978158	5.690601	18.95217	0.905752	1.080426	14.0073	1.677777	1.2844371	5.355782	0	2.503487	1.263209	10.154702	0.578034	1.60546	0.9866892	0.3269621	0.153005	0.5542745	0.163934	21.881166	0	0	0	0	0.144509	0.244809	0.0819672	8.391607	0	0.819672	0	0.489403	0.144509	2.349482	4.037309	0.532919	0.745345	1.257463	0.234146	0.92614	0	5.500833	0.144509	1.25464
K01918	0	0	0	0	0	0.181818	0	0	0	0	0.4329	1.12266	0	0	0	0	0	0.21645	0	0	0	0	0	0	0	0	0	0	0.25734	0	0	0	0	0	0	0	0	0	0	0	0	0.21645	0	0	0	0	0	0	0	0.259067	0	0.138169	0	0	0	0.190476	0	0	0	0	0	1.02165	0	0.815296	0	0	0.427158	0	0	0.333333	0	0	0	0	0	0	0	0	0	0	0	0	0	0	0	0	0	0	0	0	0.645161	0	0	0.0663781	0	0	0	0	0	0	0	1.331785	0.500722	0	0	0	0.21645	0	0	0	0	0.132756	0	0.297258	0	0.347763	0	0.464459
K01693	0	0	0	0	0	0	0	0	0	0	0	0	0	0	0	0	0	0	0	0	0	0	0	0	0	0	0	0	0	0	0	0	0	0	0	0	0	0	0	0	0	0	0	0	0	0	0	0	0	0	0	0	0	0	0	0	0	0	0	0	0	0	0	0	0	0	0	0	0	0	0	0	0	0	0	0	0	0	0	0	0	0	0	0	0	0	0	0	0	0	0	0	0	0	0	0	0	0	0	0	0	0	0	0	0	0	0	0	0	0	0	0	0	0	0	0	0	0
K01821	1	0	0	0	0	2	0	5	0	0	3.972227	3.20238	0	0	0	0	0	2	0	0	0	0	0	2.646821	1.69048	0	0	2.361111	0.738095	0	0	0	0	0	0	0	1.28571	0	0	1	0	0	0	0	1.369048	7.60714	0	0	1	0.904762	0	15.80154	0	2.178571	3	1	0	0	0	0	3.04762	0.047619	0	2.33333	0.75	0	6.22619	0	0	0.0833333	0	0	4	0	1.64286	7.59524	2.44048	0	2	0	0	1.047619	1	2.790123	0	11.66667	0.452381	0	1	0	0	2	0	7.86111	0	0	0	0	0	0	0	22.04939	0	0	0	0.940476	0	1	2.13095	0	0	0	0	2	0	2.95238	0	0
K02051	0	0	0	0	0	0	0	0	0	0	0	0	0	0	0	0	0	0	0	0	0	0	0	0	0	0	0	0	0	0	0	0	0	0	0	0	0	0	0	0	0	0	0	0	0	0	0	0	0	0	0	0	0	0	0	0	0	0	0	0	0	0	0	0	0	0	0	0	0	0	0	0	0	0	0	0	0	0	0	0	0	0	0	0	0	0	0	0	0	0	0	0	0	0	0	0	0	0	0	0	0	0	0	0	0	0	0	0	0	0	0	0	0	0	0	0	0	0
K02563	0	0	0	0	0.3125	0	0	0.932916	0	0	0.9606937	1.317353	0	0	0.802083	0	0.119792	0.611458	0.8499997	0	0	0	0.46875	1.246875	0.1125	0	0	0	0.206612	0	0	0.15625	0.059375	0.1979167	0	0.2875	0.933333	0	0	0.3125	0	0	0	0	0.625	0.625	0	0	0.0291667	0	0	0.3125	0	0	0	0	0	0.3125	0	0.15625	0.993471	0.136458	0	2.549535	0.988542	1.362484	1.436462	0	0.347823	0.3386194	0	0	0	0	0.15625	1.2878617	0	0.726042	2.453819	0	0.040625	0.562113	0	0.143251	0	2.461011	0	0	0	0	0	0.15625	0	0.745834	0	0	0	0	0	0	0	0.0688705	0	0	0	0	0	0	0.625	0	0.15625	0.1583333	0	0.15625	0	0	0	0
K03040	6.495737	0.350877	0.3789472	1.672514	2.80886	1.510573	1.68187	52.243528	0.166667	10.717239	14.293927	63.676769	8.181957	1.531827	43.960758	0.139181	0.900585	7.70117	1.30234	1.367251	1.0457968	1.271928	0	14.856014	4.650047	3.6207218	0	6.801188	8.596163	0.877193	0	3.13701	48.589947	5.270509	1.14035	4.765189	1.988012	4.829527	0.175439	5.233917	1.5467804	0.575438	1.267029	3.683068	10.934722	11.938667	0.175439	0.175439	2.95043	4.34948	0	8.092224	0.167251	2.668422	3.533979	7.964309	0.378948	2.074267	0.803279	2.632254	19.443548	9.05873	2.560985	16.48046	7.16735	10.548015	8.471365	9.899916	0.877987	0.931187	0	0	12.028463	2.139182	5.28486	25.842389	1.28421	5.487426	23.431896	3.33661	0.89096	7.762085	0.5995577	1.292476	0.175439	24.710147	3.227486	0	1.928739	0	0	0.0444444	0.37446	6.442507	0.526316	0	0.0701754	0.701754	0.350877	0	0	1.189079	0.895907	0	0.224561	0.622222	0	0.666206	3.323501	1.465205	3.863907	1.712281	1.115622	4.149121	0.157895	0.426901	1.07619	0.0888889
K16651	0	0	0	0.408164	0.408163	0	0	2.489037	0	0.0789116	2.013605	4.67544	0	0	0	0	0	0.517008	0.4503404	0	0	0	0	0.986395	0.500584	0	0	0.408164	0	0	0	0	1.09107	0.26455	0	0	0.660469	0	0	0	0	0	0	0	0	1.423734	0	0	0	0.661765	0	1.156462	0	0	0	0	0	0.204082	0.408163	0.408164	0.0680272	0.408164	0	0.302041	1.2952337	0.204082	1.3748739	0	0	0	0	0	0	0	0	0.506123	0	0.554857	2.555243	0.204082	0.204082	0	0	0.247723	0	1.604082	0	0	0.204082	0	0	0	0	0.672713	0.26455	0	0	0.0789116	0	0	0	0	0	0	0	0	0	0	0.427211	0	0.204082	0.477193	0	0	0	0	0	0.0734694
K02033	0.318471	0	0	0	0	0.16242	0	0	0	0	0	0.807181	0	0	1.11465	0	0	0	0.113248	0	0	0	0	0	1.32009	0	0	0.746089	0.869565	0	0	0.159236	0.149573	0	0	0.543046	0	0	0	0.635881	0	0	0	0.0498938	2.451808	0.525083	0	0	0	0	0	0	0	0.136943	0.159236	0	0	0	0	1.08696	0.318471	0	0	1.751718	0.143312	1.322329	0.7971388	0	0	0.217391	0	0	0	0.993378	0	1.17391	0	0	0.474335	0.270833	0	0	0	0	0.331126	1.187822	0	0	0	0.413223	0	0	0	0.133333	0	0	0	0	0	0	0	0.647826	0	0	0	0	0.313466	0.315673	0	0	0	0	0	0	0	0	0	0.622807
K04042	0	0	0	0.139665	0	0	0	0	0	0	0.222533	1.10335	0	0	0	0	0	0	0.139665	0	0	0	0	0	0.139665	0	0	0.186567	0	0	0	0	0	0	0	0	0.672253	0	0	0	0	0	0	0	0	0	0	0	0	0	0	0.245098	0	0	0.119403	0.687943	0	0	0	0	0	0	0	0	0	0	0.3091252	0	0.245098	0.139665	0	0	0	0	0	0.615102	0	0.135135	0	0	0	0	0	0.135135	0	0.417132	0	0	0.139665	0	0	0	0	0.418994	0	0	0	0	0	0.139665	0.135135	0.321702	0.159218	0	0	0	0	0	0.139665	0	0	0	0	0	0	0.27027	0	0
K01356	0	0	0	0	0	0.624521	0	0	0	0.143678	1.256121	0	0	0	0	0	0	0	0	0	0	0	0	0	0	0	0	0.287356	0	0	0	0	0	0	0	0	0.681992	0	0	0	0	1.20498	0	0	0	0	0	0	0	0.287356	0	1.436782	0	0	0	0.243295	0	0	0	0	0	0	0	0	0	0	1.099033	0	0	0	0	0	1.208812	0	0	0.102564	0	0	0.34965	0.287356	0	0	0.448276	1.288998	1.13602	0	0	0	0	0.252874	0	0	0	0	0	0	0	0	0	0	0	0.468424	0	0	0	0	0	0	0.452107	0	0	0	0	0.574712	0	0	0	0
K03637	0	0	0	0	0	0	0	0	0	0	0	0	0	0	0	0	0	0	0	0	0	0	0	0	0	0	0	0	0	0	0	0	0	0	0	0	0	0	0	0	0	0	0	0	0	0	0	0	0	0	0	0	0	0	0	0	0	0	0	0	0	0	0	0	0	0	0	0	0	0	0	0	0	0	0	0	0	0	0	0	0	0	0	0	0	0	0	0	0	0	0	0	0	0	0	0	0	0	0	0	0	0	0	0	0	0	0	0	0	0	0	0	0	0	0	0	0	0
K01267	0	0	0	0	0	0	0	0	0	0	0	0	0	0	0	0	0	0	0	0	0	0	0	0	0	0	0	0	0.582802	0	0	0	0	0	0	0	0	0	0	0	0	0	0	0	0	0	0	0	0	0	0	0	0	0	0	0	0	0	0	0	0	0	0	0	0	0.125	0	0	0	0	0	0	0.453855	0	0	0	0	0	0.162866	0	0	0	0	0	0	0	0	0	0	0	0	0	0	0	0	0	0	0	0	0	0	0.325733	0	0	0	0	0	0	0	0	0	0	0	0	0	0	0	0
K00625	0	0	0	0	0.987522	0	0	0	0	0	0	0	0	0	0	0	0	0	0.244792	0	0	0	0	0	0	0	0	0	0	0	0	0	0	0	0	0	0	0	0	0	0	0	0	0	0	0.26738	0	0	0	1.126468	0	0	0	0	0	0	0	0	0.320513	0	0	0	0	0	0	0.692606	0	0	0	0	0	0	0	0	0	0.320513	0	0	0	0	0	0	0	0	0	0	0	0	0	0	0	0	0	0	0	0	0	0.338542	0	0	0	1.734246	0	0	0	0	0	0.2895296	0	0	0	0	0	0	0	0	0	0
K00370	5.2192678	0.2276917	0.0707214	0.9728434	0.638081	1.0829973	0	10.5004112	0	2.7390204	4.21999	13.052593	0.49505	0.288184	5.228608	0.714664	0	3.5784688	1.1802962	0.2361316	0	0.141443	0.445559	3.6437868	2.2462866	0.572134	0.042517	2.158192	4.0251141	0.379352	0	0.0932577	4.9444636	0.8206424	0.7127304	0.3356422	1.9887197	0.779221	0	1.3080125	0.4569522	3.919273	7.6316178	1.3470263	1.806473	4.3715283	0.4443149	0.042517	1.759264	2.0114574	0	13.381658	0.527507	1.1855228	0.8493725	2.0207722	0.042517	0.926741	1.008926	1.7910563	2.3222319	6.052435	4.101549	5.2813543	3.727734	3.2781435	7.2845116	1.1796208	2.851026	2.4936289	0	0	6.110934	2.148746	2.703294	4.6965238	0.939891	1.3456421	6.2215418	2.0500395	0.3207724	0.085034	1.112002	1.0693381	0.4273203	3.6131379	0.5364386	0.627006	1.8478025	1.2011378	0.12987	1.260164	1.5294	9.040307	0.5281138	0	0.0550055	0.9119085	0	0.110011	0.12987	14.8216338	0.486395	0.4676667	0	1.317982	0.1946185	2.7010246	5.7863626	0.328052	2.8907725	2.2715174	0.3251692	7.8678771	0	2.867296	0	0.301389
K02860	0	0	0	0	0	0	0	0	0	0	0	0	0	0	0	0	0	0	0	0	0	0	0	0	0	0	0	0	0	0	0	0	0	0	0	0	0	0	0	0	0	0	0	0	0	0	0	0	0	0	0	0	0	0	0	0	0	0	0	0	0	0	0	0	0	0	0	0	0	0	0	0	0	0	0	0	0	0	0	0	0	0	0	0	0	0	0	0	0	0	0	0	0	0	0	0	0	0	0	0	0	0	0	0	0	0	0	0	0	0	0	0	0	0	0	0	0	0
K00057	0	0	0	0	0	0	0	0	0	0	0	0	0	0	0	0	0	0	0	0	0	0	0	0	0	0	0	0	0	0	0	0	0	0	0	0	0	0	0	0	0	0	0	0	0	0	0	0	0	0	0	0	0	0	0	0	0	0	0	0	0	0	0	0	0	0	0	0	0	0	0	0	0	0	0	0	0	0	0	0	0	0	0	0	0	0	0	0	0	0	0	0	0	0	0	0	0	0	0	0	0	0	0	0	0	0	0	0	0	0	0	0	0	0	0	0	0	0
K01258	0	0	0	0	0	0	0	0	0	0	0	0	0	0	0	0	0	0	0	0	0	0	0	0	0.177936	0	0	0	0	0	0	0	0	0	0	0	0.149254	0	0	0	0	0	0	1.04478	0	0	0	0	0	0.177936	0	0	0	0	0	0	0	0	0	0.298507	0	0	0	0	0	0	0.298507	0	0	0	0	0	0	0	0	0	0	0	0	0	0	0	1.77936	0	0	0	0	0	0	0	0	0	0	0	0	0	0	0	0	0	0	0.0437811	0	0	0	0	0	0	0	0	0	0	0	0	0	0	0	0
K03588	0	0	0	0.127551	0	0	0	0	0	0	0	0	0	0	0	0	0	0	0	0	0.127551	0.132653	0	0	0	0	0	0.127551	0.125628	0	0	0	0	0	0	0	0	0	0	0	0	0	0	0	0	0.125628	0	0	0	0	0	0	0	0	0	0	0	0	0.255102	0	0	0	0	0	0	0	0	0	0	0	0	0	0	0	0	0.127551	0	0	0	0	0	0	0	0	0	0	0	0	0	0	0	0	0	0.127551	0	0	0	0	0	0	0	0	0	0	0	0	0	0	0	0	0	0	0	0	0	0	0	0
K06993	0	0	0	0	0	0	0	0	0	0	0	0	0	0	0	0	0	0	0	0	0	0	0	0	0	0	0	0.68254	0	0	0	0	0	0	0	0	0	0	0	0	0	0	0	0	0	0	0	0	0	0	0	0	0	0	0	0	0	0	0	0	0	0	0	0	0	0	0	0	0	0	0	0	0	0	0	0	0	0	0	0	0	0	0	0	0	0	0	0	0	0	0	0	0	0	0	0	0	0	0	0	0	0	0	0	0	0	0	0	0	0	0	0	0	0	0	0	0	0
K19055	0	0	0	0	0	0	0	0	0	0	0	0	0	0	0	0	0	0	0	0	0	0	0	0	0	0	0	0	0	0	0	0	0	0	0	0	0	0	0	0	0	0	0	0	0	0	0	0	0	0	0	0	0	0	0	0	0	0	0	0	0	0	0	0	0	0	0	0	0	0	0	0	0	0	0	0	0	0	0	0	0	0	0	0	0	0	0	0	0	0	0	0	0	0	0	0	0	0	0	0	0	0	0	0	0	0	0	0	0	0	0	0	0	0	0	0	0	0
K03551	0	0	0	0	0	0	0	0	0	0	0	0	0	0	0	0	0	0	0	0	0	0	0	0	0	0	0	0	0	0	0	0	0	0	0	0	0.984496	0	0	0	0	0	0	0	0	0	0	0	0	0	0	0	0	0	0	0	0	0	0	0	0.813953	0	0	0	0	0	0	0	0	0	0	0	0	0	0	0.906977	0	0	0	0	0	0	0	0	0	0	0	0	0	0	0	0	0	0.922481	0	0	0	0	0	0	0	0	0	0	0	0	0	0	0	0	0	0	0	0	0	0	0	0
K02906	5.89227	0.609756	2.43902	0.904472	2.98984	5.6484001	1.21951	38.69105	0	10.860637	12.734409	35.912625	6.252224	0.640244	28.8740254	1.7561	1.55894	8.991867	4.534379	0.9776421	2.4126	1.547567	0.302846	4.475517	3.797111	3.760921	0	3.917357	10.121041	0.9939025	1.49254	1.78049	10.59631	5.467476	0	1.538616	5.676826	3.792534	0	7.880409	1.900406	5.126378	6.363938	7.74341	11.583337	6.013102	0.493902	0	2.928864	4.269623	0	12.582684	0.138211	1.330843	3.711046	11.9500615	0	1.92922	3.35163	5.609485	28.9575003	9.165874	3.582732	16.60066	13.111831	4.164634	16.913837	4.66057	1.1544717	3.62522	0	0	45.198486	7.087401	15.3657	30.16269	1.392277	7.49904	18.62138	2.331299	1.853593	5.927187	1.323505	2.88316716	1.556649	16.943014	3.02845	1.19919	3.3262397	0.866188	0.304878	1.121951	0.408537	8.716167	0.0813008	0	0	0	0	0	0	4.150404	0	1.21951	0	0	0.78252	2.947171	1.796744	0	2.36382	0.301205	0.134146	4.278002	0	3.6062021	0	0.457317
K22010	0	0	0	0	0	0	0	0	0	0.337838	0	0	0	0	0	0	0	0	0	0	0	0	0	0	0	0	0	0	1	0	0	0	0	0	0	0	0	0	0	0	0	0	0	0	0	0	0	0	0	0	0	0	0	0	0	0	0	0	0	0	0	0	0	0	0	0	0	0	0	0	0	0	0	0	0	0	0	0	0	0	0	0	0	0	0	0	0	0	0	0	0	0	0	0	0	0	0	0	0	0	0	0	0	0	0	0	0	0	0	0	0	0	0	0	0	0	0	0
K07277	0.409685	0	0	0.403547	0.44843	0.398744	0	0.457317	0	0	0.14245	0.662368	0	0	0.527598	0	0	0.342907	0	0	0.3205992	0	0	0.44843	0.134529	0	0	1.50965	1.680454	0	0	0	0.605691	0	0.152439	0.0742942	0.0635335	0	0	0	0	0	0.695122	0.394893	1.533768	0.830898	0.14245	0	0.140244	1.508681	0	0.0742942	0	0.303862	1.520835	0.707863	0	0.285714	0.265973	0.0742942	0	0.4088482	0	1.2938042	0	0.811473	1.73054	0	0	0.431575	0	0	1.491947	0	0.70936	2.128411	0.294889	0.152439	0.5652632	0	0.130548	0.152439	2.368488	0.1484812	1.7028712	10.193717	0.130548	0	0.130548	0	0	0.2059835	0.470054	1.1636172	0	0	0	0	0	0	0	6.217485	0	0	0	0	0	0.14245	0.224215	0.073107	0	0.577024	0	0.152439	0	0.260417	0	0.14245
K00793	0	0	0	0	0	0	0	0	0	0	0	0	0	0	0	0	0	0	0	0	0	0	0	0	0	0	0	0	0	0	0	0	0	0	0	0	0	0	0	0	0	0	0	0	0	0	0	0	0	0	0	0	0	0	0	0	0	0	0	0	0	0	0	0	0	0	0	0	0	0	0	0	0	0	0	0	0	0	0	0	0	0	0	0	0	0	0	0	0	0	0	0	0	0	0	0	0	0	0	0	0	0	0	0	0	0	0	0	0	0	0	0	0	0	0	0	0	0
K03687	0	0	0	0	0	0	0	0	0	0	0	0	0	0	2	0	0	0	0	0	0	0	0	0	0	0	0	0	0	0	0	0	0	0	0	0	0	0	0	0	0	0	2	0	0	0	0	0	0	1	0	0	0	0	0	0	0	0	0	0	0	0	0	0	0	0	0	0	0	0	0	0	0	0	0	0	0	0	0	0	0	0	0	0	0	0	0	0	0	0	0	0	0	0	0	0	0	0	0	0	0	0	0	0	0	0	0	0	0	0	0	0	0	0	0	0	0	0
K22373	0	0	0	0	0	0	0	0	0	0	0	0	0	0	0	0	0	0	0	0	0	0	0	0	0	0	0	0	0	0	0	0	0	0	0	0	0	0	0	0	0	0	0	0	0	0	0	0	0	0	0	0	0	0	0	0	0	0	0	0	0	0	0	0	0	0	0	0	0	0	0	0	0	0	0	0	0	0	0	0	0	0	0	0	0	0	0	0	0	0	0	0	0	0	0	0	0	0	0	0	0	0	0	0	0	0	0	0	0	0	0	0	0	0	0	0	0	0
K02232	0	0.219298	0	0.206827	0	0	0	1.771247	0	0.684932	0.906691	3.774511	0	0	0.146078	0	0	0.328947	0.109649	0.13253	0	0	0	0.431287	0	0	0	0.460069	0.256708	0.438596	0	0	0	0.930701	0.555221	0.219298	0.782293	0	0	0	0	0.419118	1.4470743	0.441176	0.328947	0.46164	0	0	0	0.489525	0	0	0	0.1869582	0	0.108918	0	0	0.550825	0.12451	0.219298	0.0116959	0.109649	0.3282518	0.657164	0.328947	0.726023	0.214912	0.111765	0.342466	0	0	0	0	0	1.137049	0.147059	0.328947	1.041641	0.303362	0	0.328947	0	0	0	0.7796	0	0	0.109649	0	0	0	0.0686275	0.256708	0	0	0	0	0	0.294118	0	0.441176	0	0	0	0.109649	0	0	0.414473	0.109649	0.219298	0.109649	0	0.147059	0	0.109649	0	0.269076
K03154	0	0	0	0	0	0	0	0	0	0	0	0	0	0	0	0	0	0	0	0	0	0	0	0	0	0	0	0	0	0	0	0	0	0	0	0	0	0	0	0	0	0	0	0	0	0	0	0	0	0	0	0	0	0	0	0	0	0	0	0	0	0	0	0	0	0	0	0	0	0	0	0	0	0	0	0	0	0	0	0	0	0	0	0	0	0	0	0	0	0	0	0	0	0	0	0	0	0	0	0	0	0	0	0	0	0	0	0	0	0	0	0	0	0	0	0	0	0
K15777	0	0	0	0	0	0	0	0	0	0	0	0	0	0	0	0	0	0	0	0	0	0	0	0	0	0	0	0	0	0	0	0	0	0	0	0	0	0	0	0	0	0	0	0	0	0	0	0	0	0	0	0	0	0	0	0	0	0	0	0	0	0	0	0	0	0	0	0	0	0	0	0	0	0	0	0	0	0	0	0.235849	0	0	0	0	0	0	0	0	0	0	0	0	0	1.09091	0	0	0	0	0	0	0	0.366667	0	0	0	0	0	0	0	0	0	0	0	0	0	0	0	0
K20534	0	0	0	0	0	0.352885	0	3.680442	0	3.580078	6.84126	6.548137	0.395503	0	0.824309	0	0.595238	0.198413	0.214866	0.201613	0.375829	0	0	0	1.38889	0.992063	0	14.360885	22.80198	0	0	0	0.777177	2.678211	2.74045	0.9588839	0.605052	0	0	0	0	0.3667945	7	0	0	2.419289	0.201613	0	0.201613	0.845528	0	2.09059	0	0.198413	0.245064	0.198413	0	0	0	2.396658	0.201613	0.198413	0.198413	1.737322	0	0.595238	5.453443	0.403226	2.303148	0.763544	0	0	1.3554	0	0.174216	8.090777	0.201613	0.198413	17.010967	0.148664	0.198413	0.571041	0	0.675003	0.174216	0	0.462963	0	1.924027	1.374841	0	0	1.112182	3.8221699	0.2910439	0	0	0	0	0	0	7.36888	0.201613	0	0	0	0	0.198413	1.007459	0.400026	0.325397	0	0	0.198413	0	0.336022	0	0.12079
K01733	0.9305499	0	0	0.473279	0	0.062963	0	1.133098	0	1.07143	1.955192	0.906989	0.222222	0	1.159786	0.111111	0	1.659087	0.520449	0	0	0	0	0.334074	0.580748	0	0	0.608623	0	0	0	0.0340741	4.194989	0.0881481	0	0.63716	2.00374	0	0	0.11037	0	0.151057	0	0	1.196037	1.643029	0	0	0.302115	1.029507	0	1.291118	0	0.225434	0.929078	0.207469	0	0.111111	0	0	0.283704	3.629981	0.595501	0.555555	0.772593	0.413226	3.626238	0	0.371869	0	0	0	0.357143	0	0	1.956628	0	0.762709	3.626205	0.333333	0.25562	0.700385	0	0	0	10.67373	0.635777	0	0.373279	0.626866	1	0.25562	0	1.04	0	0	0	0.262168	0.101481	0	0	2.057326	0	0	0	0	0	0.843246	0.357724	0	1.041813	0	0	0	0	0.847458	0.453172	0
K02342	0	0	0	0	0	0	0	0	0	0	0	0	0	0	0	0	0	0	0	0	0	0	0	0	0	0	0	0	0	0	0	0	0	0	0	0	0	0	0	0	0	0	0	0	0	0	0	0	0	0	0	0	0	0	0	0	0	0	0	0	0	0	0	0	0	0	0	0	0	0	0	0	0	0	0	0	0	0	0	0	0	0	0	0	0	0	0	0	0	0	0	0	0	0	0	0	0	0	0	0	0	0	0	0	0	0	0	0	0	0	0	0	0	0.578231	0	0	0	0
K12527	2.4642765	0.369742	1.818097	1.948456	0.2101172	0	0	1.665607	0	0.189394	1.2528498	7.191875	1.373748	0	5.548656	0.992278	0	1.740688	1.5379083	0.0972763	0.29118	0	0.0616083	2.8234063	0.5674458	0	0	0.2804263	0.3060247	0.121951	0	0.436937	5.636463	0.318533	0	0.882599	2.605573	0.960943	0	0.776059	0.5572227	0	1.096848	0.992525	2.2562673	4.8464745	0.797147	0.0772358	1.24717	0.451798	0	1.834514	0.0966278	1.3540083	0.365854	0.4797203	0	0.0402075	0	0.0492866	1.859856	6.875752	1.5807351	5.565371	2.157761	6.147111	1.1683974	0.1945526	0.0823681	0.0155642	0	0	1.1582995	0	0	18.507697	0.8460203	1.71166	2.758292	2.515234	0.0965251	2.811003	0	0	0.1889825	5.5294563	0.4606785	0.0168612	1.0269932	0	0	0.2790071	0.2184761	3.476277	0.0965251	0	0	0.2790071	0	0	0.378788	4.007986	0	0	0	0.0965251	0.141119	0.0965251	0.9321994	0	1.626302	0.937205	0	1.2780013	0	0.2086023	0	0.0965251
K00425	0.678773	0.121065	0	0.536724	0.242131	0	0	3.742212	0	0.120258	0.490718	3.150927	0	0	1.050041	0.484262	0	1.470545	0	0	0	0	0	1.694915	0.24213	0	0	0.121065	0	0	0	0.378531	1.936239	0.121065	0	0	3.71348	0	0	0.34544	0.242131	0.062954	0	0	1.38741	1.776433	0	0.121065	0.121065	0.121065	0	1.54318	0	0.363196	0.31477	0.121065	0	0	0.311193	0	1.452785	0.121065	0	2.393061	2.014523	2.708633	2.217111	0	0	0	0	0	0.363196	3.26877	0	1.921712	0	1.200969	2.483133	0.367232	0.121065	0.468926	0	0.121065	0	3.68685	0.121065	0	0.416465	0	0	0.121065	0	0.135301	0	0	0	0	0	0	0	0.148507	0	0	0	0.363196	0	0.311193	0	0	0.719936	0.820823	0.121065	0.242131	0	0	0	0
K01714	2.23577	0	0	0.917847	0	0.46394	0	6.734412	0	0.203252	3.294749	2.771	0	0	0.936472	0	0	1.066208	0	0.203252	0	0	0	1.19922	0.950195	0.404865	0	1.283923	0	0	0	0.544715	2.453645	0.030914	0.344173	0	3.356083	0	0	0	0.361789	0.213178	0	0	0	5.379017	0.224806	0	0.406504	0.510588	0	0.792929	0	1.376191	0	0.757576	0	0.808091	0	0	0.403226	1.252345	0	1.82114	0	2.731217	5.635234	0.203252	0.203252	0	0	0	0	0	0	3.4352863	0.406504	2.25124	4.458539	0.203252	0.201897	0.738482	0.0826558	0	0	10.94837	0.323848	0	0.609756	0	0	0.25641	0	1.78184	0	0	0	0	0	0	0	0	0	0	0	0.314079	0	0	0.201613	0	1.403724	0.203252	0	0	0	0.893532	0	0
K03587	0	0	0	0	0	0	0	0	0	0	0	0	0	0	0	0	0	0	0	0	0	0	0.27248	0	0	0	0	0	0.438692	0	0	0	0	0	0	0	0	0	0	0	0	0	0	0	0	0	0	0	0	0	0	0	0	0	0	0	0	0	0.408719	0	0	0	0	0	0	0.27248	0	0	0	0	0	0	0	0	0	0	0	0	0	0	0	0	0	0	0	0	0	0	0	0	0	0	0	0	0	0	0	0	0	0	0	0	0	0	0	0	0	0	0	0	0	0	0	0	0	0	0	0
K08223	0	0	0	0	0	0	0	0	0	0	0	0	0	0	0	0	0	0.927536	0	0	0	0	0	0	0	0	0	0	0	0	0	0	0	0	0	0	0	0	0	0	0	0	0	0	0	0	0	0	0	0	0	0	0	0	0	0	0	0	0	0	0	0	0	0	0	0	0	0	0	0	0	0	0	0	0	0	0	0	0	0	0	0	0	0	0	0	0	0	0	0	0	0	0	0	0	0	0	0	0	0	0	0	0	0	0	0	0	0	0	0	0	0	0	0	0	0	0	0
K01875	0	0	0	0	0	0	0	0	0	0	0	0	0	0	0	0	0	0	0	0	0	0	0	0	0	0	0	0	0	0	0	0	0	0	0	0	0	0	0	0	0	0	0	0	0	0	0	0	0	0	0	0	0	0.833333	0	0	0	0	0	0	0	0	0	0	0	0	0	0	0	0	0	0	6.52381	0	0	0	0	0	0	0	0	0	0	0	0	0	0	0	0	0	0	0	0	0	0	0	0	0	0	0	0	0	0	0	0	0	0	0	0	0	0	0	0	0	0	0	0	0
K05311	0	0	0	1.748444	1.757457	0.367647	0	0.342466	0	0.14726	0.841719	0.805936	0.238584	0	1.657739	0	0	1.311886	0.450913	0	0.0787671	0.28653	0	0.493151	0.4790682	0.85008	0	0.677432	0.179587	0	0	0	0	0	0	0	0.375571	0	0	0.5	0.171233	0.767475	0	0.304308	1.62329	1.771694	0.352941	0	0.540196	0.529414	0	5.738985	0	0.488584	0	0.826218	0	0	0	0.408163	0.698848	0.513699	0	0.171233	0.0742009	0.883354	0.248549	1.529683	0	0	0	0	1.9296439	0	0	1.44786	0	0.3379	1.101598	0.2066211	0.507614	2.39357	0.193798	0.330882	0.2134704	0.783105	0.49315	0	0.513699	0	0	0	0	1.056642	0	0	0	0	0	0	0	1.049962	0	0	0	0.697489	0	0	0.494292	0	0.342466	0	0	0.513699	0	0.171233	0	0.171233
K03654	0	0	0	0	0	0	0	0	0	0	0	0.593472	0	0	0	0	0	0	0	0	0	0	0	0	0	0	0	0	0.246305	0	0	0	0	0	0	0	0	0	0	0	0	0	0	0	0	0	0	0	0	0	0	0	0	0	0	0	0	0	0	0	0	0	0	0	0	0	0	0	0	0	0	0	0	0	0	0	0	0	0	0	0	0	0	0	0	0.147379	0	0	0	0	0	0	0	0	0	0	0	0	0	0	0	0.696156	0	0	0	0	0	0	0	0.246305	0	0	0	0	0	0	0	0
K11749	0.306812	0.5	0.800595	0.50865	0	0.5214002	0	6.386344	0	0	1.9413093	5.144582	0	0	1.390367	0	0	0.744861	0	0	0	0	0	0.833472	1.864733	0.512821	0	0.504037	1.108311	0	0	0.446429	0.234141	0.420796	0.346021	0	1.459916	0	0	0	0.0899654	0.16835	0	0	0.602431	1.597218	0.0991926	0	0.2898587	0.17301	0	0.786164	0	2.117819	0	0.15917	0	0.446429	0.3367	0.077278	1.7189037	0.446429	0.25641	3.752702	1.4857163	0.2583618	4.858073	0.0726644	0.513217	0.17301	0	0	0.170704	8.55357	0	0.960163	0.5	1.4286847	2.2734887	0.336794	0.16609	0.34602	0	0.17301	0	6.082514	0.17301	0	0.17301	0	0	0	0	0.8920786	0	0	0	0	0	0	0	0.0662177	0	0	0	0	0	0	0.503238	0.100346	0.895355	0	0	0.210256	0	0.988734	0	0.17301
K00945	0	0.561798	0	0.174157	0	0	0	1.483146	0	0	0.561798	0.646067	0	0	0	0	0	0	0	0	0.280899	0	0	0.661048	0.919476	0	0	0.280899	0.842697	0	0	0	0	0.138577	0	0	1.224719	0	0	0.735955	0	0.20412	0	1.40449	0.524344	0.455056	0	0	0	0.337838	0	1.94521	0	0.561798	0	0	0.142322	0	0.561798	0	0.561798	0	0	1.249064	1.03933	1.320225	2.325839	0.280899	0	0	0	0	0	0	0	0.882022	0	0	1.50375	0.518727	0	0.368914	0	0	0	1.4363302	0	0	0	0	0	0.280899	0	0.561798	0	0	0	0	0	0	0	1.42509	0	0	0	0	0	0.166667	0	0	0	0	0.280899	0.840824	0	0	0	0
K02445	0	0	0	0	0	0	0	0	0	0	0.0724638	0	0.255754	0	0	0	0	0	0	0	0	0	0	0	0	0	0	0	0	0	0	0	0	0	0	0	0	0	0	0	0	0	0	0	0	0	0	0	0	0	0	0	0	0	0	0	0	0	0	0	0	0	0	0	0	0	0	0	0	0	0	0	0	0	0	0.365854	0	0	0	0	0	0	0	0	0	0	0	0	0.127877	0	0	0	0	0	0	0	0	0	0	0	0	0	0	0	0	0	0	0	0	0	0	0	0	0	0	0	0	0
K02835	0.665595	0	0	0	0.321543	0	0	2.304757	0	0.25	0.196141	0.0535906	0	0	0.160772	0	0	0.456592	0	0	0	0	0	0	0	0	0	0.373333	0.25	0	0	0	0	0	0	0	0	0	0	0.160772	0.160772	0	0	0.160772	0.0525188	0.803859	0	0	0.905681	0.60477	0	1.60695	0.160772	0.0418006	0.321543	0	0	0	0.116667	0	0	0.903537	0	1.1243305	0	0	0	0.160772	0	0	0	0	0	0	0	0.421132	0	0	0	0	0.160772	0	0	0.160772	0	0.321543	0.17	0	0	0	0	0	0	0	0	0	0	0.160772	0	0	0	5.31969	0.160772	0	0	0.160772	0.160772	0.321543	0	0	0.160772	0.321544	0	0	0	0	0	0.160772
K02231	0	0	0	0	0	0	0	0	0	0	0	0	0	0	0	0	0	0	0.198675	0	0	0	0	0	0	0	0	0.256071	0.415011	0	0	0	0	0.479893	0	0	0.392936	0	0	0	0	0	0	0.384106	0	0	0	0	0	0	0	5.520971	0	0	0	0	0	0	0	0	0	0	0	0	0	0	0.331126	0	0	0	0	0	0	0	0	0.331126	0	0	0.331126	0	0	0	0	0	0	0	0	0	0	0	0	0	0	0	0	0	0	0	0	0	0	0.13245	0	0	0	0	2	0	0	0	0	0	0	0	0	0.242424	0	0
K02237	0	0	0	0	0	0	0	0	0	0	0	0	0	0	0	0	0	0	0	0	0	0	0	0	0	0	0	0	0	0	0	0	0	0	0	0	0	0	0	0	0	0	0	0	0	0	0	0	0	0	0	0	0	0	0	0	0	0	0.333333	0	0	0	0	0	0	0	0	0	0	0	0	0	0	0	0	0	0	0	0	0	0	0	0	0	0	0	0	0	0	0	0	0	0	0	0	0	0	0	0	0	0	0	0	0	0	0	0	0	0	0	0	0	0	0	0	0	0	0
K01749	0	0	0	0	0	0	0	0	0	0	0	0	0	0	0	0	0	0	0	0	0	0	0	0	0	0	0	0	0	0	0	0	0	0	0	0	0	0	0	0	0	0	0	0	0	0	0	0	0	0	0	0	0	0	0	0	0	0	0	0	0	0	0	0	0	0	0	0	0	0	0	0	0	0	0	0	0	0	0	0	0	0	0	0	0	0	0	0	0	0	0	0	0	0	0	0	0	0	0	0	0	0	0	0	0	0	0	0	0	0	0	0	0	0	0	0	0	0
K06958	0	0	0	0	0	0	0	0	0	1	0	0	0	0	0	0	0	0	0	0	0	0	0	0	0	0	0	0	0	0	0	0	0	0	0	0	0	0	0	0	0	0	0	0	0	0	0	0	0	0	0	0	0	0	0	0	0	0	0	0	0	0	0	0	0	0	0	0	0	0	0	0	0	0	0	0	0	0	0	0	0	0	0	0	0	0	0	0	0	0	0	0	0	0	0	0	0	0	0	0	0	0	0	0	0	0	0	0	0	0	0	0	0	0	0	0	0	1
K02499	0	0	0	0	0	0	0	0	0	0	0	0	0	0	0	0	0	0	0	0	0	0	0	0	0	0	0	0	0	0	0	0	0	0	0	0	0	0	0	0	0	0	0	0	0	0	0	0	0	0	0	0	0	0	0	0	0	0	0	0	0	0	0	0	0	0	0	0	0	0	0	0	0	0	0	0	0	0	0	0	0	0	0	0	0	0	0	0	0	0	0	0	0	0	0	0	0	0	0	0	0	0	0	0	0	0	0	0	0	0	0	0	0	0	0	0	0	0
K02822	0	0	0	1.783594	0	0	0	0.619048	0	0	0	0.977778	0	0	0	0	0	0.944444	0.714286	0	0	0	0	0	1.173993	0	0	0	0	0	0	0	0	0	0	0	0.865079	0	0	0	0	0	0	0	0	2.25185	0	0	0.602116	0	0	0.418803	0	0.385185	0	0	0	0.8	0	0	0	1.56349	0	0	0	0	0	0	0	0	0	0	0	0	0	1.261376	0	0	2.24444	0	0	0.444444	0	0	0	0	0	0	0	0	0	0	0	0	0	0	0	0	0	0	0	0	0	0	0	0	0	0	0.444444	0	0	0	0	0	0	0	0	0
K00826	0	0	0	0	0	0.425439	0	0	0	0	0	0	0	0	0	0	0	0	0	0	0.219298	0	0	0	0	0	0	0	0	0	0	0	0	0	0	0	0	0	0	0	0	0.219298	1.31579	0	0	0	0	0	0	0	0	0.50505	0	0	0	0	0	0	0	0	0	0	0	0	0	0	0	0	0	0	0	0	0	0	0	0	0	0	0	0	0	0	0	0	0	3.53535	0	0	0	0	0	0	0	0.438596	0	0	0	0	0	0	0	0	0	0	0	0	0	0	0	0	0	0	0	0.047138	0	0	0	0
K03110	0	0	0	0	0	0	0	0	0	0.572519	0	0	0	0	0	0	0	0	0	0	0	0	0	0	0	0	0	0.738915	0.71883	0	0	0	1.757	0	0	0	0	0	0	0	0	0	0	0.571247	0	0.19084	0	0	0	0	0	0.715356	0	0	0	0	0	0	0	0	0	0	0	0	0	0	0	0	0	0.19084	0	0	0	0	0	0.599308	0	0	0	0	0	0	0	0.19084	0	0	0	0	0	0	0	0	0	0	0	0	0	0	0	0	0	0.0814249	0	0	0	0	0	0.249064	0	0	0	0	0	0	0	0	0	0.486891
K02112	0	0	0	0	0	0	0	0	0	0	0	0	0	0	0	0	0	0	0	0	0	0	0	0	0	0	0	0	0	0	0	0	0	0	0	0	0	0	0	0	0	0	0	0	0	0	0	0	0	0	0	0	0	0	0	0	0	0	0	0	0	0	0	0	0	0	0	0	0	0	0	0	0	0	0	0.659864	0	0	0	0	0	0	0	0	0	0	0	0	0	0	0	0	0	0	0	0	0	0	0	0	0	1.5102	0	0	0	0	0	0	0	0	0	0	0	0	0	0	0	0
K11991	0	0	0	0	0	0	0	0	0	0	0	0	0	0	0	0	0	0	0	0	0	0	0	0	0	0	0	0	0	0	0	0	0	0	0	0	0	0	0	0	0	0	0	0	0	0	0	0	0	0	0	0	0	0	0	0	0	0	0	0	0	0	0	0	0	0	0	0	0	0	0	0	0	0	0	0	0	0	0	0	0	0	0	0	0	0	0	0	0	0	0	0	0	0	0	0	0	0	0	0	0	0	0	0	0	0	0	0	0	0	0	0	0	0	0	0	0	0
K06346	0.54204	0.130268	0	0.287356	0	0	0	2.826116	0	0	3.42393	6.452424	0.462963	0	2.045948	0	0	0.875969	0.812953	0.223214	0.637985	0	0	0.287356	0.287356	0.509579	0	2.624743	1.113069	0	0	0	0.621118	0.692901	0	0	2.043985	0	0	0.287356	1.14751	0.231481	0.462963	0.231481	0.972811	1.478511	0	0	0	0.750491	0	1.14943	0	0.252588	0.183642	1.024224	0	0	0.352304	0.255319	0.929607	0.745425	0	4.59528	0.287356	1.20498	6.793277	0	0.229938	0.231481	0	0	0	0	0	8.23934	0	0	4.395962	0.482759	0	1.54215	0.878049	0	0	2.470548	0	0	0	0	0	0.247126	0	0.525451	0	0.161491	0	0	0	0	0	1.824078	0	0	0	0.310559	0	2.0110702	0.324503	0	0	0.581395	0.287356	0	0	0	0	0
K00797	0	0	0	0	0	0	0	0	0	0	0.45045	0.247525	0	0	0	0	0	0	0	0	0	0	0	0.133663	0	0	0	0	0.00495049	0	0	0	0	0	0	0	0.171617	0	0	0	0	0	0	0	0	0	0	0	0	0	0	0.244224	0	0	0	0.15015	0	0	0.742574	0	0	0	0	0	0	0	0.155116	0	0	0.247525	0	0	4.67135	0	0.247525	0.942244	0	0	0	0	0	0	0	0.49505	0	0	0	0	0	0	0	0	0	0	0	0	0	0	0	0	0	1.35553	0	0	0	0	0	0	0	0	0	0	0	0	0	0	0	0
K01270	0.310239	0.115473	0	0.739871	0	0.205536	0	2.717477	0	0.34642	1.320717	2.128559	0.461894	0	1.244804	0.0500385	0	0.522709	0.115473	0	0	0	0	1.56351	0.389531	0	0	0.232558	0	0	0	0.163202	0.577367	0	0	0	0.330254	0.230947	0	0	0.115473	0	0	0.456431	0.4411082	1.538281	0	0	0.115473	1.320891	0	0.0931486	0.21863	0.501925	0.115473	0.7305468	0	0	0.0151515	0.690637	1.374133	0.461894	0	1.559665	0.692841	1.70439	1.750941	0	0	0.116279	0	0	5.284971	0	0	1.673329	0.307929	1.146266	2.2262753	0.115473	0	0.928407	0.232558	0.2773115	0.115473	0.814472	0	0	0	0.113636	0	0.115473	0	0.69438	0	0	0	0.0900693	0	0	0	0.272868	0	0	0	0.115473	0.545035	0.0631255	0.69284	0.230946	1.2755964	0.115473	0.230947	0.458219	0	0.230946	0	0
K00366	0	0	0	0	0	0	0	0	0	0	0.0641026	0	0	0	0	0	0	0	0	0	0	0	0	0	0	0	0	0.0833333	0	0	0	0	0	0	0	0	0	0	0	0	0	0	0	0.0940171	0	0.0519943	0	0	0	0.106838	0	0	0.106838	0	0	0	0	0	0	0	0	0	0	0	0	0	0	0	0	0.668845	0	0	0	0	0	0.120592	0	0	0	0	0	0	0	0.106838	0	0	0	0	0	0	0	0	0	0.704081	0	0	0	0	0	0	0	0.141069	0	0	0	0	0	0	0	0	0	0	0	0	0	0	0	0
K01104	0	0	0	0	0	0.26936	0	0	0	0	0	0	0.77193	0	0	0	0	0	0	0	0	0	0	0	0	0	0	0.555957	0	0	0	0	0	0	0	0	0	0	0	0	0	0	0	0	0	0	0	0	0	0.229358	0	0.70202	0	0	0	0.1	0	0	0	0	0	0	0	0	0	0.719117	0	0	0	0	0	0	2.5	0	2.24242	0.0244648	0	0	0	0	0	0	0	0	0	0	0	0	0	0	0	0	0	0	0	0	0	0	0	0	0	2.94868	0	0	0	0	0	1.102339	0	0	0	0	0	0	0	0	0	0
K03147	0	0	0	0	0	0	0	0	0	0	0.103896	0	0	0	0	0	0	0	0	0	0	0	0	0	0	0	0	0.128139	0.12987	0	0	0	0	0	0	0	0	0	0	0	0	0	0	0	0	0	0	0	0	0	0	0	0	0	0	0	0	0	0	0	0	0	0	0.0746124	0	0	0	0	0	0	0	0	0	0	0	0.144509	0	0	0	0	0	0	0	0.25974	0	0	0	0	0	0	0	0	0	0.25974	0	0	0	0	0	0	0	0.12987	0	0	0	0	0	0	0	0	0	0	0	0	0	0	0	0
K00950	0.725694	0	0	0	0	0	0	0	0	0	0	2.91518	0	0	3.709186	0	0	0.565972	0	0	0	0	0	0.682243	0.196262	0	0	0.601246	0	0	0	0	0	0	0	0	0	0.80756	0	0	0	0	0	0	0	2.285507	0	0	0	0	0	0	0	0.261168	0	0.249221	0	0	0	0	0.535826	0.68342	0	1.5625	0.76947	1.004873	0.979166	0.442368	0	0	0	0	1.62617	0	0	2.26222	0.46729	0.233645	0.383178	0.11215	0	0.666667	0	0	0	0.527778	0.517361	0	0	0	0	0	0	0	0	0	0	0	0	0	0	0	0	0	0	0	0	0	0	0	0.211838	0	0	0	0	0	0	0
K05995	0	0	0	0	0	0	0	0	0	0	0	0	0	0	0	0	0	0	0	0	0	0	0	0	0	0	0	0	0	0	0	0	0	0	0	0	0	0	0	0	0	0	0	0	0	0	0	0	0	0	0	0	0	0	0	0	0	0	0	0	0	0	0	0	0	0	0	0	0	0	0	0	0	0	0	0.520833	0	0	0	0	0	0	0	0	0	0	0	1.36458	0	0	0	0	0	0	0	0	0	0	0	0	0	0	0	0	0	0	0	0	0	0	0	0	0	0	0	0	0	0
K03307	0	0	0	0	0	0	0	0.129542	0	0	0	0	1	0	0.6573855	0	0.625	0	0	0.20904	0	0	0	0.0963665	0	0	0	0	0	0	0	0	0	0.121065	0	0	0	0	0	1.94558	0	0	0	0	0	0	0	0	0.0308057	0	0	0.121065	0.1479212	0	0	0.510204	0	0	0	0	0	0	0	0.483454	0	0.121065	0.121065	0	0	0	0	0	0	0	0	0.2190113	0	0	0	0	0.118483	0.443128	0	0	0	0	0.0895884	0	0	0	0	0	0	0	0	0	0	0	0	0	0	0	0	0	0	0	0	0	0	0	0	0	0	0	0	0	0	0
K02551	0	0	0	0.4725465	1.7535948	0	0	1.843331	0	0.77953978	0.650114	2.009332	0	0	0.991285	0	0	0.7545418	0.166667	0	0	0	0	0.8163691	0.2778708	0	0	0	0	0	0	0.142857	1.1975292	0	0	0	0.3124501	0	0	0.118095	0.0967118	0	0	0	0.0907441	1.5126092	0	0	0	0	0	0.81203	0	0.0967118	0.285714	0.160969	0	0	0	0	0.15157	0.4871246	0	1.0266118	0	0.0907441	0.6489428	0.0398551	0.130435	0.213675	0.181159	0	0	0	0.170648	0.3570488	0	1.6886038	0.8921198	0.262681	0	0.0905797	0	0.19943	0	0.5329667	0	0	0.0907441	0	0	0	0	0.175121	0	0.165017	0	0	0	0	0	0	0	0	0	0	0	0.0907441	0	0	0	0.1813238	0.142857	0	0	0	0	0.0628019
K04655	0	0	0	0	0	0	0	0	0	0	0	0	0	0	0	0	0	0	0	0	0	0	0	0	0	0	0	0	0	0	0	0	0	0	0	0	0	0	0	0	0	0	0	0	0	0	0	0	0	0	0	0	0	0	0	0	0	0	0	0	0	0	0	1	0	0	0	1	0	0	0	0	0	0	0	0	0	0	0	0	0	0	0	0	0.171375	0	0	0	0	0.282486	0	0	0	0	0	0	0	0	0	0	0	0	0	0	0	3	0	0.282486	0	0	0	0	0	0	0	0	0	0
K08303	0.412088	0.274725	0	0.137741	0.274725	0.2093054	0	13.755347	0	1.4704872	4.4619672	13.506565	2.2546883	0	2.141859	0	0	2.306497	0.548535	0.0604396	0	0	0	5.198026	1.0334703	0.217391	0	2.535124	3.4853021	0.274725	0	0.199203	6.45962	1.0647088	0	0.27381	1.9980963	0	0.137363	0.3251757	0.412467	0	0.324638	1.478855	1.244435	4.3687968	0.136823	0	0.679488	0.901228	0	5.133489	0	1.0504874	0.9524885	1.1706763	0.100402	0.137363	3.702718	0.434783	3.29579	0.275104	0.0826446	2.020927	1.502901	0.6368263	5.635016	1.88707	0.550586	0	0	0	5.394746	0	1.598402	3.169078	0	2.0649638	2.888607	0.5999988	0.0549451	2.417678	0.137363	1.01684	0.900595	10.7625741	0.577383	0	0.527299	0	0	0	0.423729	0.550586	0.137363	0	0	0.756548	0	0	0	12.6456858	0	0.100402	0	0.381265	0.869565	0.397727	0.494506	0.137363	1.791209	0.928572	0.395712	0.214592	0	1.381694	0	0.100733
K01990	0	0	0	0	0	0	0	0	0	0	0	0	0	0	0	0	0	0	0	0	0	0	0	0	0	0	0	0	0.0279776	0	0	0	0	0	0	0	0	0	0	0	0	0	0	0	0	0	0	0	0	0	0	0	0	0	0	0	0	0	0	0	0	0	0	0	0	0	0	0	0	0	0	0	0	0	0	0.119904	0	0	0	0	0	0	0	0	0	0	0	1	0	0	0	0	0	0	0	0	0	0	0	0	0	0	0	0	0	0	0	0	0	0	0	0	0	0	0	0	0	0
K00525	0	0	0	0	0	0	0	0.485711	0	0	0	0	0	0	0	0	0	0	0	0	0	0	0	0.74183	0.180294	0	0	0	0	0	0	0	0	0	0	0	0.480769	0	0	0	0	0.295276	0	0	0	0.0879265	0	0	0	0.173596	0	0	0	0.159314	0	0	0	0	0	0	0	0	0	0	0	0	0	0	0	0	0	0	0	0	0	0	0	0	0.795234	0	0	0	0	0.275735	0	0	0	0.0984252	0	0	0	0	0	0.404199	0	0	0	0.19685	0	0	0	1.9685	0.144357	0	0	0	0.480769	0	1.333391	0.314465	0	0	0	0	0	0	0	0
K00313	0.387737	0.164076	0	2.72405	1.24611	0	0	2.371824	0	0.250432	2.2077952	2.407851	0	0	2.060547	0.388601	0.19171	0.766839	0.388601	0.129534	0	0	0	1.477547	0.235849	0	0	0.236615	0.129534	0	0	0	0.490501	0	0	0	1.293128	0	0	0.663212	0	0	0	0	1.5189983	2.106056	0	0	2.030897	0.440972	0	3.59153	0	0	0.69916	0	0	0.129534	0	0.0942029	0.129534	1.208959	0.777202	4.903789	0.43696	2.268568	0.129534	1.036269	0.388601	0	0	0	0	0	0	1.4854166	0	0	0.24179579	0.129534	0	1.023456	0	0	0	0.58981	0.24266	0	0.259068	0	0	0	0	0.55064	0	0	0	0	0	0	0	0	0	0	0	0.388601	0	0	0.668234	0.129534	0.29361	0.15528	0	0.259068	0	0	0	0.13587
K11752	0.28169	0	0	0.2122065	0	0	0	1.199064	0	0.140845	2.09399	1.8474706	0	0	0.140845	0	0	0.478874	0	0	0.28169	0	0	0.590093	0.140845	0	0	0.463508	0.545455	0	0	0	0	0.107042	0	0	0.140845	0	0	0.704225	0	0	0.261033	0	0	0.758686	0	0	0.251643	0.180606	0	2.288751	0	0	0.140845	0	0	0	0.28169	0	1.66667	0	0	0.869484	0	0.377465	0.301067	0.140845	0	0	0	0	0	0	0	0.270475	0	1.416905	4.11718	0	0	0	0	0	0	0.56338	0	0	0.280751	0	0	0	0	0.28169	0	0	0	0	0	0	0	0	0	0	0	0	0	0	0.276056	0	0.140845	0	0	0.322663	0	0	0	0
K14761	0.845238	0	0	0.880952	0	0	0	0	0	0	0.821429	0	1.94048	0	1.67857	0	0	0	0	0	0	0	0	4.279148	0	0	0	0	0	0	0	0	0	0.964286	0	0	1.02381	0	0	1.77381	0	0	0	0.97619	0.107143	0	0	0	0	0	0	0.190476	0	0	1	0	0	0	0	0	0.75	0	0	1	0.154762	0.821428	0	0	0	0	0	0	0	0	0	0.821429	0	1	0	0.785714	0	0.535714	0	0	0	1.0119048	0	0	0	0	0	0	0	0	0	0	0	0	0	0	0	0	0	0	0	0.714286	0	0	0	0	1.04762	0	0	1.02381	0	0	0	0
K00364	0.15015	0	0	0.396825	0	0.189394	0	0.559447	0	0	0.551449	0.340136	0.680272	0	0.320218	0.340136	0	0.602603	0	0	0	0	0.378788	0.149149	0.477376	0	0	0.680272	0	0	0.134921	0	0.340136	0	0	0.378788	1.239385	0	0	0	0.141141	0	0	0	0.15015	1.09109	0	0	0	0	0	0	0.15015	0.320218	0.2539682	0.62774	0	0.15015	0.787879	0	0.469234	0.456916	0.510204	0.167167	0.478274	0.527528	0.938183	0	0.340136	0.4319727	0	0	0	0	0	1.195971	0	0	1.020408	0	0	0.15015	0	0.340136	0	1.130722	0	0	0.170068	0	0	0	0.15015	0.829984	0.3003	0	0	0	0	0	0	1.02041	0	0	0	0	0	0.396825	1.01701	0.340136	0	0	0	0.340136	0	0.359462	0	0
K12573	0.214612	0	0	0.106157	0	0.150554	0	0.2244357	0	1.28716	0.7805717	1.304197	0	0	0.7527447	0	0	0.204935	0.0755287	0	0	0	0	0.409836	0.196532	0	0	2.3842997	3.8214322	0	0	0.26738	2.386837	0.271079	0	1.02564	5.024803	0	0	0	0.947829	0.100271	0	0.220264	0.460649	4.485948	0	0	0.289017	0	0	1.84815	0	0.544318	0.0677507	0	0	0	0.486643	1.567468	1.799614	1.078152	0.0755287	0.819672	0	0.8904682	0.509072	0	0.2142567	0	0	0	0.531915	0	1.32159	1.623754	0.220264	1.5377409	2.34793	0.0677507	0	0	0.174216	0.207048	0	7.985664	0	0.204918	0	0	0	0	0.13505	0.8911853	0	0	0	0	0	0	0	0	0	0	0	0.442735	0	0.267453	0.4042957	0.277457	1.550928	0.628415	0.302115	0	0	0.418367	0	0
K06282	1.479078	0	0	0.827957	0.92999	0.384848	0	5.43075	0	0.151515	1.514926	6.106466	0	0	1.340175	0	0	1.143316	1.130114	0	0	0	0.289973	1.68133	0.148485	1.708475	0	0.30303	3.31238415	0.344828	0.344828	0.496343	0.993841	0.151515	0	0.4152208	1.311278	0	0	1.197459	0	0.34965	0.364103	0.146628	1.69697	3.290661	0.1661453	0	0.491456	0.146628	0	8.526361	0	0.546918	0.7857	0.487085	0	0.0454545	0	0.866912	2.553242	0.955783	0.146628	4.58996	2.6911	3.118048	2.642091	1.046068	0.151515	0.30303	0	0	0.144986	0	0.33557	4.95154	0.689899	3.981039	4.835518	0.809755	0	1.690379	0	0.33231	0.9593597	13.7453304	0.60606	0	0.572825	0	0	0	0	3.184422	0	0	0	0.439883	0	0.647567	0	0	0	0	0	1.5259	0	0.524823	0.6386	0	1.686406	0.772714	0	1.232095	0	0.638134	0	0
K09811	0	0	0	0	1.08696	0	0	0	0	0	0	0	0	0	1.63043	0	0	0	0	0	0	0	0	0	0	0	0	0	0	0	0	0	0	0	0	0	0	0	0	0	0	0	0	0	0	0	0	0	0	0	0	0	0	0	0	0.543478	0	0	0	0	0	0	0	0	0	0	0	0	0	0	0	0	0	0	0	0	0	0	0	0	0	0	0	0	0	0	0	0	0	0	0	0	0	0	0	0	0	0	0	0	0	0	0	0	0	0	0	0	0	0	0	0	0	0	0	0	0	0
K03832	0	0	0	0	0	0	0	0	0	0	0	0	0	0	0	0	0	0	0	0	0	0	0	0	0	0	0	0	0	0	0	0	0	0	0	0	0	0	0	0	0	0	0	0	0	0	0	0	0	0	0	0	0	0	0	0	0	0	0	0	0	0	0	0	0	0	0	0	0	0	0	0	0	0	0	0	0	0	0	0	0	0	0	0	0	0	0	0	0	0	0	0	0	0	0	0	0	0	0	0	0	0	0	0	0	0	0	0	0	0	2.20833	0	0	0	0	0	0	0
K06901	0	0	0	0	0	0	0	0.484496	0	0.251256	0.373534	0.125628	0	0	0	0	0	0.62439	0.250419	0	0	0	0	0	0	0.376884	0	0.127877	0	0	0	0.237856	0	0	0	0	0	0	0	0	0	0	0	0	0.125628	1.584589	0.251256	0	0.961228	1	0	0	0	0.186567	0	0.16791	0.0854271	0	0.544974	0	0.125628	0.125628	0	0.183417	0.270977	1.303756	0.129534	0	0	0	0	0	0	0.921273	0	1.236737	0.251256	0	0.40536	0.251256	0	0	0.251256	0	0	1.357357	0.125628	0	0	0	0	0	0	0.125628	0	0	0	0	0	0	0	0	0	0	0	0	0	0	0.0871022	0	0.0376884	1	0	0	0	0	0	0
K02034	1.499379	0.223214	0	1.469246	0	0.800607	0	2.070781	0	1.731383	0.465185	5.673287	0.33037	0	3.471441	1.367875	0	2.436292	0.79754	0	0	0	0	1.7625203	0.223214	0	0	0.508238	0	0	0	0.667658	1.302578	0.444444	0	0.860741	1.559524	0	0	1.609274	0.646329	0	0	0.445436	1.5945153	2.333429	0.530177	0	2.341266	1.076023	0	1.244647	0	2.031423	2.895142	0.605992	0	0	0.887417	0.3934301	6.103559	3.1536	0	3.688209	2.3289	3.389722	4.607996	0.723891	0.301205	0	0.444444	0	1.23762	0	0	5.98369	0.949148	2.345903	7.54673	0.916175	0.222222	2.762471	0	0.742574	0	5.555377	0.871031	0	0.523427	0	0	0	0.469747	2.007481	0	0	0	0.223214	0	0	0	0.707228	0	0	0	0.697337	0	0	0.301205	0	0.445436	0	0	0.199405	0	0.247525	0	0
K00286	0	0	0	0	0	0	0	0	0	0	0	0	0	0	0	0	0	0	0	0	0	0	0	0	0	0	0	0	0	0	0	0	0	0	0	0	0	0	0	0	0	0	0	0	0	0	0	0	0	0	0	0	0	0	0.978261	0	0	0	0	0	0	0	0	0	0	0	0	0	0	0	0	0	0	0	0	0	0	0	0	0	0	0	0	0	0	0	0	0	0	0	0	0	0	0	0	0	0	0	0	0	0	0	0	0	0	0	0	0	0	0	0	0	0	0	0	0	0	0
K06207	0	0	0	0	0	0	0	0	0	0	0	0	0	0	0	0	0	0	0	0	0	0	0	0	0	0	0	0	0	0	0	0	0	0	0	0	0	0	0	0	0	0	0	1.87121	0	0	0	0	0	0	0	0	0	0	0	0	0	0	0	0	0	0	0	0	0	0	0	0	0	0	0	0	0	0	0	0	0	0	0	0	0	0	0	0	0.983333	0	0	0	0	0	0	0	0	0	0	0	0	0	0	0	0	0	0	0	0	0	0	0	0	0	0	0	0	0	0	0	0	0
K09812	0	0	0	0.249534	0	0	0	0.558659	0	0.27933	0.27933	0	0	0	0	0	0	0	0	0.0577281	0	0	0	0	0	0	0	0.744879	0.506518	0	0	0	0	0	0	0	0	0	0	0	0	0.260708	0	0	0	0	0	0	0	0.27933	0	1	0	0	0	0	0	0	0	0	0	0	0	0	0	0	0	0	0	0	0	0	0.27933	0	0	0.849357	0	0	0.27933	0	0	0	0	0	0	0	0	0	0	0.137803	0	0	0	0	0	0	0	0	0	0	0	0	0	0	0	0	0	0	0	0	0	0	0	0	0	0	0	0
K07862	0	0	0	0	0	0	0	0	0	0	0	0	0	0	0	0	0	0	0	0	0	0	0	0	0	0	0	0	0	0	0	0	0	0	0	0	0	0	0	0	0	0	0	0	0	0	0	0	0	0	0	0	0	0	0	0	0	0	0	0	0	0	0	0	0	0	0	0	0	0	0	0	0	0	0	0	0	0	0	0	0	0	0	0	0	0	0	0	0	0	0	0	0	0	0	0	0	0	0	0	0	0	0	0	0	0	0	0	0	0	0	0	0	0	0	0	0	0
K01923	0	0	0	0	0	0	0	0	0	0	0	0	0	0	0	0	0	0	0	0	0	0	0	0	0	0	0	0	0	0	0	0	0	0	0	0	0	0	0	0	0	0	0	0	0	0	0	0	0	0	0	0	0.259067	0	0	0	0	0	0	0	0	0	0	0	0	0	0	0	0	0	0	0	0	0	0	0	0	0	0	0	0	0	0	0	0	0	0	0	0	0	0	0	0.333333	0	0	0	0	0	0	0	0	0	0	0	0	0	0	0	0	0	0	0	0	0	0	0	0	0
K21449	0.0797448	0.125479	0	2.7057805	0	0.1799289	0	5.88036339	0	10.4809256	3.3966005	2.7542745	0.465473	0.0963185	0.490032	0	0	0.1675898	1.0097079	0.9652322	0.1477467	0	0	0.2296321	0.5545595	0.0332668	0	8.8872499	17.4630925	0	0.105263	0.253807	0.408293	2.6526335	0	0.378788	1.3714964	0.0665779	0	0.5476777	0	0.9485707	2.1126218	9.2726123	0.2302726	1.8780273	0.044603	0	0.8393589	4.2820526	0	2.5176515	0.2790115	0.1438692	0.8557031	0.7627808	0	0.0665779	1.3308544	3.3787725	1.3105351	0.394061	0	0.4881306	0	2.0499214	10.5054845	0.3287384	1.6995098	0.5208556	0	0	6.778603	1.11111	2.5250187	6.095941	0.2711958	0.2258969	4.6126263	0.19178858	0.3511914	0.4253188	1.8759959	2.4627278	0.3140013	0.697264	0.0896057	0	0.6730033	0.7286628	0	0	1.4166292	0.7849782	0	0	0	0.0797448	0	0.0647668	0	11.1502217	0	0	0	0.1461198	0.480442	1.6823502	0.502217	0.1934376	0.5749525	0	0.0332889	1.528171	0	0.5436925	0	0.3741049
K06949	0.623249	0	0	1.046097	1.309521	0	0	8.76068	0	0.722896	2.8443263	6.788718	0	0	0.423759	0	0	1.64846	0.208683	0.420168	0	0	0	1.95798	0.308642	0.791496	0	0.896163	1.26475	0	0	0	1.673665	1.3577036	0	0	1.901293	0	0	0.273109	0	0.9658855	0.418768	0	0.763306	3.1930372	0.0548697	0	0.420168	0.210084	0	0.628852	0.621849	0.2282913	1.053981	0.210084	0.210084	0	0	0.411523	0.892742	0.7554327	1.879548	4.002798	1.68906	1.767507	5.933888	0.603641	0.99619	0	0	0	0	0	0	1.65175	0	2.838934	1.609616	0.210084	0	0.2885154	0	1.00282	0.205761	5.551869	0.687675	0	0	0	0	0.420168	0	1.597115	0	0	0	0	0	0	0	3.942341	0	0	0	0.435574	0	0	0.408964	0	1.943957	0.60023	0	0	0	0	0	0.488796
K01751	0	0	0	0	0	0	0	0	0	0	0	0	0	0	0	0	0	0	0	0	0	0	0	0	0	0	0	0	0	0	0	0	0	0	0	0	0	0	0	0	0	0	0	0	0	1	0	0	0	0	0	0	0	0	0	0	0	0	0	0	0	0	0	0	0	0	0	0	0	0	0	0	0	0	0	0	0	0	0	0	0	0	0	0	0	0	0	0	0	0	0	0	0	0	0	0	0	0	0	0	0	0	0	0	0	0	0	0	0	0	0	0	0	0	0	0	0	0
K03458	0	0	0	0	0	0	0	0	0	0	0	0	0	0	0	0	0	0	0	0	0	0	0	0	0	0	0	0	0	0	0	0	0	0	0	0	0	0	0	0	0	0	0	0	0	0	0	0	0	0	0	0	0	0	0	0	0	0	0	0	0	0	0	0	0	0	0	0	0	0	0	0	0	0	0	1.42553	0	0	0	0	0	0	0	0	0	0	0	0	0	0	0	0	0	0	0	0	0	0	0	0	0	0	0	0	0	0	0	0	0	0	0	0	0	0	0	0	0	0
K08963	0	0	0	0	0	0	0	0	0	0	0	0	0	0	0	0	0	0	0	0	0	0	0	0	0	0	0	0	0	0	0	0	0	0	0	0	0	0	0	0	0	0	0	0	0	0	0	0	0	0	0	0	0	0	0	0	0	0	0	0	0	0	0	0	0	0	0	0	0	0	0	0	0	0	0	0	0	0	0	0	0	0	0	0	0	0	0	0	0	0	0	0	0	0	0	0	0	0	0	0	0	0	0	0	0	0	0	0	0	0	0	0	0	0	0	0	0	0
K05896	0	0	0	0	0	0	0	0	0	0	0	0	0	0	0	0	0	0	0	0	0	0	0	0	0	0	0	0	0	0	0	0	0	0	0	0	0	0	0	0	0	0	0	0	0	0.128342	0	0	0	0.184028	0	0	0	0	0	0	0	0	0	0	0	0	0	0	0	0	0	0	0	0	0	0	0	0	0	0.362319	0	0	0	0	0	0	0.359903	0	0	0	0	0	0	0	0	0	0	0	0	0	0	0	0	0	0	0	0	0	0	0	0	0	0	0	0	0	0	0	0	0	0	0
K07316	0	0	0	0	0	0	0	0	0	0	0	0	0	0	0	0	0	0	0	0	0	0	0	0	0	0	0	0	0	0	0	0	0	0	0	0	0	0	0	0	0	0	0	0	0	0	0	0	0	0	0	0	0	0	0	0	0	0	0	0	0	0	0	0	0	0	0	0	0	0	0	0	0	0	0	0	0	0	0	0	0	0	0	0.0878244	0	0	0	0	0	0	0	0	0	0	0	0	0	0	0	0	0	0	0	0	0	0	0	0	0	0	0	0	0	0	0	0	0	0
K03340	0.495134	0.2165452	0	0.182482	0	0	0	0.716546	0	1.601612	2.2284773	5.428435	0.0885609	0	0.912409	0	0	2.2820142	1.182695	0	0	0	1.09489	2.873287	1.481403	0	0	2.248571	3.346324	0	0	0.131387	2.484962	0.285714	0	0	2.8225769	0	0.182482	1.383957	0.364964	0.184502	0	0	1.000091	5.23768	0	0	0.0900243	1.5434862	0	0.697323	0	0.616932	0.285714	0.0910209	0	0.13747	0.432381	0	3.065244	1.977031	0.642336	4.496551	1.99878	1.039321	9.2843322	0	0	0	0	0	0	0.729927	0	1.030491	1.27432	3.5610757	7.667758	0.3683305	0.364964	0.456205	0	0.22739	0.438892	12.565284	0.8184879	0.429379	1.135841	0	0	0.369004	0	6.2506432	0.182482	0	0	0	0	0	0	2.659229	0	0	0	0.364964	0	0.4160591	0.621374	0	0.884428	0	0.0778589	0.285714	0	0.25641	0	0
K03072	0	0	0	0	0	0	0	0	0	0	0	0	0	0	0	0	0	0	0	0	0	0	0	0	0	0	0	0	0	0	0	0	0	0	0	0	0	0	0	0	0	0	0	0	0	0	0	0	0	0	0	0	0	0	0	0	0	0	0	0	0	0	0	0	0	0	0	0	0	0	0	0	0	0	0	0	0	0	0	0	0	0	0	0	0	0	0	0	0	0	0	0	0	0	0	0	0	0	0	0	0	0	0	0	0	0	0	0	0	0	0	0	0	0	0	0	0	0
K00075	0	0	0	0	0	0	0	0	0	0	0	0	0	0	0	0	0	0	0.499565	0	0	0	0	0	0	0	0	0.837398	0	0	0	0	0	0	0	0	0	0	0	0	0	0	0	0	0	0.796748	0	0	0	0	0	0	0	0	0	0	0	0	0	0	0	0	0	0	0	0	0.390775	0	0	0	0	0	0	0	0	0	0	0	0	0.109661	0	0	0	0	0	0	0	0	0	0	0	0	0	0	0	0	0	0	0	0	0	0	0	0	0	0	0	0.130548	0	0	0	0	0	0	0	0	0	0
K00053	0	0	0	0	0	0	0	0	0	0	0	0	0	0	0	0	0	0	0	0	0	0	0	0	0	0	0	0	0	0	0	0	0	0	0	0	0	0	0	0	0	0	0	0	0	0	0	0	0	0	0	0	0	0	0	0	0	0	0	0	0	0	0	0	0	0	0	0	0	0	0	0	0	0	0	0	0	0	0	0	0	0	0	0	0	0	0	0	0	0	0	0	0	0	0	0	0	0	0	0	0	0	0	0	0	0	0	0	0	0	0	0	0	0	0	0	0	0
K16789	0	0	0	0	0	0	0	0	0	0	0	0	0	0	0	0	0	0	0	0	0	0	0	0	0	0	0	0	0	0	0	0	0	0	0	0	0	0	0	0	0	0	0	0	0	0	0	0	0	0	0	0	0	0	0	0	0	0	0	0	0	0	0	0	0	0	0	0	0	0	0	0	0	0	0	0	0	0	0	0	0	0	0	0	0	0	0	0	0	0	0	0	0	0	0	0	0	0	0	0	0	0	0	0	0	0	0	0	0	0	0	0	0	0	0	0	0	0
K08591	0	0	0	0	0	0	0	0	0	0	0	0	0	0	0.421053	0	0	0	0	0	0	0	0	0	0	0	0	0	0	0	0	0	0	0	0	1.71053	0	0	0	0	0	0	0	0	0	0	0	0	0	0	0	0	0	0	0	0	0	0	0	0	0	0	0	0	0	0	0	0	0	1	0	0	0	0	0	0	0	0	0	0	0	0	0	0	0	0	0	0	0	0	0	0	0	0	0	0	0	0	0	0	0	0	0	0	0	0	0	0	0	0	0	0	0	0	0	0	0	0
K03043	2.7722443	0	0	2.9900667	0.583427	0.644524	0	5.5506029	0	2.396527	2.1858824	10.232863	0.59327	0.2588442	8.1484592	0	0	1.236357	0.7032047	0.322341	0	0.170068	0	9.064091	0.1973822	0.4889341	0	2.6679475	9.096565	0	0.133156	0.1707449	12.007647	2.5854014	0.0055395	0.324675	1.4998635	0.0727572	0	0.926066	0.274725	0.5219923	0.8870191	2.031217	2.428772	6.0905283	0.0508189	0.0722543	0.9677321	3.9858193	0	6.5063838	0.1211612	2.0370567	0.5870464	2.1940042	0.253876	1.5445303	2.215701	0.265655	7.8913252	2.718294	2.3658163	4.642524	1.5550179	3.579713	4.3906809	0.506463	0.582709	0.1989182	0	0	8.67104	2.129758	1.043189	5.6566448	1.006981	3.8994881	3.833444	0.193416	0.4040081	2.3182632	0	0.458034	0.2061952	11.7986832	1.153958	0.0361272	0.2628245	0.657808	0.0361272	0.229543	0	0.879284	0	0	0	0	0.0665779	0	0.161255	5.271067	0	0.0584958	0	0.0722543	0.390625	0.4721522	0.4624641	0.0665779	1.059846	0.239102	0.0361272	0.9328921	0	0	0	0.0568131
K00147	0	0	0	0	0	0	0	0	0	0.196078	0.196078	0.196078	0	0	0	0	0	0	0	0	0	0	0	0	0	0	0	0.35461	0.593381	0	0	0	0	0	0	0	0	0	0	0	0	0.331213	0	0	0	0.135135	0	0	0	0.135135	0	0	0	0	0	0.196078	0	0	0.386928	0	0	0	0	0	0	0	0	0	0	0	0	0	0	0	0	0.418574	0	0	0	0	0	0	0	0.135135	0	0	0	0	0	0.135135	0	0	0	0	0	0	0	0	0	0	0	0	0	0	0	0	0	0.35461	0	0	0	0	0	0	0	0	0	0
K00852	0	0	0	0	0	0	0	0	0	0	0	0	0	0	0	0	0	0	0	0	0	0	0	0	0	0	0	0	0	0	0	0	0	0	0	0	0	0	0	0	0	0	0	0	0	0	0	0	0	0	0	0	0	0	0	0	0	0	0	0	0	0	0	1.85714	0	0	0	0	0	0	0	0	0	0	0	0	0	0	0	0	0	0	0	0	0	0	0	0	0	0	0	0	0	0	0	0	0	0	0	0	0	0	0	0	0	0	0	0	0	0	0	0	0	0	0	0	0	0
K02601	0	0	0	0	0	0	0	0	0	2.740307	2.833719	0.158333	0	0	1.03488	0	0	0	0	0	0.395349	0	0	0.48062	0	0	0	6.1509	6.268084	0	0	0	0	1.490307	0	0.00555556	1.30233	0	0	0	0	0.839148	0	0	0	1.832106	0	0	0.573643	0	0	0	0	0	0.581395	0.44186	0	0	1.770285	0.228682	0	0	0	0.155556	0.158333	0	1.5155	0	0	0.707365	0	0	4.313949	0	2.7093	1.821123	0	0	0	0.581395	0	0	0	0.255556	1.01944	0.416667	0	0	0	0.437984	0	0	0	0	0	0	0	0.975839	0	0	0	1.330491	0	0	0	0	0	0	0	0	0	0	0	0.416667	0	0.416667	0	0
K01599	0	0	0	0	0	0	0	0	0	0	0	0	0	0	0	0	0	0	0	0	0	0	0	0	0	0	0	0	0	0	0	0	0	0	0	0	0	0	0	0	0	0	0	0	0	0	0	0	0	0	0	0	0	0	0	0	0	1	0	0	0	0	0	0	0	0	0	0	0	0	0	0	0	0	0	0	0	0	0	0	0	0	0	0	0	1	0	0	0	0	0	0	0	0	0	0	0	0	0	0	0	2.81818	0	0	0	0	0	0	0	0	0	0	0	0	0	0	0	0
K01935	0	0	0	0	0	0	0	0	0	0	0	0	0	0	0	0	0	0	0	0	0	0	0	0	0	0	0	0	0	0	0	0	0	0	0	0	0	0	0	0	0	0	0	0	0	0	0	0	0	0	0	0	0	0	0	0	0	0	0	0	0	0	0	0	0	0	0	0	0	0	0	0	0	0	0	0	0	0	0	0	0	0	0	0	0	0	0	0	0	0	0	0	0	0	0	0	0	0	0	0	0	0	0	0	0	0	0	0	0	0	0	0	0	0	0	0	0	0
K01886	0	0	0	0	0	0.106838	0	0	0	0.102083	0	0.090312	0	0	0	0	0	0	0	1.0821	0	0	0	0.492611	0	0	0	0.106838	0	0	0	0	0	0	0	0	0	0	0	0	0	0.274354	0	0.15625	0	1.294521	0	0	0	0.106838	0	0	0	0	0	0.130208	0	0	0.134771	0	0.579956	0	0	0	0.492611	0.949097	0	0	0	0	0	0	0.288542	0	0.134771	0.417397	0.106838	0	0.805445	0	0	0	0	0	0	0	0	0	0	0.106838	0	0.198686	0.128482	0	0	0	0	0	0	0	0	0.269542	0	0	0	0.246305	0	0	0	0	0	0.413978	0	0	0	0	0	0
K03076	0	0	0	0	0	0	0	0	0	0.789116	0	0.959184	0	0	0	0	0	0	0	0	0	0	0	0	0	0	0	0	8.23129	0	0	0	0	0	0	0	0.62585	0	0	0	0.258503	0	0	1.98639	0.428571	0	0	0	0	0	0	0	0	0	0.537415	0	0	0	0	0	0	0	0	0	0	0.945578	1.81633	0	0	0	0	0	0	0	0	0.782313	0	0	0	0	0	0	0	0	0	0	0	0	0	0.952381	0	0	0	0	0	0	0	0	0	0	0	0	0	0	0	0	0	0	0	0	0	0	0	0	0	0	0	0
K07220	0.14375	0	0	0	0	0	0	0	0	0	0.960417	0.514583	0	0	0.3125	0	0	0	0	0	0	0	0	0	0	0	0	0.133333	0.758333	0	0	0	0	0	0	0	0	0	0	0	0	0	0	1.67083	0	0.3125	0	0	0	0.285417	0	0	0	0	0	0.3125	0	0	0	0	0	0	0	0	0	0	0.197917	0	0	0.3125	0	0	1.51875	0	0.0895833	0.25	0	0	0.220833	0	0	0	0	0.588235	0	0	0	0	0	0	0	0	0	0	0	0	0	0	0	0	0	0	0	0	0	0	0	0	0	0	0	0	0	0	0	0	0	0
K07588	0	0	0	0.13587	0.13587	0.407609	0	2.292559	0	2.182867	3.316388	7.8151923	0	0	0.269203	0.271739	0	1.671926	0.490196	0.490196	0	0	0	0.7565921	0	0.13587	0	0.429117	3.778986	0	0	0	0	0	0	0	0.682065	0	0.071558	2.448621	0.13587	0.566904	1.08696	0	0.928554	0.319865	0.856958	0	0.13587	0	0	6.074943	0	0	0.3781607	0.3396743	0	0	0	0.0807692	1.90212	0	0	4.1438298	3.175728	6.674763	4.327539	1.284531	0	0.271739	0	0	0.671141	0	2.309787	2.586348	0	0.13587	0.813179	0.407609	0.808009	1.81587	0.862069	0.60731	1.941749	0.365462	0	0	0.210084	0.13587	0.104167	0	0	2.036226	0.13587	0	0	0.180505	0	0	0	5.586401	0	0.361446	0	0	0	0.2539022	0	0.384615	1.176228	0.13587	0	0.549819	0	0	0	0
K01246	0	0	0	0	0	0	0	0	0	0	0	0	0	0	0	0	0	0	0	0	0	0	0	0	0	0	0	0.328947	0.75188	0	0	0	0	0.328947	0	0	0	0	0	0	0	0	0	0	0	0	0	0	0	0	0	0	0	0	0	0	0	0	0	0	0	0	0	0	0	0	0	0	0	0	3.794243	0	0	0	0	0	0	0	0	0	0	0	0	0	0	0	0	0	0	0	0	0	0	0.322368	0	0	0	0	0	0	0	0	0	0	0	0	0	0	0	0	0	0	0	0	0	0	0	0
K07223	0	0	0	0	0	0	0	0	0	0.870015	0.189394	0	0	0	0	0	0	0	0	0	0	0	0	0.0871212	0.316456	0	0	0.434783	0.935409	0	0	0	0	0	0	0	0	0	0	0	0	0.930233	0	0	0	0.322305	0	0	0	0.419368	0	0	0	0	0	0.708046	0	0	3.04641	0	0	0	0	0	0	0	0	0	0	0	0	0	0	0	1.696512	0.956522	0	0	0.423221	0	0	0	1.278687	0	0.71986	0	0	0	0	0	0.189394	0	0.295652	0	0	0	0	0	0	0	0	0.336658	0	0	0	0	0	0	0.434783	0	0	0	0	0.857471	0	0	0	0
K02933	0	0	0	0	0	0.333333	0	1.44697	0	2.42929	0.378788	0	1.03535	0	0	0	0	0	0.176768	0.378788	0.10101	0	0.757576	0	0	0	0	3.69697	6.0202	0	0	0.378788	0	1.17172	0	0	0	0	0	0	0	0.739899	1.76768	3.67677	0	4.28788	0	0	0	1.35606	0	4.33081	0.260101	0	0.858586	0.0479798	0	0	2.96717	0.790404	0.361111	0	0	2.18687	0	0.684343	2.34596	0	0	0.914141	0	0	1.17677	0	1.61616	1.29545	0.0757576	0.315657	0.979798	0.335859	0	0	3.78788	0.138889	0.94697	0.479798	0.757576	0.0681818	0	0	0	1.13636	0.0151515	0.0378788	0	0	0	0	0	0	0	0.378788	0	0	0	0	0	0.676768	0	0	0	0	0	0	0	0.0454545	0	0
K18682	0.860215	0	0	0.779928	0.215054	0.45556	0	5.74982	0	0.251613	2.164477	4.13333	2.95197	0.215054	0.859498	0	0.107527	3.08315	0.215054	0	0	0	0	3.018279	2.179778	0	0	1.924784	4.591197	0	0.215054	0.322581	0.196416	0.412186	0.430108	0.215054	2.496796	0	0.107527	0.215054	0.107527	1.388265	0	0.174497	3.72115	4.47885	0	0.107527	0.45556	2.177483	0	2.055223	0.107527	2.57006	0.904918	0.744803	0	0.348033	1.068904	1.614001	3.426169	1.47885	0.623656	2.810757	2.29104	2.469122	7.17782	0.214337	0.315412	0.107527	0	0	0.338351	0.645161	0.671141	9.498947	0.422222	2.568819	5.86245	0.537634	0.251613	1.34265	0	0.522581	0.240506	19.84829	1.55341	0	0.107527	0	0.215054	0.993194	0	3.735796	0	0	0	0.322581	0	0	0	1.708471	0.107527	0	0	2.077628	0	1.1549	3.75197	0.645161	2.10036	1.6129	0.911118	0.107527	0	0.238902	0	0.107527
K02168	0	0	0	0	0	0.0801282	0	0	0	0	0	0	0	0	0	0	0	0	0	0	0	0	0	0	0	0	0	0	0	0	0	0	0	0	0	0	0	0	0	0	0	0	0	0	0	0	0	0	0	0	0	0	0	0.155039	0	0	0	0	0	0.160256	0	0	0	0	0	0	0	0	0	0	0	0	0	0	0	0.133333	0	0	0	0	0	0	0.533333	0	0	0	0	0	0	0	0	0	0	0	0	0	0	0	0	0	0	0.0801282	0	0	0	0	0	0	0	0.437107	0	0	0	0	0	0	0	0
K04564	0	0	0	0	0	0	0	0	0	0	0	0	0	0.169154	0	0	0	0	0	0	0	0	0	0	0	0	0	0	0	0	0	0	0	0	0	0	0	0	0	0	0	0	0	0	0	0	0	0	0	0	0	0.624114	0	0	0	0	0	0	0	0	0	0.221393	0	0	0	0	0	0	0	0	0	0	0	0	0	1	0	1.52482	0.410448	0	0	1	0	0	2.24113	0	0	0	0.967662	0	0	0	0	0	0	0	0	0	0	0	0	0	0	0	0	0	0	0	0.58209	0	0	0.189055	0	0	0	0	0	0
K00639	0	0	0	0	0	0	0	0	0	0	0	0	0	0	0	0	0	0	0	0	0	0	0	0	0	0	0	0	0	0	0	0	0	0	0	0	0	0	0	0	0	0	0	0	0	0	0	0	0	0	0	0	0	0	0	0	0	0	0	0	0	0	0	0	0	0	0	0	0	0	0	0	0	0	0	0	0	0	0	0	0	0	0	0	0	0	0	0	0	0	0	0	0	0	0	0	0	0	0	0	0	0	0	0	0	0	0	0	0	0	0	0	0	0	0	0	0	0
K01772	0	0	0	0	0	0	0	0	0	0	0	0	0	0	0	0	0	0	0	0	0	0	0	0	0	0	0	0.484251	1.796297	0	0	0	0	0	0	0	0	0	0	0	0	0	0	0	0	0	0	0	0.146617	0	0	0	0	0	0	0	0	0	0.444444	1.13213	0	0	0	0	0	0	0	0	0	0	0	0	0	0	0	0.586854	0	0	0	0.553991	0	0	0	0	0.167224	0	0	0	0	0	0	0	0	0	0	0	0	0	0	0	0	0	0	0	0	0	0	0	0	0	0	0	0	0	0	0	0	0
K15633	0.43573	0	0	0.3987781	0	0	0	2.305455	0	0.330497	1.3791699	3.348089	0	0	1.420261	0	0	1.099503	1.208646	0	0	0	0	1.059278	0	0	0	0.2063555	0	0	0	0.108932	0.5417577	0	0	0	0.868339	0	0	0.43573	0	0	0	0	1.145037	1.0656144	0	0	0.541838	0.0604752	0	0.762527	0	0.166304	0.108932	0.107991	0	0.4077037	0	0	0.6052859	0.963073	0	1.727075	1.30719	0.87146	0.861532	0.787087	0.108932	0	0	0	0	0	0	2.095858	0	0.6274506	1.393321	0	0	1.651218	0	0	0.108932	2.323153	0.315904	0	0	0.108206	0	0.108932	0	1.758456	0	0	0	0.108932	0	0	0	0.217865	0	0	0	0.36045	0.158387	0.0348584	0.1891675	0	0.108932	0.217865	0	0.107991	0	0	0	0.108932
K01928	0.0996255	0	0	0	0	0	0	0.223714	0	0.11236	0.4075228	1.463033	0.224719	0	0.047191	0	0	0.337079	0	0	0	0	0	0.693795	0	0	0	0	0.372068	0	0	0.224719	0.225225	0.410547	0.224719	0	0.841563	0	0	0.112613	0	0.256873	0	0	0.316442	0.41748	0.919003	0	0	0	0	0.561295	0.11161	0.0395227	0	0	0	0.112613	0	0	0.111857	0	0	1.0167	0.337079	0.808239	0.696418	0	0.307971	0	0	0	0	0.633708	0	1.0502417	0	0.224719	0.703245	0	0.15674	0	0	0	0	1.399253	0	0	0.15674	0	0	0.111857	0	0.11236	0	0	0	0	0	0	0	0	0	0	0	0	0	0	0.0298285	0.11236	0	0	0	0	0	0	0	0
K01998	0.2034877	0	0	0	0.531435	0.383697	0	3.523639	0	0	1.69366	6.555604	0	0	0.320285	0	0.0708479	0.114983	0	0	0	0	0	1.18624	0.177936	0	0	0.411523	0	0	0	0	0.355872	0.177936	0	0.024911	1.080764	0.355872	0	0.355872	0	0	0	0	0.0913405	0.7904863	0	0	0.320558	0.177936	0	1.935522	0.348432	0.2870618	0	0.177936	0	0	0	0	0	0.7986	0.19305	4.128704	0.533808	0.177936	0.851362	0	0	0.0735469	0	0	0	0	0.205128	0.728773	0	0.355872	0.628057	0.191763	0.599614	0.411523	0	0	0	0.205761	0	0	0.182754	0	0	0	0	0.329596	0	0	0	0	0	0	0	0	0.19305	0	0	0	0.199465	0.200803	0.717055	0.205761	0	0	0	0.205761	0	0	0	0
K02016	0.2762086	0	0	0	0	0	0	0	0	0	0	4.317343	0	0	0	0.184502	0	0.132841	0	0	0	0	0	0.369004	0	0	0	0	0.446429	0	0	0	0	0	0	0	0	0	0	0	0	0	0	0	0	0.184502	0	0	0.33113	0	0	0.796959	0	0.369004	0.293255	0	0	0	0	0	0	0.184502	0	0.135965	0.146628	0.146628	0	0	0	0	0	0	0	0	0	1.047921	0	0.293255	0	0	0	0	0	0.87234	0	0	0	0	0	0	0	0	0	0.19685	0	0	0	0	0	0	0	0.157729	0	0	0	0	0	0.184502	0	0	0	0.183272	0	0	0	0	0	0
K01776	0.458716	0	0	0.229358	0	0	0	2.24312	0	0.718654	0.458716	0.229358	0	0	0.181957	0	0	1.195719	0.229358	0	0	0	0	0.0611621	0.362385	0	0	1.229358	1	0	0	0.458716	0.192661	0	0	0	0.915902	0	0	0	0.458716	0	0	0.16055	0.688073	2.229353	0	0	0.229358	1.079511	0	0	0	0	0	0.458716	0	0	0.215596	0	0	0.756881	0.229358	1.8318	0	0.105505	1.851179	0	0	0	0	0	0	0	0	0.724771	0	0.686545	2.503058	0.229358	1	0	0	0.229358	0	0	0.105505	0	1.559633	0	0	0.0611621	0	0.229358	0	0	0	0	0	0	0	0.192661	0	0	0	0.655963	0.229358	0	0	0	0	0	0	0	0	0.323718	0	0
K02316	0	0	0	0.309677	0	0	0	0	0	0.190114	0	0	0	0	0	0	0	0	0	0	0	0	0	0	0	0	0	0.284537	0.569708	0	0	0.095057	0	0.095057	0	0	0.645445	0	0	0	0	0	0.62963	0.190114	0.17744	0	0	0	0.190114	0.0912409	0	0.551261	0	0	0	0.0183777	0	0	0.1862979	0	0	0	0.190114	0	0	0.0912409	0.0912409	0	0	0.1796069	0	0	0	0	0	0.102798	0	0	0	0	0	0	0	0	0	0	0	0	0.0590024	0.0912409	0	0	0.0176399	0.0523114	0	0	0	0	0	0	0	0.143219	0	0	0	0	0	0	0	0	0	0	0	0	0	0	0	0
K16089	0	0	0	0	0	0	0	0	0	0	0	0	0	0	0	0	0	0	0	0	0	0	0	0	0	0	0	0.260417	0.260417	0	0	0	0	0.175501	0	0	0	0	0	0	0	0	0	0	0	0	0	0	0.362552	0	0	0.146371	0	0	0.712871	0	0	0	0.520833	0	0	0	0	0	0	0	0	0	0	0	0	0	0.176678	0	0.369004	0	0	0	0	0	0	0	0	0	0	0	0	0	0	0	0	0	0	0	0	0	0	0	0	0	0	0	0	0	0	0	0	0	0	0	0.107185	0	0	0	0	0	0	0
K01755	0.393978	0.0266041	0	0	0	0	0	7.213383	0	0.177936	0.519325	0.9354413	0	0	0.5194882	0	0	0.159236	0	0.107981	0	1.320882	0	0.435842	0.287441	0	0	0.329235	0	0	0	0	0.467136	0	0	0.129108	0	0	0	0	0	0	0	0	0	1.685278	0	0	0.639214	0.531706	0	1.005765	0	0.546296	0.117371	0.2342282	0	0.213675	0	0	0.553213	0.435842	0	1.473862	0.7774734	1.185751	2.0866518	0.236246	0	0	0	0	0	0	0.374532	2.0445091	0.318471	0.213675	0.3711	0.159236	0.159236	0.27543	0	0.0524257	0	1.513178	0	0	0	0	0	0.159236	0	0	0	0	0	0.0828025	0	0	0	0.285603	0	0	0	0	0	0	0.117371	0	0.276607	0	0	0	0	0	0	0.242718
K02523	0	0	0	0.3382	0	0.364964	0	0.144769	0	0.521898	0	0	0	0	0	0	0	0	0.182482	0	0	0	0	0	0	0	0	1.243243	2.582255	0	0	0	0	0	0	0	0	0	0	0	0	0	0	0.213675	0	0.42735	0.0555556	0	0	0.6786142	0	0	0	0	0.213675	0	0	0	0.367667	0	0	0	0	0	0	0	0.547445	0	0.290754	0.182482	0	0	2.49676	0	0	1.32238	0	0	0.182482	0	0	0	0.182482	0.182482	0	0	0	0	0	0	0	0	0	0	0	0	0	0	0	0	0	0.481752	0	0	0	0	0	0.606838	0	0	0	0.335766	0	0	0	0	0	0.182482
K00604	0	0	0	0	0	0	0	0	0	0	0.584507	0.5	0	0	0.414258	0	0	0.196078	0	0	0	0	0	0.369935	1.289017	0	0	0.672144	2.085417	1	0	0	0.862069	0	0	0	0.17	0	0	0	0	1	0.534759	1.165775	0	0.642157	0	0	0	0.495517	0	1.15817	0	0	0	0.196078	0	0	0	0.368015	1.363399	0	0	0	0	0	2.545651	0	0.234742	0	0	0	0	0	0.534759	1.236201	0	0	0.196078	0	0	0.196078	0.26738	0.487861	0.25	3.23276	0	0	0	0.484742	0	0	0	0.25	0	0	0	0	0	0	0	4.068413	0	0	0	0	0	0	0.215517	0	0	0	0.56	0	0	0.13	0	0
K00912	0	0.155763	0	0.46729	0	0	0	4.104197	0	0.542056	0.31778	1.9805857	1.6623095	0	1.480721	0.311526	0	2.312223	0	0	0	0	0	2.258567	0	0.278297	0	0.608515	0.74974	0	0	0.155763	0.229491	0.413223	0	0	1.089167	0	0	0.648449	0.311526	0	0	0	1.6089774	2.4713061	0.311526	0	0.2393908	0.155763	0	3.10881	0	0.311526	0.155763	0	0	0	0.155763	0.183824	1.475543	0.739355	0	1.7135006	1.4389737	0.622015	1.279335	0	0.288681	0.147456	0	0	0	0	0.367601	1.379972	0.00519211	1.274126	2.1958427	0.0872274	0	0.311526	0	0.311526	0	2.612164	0.155763	0	0	0	0	0.155763	0	0.621607	0	0	0	0	0	0	0	0.925234	0	0	0	0	0	0	0	0	0.311526	0	0	0.176678	0	0.230392	0	0
K11733	1.04054	0	0	0.839186	0.563063	0.209366	0	7.004101	0	0.337838	1.0330335	6.938622	0.130631	0	3.354857	1.176427	0.366006	2.275465	0.225225	0.0773273	0	0	0	1.740586	1.591961	0.279279	0	0.458533	0.2712793	0	0	0	6.614937	1.11735025	0	0.112613	1.257507	0	0	0.7287816	0.2110015	0.246305	1.15715	0.41967	1.7301083	3.5752248	0.4840378	0	0	1.020654	0	2.2304281	0.0517388	0.83213	0.225225	0.441676	0	0.127226	0.35101	0.112613	0.984853	2.207743	0.891141	1.853356	4.80931	2.1300489	2.47561	0	0.225226	0.456047	0	0	0.337838	0	0.821429	2.222062	0.112613	0.9596938	3.536968	0.267268	0.21922	1.603695	0	0.666604	0.141156	10.244075	0.0737913	0.112613	0.112613	0.406504	0	0.346883	0.378788	0.6569071	0.112613	0	0	0.303258	0	0	0.112613	0.613057	0	0	0	0.3974341	0	0.752458	0.674926	0.1741746	1.126125	0.40015	0.111111	0.259009	0	0	0	0
K01464	1.1183367	0.2025	0.25	0.602103	0.249167	0	0	2.54417	0.362319	0	0.55723	1.52166	0.33574	0	2.1212196	0	0	1.679552	0.385	0	0	0	0	0.605834	0.125	0	0	0.133574	0.125	0	0	0.3025	2.015852	0.125	0.125	0	0.728941	0.0675	0	0.194167	0.177936	0	0.308063	0.541123	1.99333	2.717358	0.411011	0	1.116447	0.125	0	4.290814	0	0.625	0	0.1708333	0	0.125	0	0.355872	1.584206	1.712651	0	1.96167	1.86417	4.3408963	0.834167	0.54633	0.305505	0.0746089	0	0	0.168446	0	0	13.44849	0	1.762106	1.76381	1.492006	0.375	3.123619	0	0.04	0	1.571881	0.125	0	0	0	0	0	0	2.188108	0	0	0	0	0	0	0	0	0	0	0	0	0	0	0.0675	0	2.55417	0.608441	0	0.125	0	0	0	0.025
K03595	0.4	0	0	0.4	0	0	0	3.289272	0	0	0.4	3.211883	0.587597	0	0.472109	0	0	0.193798	0.358025	0.108527	0	0	0	1.202871	0.00516796	0.0775194	0	1.047458	1.575126	0	0	0	0.4	0	0.7109	0	0.695292	0	0	0.693553	0.319456	0	0	0	0.87619	1.312453	0.2	0	0.432891	0	0	0.721154	0	0.2	0	0	0	0	1.46995	0.236967	1.187339	0.925871	0	1.815484	0.48553	0.567523	1.036692	0.322581	0.532236	0.322581	0	0	0	0	0.193548	1.439094	0	1.818107	0.695425	0.193798	0	0.31137	0	0.480769	0.0333333	3.060668	0.462242	0	0	0	0	0	0	0.621432	0	0	0	0	0	0	0	0	0	0	0	0	0	0	0.593798	1	0.193798	0	0	0.866667	0	0	0	0.2
K14155	0	0	0	0	0	0	0	0	0	0	0	0	0	0	0	0	0	0	0	0	0	0	0	0	0	0	0	0.347222	0	0	0	0	0	0	0	0	0.3125	0	0	0	0	0	0	0.123016	0	0.144928	0	0	0	0	0	0	0	0	0	0	0	0	0	0	0	0	0	0	0	0	0	0	0	0	0	0	0	0	0	0	0	0	0	0.536232	0	0.480769	0	0	0	0.728863	0	0	0	0	0	0	0	0	0	0	0	0	0	0	0	0	0	0	0	0	0.291545	0	0	0	0	0	0	0	0	0	0	0
K06173	0	0	0	0	0	0	0	0	0	0	0	0	0	0	0	0	0	0	0	0	0	0	0	0	0	0	0	0	0	0	0	0	0	0	0	0	0	0	0	0	0	0	0	0	0	0	0	0	0	0	0	0	0	0	0	0	0	0	0	0	0	0	0	0	0	0	0	0	0	0	0	0	0	0	0	0	0	0	0	0	0	0	0	0	0	0	0	0	0	0	0	0	0	0	0	0	0	0	0	0	0	0	0	0	0	0	0	0	0	0	0	0	0	0	0	0	0	0
K02836	0	0	0	0.950355	0	0	0	0	0	0	0	0.921986	0	0	0	0	0	0	0	0	0	0	0	0	2.58156	0	0	0.936508	1	0	0	0	0	0	0	0	0	1	0	0	0	0	0	0	0	1.58865	0	0	0	0	0	0	0	0	0	0	0	0	0	0	0	0	0	0	1.78723	0	0.737589	0	0	1	0	0	1.68519	0	0	0	0	1	0.93617	0.0793651	0.751773	1	0	2	0	2	0	0	0	0	0	0	1	1.886916	0	0	0	0	0	0	0	5	0	0	0	0	0	0	0	0	0	0	0	0	0	0	0	0
K00265	0.646807	0	0	0	0	0.0914077	0	0.331016	0	0	0.1977684	1.126552	0	0	0.217391	0	0	0.147493	0	0	0	0	0	0.5952955	0	0	0	0.648522	0.0611995	0	0	0	0	0	0	0	0.1973391	0	0	0.0462144	0	0	0	0.299401	0	0.1827788	0	0	0	0.1745618	0	0.139276	0.0771605	0	0	0.0914077	0	0	0.7681427	0	0	0.728733	0	0.5596471	0	0	0.5959688	0	0	0	0	0	0	0.463822	0.76496	0	0	0	0.1404516	0	0	0.2495745	0	0	0	0.3581385	0	0	0	0	0	0	0	0.557103	0	0	0	0	0	0	0	0	0	0	0	0	0	0	0	0	0.305239	0	0	0	0	0	0	0
K01619	0	0	0	0	0	0	0	0	0	0	0	0	0	0	0	0	0	0	0	0	0	0	0	0	0	0	0	0	0	0	0	0	0	0	0	0	0	0	0	0	0	0	0	0	0	0	0	0	0	0	0	0	0	0	0	0	0	0	0	0	0	0	0	0	0	0	0	0	0	0	0	0	0	0	0	0	0	0	0	0	0	0	0	0	0	0	0	0	0	0	0	0	0	0	0	0	0	0	0	0	0	0	0	0	0	0	0	0	0	0	0	0	0	0	0	0	0	0
K05919	0	0	0	0	0	0	0	0	0	0	0	0	0	0	0	0	0	0	0	0	0	0	0	0	0	0	0	0	0	0	0	0	0	0	0	0	0	0	0	0	0	0	0	0	0	0	0	0	0	0	0	0	0	0	0	0	0	0	0	0	0	0	0	0	0	0	0	0	0	0	0	0	0	0	0	0	0	0	0	0	0	0	0	0	0	0	0	0	0	0	0	0	0	0	0	0	0	0	0	0	0	0	0	0	0	0	0	0	0	0	0	0	0	0	0	0	0	0
K02435	0	0	0	0	0	0	0	0.652482	0	0	0	0	0	0	0	0	0	0	0	0	0	0	0	0	0	0	0	0.900709	0.929078	0	0	0	0	0	0	0	0.524823	0	0	0	0	0	0	0	0	0	0	0	0	0	0	0	0	0	0	0	0	0	0	0	0	0	0	0	0	0	0.531915	0	0	0	0	0	0	0	0	0.375887	0	0	0	0	0	0	0	0	0	0	0	0	0	0	0	0	0	0	0	0	0	0	0	0	0	0	0	0	0	0	0	0	0	0	0	0	0	0	0	0	0	0
K02341	0.255102	0	0	0.686485	0	0	0	0	0	0.381116	0.503928	2.86565	0.673401	0	0.16835	0	0.255102	0	0	0	0	0	0	0	0	0	0	1.034261	0	0	0	0	0	0	0	0	1.010101	0	0	0	0	0	0	0.253472	0.510204	1.331221	0	0	0.883773	0	0	0	0.506803	0.16835	0.510204	0	0	0	0	0	0.75903	0	0	0	0	0	0.345679	0.16835	0	0	0	0	0	0	0	0.212766	0	0.16835	1.973874	0.16835	0	0	0	0	0.518135	1.98541	0	0	0	0	0	0	0	0.28844	0	0	0	0	0	0	0	0	0	0	0	0	0	0	0.503928	0	0	0	0	0	0	0.0886644	0	0.148936
K03799	0	0	0	0	0	0	0	1	0	0	0	0	0	0	0	0	0	1	0	0	0	0	0	0	0	0	0	0	0	0	0	0	0	0	0	0	0	0	0	0	0	0	0	0	2	1	0	0	0	0	0	0	0	1	0	0	0	0	0	0	0	0	0	0	0	0	0	0	0	0	0	0	0	0	0	1	0	0	0	0	0	0	0	0	0	4	0	0	0	0	0	0	0	0	0	0	0	0	0	0	0	0	0	0	0	0	0	0	0	0	1	0	0	0	0	0	0	0
K15583	0	0	0	0	0	0	0	0	0	0.180505	0	0	0	0	0	0	0	0	0	0	0	0	0	0	0	0	0	0.541516	0.173285	0	0	0	0	0	0	0	0	0	0	0	0	0.180505	0	0.168472	0	0	0	0	0.0697954	0.198556	0	0	0	0	0.180505	0	0	0	0.902527	0	0.0818291	0	0	0	0	0	0.336943	0	0	0	0	0	0.180505	0	0	0.33574	0	0	0	0	0	0	0	0	0	0	0	0	0	0	0	0	0	0.180505	0	0	0	0	0	0	0	0	0	0	0	0	0	0	0	0	0.0998797	0	0	0	0	0	0	0
K03780	0	0	0	0	0	0	0	0	0	0	0	0	0	0	0	0	0	0	0	0	0	0	0	0	0	0	0	0	0	0	0	0	0	0	0	0	0	0	0	0	0	0	0	0	0	0	0	0	0	0	0	0	0	0	0	0	0	0	0	0	0	0	0	0	0	0	0	0	0	0	0	0	0	0	0	0	0	0	0	0	0	0	0	0	0	0	0	0	0	0	0	0	0	0	0	0	0	0	0	0	0	0	0	0	0	0	0	0	0	0	0	0	0	0	0	0	0	0
K00655	0	0	0	0.212314	0	0	0	0	0	0.0424628	1.157112	1.772824	0	0	1.197452	0	0	0.363057	0.00849257	0	0	0	0	0.77707	0	0	0	0.772824	0	0	0	0	0	0.318471	0	0	2.104039	0	0	0	0	0.318471	0	0	0.828025	1.859877	0	0	0	0	0	0	0	0	0	0	0	0	0	0.142251	0.318471	1.3121	0	1.592357	0.613588	0	1.29724	0.318471	0.955414	0	0	0	0	0	0	0.653928	0	1.087049	0.636942	0	0	0	0	0	0	2.670921	0	0	0	0	0	0.878981	0	0.63482	0	0	0	0	0	0	0	0	0	0	0	0.955414	0	0	0.316348	0	0	0.636943	0	0	0	0	0	0
K06959	0	0	0	0	0	0.75817	0	0	0	0	0	0	0	0	0	0	0	0	0	0	0	0	0	0	0	0	0	0	0	0	0	0	0	0	0	0	0	0	0	0	0	0	0	0	0	0	0	0	0	0	0	0	0	0	0	0	0	0	0	0	0	0	0	0	0	0	0	0	0	0	0	0	0	0	0	0.810458	0	0	0	0	0	0	0	0	0	0	0	0	0	0	0	0	0	0	0	0	0	0	0	0	0	0	0	0	0	0	0	0	0	0	0	0	0	0	0	0	0	0
K13818	0.1807575	0	0	0.179856	0	0.15015	0	2.3886	0	0.3003	1.0170451	2.332676	0.908293	0	0.329576	0	0	1.1737821	0.394872	0.153846	0	0	0	0.209646	0.179856	0	0	0.907065	0	0.189189	0	0	1.896729	0.1686115	0	0.621739	1.127876	0.155072	0	0	0	0	0	0	0.372714	1.049375	0	0	0.148681	0	0	0.54025	0	0.0730731	0	0.358764	0	0	0.834118	0	0.7490084	0.760837	0	0.604103	1.1234771	0.791816	0.521231	0.153846	0.7608752	0.232558	0	0	0	0.202051	0	3.107515	0	0.397247	1.246522	0.2900462	0	0.678626	0	0	0	2.5717167	0.386404	0	0.358764	0	0	0.15015	0	0.435185	0	0	0	0.153846	0	0	0	0	0	0	0	0.140931	0	0	0.153846	0	0	0	0	0	0	0	0	0
K01921	0	0	0	0	0	0	0	0	0	0	0	0	0	0	0	0	0	0	0	0	0	0	0	0	0	0	0	0	0	0	0	0	0	0	0	0	0	0	0	0	0	0	0	0	0	0	0	0	0	0	0	0	0	0	0	0	0	0	0	0	0	0	0	0	0	0	0	0	0	0	0	0	0	0	0	0	0	0	0	0	0	0	0	0	0	0	0	0	0	0	0	0	0	0	0	0	0	0	0	0	0	0	0	0	0	0	0	0	0	0	0	0	0	0	0	0	0	0
K07391	0	0	0	0	0	0	0	0	0	0	0	0	0	0	0	0	0	0	0	0	0	0	0	0	0	0	0	0	0	0	0	0	0	0	0	0	0	0	0	0	0	0	0	0	0	0	0	0	0	0	0	0	0	0	0	0	0	0	0	0	0	0	0	0	0	0	0	0	0	0	0	0	0	0	0	0	0	0	0	0	0	0	0	0	0	0	0	0	0	0	0	0	0	0	0	0	0	0	0	0	0	0.357298	0	0	0	0	0	0	0	0	0	0	0	0	0	0	0	0
K03475	0	0	0	0	0	0	0	0	0	0	0	0	0	0	0	0	0	0	0	0	0	0	0	0	0	0	0	0	0	0	0	0	0	0	0	0	0	0	0	0	0	0	0	0	0	0	0	0	0	0	0	0	0	0	0	0	0	0	0	0	0	0	0	0	0	0	0	0	0	0	0	0	0	0	0	0	0	0	0	0	0	1	0	0	0	0.716049	0	0	0	0	0	0	0	0	0	0	0	0	0	0	0	0	0	0	0	0	0	0	0	0	0	0	0	0	0	0	0	0
K17103	0.264368	0	0	0.287356	0	0	0	3.109548	0	0	1.08046	3.053639	0	0	1.649425	0.574713	0	2.341671	0.574713	0.126437	0	0	0	1.05364	0.379135	0	0	0	0	0.630872	0	0	0	0	0	0	0.574713	0	0	0	0.210728	0.229885	0	0.103448	1.27011	0.551724	0.416107	0	0.287356	0.329502	0	0	0	0.538314	0.287356	0	0	0.287356	0	0	1.007663	1.032888	0	1.272031	1.50575	1.654647	2.5337391	0	0	0	0	0	0	0	0.180662	2.30986	0	1.413793	0.8888884	0.118774	0	0.369732	0	0	0	2.143627	0	0	0.737548	0	0.214765	0	0	0.574713	0	0	0	0	0	0	0	0.794038	0	0	0	0.172414	0	0	0	0	0.203065	0	0	0	0	0	0	0
K03621	0.494881	0.170648	0.341297	0.502844	1.7008	0	0	3.01934	0	0.170648	0	0.431172	0	0	1.254279	0.103527	0	1.11263	0.170648	0	0	0	0	0.170648	0	0	0	0.162685	0	0	0	0.266212	0.573379	0	0	0	0	0.0875995	0	0.340159	0	0	0.143345	0	0.415245	1.23663	0.170648	0	0.397042	0.330272	0	0.149033	0	0.510808	0.152446	0.341297	0	0.122867	0	0	2.18089	0.372014	0.510808	0.554039	1.23549	2.26166	0.964733	0	0.0352673	0	0	0	0	0	0	0.59993	0	0.802048	0.170648	0	0	0.2285565	0	0	0	2.22526	0.423208	0.340159	0	0	0	0.119454	0	0.805947	0	0	0	0	0	0	0	0	0	0	0	0.0568828	0	0	0	0	0.341297	0.139932	0	0	0	0.128555	0	0
K02238	0	0	0	0	0	0	0	0.287356	0	0	0.1944441	0	0	0	0.1058429	0	0	0	0	0	0	0	0	0	0	0	0	0	0	0	0	0	0	0	0	0	0.0694444	0	0	0	0	0	0	0	0	0.0718391	0	0	0	0	0	0	0	0	0	0	0	0	0	0	0	0	0	0	0	0.0402299	0	0	0	0	0	0	0	0	0	0	0	0	0	0	0	0.0718391	0	0	0	0	0	0	0	0	0	0	0	0	0	0	0	0	0	0	0	0	0	0	0	0	0	0	0	0.0718391	0	0	0	0	0	0	0	0
K07568	0	0	0	0	0	0	0	0	0	0	0	0.549813	0	0	0	0	0	0	0	0	0	0	0	0	0	0	0	0	0	0	0	0.246305	0	0	0	0	0	0	0	0	0	0	0	0	0	0	0	0	0	0	0	0	0	0	0	0	0	0	0.246305	0.513699	0	0	0	0	0	0	0.10509	0	0	0	0	0	0.182648	0	0	0	0	0	0	0.188834	0	0	0	0	0	0	0	0	0.171233	0	0	0	0	0.0399543	0	0	0	0	0	0	0	0.27968	0	0	0	0	0	0.246305	0.180624	0	0	0	0	0	0	0	0	0
K01916	0.242718	0	0	0.483818	0	0.485436	0	2.921326	0	0	0.828479	1.203489	0	0	1.764234	0	0	0.3074429	0.485437	0	0	0	0	0.242718	1	0	0	0	0	0	0	0	0.186084	0	0	0	1.039328	0	0	0.485437	0	0	0	0	0.580556	0.273224	0	0	0	0	0	0	0	0	0	0	0	0	0	0	0	0.337838	1.07443	0.856916	0	0	1.157047	0	0.124595	0	0	0	0	0	0	1.8537782	0	0.242718	1.096737	0	0.0242718	0	0	0	0.50505	0.11165	0	0.0495495	0.337838	0	0	0	0	0	0	0	0	0	0	0	0	0	0	0	0	0	0	0	0	0	0	0	0	0.242718	0	0	0	0
K00951	0.113895	0	0	1.0699292	0.299339	0.0763359	0	6.987346	0	1.0643749	1.1264945	3.1844692	0	0	0.7870801	0.38708	0.0721501	0.7561331	0.3831088	0.0763359	0	0.303476	0	1.4856101	0.6770551	0	0	0.4349537	2.565619	0	0	0.441315	4.553446	0.462378	0	0	0.621093	0	0	0.2203406	1.0117531	0	4.31893	0.0763359	1.7799791	1.723571	0	0	0.6823725	0.3392721	0	1.298276	0.308642	0.5596011	0.143472	0.436214	0	0.2271891	0.596409	0	1.6010341	1.2419211	0.320062	0.9562291	1.57961	1.6940754	0.765756	0.50095	0.1835261	0	0.1443	0	3.22779	0.378601	1.066197	3.7538301	0	0.5104195	0.927086	0.446971	0.071736	0.4779766	0.0763359	0.502152	0.451499	2.0510201	0.2999401	0	0.706232	0.390207	0	0.0522175	0.412867	0.298444	0.111857	0	0	0	0	0	0	0	0	0	0	0.36075	0	0.318235	1.1494986	0	0.3720902	0.2222687	0	0.248756	0	0.113895	0	0
K13789	0	0	0	0.64359	0	0	0	0	0	0.861635	0	0	0	0	0	0	0	0	0	0	0	0	0	0	0	0	0	0.292181	0	0	0	0.384615	0	0	0	0	0	0	0	0	0	0	0	0	0	0	0	0	0	0	0	0	0	0	0	0	0	0	2.30769	0	0	0	0	0	0	0	0.338462	0	0	0	0	0	0.649351	0	0	0.967725	0	0	0	0	0	0	0	0	0	0	0	0	0	0	0	0	0	0	0	0	0	0	0	0	0	0	0	0	0	0	0	0	0	0	0	0	0	0	0	0	0	0
K20074	0	0	0	0	0	0	0	0	0	0	0	0	0	0	0	0	0	0	0	0	0	0	0	0	1	0	0	0	0.975	0	0	0	0	0	0	0	0	0	0	0	0	0	0	0	0	0	0	0	0	0	0	0	0	0	0	0	0	0	0.991667	0	0	0	0	0	0.1	0	1.075	0	0	0	0	0	0	0	0	1	0.75	0	0	0	0	0	0	0	0	0	0	0	0	0	0	0	0	0	0	0	0	0	0	0	0	2.16667	0	0	0	0	0	0	0	0	3.06944	0	0	0	0	0	0	0
K07056	0	0	0	0	0	0	0	0	0	0	0	0	0	0	0	0	0	0	0	0	0	0	0	0	0	0	0	0.215517	0	0	0	0	0	0	0	0	0	0	1	0	0	0.198276	0	0	0	0	0	0	0	0	0	0.153736	0	0	0	0	0	0	0	0	0	0	0	0	0	0	0	0	0	0	0	0	0.646552	0	0	0	0	0	0	0	0	0	0	0	0	0	0	0	0	0	0	0	0	0	0	0	0	0	0	0	0	0	0	0	0	0	0	0	0.066092	0	0	0	0	0	0	0	0	0
K00761	0.522013	0	0	0.174004	0	0.943396	0	0.362319	0	0.0796646	0.81132	0.3584902	0	0	0.314465	0	0	0.895177	0.490566	0	0	0	0	1.02306	0	0	0	0.468193	0.381679	0	0	0.314465	0.312369	0	0	0.628931	1.88679	1.25786	0	0	0	0	0	0.0691824	0	4.077571	0	0	0	0	0	1.471697	0	0.2620541	0.27673	0	0	0	0.341719	0	0	0.62893	0	0.545073	0.339623	1.502142	1.486373	0.595023	0.314465	0	0	0	0	0	0	2.22851	0.551363	0.62893	4.062301	0	0	0.312369	0	0.171908	0.314465	8.059158	0.628931	0	0	0	0	0.314465	0	3.159327	0	0	0	0.314465	0	0	0	0.0733753	0	0	0	0.314465	0	0.314465	1.243186	0.100629	0	1.7631	0	0	0	0	0	0
K00948	0	0	0	0	0	0	0	0	0	0.256014	0.396907	0	0	0	0	0	0	0	0	0	0	0	0	0	0	0	0	0.526172	1.37113	0	0	0	0	0	0	0	0	0	0	0	0	0.256014	1.54639	1.28522	0	0	0	0	0	0.341554	0	0.948454	0	0.247525	0	0	0	0	0.438144	1.294104	0	0	0	1.02921	0	0	0.991988	0	0	0.237113	0	0	0	0	0	0.190722	0.206186	0	0	0	0	0	0	0.466984	0	0	0	0	0	0	0	0	0	0.256014	0	0	0	0	0	0	0	0.614664	0	0	0	0.247525	0	0	0.0412371	0	0	0	0	0	0	0.256014	0	0
K04656	0	0	0	0	0	0.093633	0	3.455396	0	0.418308	0.122249	1.942905	0.488998	0	0.3132446	0	0	0.225476	0.392334	0	0	0	0	0.430061	0.122249	0.0768049	0	0.568066	0.55618	0	0	0	0	0.0867665	0	0	0.413223	0	0	0.0768049	0	0	0	0	0	0.348413	0	0	0.214592	0.365372	0	0	0	0	0	0	0	0	0	0	0.383346	0	0	0.280899	0	0	0	0.675128	0	0.187266	0	0	0	0	0	0.214592	0	0.967742	0.5828301	0.2235567	0	0.383513	0	0.093633	0	2.134917	0.108932	0	0.535472	0	0	0.0768049	0	0	0	0	0	0	0	0	0	0	0	0	0	0	0	0	0	0	0.431513	0.214592	0	0.093633	0	0	0	0
K00133	0.837001	0.170068	0	0.372016	0	0.206612	0	5.644882	0	0.206612	2.504305	4.402847	1.577538	0	2.222588	0	0	1.06515	1.36054	0.170068	0	0	0	1.9360211	1.2887496	0.680272	0	0.919104	0	0	0	0.2738651	3.539965	0	0	0	1.4326888	0	0	2.585036	0.333467	0	0	0.0448276	0.980964	4.024645	0.496865	0.170068	0.595238	0.170068	0	0.98423	0.170068	0.68603	0.304878	0.531364	0	0	0.163399	1.190476	1.8517165	2.159654	0.340136	2.9081636	1.53061	2.229825	5.810423	0.206612	0.2052938	0.340136	0.320346	0	0.485054	0	0	4.249291	0.1709128	1.95351	4.007708	0.120915	0.0729847	0.170068	0.425455	0.101307	0.0728793	9.728567	0	0	0.6437168	0	0.170068	1.263589	0.528363	1.514549	0	0	0	0.685204	0	0	0	1.353414	0.163399	0	0	0.50907	0	0.716816	3.329384	0.206612	0.962602	0.590881	0.339002	0.450967	0	0	0	0
K00373	0	0	0	0.024	0	0	0	0	0	0.352	0	0	0	0	0	0	0	0	0	0	0	0	0	0	0	0	0	0.954667	2.21067	0	0	0	0	0	0	0	0	0	0	0	0	0	0	0	0	0	0	0	0	0	0	0	0	0	0.168	0	0	0	0.365333	0.762667	0	0	0	0	0	0	0	0	0	0	0	0	0	0	0	0.701333	0	0	0	0	0	0	2.60256	0.109333	0	0	0	0	0	0	0	0	0	0	0	0	0	0	0	0	0	2.064	0	0	0	0	0	0	0.0533333	0	0	0	0	0	0	0	0	0.4
K01489	0	0	0	0	0	0	0	0	0	0	0	0	0	0	0	0	0	0	0	0	0	0	0	0	0	0	0	0	0	0	0	0	0	0	0	0	0	0	0	0	0	0	0	0	0	0	0	0	0	0	0	0	0	0	0	0	0	0	0	0	0	0	0	0	0	0	0	0	0	0	0	0	0	0	0	0	0	0	0	0	0	0	0	0	0	0	0	0	0	0	0	0	0	0	0	0	0	0	0	0	0	0	0	0	0	0	0	0	0	0	0	0	0	0	0	0	0	0
K07462	0	0	0	0	0	0	0	0.637755	0	0	0	0	0.374532	0	0	0	0	0	0	0	0	0	0	0	0	0	0	0.2	0.6	0	0	0	0	0	0	0	0	0	0	0	0	0.2	0	0	0	0	0	0	0	0.742822	0	0	0	0	0	0	0	0.161565	0	0	0	0	0	0.172	0	0	0.187266	0	0	0	0	0	0	0	1.13475	0.2	0	0	0.4	0.224638	0	0	0	0.543478	0	0.921769	0	0	0	0	0	0	0	0	0	0	0	0	0	0	0	0	0	0	0	0	0	0	0	0	0	0	0	0	0	0	0	0
K09825	0	0	0	0	0	0	0	0	0	0	0	0	0	0	0	0	0	0	0	0	0	0	0	0	0	0	0	0.685714	0	0	0	0	0	0	0	0	0	0	0	0	0	0	0	0	0	0	0	0	0	0	0	0	0	0	0	0	0	0	0	0	0	0	0	0	0	0	0	0	0	0	0	0	0	0	0	0	0	0	0	0	0	0	0	0	0	0	0	0	0	0	0	0	0	0	0	0	0	0	0	0	0	0.885714	0	0	0	0	0	0	0	0	0	0	0	0	0	0	0	0
K11753	1.103495	0	0	0.945162	0	0.381679	0	8.096	0	2.439849	1.190709	4.55585	0.980392	0	1.458075	1.7094	0	1.18321	0.675123	0.0534351	0	0	0	1.13104	1.020225	0.854701	0	1.232259	2.390158	0	0	0.19084	0	0.47201	0	0	0.301527	0	0	0.19084	1.011892	0.351305	0	0	1.400307	4.434228	0.454198	0	0.28626	0.7188589	0	4.198067	0.19084	0.954198	0	0	0	0.062341	0.680272	0	7.2124	1.44275	0	0.954198	2.39313	1.977736	5.134369	2.044137	0.19084	0.490196	0	0	1.36054	0	0	1.282812	0	2.29898	2.282756	0	0	0.657761	0	0	0.19084	3.71883	0.19084	0.210084	0.356234	0	0	0	0	1.831478	0	0	0	0	0	0	0.104326	3.010492	0	0	0	0	0	0	0.576777	0	1.776353	1.108142	0	0	0	0	0	0.340136
K00018	0	0	0	0	0	0	0	0	0	0.276243	0	0	0	0	0	0	0	0	0	0	0	0	0	0	0	0	0	0.226519	0	0	0	0	0	0	0	0	0	0	0	0	0	0	0	0	0	0	0	0	0	0	0	0	0	0	0	0	0	0	0	0.156538	0	0	0	1	0	0	1.059894	0	0	0	0	0	1.38122	0	0	0.208103	0	0	0	0	0	0	0.259668	0	0	0	0	0	0	0	0	0	0	0	0	0	0	0	0	0	0	0	0	0	0	0	0	0	0	0	0	0	0	0	0	0	0	0
K01958	1.3599038	0.1843849	0	0.7563041	0.0815893	0.2018797	0	3.891678	0	0.4543251	3.2816781	1.366022	2.105064	0	1.0047747	0.1364877	0	0.8344657	0.9039537	0	0.19305	0.1848885	0	1.0289331	0.7309495	0.179487	0	0.8031333	2.0260409	0.14677	0	0.315135	0.181984	0.1718476	0.0909918	0	0.8287774	0	0	0.1364877	0.0775194	0.550098	0.373403	1	0.3639668	4.1579263	0.138889	0.671362	1.2039056	1.9240918	0	0.461253	0.7497209	0.8062869	1.7709278	1.9042511	0.111359	0.0775194	0.277778	0.428105	0.8893543	2.79401	0.3555739	1.5111194	0.22748	1.2311	1.499305	0.234742	0.0454959	0	0	0	0	3.58974	0.138889	5.2734047	0.228932	0.4330424	6.6386254	0.0775194	0.0801212	0.5623722	0	0.391304	0	5.209625	1.0268112	0.0469484	0.0454959	0	0	0.0454959	0	0.5951844	0	0	0	0	0.0454959	0	0	3.6504269	0	0	0	0.3504952	0.689655	0	1.0721122	0.8493612	0.632907	0.4298307	0.4788289	0.303704	0	0.480769	0	0
K06726	0	0	0	0	0	0	0	1.52593	0	0	0	0	0	0	0	0	0	0	0	0	0	0	0	0	0	0	0	0	0	0	0	0	0	0	0	0	0	0	0	0	0	0	0	0	0	0	0	0	0	0	0	0	0	0	0	0	0	0	0	0	0	0	0	0	0	0	0	0	0	0	0	0	0	0	0	0	0	0	0	0	0	0	0	0	0	0	0	0	0	0	0	0	0	0	0	0	0	0	0	0	0	0	0	0	0	0	0	0	0	0	0	0	0	0	0	0	0	0
K03521	0	0	0	0	0	0	0	0	0	0	0	0	0	0	0	0	0	0.233645	0	0	0	0	0	0.700935	0	0	0	0	0	0	0	0	0	0	0	0	0	0	0	0	0	0	0	0.178571	0.233645	0	0	0	0	0	0	0.241546	0	0	0.531264	0	0	0	0	0	0	0	0.979798	0	0.233645	0	0	0	0	0	0	0	0	0	0	0	0	0	0.124611	0	0	0	0	0	0	0	0	0	0	0	0	0	0	0	0	0	0	0	0	0	0	0	0	0	0	0	0	0	0	0	0	0	0	0	0	0	0	0
K12574	0	0	0	0	0	0	0	0	0	0	0.7011955	1.438424	0	0	0.458716	0.400612	0	0	0	0	0.322856	0	0	0.506887	0.554652	0	0	0	0	0	0	0	0	0	0	0	0	0	0	1.673911	0	0.0818713	1.451755	0.627992	0	1.13063	0	0	1.991877	1.56863	0	0	0	0	0.145773	0.986316	0	0	0	0	0	0	0	0.319783	0	1.861138	0	0	0	0	0	0	6.276841	0	0	0.458716	0	0	0	0	0	0	0	0	0	0	0.196078	0	0	0	0	0	0.145773	0.424608	0	0	0	0	0	0	0	0.76925	0	0	0	0	0	0	0	0	0	0	0	0.438596	0	0	0	0
K00012	0	0	0	0.124877	0	0.226788	0	1.847591	0	0	0.294985	0	0	0	0	0	0	0.559489	0.294985	0	0	0	0	0.59783727	0	0.442478	0	0	0	0	0	0	0	0	0	0	0.116028	0	0	0	0	0	0	0	0	0.780729	0	0	0.027532	0.198413	0	0.13766	0.147493	0	0	0	0	0	0	0	0	0	0	0.388397	0.442478	0.147493	0.227139	0	0.564405	0	0	0	0	0	0	0.1870537	0	0.195674	0.726647	0	0	0.805309	0	0.147493	0	3.706983	0.323501	0	0.2104232	0	0	0	0	0.2320367	0	0	0	0	0	0	0	0	0	0	0	0.147493	0.304703	0	0	0	0.294985	0	0	0	0	0	0	0
K06281	1.388128	0.0856164	0	0.776257	1.66459	0.5098494	0.010274	14.0775614	0	0.9397747	3.9263524	15.544997	0.0582192	0	2.9499934	0.760456	0	5.126212	0.6611824	0.1712328	0.0856164	0	0	3.122826	2.0646146	0	0	0.513699	2.3035474	0.171233	0	0.1712328	2.9856388	0.1712328	0.5386848	0.6064994	2.4861254	0.171233	0.0856164	0.6872141	1.17428	0.0850457	0.0262557	0	1.337917	4.131243	0.264841	0	1.6355234	2.3878864	0	3.02438	0	0.8721974	0.6832184	0.412118	0	0.2288814	0.0850457	0.0856164	2.6972493	2.50777	0.5371004	11.816554	1.79053	2.5222322	3.0912948	0.2757304	0.3967105	0.190114	0.171233	0	0.215686	0	0	2.6117484	0.518403	2.4807574	6.5078204	0.422946	0	1.56906	0.0359589	0.538333	0.171233	12.7060568	0.5114158	0	0.6398404	0.0856164	0	0.3990618	0.0856164	2.3758944	0.0856164	0	0	0.9540178	0.1238584	0	0.0856164	0.9182097	0.3424658	0	0	1.8659144	0.309361	1.867862	0.8609144	0.9056792	6.0021625	3.7464894	0.2391552	0.0856164	0	0.4139508	0	0
K01940	0	0	0	0	0	0	0	0	0	0	0	0	0	0	0	0	0	0	0	0	0	0	0	0	0	0	0	2.75926	0.616162	0	0	0	0	0	0	0	0	0	0	0	0	0.759259	0	0	0	0	0	0	0	0	0	0	0	0	0	0	0	0	0	0	0	0	0	0	0	0	0	0	0	0	0	0	0	0	1.6	0.424242	0	0	0	0	0	0	0	0	0	0	0	0	0	0	0	0	0	0	0	0	0	0	0	0	0	0.983333	0	0	0	0	0	0	0	0	0	0	0	0	0	0	0	0.454545
K18672	0	0	0	0	0	0	0	0	0	0	0	0.933333	0	0	0	0	0	0	0	0	0	0	0	0	0	0	0	0	0	0	0	0	0	0	0	0	0	0	0	0	0	0	0	0	0	0	0	0	0	0	0	0	0	0	0	1	0	0	0	0	0	0	0	0	0	0	0	0	0	0	0	0	0	0	0	0	0	0	1.46667	0	0	0	0	0	0	0	0	0	0	0	0	0	0	0	0	0	0	0	0	0	0	0	0	0	0	0	0	0	0	0	0	0	0	0	0	0	0	0
K04086	2.2720312	0	0	0.3604248	0	2.0475437	0.291971	0.994169	0	0.3853863	1.2258648	1.5779068	0.9876443	0.145773	4.6775703	0	0	0.52676	0	0.0813008	0	0	0	0.3357732	0.902807	0	0	0.4726251	0.259067	0.13353	0	0.0748503	0.80298	0.4570133	0	0	2.39117	0	0	0.565482	0	0.694444	0.818735	1.982789	0.9911875	7.9393857	0.2321288	0	0.5313685	1.8495488	0	0	0	0.220913	1.8599	0.9496182	0	0	0	0.1592421	0.1595026	3.30648	0.589102	0.474001	1.551332	2.1081567	0.419096	0.3853863	1.1946797	0	0	0	5.16667	0	2.545	6.7079593	0.567682	0.0728863	1.3207253	0.7270587	0.2542067	0.5883503	0	1.17501	0	3.332751	0.515396	0	0.2233387	0	0	0	0.0863558	0.9772311	0	0	0	0.0728863	0	0	0	0.25	0	0	0	0	0	0.0131387	0.145773	0.1477366	0.145985	0	0.0728863	0	0	0	0	0
K02190	0	0	0	2.155855	0	1.024756	0	5.4024995	0	0.562646	1.7067544	3.7876792	0	0	0.195745	0	0	0.6409745	0	0	0	0	0	1.025532	0.539563	0	0	1.205826	0	0	0	0	0.364964	0.347222	0	0	0.45098864	0.361702	0	1.5673757	0	1.544437	0	0.96901	0.547222	1.750059	0.212766	0	1.283684	0.638298	0	7.364896	0	0.881689	0.178571	2.615296	0	0.212766	2.79593	0.292199	0.212766	2.520747	0.556028	0.487648	0.102128	1.2865247	4.66883	0.265248	0.212766	0.425532	0	0	3.548635	0	0.726241	4.252533	0.212766	0.871478	1.549876	0.212766	0.211348	0.0808511	0.537589	3.084684	0.4656058	10.771845	0.326797	0	0.57773	0	0.212766	0	1.231206	15.029765	0	0	0	0	0	0	0	17.845333	0	0	0	0.722829	0.161702	0.434783	0.177673	0	0.542125	1.343307	0.212766	2.481668	0	1.59436732	0	0.3736483
K15125	0.0259716	0	0	0	0	0	0	0.0221533	0	0.0223714	0	0.0892674	0	0	0	0	0	0	0	0	0	0	0	0.0221533	0.362165	0.0210526	0	0	0	0	0	0	0	0	0.0445936	0	0	0	0	0	0	0.1911125	0	0	0	1.09305	0.0210291	0	0.458716	0.0280269	0	0	0.0210526	0.0280269	0.0210526	0.14887064	0	0	0	0	1.3770523	0.0157193	0	0.0221533	0	0.0223714	0.1267099	0.110987	0.0784252	0	0	0	0	0	0	0	0	0	0	0.0819672	0.0223714	0	0.0831258	1.3847801	0	0	0	0	0.0965251	0.0223714	0	0	0.0210526	0.4617954	0	0	0	0.0519489	0	0	0	0.0447427	0.0310366	0	0	0	0	0	0.1346503	0	0.917431	0	0	0.0631579	0	0	0	0
K06206	0	0	0	0	0	0	0	2.29885	0	0	0	0	0	0	0	0	0	0	0	0	0	0	0	0	0	0	0	0.245098	0	0	0	0	0	0.112745	0	0	0	0	0	0	0	0	0	0	0.490196	0	0	0	0	0	0	0	0	0	0.177898	0	0	0	0.583333	0	0	0.348571	0	0	0	0	0	0	0	0	0	0	0	0	0	0.231481	0	0	0	0	0	0	0	0	0	0.43299	0	0	0	0	0	0	0	0	0	0	0	0	0	0	0	0	0	0	0	0	0	0	0	0	0	0	0	0	0	0	0	0
K03073	13.9306	1	1	4.81944	5.98611	2.59722	0	50.75	0	4.319448	12.4028	44.25	2.93056	0	24.222256	0	0	16.8889	0.513889	0	0	0	0	9.90278	17.763922	0.708333	0	9.361112	4.76388	0	2.31944	0	7.47222	1	0	0.777778	20.36111	0	0.166667	2.72222	1	1	12.1667	0.777778	9.56944	42.027744	1	0.847222	8.3055533	7.416666	0	22.68055	1	11.472256	3	5.68056	0	0.555556	3.75	2.94444	33.2639	14.8611	5.70833	16.66671	21.569433	12.9167	36.930563	9.47222	0	1.430556	0	0	8.194442	0.708333	4	24.666632	3.86111	13.708329	23.3472	1.76389	0	5.972222	0	1.15278	0	39.1944	11.694411	0.958333	5.84722	1	0	0.75	1	5.263889	0	0	0	0.930556	0	0	0	1	0	0	0	3	0.972222	1	5.73611	0.236111	1.97222	2.79167	2.555558	0	0	1.94444	0	1
K03100	0	0	0	0	0	0	0	0.392523	0	0.689655	0	0	0.689655	0	0	0	0	0.46729	0	0	0	0	0	0.934579	0	0	0	0.23908	1.5931	0	0	0	0	0	0	0	0.812118	0	0	0	0	0	0	0	0	1.176604	0	0	0	0.177011	0	1.03218	0	0	0	0	0	0	0.689655	0	0	0	0	0.344828	0	0	0.597702	0	0	0	0	0	0	0	0	0.344828	0	0	0.413793	0	0	0.6	0	0.344828	0.344828	1.159952	0	0	0.108046	0	0	0	0	0.627587	0	0	0	0	0	0	0	0.112644	0	0	0	0.344828	0	0	0.0758621	0	0	0	0	0	0	0	0	0
K00927	0	0	0	0	0	0	0	0	0	0	0	0	0	0	0	0	0	0	0	0	0	0	0	0	0	0	0	0	0	0	0	0	1	0	0	0	0	0	0	0	0	0	0	0	0	0	0	0	0	0	0	0	0	0	0	0	0	0	0	0	0	0	0	0	0	0	0	1	0	0	0	0	0	0	0	0	0	0	0	0	0	0	0	0	0	0	0	0	0	0	0	0	0	1	0	0	0	0	0	0	0	2	0	0	0	0	0	0	0	0	0	0	0	0	0	0	0	0
K06911	0.77821	0	0	0	0.194553	0.194553	0	0	0	0	0	0	0	0	0.682308	0	0	0	0	0	0	0	0	0	0.194553	0	0	0	0	0	0	0	0	0	0	0	0	0	0	0	0	0.194553	0	0	0	0.194553	0	0	0	0	0	0	0	0	0	0	0.271739	0	0	0	0	0	0	0	0.638829	0	0.35957	0	0	0	0	0	3.61021	0	0	0	0	0	0	0	0	0.194553	0	0	0	0	0	0	0	0.271739	0	0	0	0.676659	0	0	0	0	0	0	0	0	0	0	0	0	0	0	0	0	0.194553	0	0	0	0	0	0	0
K02227	0.176056	0	0	0.33405055	0	0	0	0.923905	0	0	0.533808	3.52668	0	0	0.2072787	0	0	0.533808	0.454545	0	0	0	0	0.364556	0.623285	0	0	0.68814	0	0	0	0	0	0.176056	0.407104	0.711744	0.352113	0	0	0	0.0446009	0	0	0.177936	0.177936	0.857752	0	0	0.121585	0	0	0	0	0	0	0	0	0.176056	0	0.355872	0.354686	0	0	1.017817	0.531435	0.661922	0.35446	0	0	0.177936	0	0	0	0	0	0.922379	0	0.176056	1.215202	0	0	0.176056	0	0	0	0.546623	0.0177596	0	0.177936	0.255102	0	0.313167	0	0.588375	0	0	0	0	0	0	0	0	0	0.383838	0	0.176056	0	0	0.393637	0	0	0	0	0.340136	0	0	0	0.383838
K11145	0	0	0	0	0	0	0	0	0	0	0	0	0	0	0	0	0	0	0	0	0	0	0	0	0	0	0	0	0	0	0	0	0	0	0	0	0	0	0	0	0	0	0	0	0	0	0	0	0	0	0	0	0	0	0	0	0	0	0	0	3.14894	0	0	0	0	0	0	0	0	0	0	0	0	0	0	0	0	0	0	0	0	0	0	0	0	0	0	0	0	0	0	0	0	0	0	0	0	0	0	0	0	0	0	0	0	0	0	0	0	0	0	0	0	0	0	0	0	0
K19134	0	0	0	0	0	0.735294	0	0	0	0	0	0	0	0	0	0	0	0	0	0	0.204255	0	0	0	0	0	0	0	0	0	0	0	0	0	0	0	0	0	0	0.319149	0	0.102669	1.51795	0.207469	0	0.585761	0	0	1.723057	0	0	0	0	0	0	0	0	0	0.613497	0	0	0	0	0	0.207469	0.304878	0.106383	0	0	0	0	0	1.944008	0	0	0	0	0	0	0	0	0	0	0	0	0	0	0	0	0	0	0	0	1.02881	0	0	0	0.247525	0	0	0	0	0	0	0	0	0	0	0	0	0	0.49505	0	0	0	0.205339	0	0
K06890	0	0	0	0	0	0	0	1	0	0	0	0	0	0	0	0	0	0	0	0	0	0	0	0	0	0	0	0	0	0	0	0	0	0	0	0	0	0	0	0	0	0	0	0	0	1	0	0	0	0	0	0	0	0	0	0	0	0	0	0	0	0	0	0	0	0	0.854167	0	0	0	0	0	0	0	0	0	0	0	0	0	0	0	0	0	0	0	0	0	0	0	0	0	0	0	0	0	0	0	0	0	0	0	0	0	0	0	0	0	0	0	0	0	0	0	0	0	0	0
K00382	1.115497	0.109649	0	0.410854	1.405902	0.240943	0.219298	8.51485	0	1.295814	1.4756884	7.5403823	0	0	2.272823	0.109649	0	1.313596	1.33256	0	0	0	0	2.170614	1.0887436	0	0	3.059016	0.103414	0	0	0.109649	0.109649	0.109649	0	0.2704676	4.035846	0.174708	0.167398	0.109649	0.273392	0.526939	0	1.260251	1.413047	6.4958543	0	0	0.618421	1.290424	0	2.368622	0.359412	0.548246	0	0	0	0.1396199	0	0.451807	2.128601	1.02266	0.328947	4.347156	2.037276	1.956216	7.313779	0.657894	0.225734	0	0	0	0.853185	0	0.150602	2.542223	0.321637	3.3991927	5.810715	1.031433	0.379135	0.391339	1.333337	0	0.900327	18.184939	0.328947	0	2.786304	0.503939	0	0.5197362	0	4.538914	0	0	0.109649	1.3334165	0	0	0	1.672687	0	0.663477	0	0.657894	0.18759	1.09909	1.717346	0.108918	4.553168	1.644736	0.149598	0.13755	0	0	0	0
K06016	0.273972	0.383142	0	0	0	0	0	6.842412	0	0	0.942466	3.299441	0	0	2.969509	0	0	0.9835608	0.410959	0.136986	0	0.083105	0	0.5043382	0.136986	0	0	0.410959	0	0	0	0.136986	0.453881	0	0	0	0.7746575	0.547032	0	0	0	0	0	0	0.76073	1.009625	0.136986	0	0.3470321	0.4716409	0	1.025946	0	0	0	0.136986	0	0	0	0	2.438366	0.273973	0	0.805887	0.554338	1.734247	1.147945	0.7461193	0	0	0	0	0	1.09589	0	2.47204	0.397261	0.7232873	4.133255	0.136986	0	1.621004	0	0	0	11.690533	0	0	0.57571	0	0	0.191571	0	1.153807	0.136986	0	0	0	0	0	0	0	0	0	0	0.367123	0	0	0.410959	0.0520548	0	0.958904	0	0	0	0	0	0.136986
K07043	0	0	0	0	0	0	0	0	0	0	0	0	0	0	0	0	0	0	0	0	0	0	0	0	0	0	0	0	0	0	0	0	0	0	0	0	0	0	0	0	0	0	0	0	0	0	0	0	0	0	0	0	0	0	0	0	0	0	0	0	0	0	0	0	0	0	0	0	0	0	0	0	0	0	0	0	0	0	0	0	0	0	0	0	0	0	0	0	0	0	0	0	0	0	0	0	0	0	0	0	0	0	0	0	0	0	0	0	0	0	0	0	0	0	0	0	0	0
K03498	0.152466	0	0	0	0.224215	0	0	3.926605	0	0.52698	0.112108	1.633819	0.213465	0	1.298333	0.0209268	0	0.560538	0.224215	0	0	0	0	0.0373692	0.334081	0	0	1.934438	1.133753	0	0	0.0418535	0	0	0	0.307175	0.640625	0	0	0	0	0.817623	0	0.102392	0.336323	1.864541	0	0	0	0.485437	0	1.187689	0	0.11136	0	0.588772	0	0	1.07674	0.357314	0.542601	0.112108	0	3.125885	1.556618	0.7429	1.1618152	0	0.481566	0.242718	0	0	1.23276	0	0	1.932958	0	0.704784	0.112108	0	0.235261	0.044843	0.969256	0.112108	1	0.5074741	0.112108	0	0	0	0	0	0.884821	0.342466	0	0	0	0	0	0	0	0.242718	0	0	0	0.112108	0	0	0.355372	0	0.112108	0	0	0	0	0	0	0
K02834	0.362319	0.323671	0	0	0	0.516908	0	10.169081	0	1.043479	2.410626	13.024154	0.487923	0	5.091788	0	0	1.739128	0	0	0	0	0	1.77295	1.932368	0	0	0.850241	0	0	0	0.309179	0.623188	0	0	0	1.995174	0	0	0	0	0	0	0	2.086958	6.1400947	0	0	0.140097	0.589372	0	2.391306	0	0.497585	0.328502	0	0	0	0	0	2.927535	0.285024	0	2.8937221	1.76329	1.40097	10.033815	0	0.647343	0	0	0	1.7971	0	2.17391	2.545892	0	2	5.797098	0.623188	0	0.942029	0	0.0821256	0	11.840577	0	0	0.724638	0	0	0.623188	0	2.801929	0	0	0	0.922705	0	0	0	0	0.323671	0	0	0.666667	0	0	0.42029	1.266091	3.434783	0.666667	1.07729	0	0	0.676328	0	0
K03723	0.027673	0.0476644	0	0.4400296	0.285987	0.0875657	0	1.469138	0	0.5450757	0.121951	2.8358222	0.125156	0	0.169877	0	0	0.305066	0.101215	0.2085453	0	0	0	0.0025421	0.0476644	0	0	0.2762447	0.750751	0	0	0	0.0177947	0.519351	0	0	0	0	0	0.175131	0	0	0	0.275926	0.156146	0.530066	0.117647	0	0	0	0	1.4820483	0	0	0	0	0	0.130208	0	0	0.1523448	0	0	0.0225612	0.00233508	0.787402	0.1102426	0	0.0414478	0	0	0	0	0	0	0.238646	0	0.1535687	0.5604816	0.0149349	0	0.1839965	0.188679	0.117647	0	0.7353938	0	0	0	0	0.0827815	0.0625782	0	0	0	0	0	0.0476644	0	0	0	0.15015	0	0.15015	0	0	0	0	0.0875657	0	0	0	0.0783962	0	0	0	0	0
K02017	0.311258	0	0	1.007191	0	0	0	0	0	0.3125	0	3.50778	0	0	0	0	0	0.50625	0	0	0	0	0	0	0	0	0	0	0	0	0	0	0.804598	0	0	0	0	0	0	0	0	0	0	0	0	0.391667	0	0	0	0	0	0.3125	0	0	0	0	0	0	0	0	0	1.8175	0	0	0	0.331126	0.974752	1.29032	0	0	0	0	0	0	0	0.3540427	0	0	1.022916	0.685516	0.3125	0	0	0	0	1.03125	0	0.208333	0	0	0	0	0	0.4625	0	0	0	0	0	0	0	0.991667	0	0	0	0	0	0	0	0	0	0	0.533333	0	0	0	0	0
K02115	0	0	0	0	0	0	0	0	0	0	0	0	0	0	0	0	0	0	0	0	0	0	0	0	0	2.11765	0	0	0	0	0	0	0	0	0	0	0	0	0	0	0	0	0	0	0	0	0	0	0	0	0	0	0	0	0	0	0	0	0	0	0	0	0	0	0	0	0	0	0	0	0	0	0	0	0	0	0	0.127451	0	0	0	0	0	0	0	0	0	0	0	0	0	0	0	0	0	0	0	0	0	0	0	0	0	0	0	0	0	0	0	0	0	0	0	0	0	0	0	0
K06941	0	0	0	0	0	0	0	0	0	1.494229	0.6353654	0.976562	0	0	0	0	0	0	0	0	0	0	0	0	0	0	0	0.579211	4.412328	0	0	0	0	0.271739	0	0	0.195312	0	0	0	0	0.4	0	0	0	0.572768	0	0	0	0	0	0	0	0	0	0	0	0	0.543478	0	0	0	0	0	0	0.699219	0.914145	0	0.195312	1	0	0	0	0	0.431034	1.08696	0	0	2.066009	0	0	0	0	0	0	0	0	0.083632	0	0	0	0	0	0.864198	0	0	0	0	0	0	0	1.673028	0	0	0	0	0	0	0	0	0	0	0	0	0	0	0	0
K09800	0.2397111	0.3490083	0	0.7848716	0.8969588	0.4242138	0	5.2022929	0	0.1573162	1.4725384	1.62728	0.480625	0	3.0276161	0	0	0.4485321	0.1667525	0	0.0732064	0.113122	0	1.8848033	1.0986396	1.3366387	0	1.4359164	1.026574	0.145033	0	0.1697811	0.616523	0.1598179	0.178891	0	2.457229	0	0	0.0362582	0.4889931	0.0366032	0.065445	0.2189293	1.545527	1.9171489	0	0	0.7553839	0.9873354	0	2.832646	0.3405507	0.885839	0.3175022	1.0917097	0	0.248178	0.36204	1.684518	1.0402561	4.2518509	0.3355433	1.0921988	0.410926	1.5465853	1.590634	1.593912	0.10647692	0.935076	0	0	0.366032	0	0	4.5452861	0	0.8958833	6.2621567	0.2980205	0.0712251	1.170781	0	0.420168	0.0366032	7.4574979	0.6264611	0	0.2325193	0	0	0.095057	0	1.1676935	0	0	0	0.0869565	0	0	0	0	0	0	0	0.3439171	0.121102	0	0.379151	0.115473	1.286163	0	0.3072205	0.3087182	0	0	0	0
K01872	0	0	0	0	0	0.510204	0	0.986842	0.35461	0.2451192	0.109312	0.922444	0.12605	0	0	0	0	0	0.151515	0	0	0	0	0.455373	0.519126	0	0	0.841152	1.1260862	0	0	0	0	0	0	0	0	0.5159	0	1.507822	0	0.6646942	4.12842	2.236654	0	0.3538692	0.0806452	0	0.0806452	0.0806452	0	2.03912	0	0	0.472699	0.27027	0	0	0	0	0	1.19287	0.314465	0.903476	0	0	1.308223	0.331126	0	0	0	0	12.301994	0	0	0	0	0	0	0	0	0	0	2.862183	0.4376582	2.421222	0	0	0.331126	0.0806452	0	0	0.248299	2.753357	0	0	0	0	0	0	0	1.938387	0	0	0	0	0	0	0	0	0.819672	0.0966387	0	0.633912	0	0	0	0
K00748	0	0	0.0664653	0	0	0	0	0	0	0.422559	0	0	0	0	0	0	0	0	0	0	0	0	0	0	0	0	0	0.403582	0	0	0	0	0	0	0	0	0	0	0	0	0	0	0	0	0	0	0	0	0	0.151057	0	0.941667	0	0	0	0	0	0	0.286002	0	0	0	0	0	0	0	0.151057	0	0	0	0	0	0	0	0	0	0	0	0	0	0	0	0	0	0	0	0	0	0	0	0	0	0	0	0	0	0	0	0	0	0	0.302115	0	0	0	0	0	0	0	0	0	0	0	0	0	0.15005	0	0
K00640	0	0	0	0	0	0	0	0.904762	0	0	0	0	0	0	0.218615	0.324675	0	0	0	0	0	0	0	0.183983	0	0	0	0	0.648019	0	0	0	0.974026	0	0	0	0	0	0	0	0	0	0	0.691609	0	1.01948	0	0	1.122804	0.324675	0	0.324675	0	0	0	0	0	0	0	0.283582	0.324675	0	0	0	0	0	0.199134	0	0	0	0	0	0	0	0	0.324675	0	0	0.974026	0.577922	0.266234	0	0	0	0	0.606061	0	0	0.402597	0.150943	0	0	0	0	0	0	0	0	0	0	0	0.220779	0	0	0	0	0	0	0.305195	0	0	0	0	0	0	0	0	0
K01881	0.703028	0	0	0.0956023	0	0	0	5.641607	0	0.3162046	1.635838	4.920843	0.382409	0.390168	1.006479	0	0	1.443401	0	0.190567	0	0	0	1.4616072	1.2056937	0.201613	0.0879541	0.722057	0.411667	0	0	0.191205	0.38241	0.6571293	0	0.291339	0.894385	0	0	0	0.4889513	0.0998004	0	0	1.2348593	3.338063	0	0	0.286807	0.1861058	0	0.382409	0.0956023	0.191205	0	0.145349	0.0956023	0.3876133	0.75	0	2.316324	1.008497	0.478965	1.296468	1.2752023	0.7231614	3.099785	0.5564053	0.742511	0.3298837	0	0	0.625	0	0	2.015684	0.2651705	1.1685776	2.637669	0.2409513	0	1.040791	0.125	0.125	0	5.57531	0.0956023	0	0.1912046	0.199601	0	0.2868073	0	0.572977	0	0	0	0.191205	0	0	0	0.249167	0	0	0	0	0	0	0.3824096	0	1.0174326	0.669216	0.3422616	0.292011	0	0.4749042	0	0.0956023
K13292	0	0	0	0	0	0	0	0	0	0	0	0	0	0	0	0	0	0	0	0	0	0	0	0	0	0	0	0	0	0	0	0	0	0	0	0	0	0	0	0	0	0	0	0	0	0	0	0	0	0	0	0	0	0	0	0	0	0	0	0	1	0	0	0	0	0	0	0	0	0	0	0	0	0	0	0	0	0	0	0	0	0	0	0	0	0	0	0	0	0	0	0	0	0	0	0	0	0	0	0	0	0.537634	0	0	0	0	0	0	0	0	0	0	0	0	0	0	0	0
K00859	0	0	0	0	0	0	0	0	0	0	0.331126	0	0	0	0	0	0	0	0	0	0	0	0	0	0	0	0	0	0.331126	0	0	0	0	0	0	0	0	0	0	0	0	0	0	0	0	0	0	0	0	0	0	0	0	0	0	0	0	0	0	0	0	0	0	0	0	0	0	0	0	0.331126	0	0	0	0	0	0	0	0	0.331126	0	0	0	0	0	0.31401	0	0	0	0	0	0	0	0	0	0	0	0	0	0	0	0	0	0	0	0	0	0	0	0	0	0	0	0	0	0	0	0	0
K01740	0.0249554	0	0	0	0	0.136986	0	0.684932	0	0.26738	0.59985	1.506038	0	0	0.0811052	0	0	0.271812	0	0	0	0	0	0.13369	0.171821	0	0	0	0	0	0	0.138122	0	0.132799	0	0.276243	1.723167	0.614436	0	0	0	0	0	0	0	0.712605	0.168067	0	0.0469613	0.136986	0	1.1383909	0	0.136986	0	0	0	0.13369	0	0.276243	1.700737	0.806571	0	1.174124	0	0	0.271812	0.266488	0.276243	0	0	0	0	0.270713	0	0.0412371	0.136986	0.925488	11.22182	0.689687	0	0.0463458	0.0950745	0	0.103093	5.935108	0.984504	0	1.336805	0	0	0.12766	0	0.399312	0	0	0	0.592199	0	0	0	1.408421	0.0514184	0	0	0.207447	0.558346	0.622426	0.873596	0.0561694	0.450172	0.573156	0.374099	0.41861	0	2.132975	0	0
K01649	0.219764	0	0	0	0	0.144092	0	0.143451	0	0	0	0	0	0	0	0	0	0.0838531	0	0	0	0	0	0	0	0	0	0	0	0	0	0	0	0	0.0634218	0	0	0	0	0	0	0	0	0	0	0.10395	0	0	0	0	0	0	0.359876	0	0	0	0	0	0	0	0	0	0	0	0.148302	0	0	0	0	0	0	0	0	0	0	0	0	0	1.037513	0	0	0	0	0	0	0.150963	0	0	0	0	0	0	0.107271	0.5199761	0	0	0	0	0	0	0	0.356475	0	0	0	0	0	0	0	0	0	0	0	0	0	0.10395	0	0
K02954	0	0	0	0	0	0	0	0	0	2.80833	0.941667	0.375	5.10833	0	0	0	0	0	4.75833	0	0	0	0	0	0	0	0	4.850003	6.075	0	0	0	1.4	0.933333	0	0	0	0	0	0	0	0	0	1.54167	0	0.891667	0	0	0	4.99166	0	5.60833	0	2.21667	2.525	0.00833333	0	0	1.958337	3.58333	0	0	0	0.00833333	0	0.758333	5.00833	0.791667	1.98333	6.40833	0	0	1.96667	0	0	8.48333	0.941667	0.533333	0	0	0.458333	0.383333	0	0	0	0	0	0	0	0.558333	0.825	0	0.116667	2.624997	0.883333	0	0	0.758333	0	0	0	1.35	0	0	0	0	0	5.78333	0	0	0	0.591667	1.06667	0.825	0.841667	1.425	0	0
K02335	0.41788	0.0606796	0	0.1213592	0	0.1213592	0	1.641893	0	0.1922586	0.4282828	1.4816986	0.1755666	0	0.2842876	0.0606796	0	0.2583979	0.1820388	0	0.0652741	0	0	0.7669898	0.2423136	0	0	0.102249	1.0836952	0	0	0.00970874	1.316338	0	0	0	0.3065442	0.1820386	0	0	0	0.1259537	0.181634	0	0.6067956	0.7945937	0	0	0.0606796	0.5445786	0	0.8088882	0	0.3033976	0	0.3580092	0	0.00485437	0.326371	0.181634	0.587281	0.6099173	0	0.4427342	0.9368926	1.2036712	1.433479	0	0.0966828	0.3409324	0	0	0	0	0.701754	0.1213592	0	1.052415	0.6670711	0.0169903	0.0606796	0.385451	0.0606796	0.129243	0	1.8889652	0	0	0.121359	0.195387	0	0.1820386	0.0652741	0.532767	0	0	0	0	0.0606796	0	0	1.934478	0	0	0	0.1213592	0.0307443	0.1820386	0	0	0.7689262	0.121359	0.0606796	0.290049	0	0.3503236	0	0
K01153	0	0	0	0	0	0	0	0	0	0	0	0	0	0	0	0	0	0	0	0	0	0	0	0	0	0	0	0	0	0	0	0	0	0	0	0	0	0	0	0	0	0	0	0	0	0	0	0	0	0	0	0	0	0	0	0	0	0	0	0	0	0	0	0	0	0	0	0	0	0	0	0	0	0	0	0	0	0	0	0	0	0	0	0	0	0	0	0	0	0	0	0	0	0	0	0	0	0	0	0	0	0	0	0	0	0	0	0	0	0	0	0	0	0	0	0	0	0
K03524	0	0	0	1.678786	0	0	0	0	0	0	0	0	0	0	0	0	0	0	0	0.181818	0	0	0	0	0	0	0	0	0	0	0	0	0	0.115152	0	0	0	0	0	0	0	0	0	0	0	0.0678788	0	0	0	0	0	0.252121	0	0	0	0	0	0	0	0	0	0	0	0	0	0.683636	0	0	0	0	0	0	0	0	0.0509091	0.151515	0	0	0	0	0	0	0	0	0	0	0	0	0	0	0	0	0	0	0	0	0	0	0	0	0	0	0	0	0	0	0	0	0	0	0	0	0	0	0	0	0	0
K00760	0.757576	0	0	0.378788	0	1.13636	0	0.853535	0	0	2.058531	1.136364	0	0	1.94697	0	0	1.434343	0.914142	0.108586	0	0	0	0.333333	0.467171	0	0	1.644119	0.669192	0	0	0.378788	0	0	0	0.0984849	1.34596	0	0	0.378788	0.654041	1.13636	0	0	0.631313	6.080812	0.790404	0	0.378788	1.219697	0	0	0	2.416666	0.378788	0	0	0	0.352381	0	1.275253	1.313131	0	0	1.631309	1.18464	3.687852	1.117966	0.166667	0.19697	0	0	0	0	0	3.342956	0	1.608586	6.565658	0	0	1.090909	0	0.232323	0	2.876263	0.84596	0	1.191919	0	0	0.262626	0.177778	1.416667	0	0	0	0	0	0	0	1.86364	0	0	0	0.277778	0	0.757576	1.356061	0.25	0.757576	1.725795	0.272727	0	0	0	0	0
K01906	0	0	0	0	0	0	0	0	0	0	0	0	0	0	0	0	0	0	0	0	0	0	0	0	0	0	0	0	0	0	0	0	0	0	0	0	0	0	0	0	0	0	0	0	0	0	0	0	0	0	0	0	0	0	0	0	0	0	0	0	0	0	0	0	0	0	0	0	0	0	0	0	0	0	0	0	0	0	0	0	0	0	0	0	0	0	0	0	0	0	0	0	0	0	0	0	0	0	0	0	0	0	0	0	0	0	0	0	0	0	0	0	0	0	0	0	0	0
K09710	0	0	0	0	0	0.15493	0	0	0	0	0	0	0	0	0	0	0	0	0	0	0	0	0	0	0	0	0	0.666667	0	0	0	0	0	0.643192	0	0	0	0	0	0	0	0.375587	0	0	0	0	0	0	0	0	0	0	0	0	0	0	0	0	1.07042	0	0	0	0	0	0	0	0	0	0	0	0	0	0	0	0	0	0	0	0	0	0	0	0	0	0	0	0	0	0	0	0	0	0	0	0	0	0	0	0	0	0	0	0	0	0	0	0	0	0	0	0	0	0	0	0	0	0	0
K00791	0	0	0	1.068135	0	0	0	4.049821	0	1.331738	0.617284	1.572766	0	0	0.757028	0	0	0.3983799	0	0.204082	0	0	0	0	0.432308	0	0	0.290698	1.13636	0	0	0.182051	0.769231	0.438596	0	0	0.88399572	0	0	0.204082	0	0.757576	0	0	0.384615	2.35991	0.0153846	0	0	0	0	0.581395	0	0.303851	0	0.660661	0	0	0.379845	1.93939	0	0.194553	0	1.720234	0.379487	0	1.25826	0.403226	0.793774	0.510288	0	0	0	0	0	1.48837	0	0.676804	0.573341	0.389105	0.26087	0.386861	0	0	0	3.841633	0	0	0	0	0	0.111801	0	0.185897	0	0	0	0	0	0.0974359	0	7.09604	0	0	0	0	0	0	0	0	0	0	0	0.179337	0	0.860805	0	0
K04068	0	0	0	0	0	0	0	0	0	0	0	0	0	0	0	0	0	0	0	0	0	0	0	0	0	0	0	0	0	0	0	0	0	0	0	0	0	0	0	0	0	0	0	0	0	0	0	0	0	0	0	0	0	1	0	0	0	0	0	0	0	0	0	0	0	0	0	0	0	0	0	0	0	0	0	0	0	0	0	0	0	0	0	0	0	0	0	0	0	0	0	0	0	0	0	0	0	0	0	0	0	0	0	0	0	0	0	0	0	0	0	0	0	0	0	0	0	0
K00052	0	0	0	0	0	0	0	0	0	0	0	0	0	0	0	0	0	0	0	0	0	0	0	0	0	0	0	0	0	0	0	0	0	0	0	0	0	0	0	0	0	0	0	0	0	0	0	0	0	0	0	0	0	0	0	0	0	0	0	0	0	0	0	0	0	0	0	0	0	0	0	0	0	0	0	0	0	0	0	0	0	0	0	0	0	0	0	0	0	0	0	0	0	0	0	0	0	0	0	0	0	0	0	0	0	0	0	0	0	0	0	0	0	0	0	0	0	0
K06864	0	0	0	0	0	0	0	0	0	0	0	0	0	0	0	0	0	0	0	0	0	0	0	0	0	0	0	0	0	0	0	0	0	0	0	0	0	0	0	0	0	0	0	0	0	0	0	0	0	0	0	0	0	0	0	0	0	0	0	0	0	0	0	0	0	0	0	0	0	0	0	0	0	0	0	0	0	0	0	0	0	0	0	0	0	0	0	0	0	0	0	0	0	0	0	0	0	0	0	0	0	0	0	0	0	0	0	0	0	0	0	0	0	0	0	0	0	0
K02014	1.13596	0	0	0	0	0	0	0	0	0.268817	0.3813711	2.81338	0	0	0.0750193	0	0	0.219298	0	0	0	0	0.130378	0	0	0	0	0	0.468066	0	0	0	0	0	0	0	0	0	0	0.464037	0	0	0	0	0	0.260106	0	0	0.0818331	0.395685	0	0.996528	0	0.116009	0.232019	0.350106	0	0	0.245499	0.578035	0.136388	2.895229	0	0	0	0.578035	0	0	0	0.0816993	0	0	0	0	0	1.0228101	0	0	0	0	0.2658315	0	0	0	0	0	0	0	0	0	0	0	0	0.325511	0	0	0	0	0	0	0.763359	0.065189	0	0	0	0.335307	0	0.6551661	0.1383303	0	0.348028	0	0	0	0	0	0	0
K02821	0	0	0	0	0	0	0	0	0	0	0	0	0	0	0	0	0	0	0	0	0	0	0	0	0	0	0	0	0	0	0	0	0	0	0	0	0	0	0	0	0	0	0	0	0	0	0	0	0	0	0	0	0	0	0	0	0	0	0	0	0	0	0	0	0	0	0	0	0	0	0	0	0	0	0	0	0	0	0	0	0	0	0	0	0	0	0	0	0	0	0	0	0	0	0	0	0	0	0	0	0	0	0	0	0	0	0	0	0	0	0	0	0	0	0	0	0	0
K09761	0	0	0	0	0	0	0	0	0	0	0	0.568182	0	0	0.514066	0	0	0.104811	0	0	0	0	0	0	0	0	0	0.69943	0	0	0	0	0	0	0	0	0	0	0	0	0	0	0	0	0	0	0	0	0	0	0	0	0	0	0	0	0	0	0	0	0	0.462199	0	0.164948	0	0	0	0	0.390625	0	0	0	1	0	0	0	0	0	0	0	0	0	0	0	0	0	0	0	0	0	0	0	0	0	0	0	0	0	0	0	0	0	0	0	0	0	0	0	0	0	0	0	0	0	0	0	0	0
K15986	0	0	0	0.189394	0	0	0	0	0	0	0.290404	0	0.189394	0	0	0	0	0	0	0	0	0	0	0	0	0	0	0	0	0	0	0	0	0	0	0	0	0	0	0	0	0	0	0	0	0	0	0	0	0	0	0	0	0	0	0	0	0	0	0	0	0	0	0	0	0	0.127525	0	0	0	0	0	0	0	0	0	0	0	0	0	0	0	0	0	0	0	0	0	0	0	0	0	0	0	0	0	0	0	0	0	0	0	0	0	0	0	0	0	0	0	0	0	0	0	0	0	0	0.127525
K01929	0	0	0	0	0	0	0	0	0	0	0	0	0	0	0	0	0	0	0	0	0	0	0	0	0	0	0	0	0	0	0	0	0	0	0	0	0	0	0	0	0	0	0	0	0	0	0	0	0	0	0	0	0	0	0	0	0	0	0	0	0	0	0	0	0	0	0	0	0	0	0	0	0	0	0	0	0	0	0	0	0	0	0	0	0	0	0	0	0	0	0	0	0	0	0	0	0	0	0	0	0	0	0	0	0	0	0	0	0	0	0	0	0	0	0	0	0	0
K03978	0	0	0	0	0	0	0	0	0	0.546448	0	0.271403	0.273224	0	0	0	0	0	0	0	0	0	0	0	0	0	0	0.851259	5.86157	0	0	0	0	0.546448	0	0	0	0	0	0	0	0	0	0	0	0.289017	0	0	0	0.0801457	0	0.972678	0	0	0.289017	0	0	0	0.819672	0	0	0	0	0.23133	0	0	0.273224	0	0.411658	0.185792	0	0	0.367942	0	1.51913	0.273224	0.160291	0	0.273224	0.273224	0	0	0	0.289017	0	0	0	0	0	0.289017	0	0	0	0	0	0	0	0	0	0	0	1.05647	0	0	0	0	0	0	0	0	0	0	0	0	0	0	0	0
K03322	0	0	0	0	0	0	0	0	0	0.35461	0.287091	0	0	0	0	0	0	0	0	0	0	0	0	0	0	0	0	0.578035	0	0.567376	0	0	0	0.0162037	0	0	2.92908	0	0	0.127168	0	0	0	0	0	0.289017	0	0	0	0.289017	0	0	0	0	0	1	0	0	0	0	0	0	0	0	0	0	0.16763	0	0	0	0	0	0	0.487476	0.0902778	0.157407	0	0	0	0	0	0	0	0	0	0	0	0	0	0	0	0	0	0	0	0	0	0	0	0	0	1.65511	0	0	0	0	0	0	0	0	0	0	0	0	0	0	0	0
K16014	0	0	0	0	0	0	0	0.606586	0	0.6188177	0.5235103	0.3272076	0.5564532	0	0.1608115	0	0	0.8015253	0.0218703	0	0	0	0	1.556076	0	0.1302086	0	0.0954972	0	0	0	0	1.151184	0.113122	0	0	0.3208481	0	0	0	0.086881	0.0954972	0	0	0	0	0	0	0	0	0	0.575932	0.134409	0	0	0	0.0433276	0	0.8232	0	0.4079822	0.0434405	0.2642402	0.31237863	0.34662	0.2695716	1.458944	0	0	0.0434405	0	0	0	0	0.103734	0.3728567	0	0.8165401	0.544136	0	0	0.0433276	0	0.04363	0.04363	3.1289243	0.2116548	0	0.0433276	0.04363	0	0.362319	0	0.7036516	0	0	0	0.0434405	0	0	0	0.370311	0	0	0	0.17539045	0.116822	0.0518672	0.1821882	0	0.1735361	0.0433276	0.0714779	0.344828	0	0.0805932	0	0
K01652	0.191667	0	0	0	0	0.0961538	0	6.803868	0	0	0.3839746	2.9777968	0	0	0.1326923	0	0	0.3174456	0	0	0	0	0	0	0.4156408	0	0	0.1384615	0	0	0	0	0	0.107715	0	0	0.288462	0	0	0	0	0	0	0	0.397543	0.3288464	0	0	0.8080473	0.8614598	0	1.759931	0	0.0961538	2.249546	0.1923076	0	0	0	0	1.0104928	0.331411	0.5271878	1.5593768	0.613462	0.0961538	0.4224361	0	0.109635	0.288462	0	0	0.507164	1.15385	0	1.2261248	0	0.5482378	1.1812523	0.0961538	0	0.3409042	0	0	0	4.872766	0.4029018	0.6369558	0	0	0	0	0	0.864592	0	0	0	0	0.0961538	0	0	0	0	0	0	0	0	0	0.2193181	0	0.4455128	0	0.0888252	0	0	0.1923076	0	0
K07137	0	0	0	0	0	0	0	0	0	0	0	0	0	0	0	0	0	0	1.53846	0	0	0	0	0	0	0	0	0	0	0	0	0	0	0	0	0	0	0	0	0	0	0	0	0	0	0	0	0	0	0	0	0	0	0	0	0	0	0	0	0	0	0	0	0	0	0	0	0	0.193927	0.265957	0	0	0	0	0	0	0	0	0	0	0	0	0	0	0	0	0	0	0	0	0	0	0	0	0	0	0	0	0	0	0	0	0	0	0	0	0	0	0	0	0	0	0	0	0	0	0	0
K07160	0	0	0	0	0	0	0	0	0	0	0	0	0	0	0	0	0	0	0	0	0	0	0	0	0	0	0	0.611111	0.571429	0	0	0	0	0	0	0	0	0	0	0	0	0	0	0	0	0	0	0	0	0	0	0	0	0	0	0	0	0	0	0	0	0	0	0	0	0	0	0	0	0	0	0	0	0	0	0	0	0	0	0	0	0	0	0	0	0	0	0	0	0	0	0	0	0	0	0	0	0	0	0	0	0	0	0	0	0	0	0	0	0	0	0	0	0	0	0	0	0
K06042	0.581395	0	0	0.174419	0	0	0	1.159678	0	2.366458	0.579457	2.071088	0	0.446429	0.8406376	0	0	0.344828	0	0	0	0	0	0	0	0	0	0.896879	1.390063	0.124561	0	0	0	0	0	0	1.379029	0.892857	0	0	0	0	2.9031	0	0	1.213816	0	0	0.263158	0.290698	0	0.736434	0	0.114035	0	0	0	0.446429	0	0.124031	2.793752	0.700666	0	0.331579	1.359222	0.789474	2.17376	1.663209	0.124031	0	0	0	1.618746	0	1.25	2.822562	0	0.419643	0.861716	0.220238	0	0	0	0	0.290698	0.55154	0	0	0	0.736434	0	0	0	0.807598	0	0	0	0	0	0	0	8.716702	0	0	0	0.290698	0	0.581395	0.924138	0.135632	0.766667	0	0	0	0	0.290698	0	0.498062
K16898	0	0	0	0.569075	0	0	0	0.296375	0	0	0	0.302727	0	0	0	0	0	0	0	0	0	0	0	1.1541323	0	0	0	0	0	0	0	0	0	0	0	0	0	0	0	0	0	0	0	2.01018	0	0	0	0	0	0	0	0.0527983	0	0	1.45333	0	0	0	0.167417	0.480769	0.105597	0	0	0	0	0.207843	0.0527983	0	0	0	0	0	0.748325	0	0	0.3072039	0	0.112633	0	0.19685	0	0	0	0	0	0.225383	0	0	0.243902	0	0	0	0	0.0527983	0	0	0	0	0	0	0	0.0728863	0	0	0	0.177305	0	0	0	0	0	0	0	0	0	0.0833333	0	0
K01885	0	0	0	0.54945	0	0	0	0.54945	0	0.584906	0.440781	2.4895695	0.101343	0	0.18315	0	0	0.352869	0.64713	0	0	0	0	0	0	0	0	0.248756	0	0	0	0.363636	0	0.448619	0	0	0.490842	0	0	0	0	0.430574	0	0	0.3663	0.686202	0.3663	0	0	0.294261	0	0	0	0.113553	0	0	0	0	0	0	0	0.3663	0	0	0.39072	0	0.71762011	0	0.18315	0.363636	0	0	0	0	0	0.17094	0	0.18315	0.6213781	0.288156	0	0	0	0.181818	0	3.721362	0	0	0	0	0	0	0	0.4884	0	0	0	0	0	0.201465	0	0.299401	0	0	0	0	0	0	0	0	2.247004	0	0	0	0	0	0	0.649351
K01069	1.217664	0	0	1.457258	0.939049	0	0	0.6487439	0	2.070157	0.794674	4.40863	0	0	0.914634	0	0	0.286585	0	0	0	0	0	1.972767	0.304878	0.253086	0	0.967042	1.557047	0	0	0	2.810606	0	0	0	2.193514	0	0	0	0	0.33557	2.074963	0.295238	1.972518	3.95325761	0	0	0.30303	1.573084	0	1.239591	0	0.45045	0	0.304878	0	0.0989899	1.5870081	0.756152	2.114525	0.818127	0.244444	2.143287	0	0.925071	1.306253	0	0.961538	0	0	0	0	0	0	0.634288	0.333333	0.972912	0.9700067	0.121212	0	0	0	0	0	0.249072	0.593767	0.304878	0.867284	0	0	0	0	0.9779271	0	0	0	0	0	0	0	0	0	0	0	0	0	0	0	0	0	0.45045	0	0	0	0	0	0
K07478	0	0	0	0	0	0	0	0	0	0.581259	2	0	0	0	0	0	0	0	0	0	0	0	0	0	0	0	0	0	0.760915	0	0	0	0	0	0	0	0.22549	0	0	0	0	0	0	0	1	0	0.130208	0	0	0	0	0	0	0	0.130208	0	0	0	0	0	0	0	0	0	0	1	0.367647	0	0.130208	0	0	0	0	0	0	0	0	0	0	0	0	0	0	0.130208	0	0	0	0	0	0	0	0	0	0	0	0	0	0	0	0	0	0	0	0	0	0	0	0	0	0	0	0	0	0	0	0	0	0
K04077	0	0	0	0	0	0	0	0	0	0	0	0	0	0	0	0	0	0	0	0	0	0	0	0	0	0	0	0	0	0	0	0	0	0	0	0	0	0	0	0	0	0	0	0	0	0	0	0	0	0.330601	0	0	0	0	0.374317	0	0	0	0	0.289617	0	0	0	0	0	0	0	0	0	0	0	0	0	0	0	0	0	0	0	0	0	0	0	0	0	0	0	0	0	0	0	0	0	0	0	0	0	0	0	0	0	0	0	0	0	0	0	0	0	0	0	0	0	0	0	0	0	0
K03744	0	0	0	0	0	0	0	0	0	0	0	0	0	0	0	0	0	0	0	0	0	0	0	0	0	0	0	0	0	0	0	0	0	0	0	0	0	0	0	0	0	0	0	0	0	0	0	0	0	0	0	0	0.701389	0	0	0.224215	0	0	0	0	0.402778	0	0	0	0	0	0	0	0	0	0	0	0	0	0	0.430556	0	0	0.784722	0	0	0	0	0	0	2.80556	0	0	0	0	0	0	0	0	0	0	0	0	0	0	0	0	0	0	0	0	0	0	0	0	0	0	0	0.400598	0	0	0	0
K06024	0	0	0	0	0	0	0	0	0	0	0	0	0	0	0	0	0	0	0	0	0	0	0	0	0	0	0	0	0	0	0	0	0	0	0	0	0	0	0	0	0	0	0	0	0	0	0	0	0	0.0333333	0	0	0	0	0	0	0	0	0	0	0	0	0	0	0	0	0	0	0	0	0	0	0	0	0	0	0	0	0	0	0.416667	0	0	0	0	0	0	0	0	0	0	0	0	0	0	0	0	0	0	0	0	0	0	0	0	0	0	0	0	0	0	0	0	0	0	0	0	0
K05601	10.387536	3.297475	0.211864	12.134918	4.334315	4.493789	0.0981638	53.6917322	0	8.627872	32.796785	77.063042	1.41667	0.5162432	22.168234	0.559793	0.183824	20.9813644	5.0476605	0.667447	0.162562	0.211864	0.114943	10.16984	5.266049	4.557411	0	12.202264	32.098685	0.221045	0	2.307727	25.271452	3.01819	1.300315	8.301516	15.365661	1.6308034	0.2510605	9.5395507	3.0819966	1.807097	16.292656	2.353155	10.767903	16.731332	0.634181	0.2316388	3.878059	8.36578	0	66.514327	0	2.95942	3.6846992	2.421716	0.105932	10.903738	10.995195	8.286297	19.987225	5.981101	6.2487993	26.957387	5.973142	4.2736621	11.441654	15.576978	4.23979	2.28601	0.211864	0.139716	5.916107	11.787744	11.351838	16.342084	2.61149	19.116845	54.150912	4.337728	0.742213	7.3422433	0.817534	2.809143	3.639841	78.236698	5.402792	0.5023474	10.513481	2.015545	0.588522	3.06865	1.1809737	15.300528	0.831051	0.119332	0.114943	2.195689	0.105932	0.773379	0.860913	45.41769	0.346875	1.492355	0.212766	11.956195	1.103834	1.710063	15.957772	4.544998	13.31537	13.694168	1.289894	25.396372	0.318247	5.774071	0.105932	1.728046
K02824	0	0	0	0	0	0	0	0	0	0	0	0	0	0	0	0	0	0	0	0	0	0	0	0	0	0	0	0	0	0	0	0	0	0	0	0	0	0	0	0	0	0	0	0	0	0	0	0	0	0	0	0	0	0	0	0	0	0	0	0	0	0	0	0	0	0	0	0	0	0	0	0	0	0	0	0	0	0	0	0	0	0	0	0	0	0	0	0	0	0	0	0	0	0	0	0	0	0	0	0	0	0	0	0	0	0	0	0	0	0	0	0	0	0	0	0	0	0
K08680	0	0	0	0	0	0	0	0	0	0	0	0	0	0	0	0	0	0	0	0	0	0	0	0	0	0	0	0	0	0	0	0	0	0	0	0	0	0	0	0	0	0.21097	0	0	0	0.21097	0	0	0	0	0	0	0	0	0	0	0	0	0	0	0	0	0	0	0	0	0	0	0	0	0	0	0.718706	0	0	0	0	0	0	0	0	0	0	0	0	0	0	0	0	0	0	0	0	0	0	0	0	0	0	0	0	0	0	0	0	0	0	0	0	0	0	0	0	0	0	0	0	0
K00858	0	0	0	0	0	0	0	0	0	0	0	0	0	0	0.229358	0	0	0	0	0	0	0	0	0	0	0	0	0.229358	0.229358	0	0	0	0	0	0	0	0	0	0	0	0	0	0	0	0	0	0	0	0	0.229358	0	0	0	0	0	0	0	0	0.458716	0	0	0	0	0	0	0	0	0	0	0	0	0	0	0	0.14526	0	0	0	0	0	0	0	0	0	0	0	0	0	0	0	0	0	0	0	0	0	0	0	0	0	0	0.178899	0	0	0	0	0	0	0	0	0	0	0	0	0	0	0	0
K01007	0.973906	0	0	0	0	0.318471	0	1.83633	0	0	0	0.956725	0.274939	0	0.442451	0	0	0.105485	0.231481	0	0	0	0	0	0	0	0	0	1.047528	0	0	0	0	0.336966	0	0	0.89739	0	0	0.0919118	0.21097	0	0	0	0	1.685746	0.231481	0	0	0.645098	0	0	0.42735	0.356209	0	0.386761	0	0.227273	0	0.182482	0.490196	0.174632	0.21097	0.415305	0	1.6017459	1.567497	0	0.231481	0	0	0	0	0	0	3.055717	0	0.4238384	1.907237	0.275735	0	0	0.600314	0.513364	0	1.204358	0	0	0	0	0	0	0	1.141007	0	0	0	0	0	0.258799	0	2.961807	0	0	0	0	0	0.203252	0	0	0	0	0.231481	0	0	0.0919118	0.246305	0
K02653	0	0	0	0	0	0	0	0	0	0	0	0	0	0	0	0	0	0	0	0	0	0	0	0	0	0	0	0	0	0	0	0	0	0	0	0	0	0	0	0	0	0	0	0	0	0	0	0	0	0	0	0	0.146199	0	0	0	0	0	0	0	0	0	0	0	0	0	0	0	0	0	0	0	0	0	0	0	0	0.146199	0	0	0	0	0	0	0	0	0	0	0	0	0	0	0	0.115984	0	0	0	0	0	0	0	0.146199	0	0	0	0	0	0	0	0	0	0	0	0	0	0	0	0
K00762	0	0	0	0.510204	0	0.684932	0	0	0	0.534247	0.230594	0.53653	0.85034	0	0	0	0	0	0	0	0	0	0	0	0	0	0	0.924658	0.53653	0	0	0	0	0	0	0	0.897261	0	0	0.342466	0	0.219178	1.26941	0	0	0	0	0	0	0	0	0.984018	0	0	0	0.866035	0	0.319347	0	0	0	0	0	0	0	0	0	0	0	0	0	0	0	1.36986	0	0.343537	0	0.312785	0	0	0	0	0	0.582192	0.795224	0.712329	0	0	0	1.02283	0	0	0	1.43836	0	0	0	0	0	0	0	1.632292	0	0	0	0	0.557078	0	0.342466	0	0	0	0	1.19863	0	0.210046	0	0
K10947	2.29667	0	0	1.205556	0	0.387597	0	0	0	1.786342	1.400956	0.566667	0.705556	0	1.451818	0	0	1.137363	0	0	0	0	0	0	0	0	0	3.486504	2.01667	0	0	0	0	0	0	0	4.377438	0	0	2.540052	0	0.96124	4.8719	7.152146	8.065874	4.083333	0	0	0.861111	3.485715	0	1.36825	0	1.99667	0.865556	18.581231	0	0	3.62768	0	2.84354	0.8247724	0	1.606198	0	0.94186	5.102226	0	0	0.372222	0	0	7.48062	0	3.04606	3.753205	1.06111	0.454212	2.873733	3.43021	1.803175	1.15556	4.22222	0.916667	1.422222	0	0	0	0	0.47619	0	0	0	0.930159	0	0	0	0.555556	0	0	0	3.130975	0	0	0	0	0	0.383721	0	0	0	0	0.418605	1.547081	0	0	0	0.422222
K01091	0	0	0	0	0	0	0	0	0	0	0	0	0	0	0	0	0	0	0	0	0	0	0	0	0	0	0	0	0	0	0	0	0	0	0	0	0	0	0	0	0	0	0	0	0	0	0	0	0	0	0	0	0	0	0	0	0	0	0	0	0	0	0	0	0	0	0	0	0	0	0	0	0	0	0	0	0	0	0	0	0	0	0	0	0	0	0	0	0	0	0	0	0	0	0	0	0	0	0	0	0	0	0	0	0	0	0	0	0	0	0	0	0	0	0	0	0	0
K01854	0	0	0	0	0	0	0	0	0	0	0	0	0	0	0	0	0	0	0	0	0	0	0	0	0	0	0	0	0	0	0	0	0	0	0	0	0	0	0	0	0	0	0	0	0	0	0.168919	0	0	0	0	0	0	0	0	0	0	0	0	0	0	0	0	0	0	0	0	0	0	0	0	0	1.43911	0	0	0	0	0	0	0	0	0	0	0	0	0	0	0	0	0	0	0	0	0	0	0	0	0	0	0	0	0	0	0	0	0	0	0	0	0	0	0	0	0.552276	0	0	0	0
K00243	0	0	0	0	0	0	0	0	0	0	0	0	0	0	0.658009	0	0	0.34632	0	0	0	0	0	0	0	0	0	0.495389	0.592885	0	0	0	0	0.212121	0	0	0	0	0	0	0	0.0645586	0	0	0	0.43771	0	0	0	0.372294	0	0	0	0	0	0	0	0	0	0	0	0	0	0	0.393939	0	0	0	0	0.126984	0	0	0	0	0	0.837519	0	0	0	0	0	0	0	0.197628	0	1.36797	0	0	0	0	0	0	0	0.0987654	0	0	0	0	0	0	0	0	0	0	0	0	0	0	0.341991	0	0	0	0	0.26455	0	0	0	0.26455
K03596	0.363636	0	0.0909091	0.181818	0	0.0909091	0	2.77636	0	0.0909091	0.142424	1.29152	0.141212	0	0.272121	0	0.0909091	1.6636391	0	0	0	0	0	0.635152	0.287273	0	0	0.1818182	0	0	0	0	0.181818	0	0	0	0.069697	0	0	0	0	0.0909091	0	0.131926	0	2.3199991	0	0	0.0472727	0.1818182	0	0.272727	0	0.432727	0.272727	0.0781818	0	0.175152	0	0.263852	0.515152	0	0	0.4545451	0	0.163636	1.7575791	0	0	0.181818	0	0	0	0	0.262973	0.493333	0	0.181818	0.592121	0.410909	0	0	0	0.175758	0	0.0909091	0	0	0.181818	0	0	0	0	0.363636	0	0	0	0.0909091	0	0	0	0.2796096	0	0	0	0.0909091	0	0	0.43697	0.0909091	0	0.181212	0	0.0909091	0	0	0	0
K16786	0	0	0	0	0	0	0	0	0	0	0	0	0	0	0	0	0	0	0	0	0	0	0	0	0	0.432749	0	0	0	0	0	0	0	0.396825	0	0	0	0	0	0	0	0	0	0	0	0	0	0	0	0	0	0	0	0	0	0	0	0.396825	0	0	0	0	0	0	0	0	0	0	0	0	0	0	0.806452	0	0	0.333333	0	0	0.79365	0	0	0	0	0	0	0	0	0	0	0	0	0	0	0	0	0	0	0	0	0	0	0	0	0	0	0	0	0	0.333333	0	0	0	0	0	0	0	0	0
K03296	0	0	0	0	0	0	0	0	0	0	0.290598	0	0	0	0	0	0	0	0	0	0	0	0	0	0	0	0	0	0	0	0	0	0	0	0	0	0.948718	0	0	0	0	0	0	0	0	1.03419	0	0	0	0	0	0	0	0	0	0	0	0	0	0	0	0	0	0	0	0	0	0	0	0	0	0	0	0	0	0	0	0	0	0	0	0	0	0	0	0	0	0	0	0	0	0	0	0	0	0	0	0	0	0	0	0	0	0	0	0	0	0	0	0	0	0	0	0	0	0	0	0
K02931	0	0	0	0	0	0	0	0	0	0.371795	0	0.382051	1.89744	0	0	0	0	0	0	0	0	0	0	0	0	0	0	0.34359	3.52564	0	0	0	0	0.44359	0	0	0	0	0	0	0	0	0	0.664103	0	0.125641	0	0	0	0.384615	0	0.382051	0	0	1.22308	0	0	0	1.15385	0	0.112821	0	0	0.384615	0	0	1.2641	0	0	0	0	0	0	6.15128	0	1.51795	0	0	0.371795	0.384615	0	0	0	0	0.384615	0	0	0	0	0	0	0	0	0	0	0	0	0	0	0	0	0	0	0	0	0	0	0	0	0	0	0	0	0	0	0	0	0
K02013	0	0	0	0.641337	0	0.0894855	0	4.40527	0	1.510604	0.585758	1.104758	1.816166	0	1.703129	0	0	0.234742	0.553213	0.3254346	0	0.473934	0	0.8299043	0.333333	0	0	1.351833	3.900075	0	0.947867	0	0.601227	0	0	0.469484	0.363296	0	0	0.236967	0.429822	0.910871	1.649452	1.18483	0	1.273612	0	0	0.236967	0.238095	0	1.859934	0.473934	0.233645	0	1.420314	0	0.22963	1.174491	0.56763	0.234742	0.569918	0	0.41426789	1.44131	1.949067	1.116582	1.425222	0.177778	0.236967	0	0	3.55292	0	0.343234	2.4776095	0	1.129653	1.396053	0.236967	0.115324	0.6523492	0.252101	1.159847	0.234742	4.174276	0	0.44843	0.666422	2.449284	0	0	1.18325	3.585667	0	0	0	0	0	0	0.215517	1.014169	0	0	0	0	0.464789	0.537263	0.236967	0	0.0312989	0	0	0.0594679	0	0.15	0	0.57957
K00566	0.8702518	0.164474	0	0.9422577	0.985746	0.390718	0	5.364294	0	0.234568	1.39244	1.5766097	0.064693	0	0.35008	0	0	0.5838003	0	0	0	0	0	0.328947	0.674809	0.164474	0	0.30024	0	0	0	0	1.482556	0	0	0	0.493421	0	0	0.646525	0.162281	0	0	0.136364	0.881148	2.613918	0.00094697	0	0.420168	0.142045	0	0.0265152	0	0.142045	0.306519	0.226244	0.226244	0.164474	0	1.79245	0.3190793	0.725378	0.164474	2.71179	0.1281894	1.068069	2.874494	0	0	0	0	0	0.66843	0	0	1.564121	0	0.579794	1.700114	0	0	0.532763	0.118166	0	0	3.784702	0.141098	0	0.280004	0.164474	0	0.164474	0	0.977821	0	0	0	0	0.254735	0.29994	0	1.43251	0	0	0	0	0	0	0.3883073	0.164474	0	0.142045	0	0	0	0.123106	0	0.6932303
K03101	0.512028	0	0	0	0	0	0	0	0	0.512028	0	0	0	0	0	0	0	0	0	0	0	0	0	0	1	0	0	0	0	0	0	0	0	0	0	0	0	0	0	0	0	0	0	0	0	1.708859	0	0	0	0	0	0	0	0	0	0	0	0	0	0	0	0	0.512028	0	0	1.01718	0	0	0	0	0	0	0	0	0	0.883161	0	0.137457	0	0.512028	0.512028	0	0	0	0	0.264605	0	0	0	0	0	0	0	0	0	0	0	0	0	0	0	0	0	0	0	0	0	0	0	0	0	0	0	0	0	0	0	0
K09816	0	0	0	0	0	0	0	0	0	0	0	0	0	0	0	0	0	0	0	0	0	0	0	0	0	0	0	0	0	0	0	0	0	0	0	0	0	0	0	0	0	0	0	0	0	0	0	0	0	0	0	0	0	0	0	0	0	0	0	0	0	0	0	0	0	0	0	0	0	0	0	0	0	0	0	0	0	0	0	0	0	0	0	0	0	0	0	0	0	0	0	0	0	0	0	0	0	0	0	0	0	0	0	0	0	0	0	0	0	0	0	0	0	0	0	0	0	0
K07095	0	0	0	0.3184186	0	0	0	0	0	0.350575	0.431034	1.154574	0	0	0.79885	0	0	0.7280257	0.40404	0	0	0	0	0.431034	0.658045	0	0	0.60241	3.026656	0	0	0	0	0.431034	0	0	2.54167	1.44242	0	0	0.549451	0	0	0	0.850575	1.5	0	0	0	0.396552	0	0.580459	0	0.549451	0	0.431034	0	0	0	0.186782	2.2931	0	0	0	0.204023	0.5639093	1.649412	0.275862	0	0.29023	0	0	0	0	0	1.3632686	0	0.40873	0.344828	0.0517241	0	0	0	0.12069	0	0	0	0	0	0	0	0	0	0.804367	0	0	0	1.204598	0	0	0	0	0	0	0	0	0	0	0	0	0.431034	0	0	0	0	0.206897	0	0
K01579	0	0	0	0	0	0	0	0	0	0	0	0	0	0	0	0	0	0	0	0	0	0	0	0	0	0	0	0	0	0	0	0	0	0	0	0	0	0	0	0	0	0	0	0	0	0	0	0	0	0	0	0	0	0	0	0	0	0	0	0	0	0	0	0	0	0	0	0	0	0	0	0	0	0	0	0	0	0	0	0	0	0	0	0	0	0	0	0	0	0	0	0	0	0	0	0	0	0	0	0	0	0	0.708333	0	0	0	0	0	0	0	0	0	0	0	0	0	0	0
K03756	2.286576	0.349508	0.774112	3.182006	1	2.0112719	0	11.164976	0	1.846588	7.940369	11.846312	0.904187	0.516274	7.969646	0.905645	0	3.315311	0.230118	0.507614	1.3465029	0.253807	0	2.8086138	2.7064822	1.250177	0	5.552142	6.236001	0.497084	0	0.219966	7.055741	0.697431	2.154229	0.56599	9.402737	0.253807	0.126904	3.70059	0.258138	2.85411	7.069654	8.836651	7.520963	12.678235	0.2868019	0.0905245	2.934771	1.139899	0	21.497381	0	6.833992	2.505816	20.057612	0.179856	0.9830242	2.527121	0.524934	6.155691	4.1091365	1.269036	5.401308	3.627963	3.015663	13.9545455	1.117763	0.104918	0.254781	0.126904	0	19.557764	0.301184	12.4138337	2.9422439	0.4670441	4.504551	6.999357	2.198413	2.049763	1.552037	1.427846	3.925596	1.245408	24.594572	1.011198	0.179856	1.374119	1.760056	0.1852792	1.453348	2.612896	14.2762291	0	0	0	0.126904	0	0.380711	0	16.2149	0	0	0	0.586039	0.335025	0.688585	1.246158	0.560567	1.184933	0.253808	1.12763	3.751031	0	2.511294	0	0.247166
K08483	0	0	0	0	0	0	0	0	0	0	0	0	0	0	0	0	0	0	0	0	0	0	0	0	0	0	0	0	0	0	0	0	0	0	0	0	0	0	0	0	0	0	0	0	0	0	0	0	0	0	0	0	0	0	0	0	0	0	0	0	0	0	0	0	0	0	0	0	0	0	0	0	0	0	0	0	0	0	0	0	0	0	0	0	0	0	0	0	0	0	0	0	0	0	0	0	0	0	0	0	0	0	0	0	0	0	0	0	0	0	0	0	0	0	0	0	0	0
K03544	1.661246	0.13587	0	1.052202	0.2871379	1.840389	0	24.9706752	0	3.2128884	9.624949	16.72909	0.439883	0.293255	3.082158	0	0	3.470476	0.78895	0.271739	0.13587	0	0.21256	2.284197	2.586064	0.844106	0	4.2059182	3.433263	0.270833	0	0.13587	4.818173	1.095108	0	1.615946	3.343795	1.211332	0	0.4737322	1.004878	1.083265	1.06884	3.999286	1.767757	6.276223	0.6938414	0	0.429125	1.686351	0	15.559859	0	0.953804	1.733963	3.6145917	0.270834	1.382188	0.701067	0.115036	7.18322	0.963769	0.253623	6.634858	4.589674	3.2918427	13.256965	1.566806	0.146628	0.4300702	0	0	7.078467	4.20337	2.994963	5.661897	0.429125	3.340191	8.299099	0.777761	0.55615	2.148104	1.077914	1.643691	1.5928256	35.744894	0.8132949	0	0.62036	2.54763	0.498189	2.016206	1.9344492	26.57127	0.183521	0	0	0.13587	0	0	0	36.561489	0.271739	0.565857	0	0.41304378	0	1.103262	2.163416	0	1.9459975	0.6721016	0.293255	5.752804	0.146628	3.81645	0	0.870774
K00231	0	0	0	0.2820444	0.185529	0	0	4.751441	0	0.468868	1.8509667	3.7744009	0	0	1.0426423	0	0	1.6968196	0	0.2786384	0	0	0	1.056353	1.1089882	0	0	0.408998	2.7085424	0	0	0	2.283175	0.1851858	0	1.370201	0.1851858	0.2690253	0.0927644	0.0970874	0	0.451899	0.502513	0.582524	0.948066	1.6297214	0.185874	0	0.5408234	1.128626	0	1.626646	0.0531849	0.358504	0.66932	0.0970874	0	0.185113	0	0	1.592496	0.0927644	0	0.773291	1.60297	1.267471	0.3958574	1.2782918	0.0927644	0	0	0	0.5955174	0	1.837612	1.390791	0	1.2019592	1.6351137	0.224276	0.149701	0.210267	0	0.670319	0.497983	5.4048996	0.0927644	0	0.3019476	0	0	0.0970874	0.863946	0.929285	0	0	0	0	0	0.206186	0	0.363484	0	0	0	0.2832817	0	0.291262	0.278293	0	0	0.3707144	0	0	0	0.898554	0	0.6300554
K02843	0	0	0	0.6734	0	0	0	1.927051	0	0.202429	1.17975	1.5419794	0	0	0.59848	0.52356	0	0.861383	0	0	0	0.16835	0	0.7657844	0.395062	0	0	0.3367	0.38209	0.335578	0	0.297418	2.39392	0	0	0	0.16835	0.16835	0	0.3367	0	0	1.61943	0	0.20202	2.209284	0	0	0	0.190227	0	0.475024	0.202429	0.23569	0.16835	0	0	0.43013	0.168691	0	1.158302	0	0	0.16835	0.312009	0	0	0	0	0	0	0	0	0	0	0.50505	0.0773606	0.76683	1.145599	0.493827	0	0.0594837	0	0	0	2.6005	0	0	0	0	0	0.16835	0	0	0	0	0	0	0	0	0	0	0	0	0	0	0	0	0.170648	0	0.632996	0	0.202429	0	0	0	0	0
K09772	0	0	0	0.294118	0	0	0	0	0	0.681373	0	0.735294	0	0	0	0	0	0	0	0	0	0	0	0	0	0.617647	0	1.59314	4.25	0	0	0	0	0.416667	0	0	0	0	0	0.735294	0	0	0	0	0	0	0	0	0	0	0	0	0	0	0	0	0	0	0	0	0	0	0	0	0	0	0.0294118	0	0.563725	0	0	0	0	0	0	0	0	0	0	0	0	0	0	0.0294118	0.245098	0	0	0	0	0.514706	0	0	0	0	0	0	0	0	0	0	0	1.72549	0	0	0	0	0	0	0	0	0	0	0	0	0	0	0	0
K03074	0.46729	0	0	0	0	0	0	1.85034	0	0	0	0	0	0	0	0	0	0	0	0	0	0	0	0	0.260417	0	0	0.581989	0.19086	0	0	0	0.27451	0.430638	0	0	0.094086	0	0	0	0	0.427857	0	0	0	1.521392	0.226244	0	0.260417	0	0	1.58371	0	0	1.13122	0	0	0.260417	0	0.452489	0.46729	0	0	0	0	0	0.814322	0	0	0	0	0	0	0	0	0.807689	0	0.832803	0	0	0	0.226244	0	0.201613	0.201613	8.21634	0.0593607	0.201613	0	0	0	0	0	0.414283	0	0	0	0.226244	0	0	0	0.403226	0	0	0	0	0	0	0	0.201613	0	0	0	0	0	0	0	0
K08301	0.323132	0.116588	0	0.117371	0	0.234742	0	4.467325	0	0.469484	0.76416	5.0032494	3.18222	0	0.2863852	0	0	1.328518	0.071205	0	0	0	0	1.4543	0.352113	0	0	0.117371	1.28301	0	0	0	0.71103	0.476288	0	0	0.352113	0	0	0.600463	0.057903	0.310889	0	0	1.4642939	1.853438	0	0	0.452269	0.344288	0	0.234742	0.128205	0.358917	0	0	0	0.234742	0	0	1.1251959	0.629107	0	3.588491	1.45462	0.352113	0.918306	0.122931	0	0	0	0	0	0	0.9247022	1.3675577	0	0.807115	0.352113	0	0	0.79734	0	0	0	0.117371	0	0.117371	0.912281	0.117371	0	0.117371	0.117371	0.128205	0	0	0	0	0	0	0	0	0	0	0	0.197966	0	0	0	0	0.128205	0	0.177305	0	0	0	0	0.116588
K01057	0	0	0	0.3415846	0	0.247525	0	0.0973597	0	0	0.874588	0	0	0	2.95635	0	0.247525	0.722772	0	0	0	0	0	0.458746	0.529703	0	0	0	0.311881	0	0	0	2.437879	0	0	0	0.440594	0	0	0	0	0	0	0	1.4769	0.19967	0	0	0.33557	0	0	1.860425	0.0462046	0.247525	0	0	0	0	0.83062	0	0.33557	0.247525	0	2.475248	0.414191	2.403081	1.00447	0	0.161716	0	0	0	0	0	0	2.647147	0	0.49505	2.476899	1.612929	0	0.160066	0	0	0.245875	3.249004	0	0	0.247525	0	0	0	0	0.0544554	0	0	0	0.232673	0	0	1.36559	0	0	0	0	0.247525	0	0.247525	0.716124	0	0	0	0	0.247525	0	0	0	0
K03326	0	0	0	0	0	0.712121	0	0	0	0	0	0	0	0	0	0	0	0	0	0	0	0	0	0	0	0	0	0	0	0	0	0	0	0	0	0	0	0	0	0	0	0	0	0	0	0	0	0	0	0	0	0	0	0	0	0	0	0	0	0	0	0	0	0	0	0	0	0	0	0	0	0	0	0	0	0	0	0	0.796748	0	0	0	0	0	0	0	0	0	0	0	0	0	0	0	0	0	0	0	0	0	0	0	0	0	0	0	0	0	0	0.308943	0	0	0	0.765957	0	0	0	0
K03429	0	0	0	0	0.862069	0.0567164	0	1.62763	0	0	0.149254	0	0.221891	0.149254	0.597015	0.149254	0	0.0756219	0	0	0	0	0	0.181265	0	0	0	0	0	0	0	0	0	0.443372	0	0	0.149254	0	0	0	0.149254	0	0	0	0.250746	0.6845772	0	0	0	0	0	0.182482	0.149254	0.62388	0.149254	0.129353	0	0.149254	1.43326	0	0.4642735	0.264677	0	0.447761	0	0.871891	0	0.554229	0	0	0	0	0	0	0	2.5730853	0.384615	0.149254	0.639056	0	0	0.149254	0	0	0	1.21692	0	0	0	0	0	0	0	0.298508	0	0	0	0	0	0	0	0	0	0	0	0	0	0	0.298507	0	1.09623	0.149254	0	0.340136	0	0	0	0
K07027	0	0	0	0	0	0	0	0	0	0	0	0	0	0	0	0	0	0	0	0	0	0	0	0	0	0	0	0	0.355872	0	0	0	0	0	0	0	0	0	0	0	0	0	0	0	0	0	0	0	0	0	0	0	0	0	0	0	0	0	0	0	0	0	0	0	0	0	0	0	0	0	0	0	0.531435	0	0	0	0	0	0	0	0	0	0	0	0	0.220641	0	0	0	0	0	0	0	0	0	0	0	0	0	0	0	0	0	0	0	0	0	0	0	0	0	0	0	0	0	0.192053	0	0
K06895	0	0	0	0	0	0	0	0	0	0	0	0	1.00215	0	0	0	0	0	0	0	0	0	0	0	0	0	0	0	0	0	0	0	0	0.327609	0	0	0	0	0	0	0	0	0	1.25806	0	0.878137	0	0	0	0	0	1.05634	0	0	0	0.352113	0	0	0	0	0.0485651	0	0	0	0	0	0.4183382	0	0	0	0	0	0	0	0	0	0	0	0	0	0	0	0	0	0.208602	0.337662	0	0	0	0.135484	0	0	0	0	0	0	0	0	0	0	0	1.902653	0	0	0	0	0.322581	0	0	0	0	0	0	0	0	0	0	0
K08998	1	1	0	0	0	2.970588	0	6.47223	0	1.81944	4.185459	13.34722	2	2	3.31944	0	0	1	0	0.598039	0	0	0	0	1.41667	1	0	5.706284	5.56291	0	0	0	1.69444	1	0	5.91667	2.2549	0	0	0.901961	0	0.5	4.15686	0.313726	3.20833	7.36111	1	0	1	0	0	13.52941	0	2	1.625	5.45098	0	0	0	0	4.81944	0.708333	0	3.31944	3	1.66667	5.71732	2	0	0	0	0	36.194833	0	5.382357	2.86111	1	1	2.90278	0	0	3.514709	0.813725	4.31373	1.52941	8.26634	0	0	2.637253	0	0.77451	2.594771	3.261027	11.152773	0	0	0	0	0	0	0	3.028187	0	0	0	0	0	0.381944	0	0	0	0	0	0.588235	0	1.53922	1	0
K01000	0	0	0	0	0	0	0	0	0	0	0	0	0	0	0	0	0	0	0	0	0	0	0	0	0	0	0	0	0	0	0	0	0	0	0	0	0	0	0	0	0	0	0	0	0	0	0	0	0	0	0	0	0	0	0.165414	0	0	0	0	0	0	0	0	0	0	0	0	0	0	0	0	0	0	0	0	0	0	0	0	0	0	0	0	0	0	0	0	0	0	0	0	0	0	0	0	0	0	0	0	0	0	0	0	0	0	0	0	0	0	0	0	0	0	0	0	0	0	0
K03321	0.4580862	0	0	0.3957032	0	0	0	1.827724	0	0	0.298624	1.355094	0	0	0	0	0	0.6930699	0.0990099	0.2986238	0	0	0	0.4805278	0	0	0	0.200604	0.100604	0	0	0.0990099	0.39604	0.3953795	0	0	0	0.19802	0	0	0.1980198	0	0	0	0.4109418	0.9056109	0	0	0.0844885	0.2	0	0	0	0.0990099	0	0.0646865	0	0	0.502347	0	0.6448847	0.409836	0.0990099	0.1914191	1.3749182	1.0325435	0.6178004	0.178218	0	0	0	0	0	0	0	1.4944483	0.0990099	0.9280528	0.1530363	0	0.2356219	0.4950498	0	0	0	1.646205	0.3200259	0	0.0990099	0	0	0	0	0.2910891	0	0	0	0	0	0	0	0	0	0	0	0	0	0	0.1980198	0	0.0990099	0.136612	0	0	0	0	0.5	0
K01889	0.343643	0	0	0.343643	0	0.342497	0	3.031296	0	0.171821	0.171821	1.594314	1.224169	0	0.833838	0	0	0.539235	0.180441	0.343642	0	0	0	0.833839	0.449026	0	0	0.342585	0.515464	0	0	0	0	0	0	0	0.352806	0	0	0	0	0.77531	0	0.2348221	0.7670593	0.915978	0	0	0.106529	0.969143	0	0.882015	0	0.171821	0.343643	1.151846	0	0.206612	0	0	0.888595	1.065292	1.6197	0.343643	2.0504	1.548801	1.868976	0.343643	0	0.38525	0	0	2.040279	0	0.467679	3.636758	0	1.353028	1.915598	0.343642	0.286136	0.86333	0.591716	0.171821	0	1.352139	0	0	0	0.512028	0.171821	0.206612	0.171821	0.282932	0	0.343643	0	0.343643	0	0	0	1.114635	0	0.0630011	0	0.171821	0	0	0.513173	0	0	0	0.316456	0.643635	0	0	0	0
K02837	0	0	0	0	0	0	0	0.414246	0	0	0	0.103734	0.207469	0	0.103734	0	0	0.275242	0	0	0	0	0	0	0.311202	0.311203	0	0	0	0	0	0.0961272	0.311203	0	0	0	0	0	0	0.188105	0	0	0	0	0	0.1784228	0	0	0	0.207469	0	0.103043	0	0.103043	0	0	0	0	0	0	0.3029047	0	0.196404	0	0.726141	0	0.100277	0	0	0.344828	0	0	0	0	0	0.72545	0	0.103734	0.103734	0.103734	0	0	0.689655	0.103734	0.0117566	1.213	0	0	0	0	0	0.103734	0	0.0857538	0	0	0	0	0	0	0	0.207469	0	0.0802213	0	0.103734	0.103734	0	0.273859	0	0	0.103734	0.103734	0	0	0	0	0
K00432	0	0	0	0	0	0	0	0	0	0	0	0	0	0	0.417445	0	0	0	0	0	0	0	0	0	2.43262	0	0	0.381679	0	0	0	0	0	0	0	0	0.124682	0.82243	0	0	0	0	0	0	0	0	0	0	0	0.381679	0	0	0	0	0.381679	0	0	0	0	0	0	0	0	0	0	1.14249	0	0	0	0	0	0	0	0	0	0.836879	0	0	0.4325696	0	0	0	0	0	0	0	0	0	0.0305344	0	0	0	0	0.763359	0	0	0	0	0	0	0	3.415596	0	0	0	0	0	0	0.256997	0	0	0	0.445483	0	0	0.764796	0	0
K09457	0	0	0	0	0	0	0	0	0	0	1.528254	0.520833	0	0	1.365945	0	0	0	0	0	0	0	0	0.787356	0	0.438596	0	0	0	0	0	0	3.38506	0.320872	0	0	0.9375	0	0	0	0	0	0	0	0	0.522988	0	0	0	0	0	3.09735	0	0.438596	0	0.3125	0	0	0.431034	0	0.431034	0	0	0	0	2	1.927158	0	0	0	0	0	0	0.862069	0.734513	1.795528	0	0	0	0	0	0	0	0	0	1.747024	1.48837	0	0	0	0	0.431034	0	0.873512	0	0	0	0	0	0	0	0	0	0	0	0	0	0	0	0	0	0	0	0	0	0.33908	0	0
K00772	0	0	0	0.63721	0.337985	0	0.0527132	0.852713	0	0	0.757185	1.393799	0.930232	0	0.232558	0	0	1.537984	0	0.162791	0	0	0	0.465116	0.465116	0	0	0.512821	1.983087	0	0	0	0	0.232558	0	0	1.065116	0	0	0.227907	0	0	0	0	0.44186	1.055814	0	0	0	0	0	0	0	0	0	1.0428938	0	0.108527	0	0.25641	0	0.5581393	0	1.048062	0.572093	0.697674	1.409822	0	0	0	0	0	0	0	0.25641	0.964937	0	0.890112	0	0.232558	0	0.468407	0.465116	0	0.50641	0.274689	0	0	0	0	0	0	0	1.421749	0	0	0	0	0	0	0	2.945019	0	0	0	0	0	1.111972	0.232558	0	0	0.210853	0	0.721526	0	0.960114	0	0.305426
K09014	0	0	0	0	0	1.549383	0	2.937533	0	2.063401	5.455605	1.221564	0.18254	0	0	0	0	0	0	0.583141	0	0.225225	0	0	0	0.289017	0	3.5187386	4.524602	0	0	0	0.340136	0	0	0	4.542074	0.216667	0	5.356997	0	1.35970692	2.814346	1.420253	0	0	0	0	0	0.476191	0	12.863924	0.119048	0	1.15607	2.262525	0	0.952381	0.357143	1.43818786	0	0.471429	0	2.862909	0	0	4.654898	0.6210461	0.35635	0.558731	0	0	18.061428	0	5.37496	0.119048	0	0	0.47619	0.246032	0.119048	0	2.37064	5.030435	1.26831	5.906195	0.119048	0	0.340136	1.126984	0.414286	1.4340282	2.03061	8.73809	0	0	0	0.238095	0.0531746	0	0.225225	15.780472	0.225225	0.296984	0	0	0.460261	1.2778	0.724521	0	0	0	0.289017	3.4451353	0	1.23987	0	0.296984
K01752	0	0	0	1	0	0	0	0	0	0	0	0	1.7623	0	0.442478	0	0	0	0	0	0	0	0	0	0	0	0	0.382051	0.636467	0	0	0	0	0	0	0	0	0	0	0	0	0.34359	0	0	0	0.0222222	0	0	0	0.384615	0	0	0	0	0	0.292398	0	0	0.582846	0	0	0	0	2.787641	0	0	0	0	0	0	0	0	0	0	1.19945	0	0	0	0.277778	0	0	0	0	0.584796	0.323077	0	0	0	0	0	0	0	0	0	0	0	0	0	0	0	0	2.617486	0	0	0	0	0	0	0	0	0	0	0	0	0	0	0	0
K02428	0	0	0	0	0	0	0	0	0	0	0	0	0	0	0	0	0	0	0	0	0	0	0	0	0	0	0	0	0.773333	0	0	0	0	0	0	0	0	0	0	0	0	0	0	0	0	0	0	0	0	0	0	0	0	0	0	0	0	0	0	0	0	0	0	0	0	0	0	0	0	0	0	0	0	0	0	0	0	0	0	0	0	0	0	0	0	0	0	0	0	0	0	0	0	0	0	0	0	0	0	0	0	0	0	0	0	0	0	0	0	0	0	0	0	0	0	0	0	0
K03531	0	0	0	0	0	0	0	0	0	0	0	0	0	0	0	0	0	0	0	0	0	0	0	0	0	0	0	0	0	0	0	0	0	0	0	0	0	0	0	0	0	0	0	0	0	0	0	0	0	0	0	0	0	0	0	0	0	0	0	0	0	0	0	0	0	0	0	0	0	0	0	0	0	0	0	0	0	0	0	0	0	0	0	0	0	0	0	0	0	0	0	0	0	0	0	0	0	0	0	0	0	0	0	0	0	0	0	0	0	0	0	0	0	0	0	0	0	0
K07566	0	0	0	0	0	0	0	0	0	0	0	0	0	0	0	0	0	0	0	0	0	0	0	0	0	0	0	0	0	0	0	0	0	0	0	0.485437	0	0	0	0	0	0	0	0	0	0	0	0	0	0	0	0	0	0	0	0	0	0	0	0	0	0	0	0	0	0	0	0	0	0	0	0	0	0	0	0	0	0	0	0	0	0	0	0	0	0	0	0	0	0	0	0	0	0	0	0	0	0	0	0	0	0.805825	0	0	0	0	0	0	0	0	0	0	0	0	0.242718	0	0	0
K01611	0	0	0	0	0	0	0	0	0	0	0.384615	0	0	0	0	0	0	0	0	0	0.242667	0	0	0	0.246154	0	0	0	0	0	0	0	0	0	0	0	0	0	0	0	0	0	0	0	0	0	0	0	0	0.466667	0	0	0	0	0	0	0	0	0	0	0	0	0	0	0	0	0	0	0	0.343284	0	0	0	0	0	0.258706	0	0	0	0	0.510204	0	0	0	0	0	0	0	0	0	0	0	0	0.6689458	0	0	0	0	0	0	0	0.870328	0	0	0	0	0	0	0	0	0	0	0	0	0	0.226667	0	0
K18707	0	0	0	0	0	0	0	0	0	0.13089	0	0	0	0	0	0	0	0	0	0	0	0	0	0	0	0	0	0.884043	0	0	0	0	0	0	0	0	0	0	0	0	0	0.26178	0	0	0	0.102094	0	0	0.13089	0.13089	0	0	0	0	0	0	0	0	0	0	0	0	0	0	0	0	0	0	0	0.13089	0	0	0	0	0	0.37535	0	0	0	0	0	0	0	0.420168	0	0	0	0	0	0	0	0	0	0	0	0	0	0	0	0	0	0	0	0	0	0	0	0	0	0	0	0	0	0	0	0	0	0
K03394	0.267025	0	0	0.268817	0	0	0	2.387097	0	0.293907	2.301072	3.489247	0	0	0.806452	0	0	0.7670246	0.670251	0	0.16129	0	0	1.045059	0.0949821	0.326165	0	0	0.595238	0	0	0	3.263439	0.268817	0	0.15233	0.919355	0	0	0	0	0	0	0.175627	0.489247	4.864676	1.07663	0	0.4838713	0	0	3.4036081	0	0.42705	0	0.2329745	0	0.15233	1.611097	0.740354	0.806451	0.252688	0	0	1.07527	2.980874	2.920198	0	0	0.679245	0	0	0.120072	4.776134	0	3.507304	0	1.241935	5.232789	0.268817	0.705599	0	0	0	1.854842	6.70524	0	0	0.225806	0	0	0	0	0.525522	0	0	0	0	0	0	0	0	0	0	0	0	0.268817	0	0.291188	0	0	0.252688	0	0	0	0.651562	0	0.926712
K02035	1.721979	0.4893808	0.1631964	4.4172164	0.655022	2.801444	0.3379	12.815973	0	4.747242	7.3822083	20.5199893	4.182704	0	5.905173	0.728303	0	3.227763	1.031098	0	0.344927	0.897786	0	7.141886	1.09466	0.10917	0	1.391281	0.553858	0	0.10917	0.6792876	12.8461268	0.651337	0.218341	0.537415	4.51765	1.075786	0.21097	13.22996	0.8689388	0.32014	3.354783	0.395979	3.290485	3.601348	0.4157494	0	2.30212	3.715468	0	15.648864	0	1.231275	1.367937	3.726879	0	0.235355	1.560886	0.21097	18.86456	5.3206046	0.580394	25.2148832	0.421238	7.441154	5.470217	3.136219	0.3890211	0	0	0	12.324606	1.781367	3.0000818	2.025754	0.253679	2.584383	7.914418	0.9860866	0.160844	4.337301	0.1847128	3.081965	2.583372	16.914676	0	2.1807144	0.971428	1.475293	0.310606	1.487981	1.290068	10.5573712	0.521475	0	0	0.486032	0.485437	0.105485	0	2.781998	0.21834	1.977729	0	1.092642	0.502431	2.138905	3.735125	0.367595	2.832124	4.501038	0	7.484646	0	2.426616	0	0.4046756
K00782	0.502513	0	0	0	0	0	0	0	0	0.251256	2.233704	1.31795	0	0	0.296482	0	0	0.251256	0.251256	0	0	0	0	0	0	0	0	1.27471	3.20268	0	0	0	0	0	0	0	0.865997	0	0	0	0	0	0	0.592965	0	0.251256	0	0	0.251256	1.677853	0	0	0	0	0.348409	0	0	0	0.931323	0.356784	0	0	0	0	0	0	1.251256	0	0.337838	0.502513	0	0	0	0	0.0251256	1.70184	0	0	3.180444	0.251256	0	0	0	0	0.60804	0	0	0	0	0.243243	0	0	0	0.251256	0.251256	0	0	0	0	0	0	2.56616	0	0	0	0.142379	0	0	0	0	0	0	0	0	0	0.251256	0	0.251256
K03424	0	0	0	0	0	0	0	0	0	0	0	0	0	0	0	0	0	0	0	0	0	0	0	0	0	0	0	0	0	0	0	0	0	0	0	0	0	0	0	0	0	0	0	0	0	0	0	0	0	0	0	0	0	0	0	0	0	0	0	0	0	0	0	0	0	0	0	0	0	0	0	0	0	0	0	0	0	0	1	0	0	0	0	0	0	0	0	0	0	0	0	0	0	0	0	0	0	0	0	0	0	0	0	0	0	0	0	0	0	0	0	0	0	0	0	0	0	0
K06178	0	0	0	0	0	0	0	0	0	0	0.259067	0	0	0	0	0	0	0	0	0	0	0	0	0	0	0	0	0	0	0	0	0	0	0	0	0	0	0	0	0	0	0	0	0	0	0	0	0	0	0.205527	0	0	0	0	0	0	0	0	0	0.100173	0	0	0	0	0	0	0.0690846	0	0	0	0	0	0	0	0	0	0	0	0	0	0	0	0	0	0	0	0	0	0	0	0	0	0	0	0	0	0	0	0	0	0	0	0	0	0	0	0	0	0	0	0	0	0	0	0	0	0	0
K03798	0	0	0	0	0	0.818182	0	0	0	1.15152	0	2.442068	0.490196	0	1	0	0	0	0	0	0	0	0.679739	0	0	0	0	1.06061	0.844919	0	0	0	0	0	0	0	0	0	0	0	0	0.0784314	0	0.738562	0	1.86364	0	0	0	3.43939	0	0	0	0	0.735294	0.437909	0	0	0	4.83333	0.742424	0	0	0	0	3.70455	1.91667	0	0	0	0	0	1.06061	0	0.245098	0.469697	0	0	0	0	0	0	0.490196	0	0	0	0	0	0	0.590909	0	0	0	0	0	0	0	0	0	0	0	2.331106	0	0	0	0	0	0	0	0	0	0	0	0.936275	0	0	0	0
K03708	1.114376	0	0	0.287634	0	0.403226	0	1.241118	0	0	0.0994624	0.237681	0.675362	0	0.971365	0	0	1.122394	0.403226	0.266667	0	0.185507	0	0	0.353623	0	0	0.7878791	0	0	0	0	0	0	0	0	1.1828	0	0	0	0	0	0	1.99394	1.076295	1.953722	0	0	0.682796	1.423473	0	0.677859	0	0.544928	0	0.760753	0	0	0	0	0.986559	1.483414	0	0	0.44058	0.875758	0.298387	0	0	0	0	0	0	0	0	1.324274	0.385507	0.5315572	0	0.675362	0	1.05455	0	1.696969	0	7.25152	0	0	0	0	0	0	0	1.489969	0	0	0	0	0	0.434783	0	0	0	0	0	0	0	0	0.212121	0	0	0	0	0.454545	0	0	0	0
K01778	0.1228069	0	0	0	0	0.9827177	0	0.859083	0	1.112509	0.30142794	0.219298	0	0	0	0	0	0.149123	0.971014	0	0	0	0	1.33187	0.283626	0	0	0	2.109922	0	0	0.0882353	0	0	0	0	0.358427	0	0	0	0	0.362319	0	0	0.584795	0.219298	0	0	0.2660816	0.30303	0	1.59711	0	0.219298	0	0.0701754	0	0	1.833046	0	1.501715	2.01774	0	0.438596	1.00439	0.877193	0.210526	0	0	0	0	0	3.41503	4.06863	0	0.219298	0	0.652047	0.52102635	0.41433	0.102339	1.1963973	0	0.245098	0	1.5329042	0	0	0.3128653	0	0	0	0	0	0	0	0	0	0	0	0	3.045764	0	0	0	0	0.464396	0	0.41959	0	0.219298	0.63883	0	0.438596	0	0.245098	0	0
K02520	0	0	0	0	0	0	0	0	0	0	0	0	0	0	0	0	0	0	0	0	0	0	0	0	0	0	0	0	0	0	0	0	0	0	0	0	0	0	0	0	0	0	0	0	0	0	0	0	0	0	0	0	0	0	0	0	0	0	0	0	0	0	0	0	0	0	0	0	0	0	0	0	0	0	0	0	0	0.590476	0	0	0	0	0	0	0	0	0	0	0	0	0	0	0	0	0	0	0	0	0	0	0	0	0	0	0	0	0	0	0	0	0	0	0	0	0	0	0	0
K16899	0	0	0	0	0	0	0	0	0	0.144509	0	0	0.133333	0	0.0208333	0	0	0	0	0	0	0	0	0	0	0	0	0	0	0	0	0	0	0	0	0	0	0	0	0	0	0	0.471698	0	0	0	0	0	0	0	0	0	0	0	0.0528541	0.381679	0	0	0	0	0	0	0	0.649351	0	0	0	0	0	0	0	0	0	0	0	0	0	0	0	0.180505	0	0	0	1.649351	0	0.51455	0	0	0	0.144509	0	0	0	0	0	0	0	0	0.230392	0	0	0.613497	0	0	0	0	0	0	0	0	0	0	0	0.0369979	0	0	0	0
K10823	0	0	0	0.106918	0	0.117925	0	3.34848	0	0	0	0	0	0	0	0	0	0	0	0	0	0	0	0	0	0	0	0	0.707547	0	0	0	0	0	0	0	0	0	0	0	0	0	0	0	0	0	0	0	0	0	0	0	0	0	0	0	0	0	0	0	2.0303	0	0	0.568182	0	0	1.57955	0	0.539308	0	0	0	1.37893	0	0	0	0	0	0	0	0	0	0	0	0	0	0	0	0	0	0	0	0	0	0	0	0	0.119497	0	0	0	0	0	0	0	0	0	0	0	0	0	0	0	0	0	0	0	0
K02884	7.95213	0.945205	1.0274	0	0	15.2283	0	7.81756	0	5.0274	8.0137	4.71882	5.53881	0	8.50228	0.639269	0	8.1661	0.739726	1.03653	2.43379	0	0	9.26591	8.811787	0	0	8.00913	6.9726	0	0	0.438356	3.98174	3.78995	0	3.63927	6.921305	2.71689	0	2.44749	0.840183	7.26941	0	11.8584	4.09132	21.36296	2.01826	0	5.01498	2.759485	0	65.863	0.575342	8.41217	2.12785	17.5251	0.287671	0.543379	0.684932	2.11872	7.39269	15.61738	1.21461	5.99586	0.639269	1.38813	11.33876	2.54795	0	1.24658	0	0	4.62557	0	1.6347	65.649725	5.93436	4.88584	18.17395	4.07763	2.87671	8.18265	3.02283	12.274	12.3607	18.0365	8.34247	3.49315	2.96804	5.74429	1	1.26027	1.51598	41.1781	0.684932	0	0	0.278539	0	1.00457	0.684932	24.6119	0.621005	0.83105	0	1.42009	0.684932	2.147117	1.96347	0.442922	2.68493	2.183505	0.237443	6.693992	0	3.95434	0	0.424658
K05837	0	0	0	0.607903	0.10537	0	0	0.9858157	0	0.318471	0.7458063	3.467701	0	0	0.443769	0	0	0.6778118	0.5494477	0	0	0	0	0.411348	0.71695	0	0	0.613172	0.314465	0	0	0	0.223776	0.269504	0	0	0	0	0	0.77001	0	0	0	0	0.3017441	0.220871	0	0.151976	0.109422	0.157233	0	0.18845	0.279635	0.567489	0.564369	0	0	0	0.157233	0	0.435664	0.151976	0	0.305978	1.21581	0.389365	0.733113	0.454914	0.151976	0	0	0	0.943396	0	0	0.486322	0	0.706432	0.7769919	0	0	0	0	0	0	0.607903	0	0	0	0	0	0.0697279	0	0.519758	0	0	0	0	0	0	0	0	0	0	0	0	0	0.0546737	0	0.30303	0	0	0	0	0	0	0	0
K03442	0	0	0	0	0	0	0	0	0	0	0	0	0	0	0	0	0	0	0	0	0	0	0	0	0	0	0	0.220264	0	0	0	0	0	0	0	0	0	0	0	0	0	0.220264	0	0	0	0	0	0	0.208517	0	0	0	0	0	0	0.220264	0	0	0	0	0	0.292398	0	0	0	0.440529	0	0	0.220264	0	0	0	0	0	0	0.0471545	0	0	0	0	0	0	0	0	0	0	0	0	0	0	0	0	0	0	0	0	0	0	0	0	0	0.243902	0	0	0	0	0	0	0	0	0	0	0	0	0	0	0	0
K01996	0	0	0	0	0	0	0	0	0	0.377897	0	0	0	0	0	0	0	0	0	0	0	0	0	0	0	0	0	0.392157	2.1426	0	0	0	0	0	0	0	0.351159	0	0	0	0	0	0	0	0	0.26738	0.26738	0	0.26738	0.247772	0	0	0	0	0	0	0	0	0.176471	0	0	0	0	0.263815	0	0	0	0	0	0.952377	0	0	0	0	0	0.534759	0	0.472637	0	0	0	0.219178	0	0	0.26738	0	0	0	0	0	0	0	0	0	0	0	0	0	0	0	0	1.30481	0	0	0	0	0	0.105169	0	0	0	0	0	0	0	0	0	0
K01653	0	0	0	0	0	0	0	0.705015	0	0	0	2.719768	0	0	0	0	0	0.442478	0	0	0	0	0.760563	0.884956	0	0	0	0.884956	0	0	0	0	0.884956	0	0	0	0	0	0	0	0	0	0	1.10798	0	0.59587	0	0	0	0	0	0	0	0	0	0	0	0	0.621212	0.367424	2.13274	0.734514	0.884956	1.00295	0.40118	0	0	0	0	0	0	0	0.0294985	0	0	0	0	0	0.9823011	0	0.442478	0.752028	0	0	0	1.734454	0	0	0.442478	0	0	0	0	0	0	0	0	0	0	0	0	0.535354	0	0	0	0	0	0	0	0	0	0	0	0.442478	0	0	0	0
K03315	0	0	0	0	0	0	0	0	0	0	0	0	0	0	0	0	0	0.108586	0	0	0	0	0	0	0	0	0	0	0	0	0	0	0	0.214592	0	0	0	0	0	0	0	0	0	0	0	0	0	0	0	0.126263	0	0.643777	0	0	0	0	0	0	0.169492	0	0	0	0	0	0	0	0.303198	0	0	0	0	0	0	0	0	0.0622896	0	0	0.214592	0	0	0	0	0	0	0	0	0	0	0.153076	0	0	0	0	0	0	0	0	0	0	0	0.214592	0	0	0	0	0	0.169492	0	0	0	0	0	0	0	0.214592	0	0
K01915	0.76223	0	0	0.420933	0	0.0853242	0.170648	0.426621	0	0	0.159841	0	0.341296	0	0.8822532	0	0.0853242	0	0.0853242	0	0	0	0	0	0.3260891	0.0847554	0	0	0	0	0	0	0	0	0	0	0.6993196	0.220705	0	0	0	0	0	0	1.9082709	0.7699375	0	0	0.408988	0.170648	0	0.4247217	0	0.0853242	0.170648	0.1837315	0	0	0	0	0.340728	0.428557	0	0.170648	0.0853242	0	0.2398743	0	0	0	0	0	0	0	0	0.6722101	0.0853242	0.0853242	0.1448679	0	0	0.08726	0	0	0	0.17452	0	0	0.160978	0	0	0.0853242	0	0.399886	0	0	0	0	0	0	0	0	0	0	0	0.0834725	0	0	0.0853242	0	0	0	0	0	0	0	0	0
K03585	0.153374	0	0	0	0.613497	0.6809816	0	2.911041	0	0.102249	1.305726	2.139063	0.586912	0	1.073619	0	0	0.613496	0.460123	0.0572597	0	0	0	0.722904	0.0194274	0	0	0.870143	0.192229	0	0	0	0.287321	0.211656	0	0	2.230066	0.613497	0	0.153374	0	0	0	0.306748	0.306748	1.683026	0	0	0.521472	0	0	4.005109	0	0.0357873	0	0	0	0	0	0	0.565439	0	0.261759	0	1.2546	1.8302661	1.607362	0.472392	0.238241	0	0	0	0	0	0.219836	1.226994	0.153374	1.90286	1.263804	0.306748	0	0	0	0	0	11.388506	0.152352	0	0.304703	0	0	0.153374	0	0.460123	0	0	0	0	0	0	0	0	0	0	0	0	0	0	0.153374	0	0.336401	0.297546	0	0	0	0	0	0
K00756	0	0	0	0	0	0.0146843	0	0	0	0	0.220264	0	0	0	0	0	0	0	0	0	0	0	0	0	0	0	0	0	0	0	0	0	0	0	0	0	0	0	0	0	0	0	0	0.172414	0	0.220264	0	0	0.00293686	0	0	0.220264	0	0	0	0	0	0	0	0	0	0	0	0	0	0	0	0	0	0	0	0	0	0	0	0.440529	0	0	0	0	0	0	0	0	0	0	0	0	0	0	0	0	0	0	0	0	0	0	0	0	0	0	0	0	0	0	0	0	0	0	0	0	0	0	0	0	0	0
K06871	0	0	0	0	0	0.0801587	0	1.22139	0	0.58988	1.720823	0	0.543478	0.970874	0.271739	0	0	0.543478	0	0.271739	0.310533	0	0.193816	0.543478	0.815217	0	0	1.2813796	2.107664	0	0	0	0	0.244015	0	0	1.895705	0.11086	0	0	0	0.4903345	0	0.47619	0	1.702619	0	0	0	0.113602	0	0.458404	0	0	1.028139	0.226244	0	0	0	0	0	0.271739	0	1.779328	0	0.494928	0.847342	0	0.238095	0.0980392	0	0	0.678733	0	0	0.911761	0	2.88225	1.342465	0	0	0	0.543741	0.0573152	0	12.488731	0	0	0.381679	0.119048	0	0.271739	0.1603252	0	0	0	0	0	0	0	0	2.370421	0	0	0	0	0	0.38084	0	0.640787	0.379064	0	0	0.43916	0	0	0	0
K00891	0	0	0	0.75447106	0.487805	0	0	4.45691	0	0.449167	1.883095	9.0653882	1.07748	0	1.960975	0	0	3.04065	0.588438	0.0715447	0	0	0	2.213007	2.164225	0.730081	0	1.479559	0.53407	0	0	0	3.65854	0.520145	0	0	1.020566	0	0	0.147748	0.291057	0	0	0	1.539837	3.951567	0	0	0.775548	0	0	2.058353	0.172358	0.538211	0	0.3170728	0	0.333333	2.13996	0.221138	1.708946	0.514172	0	2.338028	1.704062	1.331711	2.409779	0.268468	0.427642	0	0	0	3.50726	1.20488	0.487805	1.90894	0.520145	3.93009	1.938428	1.251574	0	0.217886	0	0.243902	0	6.887807	0.975609	0	0.3126273	0	0	0	0	1.976176	0.243902	0.112195	0	0	0	0	0.243902	0.615101	0	0	0	0.18374	0.095935	0.110569	0.82439	0.145946	0.723577	0.243902	0	0	0	0.243902	0	0
K02340	0.233062	0	0	0	0	0.825758	0	2.7193	0	0	0.626016	0	0	0	0.406504	0	0	0	0	0	0	0	0	0	0	0	0	0	0	0	0	0	0	0	0	0	0	0	0	0	0	0.18315	0	0	0	0	0	0	0.0677507	0	0	3.987854	0	0	0	0	0	0	0	0	0	0.349593	0	0	0	0	0	0	0	0	0	0	0	0	0	0	0	0	0	0	0	0.276423	0	0	0	0	0	0	0	0	0	0	0.18315	0	0	0	0	0	0	0	0	0	0	0	0	0	0	0	0	0	0	0	0	0	0	0	0	0
K06168	0	0	0	0	0	0	0	0	0	0.198347	0	0	0	0	0	0	0	0	0	0	0	0	0	0	1.15385	0	0	0.352762	0.826446	0	0	0	0	0	0	0.411846	1	0	0	0	0	0	0	0	0	0	0	0	0	0	0	0.256873	0	0	0	0	0	0	0	0.206612	0	0	0	0	0	0	0	0	0	0	0	0	0	0	1	0.42735	0	0	0	0	0	0	0	0	0.206612	0	0	0	0	0	0	0	0	0	0	0	0	0	0	0	0	0.413223	0	0	0	0	0	0	0.276243	0	0	0	0	0	0	0.206612	0	0
K02015	0	0	0	0	0	0	0	0	0	0	0	0	0	0	0	0	0	0.116049	0	0	0	0	0	0	0	0	0	0	0	0	0	0	0	0	0	0	0	0	0	0	0	0	0	0.0347222	0	0	0	0	0	0	0	0	0	0	0	0	0	0	0	0	0	0	0	0	0	0	0	0	0	0	0	0	1.720892	0	0	0	0	0	0	0	0.37037	0	0	0	0	0	0	0	0	0	0	0	0	0	0	0	0	0	0	0	0	1.106632	0	0	0	0	0	0	0	0	0	0	0	0	0	0.347222	0	0
K00821	0	0	0	0	0	0	0	0	0	0.144509	0	0	0	0	0	0	0	0	0	0	0	0	0	0	0	0	0	0	0	0	0	0	0	0	0	0	0	0	0	0	0	0	0	0	0	0	0	0	0	0	0	0	0	0	0	0	0	0	0	0	0	0	0	0	0	0	0	0	0	0	0	0	0	0	0	0	0	0	0	0	0	0	0	0	0	0	0	0	0	0	0	0	0	0	0	0	0	0	0	0	0	0	0	0	0	0	0	0	0	0	0	0	0	0	0	0	0	0
K06962	0	0	0	0	0	0	0	0	0	0.78125	0	0	0	0	0	0	0	0	0	0	0	0	0	0	0	0	0	0	0	0	0	0	0	0	0	0	0	0	0	0	0	0	0	0	0	0	0	0	0	0	0	0	0	0	0	0	0	0	0	0	0	0	0	0	0	0	0	0	0	0	0	0	0	0	0	0.286458	0	0	0	0	0	0	0	0	0	0	0	0	0.00520833	0	0	0	0	0	0	0	0	0	0	0	0	0	0	0	0	0	0	0	0	0	0	0	0	0	0	0	0	0
K19689	0	0	0	0	0	0	0	0	0	0	0	0	0	0	0	0	0	0	0	0	0	0	0	0	0	0	0	0.583333	0	0	0	0	0	0	0	0	0	0	0	0	0	0	0	0	0	0.222222	0	0	0	0.416667	0	0.955688	0	0	0	0	0	0	0	0	0	0	0	0	0	0	0	0.0814815	0.60241	0.138889	0	0	0	0	0	0	0	0.361446	0	0	0	0	0	0	0.138889	0.734007	0	0	0.60241	0	0	0	0	0.884735	0	0	0	0	0	0	0	3.833589	0	0	0	0	0	0	0.73494	0	0	0	0	0	0	0	0	0.46729
K04744	0.106838	0	0	3.585198	0.42735	0	0	5.778485	0	0	1.180301	1.974684	0	0	2.626146	0.106838	0	3.076926	0.42735	0.0918803	0	0	0	3.6715166	1.395105	0.769231	0	1.366656	4.921979	0.213675	0	0.106125	1.471509	0.320513	0	0	0	0	0.213675	0.692308	0.747864	0.964528	0	0	1.1764894	3.7702448	0.106838	0	0.854701	1.896936	0	2.345638	0	0.639602	0.320513	0.3383195	0.18315	0.426638	4.991329	0.3964	4.056979	0.0491453	0	2.246137	1.827632	3.057691	5.286298	0.503663	0	1.04167	0	0.213675	6.498939	1.60185	0.925824	6.693029	0.212963	5.48647	0.53963601	0.954416	0.364198	0.3665173	1.79193	0.264245	0.376543	15.314154	0.745014	0.213676	0.143875	0	0	0.292023	0.106838	0.983333	0.0555556	0	0	0.106838	0	0	0	0.917658	0	0	0	1.062678	0	0	0.554843	0.106838	0.52735	0.365847	0	0.3098288	0	0.213675	0	0.106838
K00198	0	0	0	0.588235	0	0.2793692	0	0.148588	0	0.36214	0	0.333333	0	0	0	0	0	0	2	0	0	0	0	0	0	0	0	0	0.925926	0	0	0	0	0	0	0	0.5664202	0	0	0	0	0.1727194	0.176269	0.308642	0	0	0	0	0	0	0	0	0	0	0	0.333333	0	0.308642	0	0	0.097769	0	0	0	0	0	0	0	0	0.148588	0	0	0.854957	0	0.208024	0	0	0	0	0.102881	0.102881	0	0.222883	0.307301	0	0.696739	0	0	0	0	0.0507545	0	0.0787402	0	0	0	0	0	0.102881	0	0	2.999336	0.19685	0.6991774	0	0	0	0.4679952	0.1727194	0	0.0984252	0	0	2.28671542	0	0.0742942	0	0.736214
K01835	0	0	0	0.100806	0	0.100806	0	0.704973	0	0	0	0.302419	0	0	0.306451	0	0	0.302014	0	0	0	0	0	0.100806	0	0	0	0.168011	0	0	0	0	0	0.201613	0	0	0.100806	0	0	0	0	0	0	0	0.351406	0.266134	0	0	0.201613	0	0	0	0	0.114458	0	0.111888	0	0	0	0	0.0254351	0	0.100806	0.242608	0	0.293577	0.100806	0	0	0	0	0	0	0	0	0.201613	0	0.100806	0.174059	0	0	0.301205	0	0	0	0.224215	0.0981183	0	0	0	0	0	0	0	0	0	0	0	0	0	0	0	0	0	0	0	0	0	0.0913979	0	0	0	0	0	0	0	0	0
K01524	0	0	0	0.38371	0	0.106157	0	0.0663842	0	0.019816	0.106157	0.742503	0	0	0.325733	0	0	0	0	0	0	0.636943	0	0	0.105449	0	0	0.327648	1.474341	0.5895941	0	0	0	0	0	2.137071	0.4500517	0	0	0	0	0.143275	0	0	0	0.484569	0	0	0	0.32523	0	0.169492	0	0	0	0	0	0	0	0.227031	0.105708	0.105449	0	1.109423	0.529661	0.105932	0.879834	0	0.212314	0	0	0	0	0	0	0.449833	0	0.212089	0.342006	0	0	0.571775	0	0	0	0.6839519	0	0	0	0.19774	0	0	0	0.105449	0	0.0713743	0	0	0	0	0	0.341704	0	0	0	0	0	0	0.106157	0	0	0	0	0.494639	0	0	0	0
K09117	0	0	0	0	0	0	0	0	0	0	0	0	0	0	0	0	0	0	0	0	0	0	0	0	0	0	0	0	0	0	0	0	0	0	0	0	0	0	0	0	0	0	0	0	0	0	0	0	0	0	0	0	0	0	0	0	0	0	0	0	0	0	0	0	0	0	0	0	0	0	0	0	0	0	0	0	0	0	0	0	0	0	0	0	0	0	0	0	0	0	0	0	0	0	0	0	0	0	0	0	0	0	0	0	0	0	0	0	0	0	0	0	0	0.593496	0	0	0	0
K00088	0.4941787	0	0	0.5771389	0.281993	0.115236	0	3.006373	0	1.2017555	1.728703	3.841865	0	0	0.818111	0	0	0.7256751	0.53087	0	0	0	0	0.571181	0.7192774	0.126904	0.116009	1.3761676	0.43529	0	0	0.328492	1.381444	0.116009	0	0	1.273152	0.229885	0	0.116009	0.114943	0.323196	0	0	1.484758	1.683667	0	0	0.2787623	0.116009	0	3.066922	0.159236	0.114943	0	0.232019	0	0	1.43664	0.236301	1.3387279	0.7337066	0.229885	0.91954	2.51648	1.500682	3.075377	0	0	0	0	0	1.724108	0	0.165605	1.8766136	0.258183	0.969822	2.3657188	0	0	0.458238	0	0.114943	0	4.7798936	0.345895	0	0.200803	0	0	0.0505747	0.275245	0.636984	0	0	0	0	0.892857	0	0	0	0	0	0	0.714644	0	0.223755	0.114943	0	0.0796935	0.151724	0	0.157113	0	0	0	0
K11719	0	0	0	0	0	0	0	0	0	0	1.41569	2	0	0	0	0	0	0	0	0	0	0	0	0	0	0	0	0.469388	0.312925	0	0	0	0	0	0	0	0	0	0	0	0	0	0	0	0	0	0	0	0	0	0	0	0	0	0	0	0	0	0.653061	0	0	0	0	0	0	0	0	0	0	0	0	0	0	0	0	0.816327	0	0	0	0	0	0	0	0	0	0	0	0	0	0	0	0	0	0	0	0	0	0	0	0	0	0	0	0	0	0	0	0	0	0	0	0	0	0	0	0	0	0
K09762	0	0	0	0	0	0	0	0	0	0.0238095	0	0	0	0	0	0	0	0	0	0	0	0	0	0	0	0	0	0.0200501	0.18797	0	0	0	0	0.444444	0	0	0	0	0	0	0	0	0	0	0	0	0	0	0	0	0	0	0	0	0.18797	0	0	0	0.929825	0	0	0	0	0	0	0	0	0	0.159148	0	0	0	0	0	0	0	0	0	0.18797	0	0	0	0	0	0	0	0	0	0	0	0	0	0	0	0	0.100251	0	0	0	0	0	0	0	0	0	0	0	0	0	0	0	0	0	0	0	0	0	0
K01814	0	0	0	0	0	0	0	0	0	0	0	0	0	0	0	0	0	0	0	0	0	0	0	0	0	0	0	0	0	0	0	0	0	0	0	0	0	0	0	0	0	0	0	0	0	0	0	0	0	0	0	0	0	0	0	0	0	0	0	0	0	0	0	0	0	0	0	0	0	0	0	0	0	0	0	0	0	0	0	0	0	0	0	0	0	0	0	0	0	0	0	0	0	0	0	0	0	0	0	0	0	0	0	0	0	0	0	0	0	0	0	0	0	0	0	0	0	0
K01890	0	0	0	0	0	0	0	0	0	0.0793651	0	0.33557	0	0	0	0	0	0	0	0	0	0	0	0	0	0	0	0	0.510204	0	0	0	0	0	0	0	0	0	0	0	0	0	0	0	0	0.33557	0	0	0.590672	0	0	1.02041	0	0	0	0	0	0	0	0	0.255102	0.183445	0	0	0	0	0	0	0	0.255102	0	0	0	0	0	0	0	0	0	0	0	0	0	0	0	0	0	0	0	0	0	0.33557	0	0	0	0	0	0	0	0	0	0	0	0	0	0	0	0	0	0	0	0.255102	0	0	0	0	0	0
K18928	0	0	0	0	0	0.753401	0	0.282313	0	1.7398	3.061222	0	0	0	0	0	0	0	0	0	0.510204	0	0	0	0	0	0	1.149791	3.594982	0	0.382653	0	0	0	0	0	0	0	0	1.87075	0	0.255102	0	1.27551	0	0.255102	0.0629252	0	0	0.8350336	0	4.2568	0	0	1.018708	0	0	0	0	0.67033	0	0	0	0.510204	0	0.110544	0.549451	0	0	0.255102	0	0	0.818027	0	3.50445	0.903715	0.255102	0	0.804553	0	0	0	0	0	0.804553	0	0	0	0.255102	0.462585	0	0.0731293	0	0	0	0	0	0.292517	0	0	0	9.64992	0.365646	0	0	0	0	0	0.319728	0	0	0	0	1.08163	0	0.251701	0	0
K00134	0	0	0	0	0	0	0	0	0	0	0	0	0	0	0	0	0	0	0	0	0	0	0	0	0	0	0	0	0	0	0	0	0	0	0	0	0	0	0	0	0	0	0	0	0	0	0	0	0	0	0	0	0	0	0	0	0	0	0	0	0	0	0	0	0	0	0	0	0	0	0	0	0	0	0	0	0	0	0	0	0	0	0	0	0	0	0	0	0	0	0	0	0	0	0	0	0	0	0	0	0	0	0	0	0	0	0	0	0	0	0	0	0	0	0	0	0	0
K09155	3.2446767	0.451009	0	2.792655	1.324318	0.93294901	0	8.380838	0	0.807484	6.3726681	3.1792446	0.461373	0	3.9352223	0.302419	0.204918	3.0780762	2.463902	0.384996	0	2.028367	0.206349	1.849754	4.099581	0.212314	0	5.17878	4.283796	0.204918	0	0.2120757	6.061168	0.643498	0.100806	0.0288837	6.3653134	0.444276	0	2.838367	0.0396175	2.284931	0	3.605181	7.180945	4.1227831	0.19084	0	0.456567	3.491108	0	11.209253	0.4543774	0.699518	3.277054	0.144408	0	0.79602	0.402127	0.0638528	4.113951	1.5603185	5.174791	6.3432341	3.50828	1.22455	4.454262	1.475461	0.413349	0.373134	0.157563	0	0.818834	3.58229	1.05985	8.1575135	0.848728	1.142583	2.8157519	0.810392	0	3.171434	0	0.782327	1.402127	24.7805947	0.4812704	0.0956284	0.209949	0	0	0.1002	0.250786	6.834352	0.204918	0	0	0	0	0	0	0.255121	0.25341	0	0	1.928085	0.14245	0.102459	0.820708	0.106157	0.4442232	1.476416	0.248607	2.002868	0	0.8529388	0	0.6827146
K03601	0	0	0	0	0	0	0	0	0	0	0	0	0	0	0	0	0	0	0	0	0	0	0	0	0.201342	0	0	0.322253	0.487834	0	0	0.174497	0	0.275404	0	0	0	0	0	0	0	0.14245	0	0	0	0.138504	0	0	0.056325	0	0	0.712251	0	0.33557	0.263982	0	0	0	0.624881	0	0.14245	0	0	0	0	0	0.498881	0	0	0.197599	0	0	0	0	0.14245	0.280954	0	0	0	0	0	0	0	0	0	1.17897	0	0	0	0	0	0	0	0	0	0	0	0	0	0	0	0.14245	0	0	0	0.214765	0	0	0	0	0	0.393352	0	0	0	0	0	0
K05985	0	0	0	0	0	0	0	0	0	0	0	0	0	0	0	0	0	0	0	0	0	0	0	0	0	0	0	0	0	0	0	0	0	0	0	0	0	0	0	0	0	0	0	0	0	0	0	0	0	0	0	0	0	0	0	0	0	0	0	0	0	0	0	0	0	0	0	0	0	0	0	0	0	0	0	0	0	0	0	0	0	0	0	0	0	0	0	0	0	0	0	0	0	0	0	0	0	0	0	0	0	0	2.42177	0	0	0	0	0	0	0	0	0	0	0	0	0	0	0
K04047	0	0	0	0	0	0	0	0	0	0	1	0	0	0	0	0	0	0	0	0	0	0	0	0	0	0	0	1.82716	0	0	0	0	0	0	0	0	0	0	0	0	0	0	0	0.0740741	1	0.037037	0	0	0	2.83951	0	1	0	0	0	0	0	0	0	0	0	0	0	0	0	0	0	0	0.209877	0	0	0	0	0	0	0	0.802469	0	0	0	0	0	0	1	0	0	0	0	0	0	0	0	1	0	0	0	0	0	0	0	0	3.27161	0	0	0	0	0	0	0	0	0	0	0	0	0	0	0	0
K03148	0	0	0	0	0	0	0	0	0	0	0	0	0	0	0	0	0	0	0	0	0	0	0	0	0	0	0	0	0	0	0	0	0	0	0	0	0	0	0	0	0	0	0	0	0	0	0	0	0	0	0	0	0	0	0	0	0	0	0	0	0	0	0	0	0	0	0	0	0	0	0	0	0	0	0	0	0	0	0	0	0	0	0	0	0	0	0	0	0	0	0	0	0	0	0	0	0	0	0	0	0	0	0	0	0	0	0	0	0	0	0	0	0	0	0	0	0	0
K01760	0	0	0	0	0	0	0	0	0	0.152439	0	0	0	0	0.0386179	0	0	0	0	0	0	0	0	0	0	0	0	0	0.368192	0	0	0	0	0	0	0	0	0	0	0	0	0	0	0	0	0	0.18797	0	0	0	0	0	0	0	0	0	0	0	0	0	0	0	0	0	0	0	0	0	0	0	0	0	0	0	0	0	0	0.0406504	0.457317	0	0	0.593112	0	0	0	1.905862	0	0	0	0	0	0.0839599	0	0	0	0	0	0	0	0	0	0	0	0	0	0	0	0	0	0	0	0	0	0	0	0	0	0
K15342	0	0	0	0	0	0	0	0	0	0	0.687831	0	0	0	0	0	0	0.197628	0	0	0.893617	0	0	0	0	0	0	0	0	0	0	0	0	0	0	0	0	0	0	0	0	0	0	0	0	0.358366	0	0	0.395257	0	0	0	0	0	0	0.120567	0	0	0	0	0.202614	0	0	0	0.176123	0	0	0	0	0	0	0	0	0	0	0	0	0	0	0	0	0	0	0	0	0	0	0	0	0	0	0.533333	0	0.7036923	0	0	0	0	0	0	0	0.242718	0	0	0	0	0	0	0	0	0	0	0	0	0	0.202429	0	0
K05810	0	0	0	0	0	0	0	0	0	0	0	0	0	0	0	0	0	0	0	0	0	0	0	0	0.212766	0	0	0	0	0	0	0	0	0	0	0	0	0	0	0	0	0	0	0	0	0	0	0	0	0.212766	0	0	0	0	0	0	0	0	0	0	0	0.604255	0	0	0	0	0	0	0.425532	0	0	0	0	0	0.150355	0	0	0	0	0	0	0	0	0	0	0	0	0	0	0	0	0	0	0	0	0	0	0	0	0	0	0	0	0	0	0	0	0	0	0	0	0	0	0	0	0	0	0
K06861	0	0	0	0	0	0	0	0	0	0	0	0	0	0	0	0	0	0	0	0	0	0	0	0	0	0	0	0.62585	0.0884354	0	0	0	0	0	0	0	0	0	0	0	0	0	0	0	0	0	0	0	0	0	0	0	0	0	0	0	0	0	0	0	0	0	0	0	0	0	1.26531	0	0	0	0	0	0	0	0	0	0	0	0	0	0	0	0	0	0	0	0	0	0	0	0	0	0	0	0	0	0	0	0	0	0	0	0	0	0	0	0	0	0	0	0	0	0	0	0	0	0	0
K04485	0	0	0	0	0	0	0	0	0	0	0	0	0	0	2	0	0	0	0	0	0	0	0	0	0	0	0	0.124378	0	0	0	0	0	0	0	0	0	0	0	0	0	0.276803	0	1.77778	0	0	0	0	0	0	0	2.46766	0	0	0	0	0	0	0	0	0	0	0	0.538012	0	0	0.124378	0	1	0.260057	0	0	0	0	0	0	0	0	0	0	0	0	0	0.207297	0	0.12931	0	0	0.124378	0.248756	0	0	0	0	0	0	0	0	0	0	0	0.621761	0	0	0	0	0	0	0	0	0	0	0	0	0	0	0	0
K01737	0	0	0	0	0	0	0	0	0	0	0	0	0	0	0	0	0	0	0	0	0	0	0	0	0	0	0	0	0	0	0	0	0	0	0	0	0	0	0	0	0	0	0	0	0	0	0	0	0	0	0	0	0	0	0	0	0	0	0	0	0	0	0	0	0	0	0	0	0	0	0	0	0	0	0	0	0	0	0	0	0	0	0	0	0	0	0	0	0	0	0	0	0	0	0	0	0	0	0	0	0	0.544974	0	0	0	0	0	0	0	0	0	0	0	0	0	0	0	0
K02114	0	0	0	0	0	0	0	0	0	0	0	0	0	0	0	0	0	0	0	0	0	0	0	0	0	0	0	0	0	0	0	0	0	0	0	0	0	0	0	0	0	0	0	0	0	0	0	0	0	0	0	0	0	0	0	0	0	0	0	0	0	0	0	0	0	0	0	0	0	0	0	0	0	0	0	0	0	0	0	0	0	0	0	0	0	0	0	0	0	0	0	0	0	0	0	0	0	0	0	0	0	0	0	0	0	0	0	0	0	0	0	0	0	0	0	0	0	0
K02226	0	0	0	0.141104	0	0	0	0.0143149	0	0	0.613497	0.306748	0	0	0	0	0	0.296524	0	0	0	0	0	0	0	0	0	0	0	0	0	0	0.361963	0	0	0	0	0	0	0	0	0	0	0	0	0.801636	0	0	0	0	0	0	0	0.304703	0	0	0	0	0	0	0.306748	0	0	0	0.282209	0.0552147	0.0102249	0	0	0	0	0	0	0	0	0	0	0.306748	0	0	0	0	0	0	0	0.488753	0	0	0	0	0	0	0	0.239264	0	0	0	0	0	0	0	0	0	0	0	0	0	0	0	0	0	0	0	0	0	0	0	0
K11707	0	0	0	0	0	0	0	3.10595	0	0	0	0	0	0	1	0	0	0	0	0	0	0	0	0	0	0	0	0	0	0	0	0	0	0	0	0	1	0	0	0	0	0	0	0	0	0	0	0	0	0	0	0	0	0	0	0	0	0	0	0	0	0	0	0.922481	0	4.8062	0	0	0	0.55814	0	0	0	0	0	0	0	0	0	0	0	0	0	0	0	0	0	0	0	0	0	0	0	0	0	0	0	0	0	0	0	0	0	0	0	0	0	0	0	0	0	0	0	0	0	0.666667	0	0
K02188	0	0	0	0	0	0	0	0	0	0	0	0	0	0	0	0	0	0	0.16835	0	0	0	0	0	0.197701	0	0	0.637485	1.457522	0	0	0	0	0	0	0	0	0	0	0	0	0	0	1.00402	0	0	0	0	0	0	0	0	0	0	0.60241	0	0	0	0	0	0	0	0	0.487356	0	0	0.305747	0	0	0.16835	0	0	0	0	0	0.713981	0	0	0.167228	0	0	0	0	0	0	0.797858	0	0	0	0	0	0	0	0	0	0	0	0	0	0	0	0	0	0	0	0	0	0	0	0	0	0	0	0	0	0	0	0
K08309	0	0	0	0	0	0	0	0	0	0	0	0	0	0	0.462287	0	0	0	0	0	0	0	0	0.343066	0	0.364964	0	0.364964	0.472019	0	0	0	0	0	0	0	0	0	0	0	0	0.364964	0	0	0	0	0	0	0	0	0	0	0	0	0	0	0	0	1.9708	1.3674	0	0	0	0	0	0.167883	0	0	0	0	0	0	0	0	0.364964	1.175182	0	0	0.364964	0	0.143552	0	0	0.681266	0	0.364964	0	0	0	0.381995	0	0	0	0	0	0	0	0	0	0	0	0.727494	0	0	0	0	0	0	0	0	0	0	0	0	0	0	0	0
K02654	0	0	0	0	0	0	0	0	0	0	0	0	0	0	0	0	0	0	0	0	0	0	0	0	0	0	0	0	0	0	0	0	0	0	0	0	0	0	0	0	0	0	0	0	0	0	0	0	0	0	0	0	0	0	0	0	0	0	0	0	0	0	0	0	0	0	0	0	0	0	0	0	0	0	0	0	0	0	0	0	0	0	0	0	0	0	0	0	0	0	0	0	0	0	0	0	0	0	0	0	0	0	0	0	0	0	0	0	0	0	0	0	0	0	0	0	0	0
K01534	0	0	0	0	0	0	0	0	0	0.284553	0	0	0	0	0	0	0	0	0.18315	0	0	0	0	0	0	0	0	0.18315	0	0	0	0	0	0	0	0	0	0	0	0	0	0	0	0	0	0	0	0	0	0.18315	0	0	0	0	0.178266	0	0	0	0	0	0	0	0	0	0.18315	0	0.151404	0	0	0	0	0	0	0	0	0	0	0	0	0.98374	0.233333	0	0	0	0	0	0	0	0	0	0	0	0	0	0	0	0	0	0	0	0	0	0	0	0	0.18315	0	0.3663	0	0	0	0	0	0	0	0	0	0
K06972	0.1626808	0.108696	0	0.377173	0.344828	0.956944	0	8.77484	0	0.601395	6.8175689	6.9184795	0.4141305	0	1.203543	0	0.051087	1.484096	1.20798001	0	0	0	0	1.7010308	2.784408	0	0	0.741698	0.68663	0	0	0.7890498	1.659726	0.0543478	0	0	3.9842557	0	0	0.0539855	0.7386878	0.108696	4.617391	2.2710346	1.874302	4.1469909	0.0543478	0	0.9740686	1.39383	0	9.664097	0.62963	0.501449	0.208449	0.2267618	0	0.690026	0	0.66768	1.707251	0	0.143731	0.48913	0.424638	1.3446599	6.0887865	3.3311992	0.2832659	0.6619115	0	0	4.585158	1.488006	0	0.8015851	0.538667	2.758043	2.438324	0.4347828	0.416667	0.9537035	0.295833	0.2717388	1.0653918	22.925168	0.2543478	0	0.0543478	0	0	0.556159	0	4.434534	0.417367	0	0	0.389806	0	0	0.172414	0.83869	0	0	0.0696379	0.9058228	0.108696	0.299401	0.878246	0.388333	0.8963188	0.837562	0.172414	0.042029	0	1.017195	0	0.0543478
K03070	0.595671	0.12987	0	0.5844161	0.12987	0.3558441	0	4.565663	0	0	0.5618501	1.559004	0.131234	0	0.7454541	0.38961	0	1.31651	0.390974	0.0656168	0	0	0	1.090909	0.961905	0.2835496	0	1.3602988	0.651112	0	0	0.2743778	1.247444	0.1305519	0.709653	0.131234	1.5305211	0.0649351	0	0.18961	0.12987	0	0	0	1.5329042	3.384883	0.3829581	0.0515152	0.3874461	0.5155843	0	1.0954868	0	0.493506	0.0627706	0.1298702	0.0649351	0	0.0649351	0	1.1519459	0.921212	0.324675	1.55962	1.977058	2.033394	2.989495	0.12987	0	0.1948051	0	0	0.519048	0	0.0649351	2.9566068	0.259307	0.8186801	1.760616	0.0649351	0.2558441	1.015983	0	0.0649351	0.1298702	4.248172	0.3249238	0	0.257641	0.0649351	0	0.2295024	0.12987	0.7604218	0	0	0	0.0649351	0	0	0	0	0	0	0	0.361472	0.0515152	0.1298702	0.747932	0.2387769	0.97842	0.1857141	0.320346	0.0649351	0	0.25974	0	0
K22927	0	0	0	0	0	0	0	0	0	0.289855	0.343341	0	0	0	0.198413	0	0	0	0.144509	0	0	0	0	0	0	0	0	0.491697	1.0084863	0	0	0	0	0.144509	0	0	0	0	0	0	0	0.289437	0.395503	0	0	0	0	0	0	0.488268	0	6.99127	0	0.144928	0	0.480769	0	0	0.289017	0	0	0	0	0	0	0	0.258564	0	0.144928	0	0	0	0	0	0	0.277778	0	0	0	0	0	0	0	0.198413	0.427399	0	0	0	0.331019	0.289017	0	0	0	0	0	0	0	0	0	0.347222	0	0.47055	0	0	0	0	0	0	0.144928	0	0	0	0	0	0	0	0	0.347222
K03559	0	0	0	0	0	0	0	0	0	0	0.478431	0	0	0	0	0	0	0	0	0	0	0	0	0	0	0	0	0	0.574713	0	0	0	0	0	0	0	0	0	0	0	0	0	0	0	0	0	0	0	0	0.419608	0	2.03137	0	0	0	0	0	0	0	0	0	0	0	0	0	0.72973	0	0	0	0	0	0	0	0	0.886275	0	0	0	0	0	0.671429	0	0	0	0.286275	0	0	0	0	0	0	0	0	0	0	0	0	0	0	0	0	0	0	0	0	0	0	0	0	0	0	0	0	0	0	0	0	0
K18929	0	0	0	0	0	0.990476	0	0	0	0	0	0	0	0	0	0	0	0	0	0	0	0	0	0	0	0	0	0	0	0	0	0	0	0	0	0	0	0	0	0	0	0	0	0	0	0	0	0	0	0	0	0	0	0	0	0	0	0	0	0	0	0	0	0	0	0	0	0	0	0.833333	0	0	0	0	0	0	0	0	0	0	0	0	0	0	0	0	0	0	1	0	0	0	0	0	0	0	0	0	0	0	0	0	0	0	0	0	0	0	0	0	0	0	0	0	0	0	0	0
K19302	0	0	0	0	0	0	0	0	0	0	1	0	0	0	0	0	0	0	0	0	0	0	0	0	0	0	0	0	0	0	0	0	0	0	0	0	0	0	0	0	0	0	0	0	0	0.809524	0	0	0	0	0	0	0	0	0	0	0	0	0	0	0	0	0	0	0	0	0	0	0	0	0	0	0	0	0	0	0	0	0	0	0	0	0	0	0	0	0	0	0	0	0	0	0	0	0	0	0	0	0	0	0	0	0	0	0	0	0	0	0	0	0	0	0	0	0	0	0	0
K01845	0	0	0	0	0	0	0	0	0	0	0	0	0	0	0	0	0	0	0	0	0	0	0	1.71111	0	0	0	0	0	0	0	0	0	0	0	0	0	0	0	0	0	0	0	0	0	0	0	0	0	0	0	0	0	0	0	0	0	0	0	0	0	0	0	0	0	0	0	0	0	0	0	0	0	0	0	0	0	0	0	0	0	0	0	0	0	0	0	0	0	0	0	0	0	0	0	0	0	0	0	0	0	0	0	0	0	0	0	0	0	0	0	0	0	0	0	0	0	0
K01610	0	0	0	0.432203	0	0.8716502	0	0	0	0	0	0	0	0	0	0	0	0	0	0	0	0	0	0	0	0	0	0	0.6596832	0	0	0	0	0.170068	0	0	0	0	0	0	0	0	0	0	0	0.663842	0.184557	0	0	0.847458	0	0.472789	0	0	0	0	0	0	0.695157	0	0	0	0	0	0	0	0.628131	0	0	0	0	0	0	0	0	1.724981	0	0	0.236111	0	0	0	0	0.340136	0	0	0	0	0	0.282486	0	0	0	0.941176	0	0	0	0.170068	0	0	0	1.807706	0	0	0	0	0	0	0	0	0	0	0	0	0	0.627451	0	0.398305
K07456	0	0	0	0	0	0	0	0	0	0	0	0	0	1.5731	0	0	0	0	0	0	0	0	0	0	0	0	0	0	0	0	0	0	0	0	0	0	0	0	0	0	0	0	0	0	0	0	0	0	0	0	0	0	0	0	0	0	0	0	0	0	0	0	0	0	0	0	0	0	0	0	0	0	0	0	0	0	0	0	0	0	0	0	0	0	0	0	0	0	0	0	0	0	0	0	0	0	0	0	0	0	0	0	0	0	0	0	0	0	0	0	0	0	0	0	0	0	0	0
K00426	0	0	0	0	0	0.62	0	0	0	0	0	0	0	0	0	0	0	0	0	0	0	0	0	0	0	0	0	0	0	0	0	0	0	0	0	0	0	0	0	0	0	0	0	0	0	0	0	0	0	0	0	0	0	0	0	0	0	0	0	0	0	0	0	0	0	0	0	0	0	0	0	0	0	0	0	1.58667	0	0	0	0	0	0	0	0	0	0	0	0	0	0	0	0	0	0	0	0	0	0	0	0	0	0	0	0	0	0	0	0	0	0	0	0	0	0	0	0	0	0
K06920	0	0	0	0	0	0	0	0	0	1	0	0	0	0	0	0	0	0	0	0	0	0	0	0	0	0	0	0	0	0	0	0	0	0	0	0	0	0	0	0	0	0	0	0	0	0	0	0	0	0	0	0	0	0	0	0	0	0	0	0	0	0	0	0	0	0	0	0	0	0	0	0	0	0	0	0	0	0	0	0	0	0	0	0	0	2.82828	0	0	0	0	0	0	0	0	0	0	0	0	0	0	0	0	0	0	0	0	0	0	0	0	0	0	0	0	0	0	0	0
K00005	0	0	0	0	0	0	0	0	0	0	0	0	0	0	0.323625	0	0	0.160734	0	0	0	0	0	0	0	0	0	0	0	0	0	0	0	0	0	0	0	0	0	0	0.161812	0	0	0	0	0	0	0	0	0	0	0	0	0	0	0	0	0	0	0	0	0	0	0.161812	0	0	0	0	0	0	0	0	0	0	0	0	0	0	0	0.161812	0	0	0	0	0	0	0	0	0	0	0	0	0	0	0	0	0	0	0	0	0	0	0	0	0	0	0	0	0	0	0	0	0	0	0	0	0	0
K01911	0	0	0	0	0	0	0	0.21558	0	0.19685	0	0.873333	0	0	0	0	0	0	0	0	0	0	0	0	0	0	0	0	0	0	0	0	0	0.246812	0	0	0	0	0	0	0	0	0	0	0	0	0	0	0	0	0	0	0	0	0	0	0	0	0.33054	0	0.19685	0.271739	0	0	0	0	0	0	0	0	0	0	0.113122	0	0	0.26738	0	0	0.986667	0	0	0	0	0	0	0	0	0	0	0	0	0	0	0	0	0	0	0	0	0	0	0	0	0	0	0	0	0.19685	0	0	0	0	0	0	0	0	0	0
K13888	0	0	0	0	0	0	0	0	0	0	0	0	0	0	0	0	0	0	0	0	0	0	0	0	0	0	0	0	0	0	0	0	0	0	0	0	0	0	0	0	0	0	0	0	0	0	0	0	0	0	0	0	0	0	0	0	0	0	0	0	0	0	0	0	0	0	0	0	0	0	0	0	0	0	0	0	0	0	0	0	0	0	0	0	0	0	0	0	0	0	0	0	0	0	0	0	0	0	0	0	0	0	0	0	0	0	0	0	0	0	0	0	0	0	0	0	0	0
K07402	0	0	0	0.500864	0	0	0	0	0	1.47619	0.258547	0	0	0	0	0	0	0	0	0	0	0	0	0	0	0	0	0	0.363248	0	0	0.212435	0	0	0	0	0	0	0	0	0	0	0	0.777202	0	0	0	0	0	0.777202	0	0.42094	0	0	0	0	0	0	0.232906	0.961538	0	0	0	0	0	0	0	0	0	0	0	0	0	0	0.271368	0.990083	0	0	0	0	0	0.471698	0	0.320513	0	0	0	0	0	0	0	0	0	0	0	0	0	0	0	0	0	0	0	0	0	0	0	0	0	0	0	0	0	0	0	0	0	0
K03555	0	0	0	0	0	0	0	0.550351	0	0.1846536	0.7255536	2.540001	0	0	0.222944	0	0	0.5522563	0.126582	0	0	0	0	0.877315	0.271003	1.9087	0	1.085361	1.647375	0	0	0.310559	0	0.0661376	0	0	0	0	0	0	0	0.123001	0	0.879216	0.803885	0.34739	0	0	0.0661376	0.3069556	0	0	0	0	0	0	0.0661376	0.318471	0	0	0.524597	0	0.686545	0.2	0	0	0.6939166	0	0	0	0	0	0.430504	0	0	2.2676216	0	0.19305	0.448109	0.0843373	0	0.454545	0.123153	0	0	4.278294	0	0	0.0661376	0	0	0	0	0.1455072	0	0	0	0	0.123153	0	0	1.04891	0	0	0	0	0	0	0.787948	0	0.0615006	0	0	0.122332	0	0.0615006	0	0.2
K07334	0	0	0	0	0	0	0	0	0	0	0	0	0	0	0	0	0	0	0	0	0	0	0	0	0	0	0	0	0	0	0	0	0	0	0	0	0	0	0	0	0	0	0	0	0	0	0	0	0	0	0	0	0	0	0	0	0	0	0	0	0	0	0	0	0	0	0	0	0	0	0	0	0	0	0	0	0	0	0	0	0	0	0	0	0	0	0	0	0	0	0	0	0	0	0	0	0	0	0	0	0	0	0	0	0	0	0	0	0	0	0	0	0	0	0	0	0	0
K00611	0	0	0	0	0	0	0	0	0	0	0	0	0	0	0	0	0	0	0	0	0	0	0	0	0	0	0	0	0	0	0	0	0	0	0	0	0	0	0	0	0	0	0	0	0	0	0	0	0	0	0	0	0	0	0	0	0	0	0	0	0	0	0	0	0	0	0	0	0	0	0	0	0	0	0	0	0	0	0	0	0	0	0	0	0	0	0	0	0	0	0	0	0	0	0	0	0	0	0	0	0	0	0	0	0	0	0	0	0	0	0	0	0	0	0	0	0	0
K01496	0	0	0	0	0	0	0	0	0	0	0	0	0	0	0	0	0	0	0	0	0	0	0	0	0	0	0	0	0	0	0	0	0	0	0	0	0	0	0	0	0	0	0	0	0	0	0	0	0	0	0	0	0	0	0	0	0	0	0	0	0	0	0	0	0	0	0	0	0	0	0	0	0	0	0	1	0	0	0	0	0	0	0	0	0	0	0	0	0	0	0	0	0	0	0	0	0	0	0	0	0	0	0	0	0	0	0	0	0	0	0	0	0	0	0	0	0	0
K19405	0	0	0	0	0	0	0	0	0	0	0	0	0	0	0	0	0	0	0	0	0	0	0	0	0	0	0	0	0	0	0	0	0	0	0	0	0	0	0	0	0	0	0	0	0	0	0	0	0	0	0	0	0	0	0	0	0	0	0	0	0	0	0	0	0	0	0	0	0	0	0	0	0	0	0	0	0	0	0	0	0	0	0	0	0	0	0	0	0	0	0	0	0	0	0	0	0	0	0	0	0	0	0	0	0	0	0	0	0	0	0	0	0	0	0	0	0	0
K07552	0	0	0	0	0.140056	0.412844	0	0	0	0	0.143961	0.141643	0.446429	0	0	0	0	0	0	0	0	0	0	0	0	0	0	0.155963	0	0	0	0	0	0	0	0	0	0	0	0.144928	0	0.289855	0	0	0.140056	0	1	0	0	0	0	0.568593	0	0	0	0	0	0	0	0	0	0.140056	0	0	0	0	0	0	0	0.141243	0	0	0.3595348	0	0.289856	0.183849	0	0	0	0	0	0	0	0	0	0	0	0	0	0	0	0	0	0	0	0	0	0	0	0	0	0	0	0	0	0.0812325	0	0	0	0	0	0	0	0.266847	0	0	0	0
K16092	0	0	0	0	0	0	0	0	0	0.26178	0.473958	1.992141	0	0	0	0	0	0	0	0	0	0	0	0	0	0.316239	0	0.121001	0	0	0	0	0	0.08726	0	0	0	0	0	0	0	0	0	0.17452	0	0.08726	0	0	0	0	0	0.333333	0	0	0	0.333333	0	0	0	0	0	0	0	0	0	0	0	0	0	0	0	0	0	0	0	0.08726	0	0	0.17452	0	0	0	0	0	0	0	0	0	0	0.2817121	0	0	0	0.518325	0	0	0	0	0	0	0	0.08726	0	0	0	0	0	0	0	0	0	0	0	0	0	0	0	0
K00798	0	0	0	0	0	0	0	0	0	0	0	0	0	0	0	0	0	0	0	0	0	0	0	0	0	0	0	0	0	0	0	0	0	0	0	0	0	0	0	0	0	0	0	0	0	0	0	0	0	0	0	0	0	0	0	0	0	0	0	0	0	0	0	0	0	0	0	0	0	0	0	0	0	0	0	0	0	0	0	0	0	0	0	0	0	0	0	0	0	0	0	0	0	0	0	0	0	0	0	0	0	0	0	0	0	0	0	0	0	0	0	0	0	0	0	0	0	0
K00554	0	0	0	0	0	0	0	0	0	0	0	0	0	0	0	0	0	0	0	0	0	0	0	0	0	0	0	0	0	0	0	0	0	0	0	0	0	0	0	0	0	0	0	0	0	0	0	0	0	0	0	0	0	0	0	0	0	0	0	0	0	0	0	0	0	0	0	0	0	0	0	0	0	0	0	0	0	0	0	0	0	0	0	0	0	0	0	0	0	0	0	0	0	0	0	0	0	0	0	0	0	0	0	0	0	0	0	0	0	0	0	0	0	0	0	0	0	0
K01008	0	0	0	0	0	0	0	0	0	0	0	0	0	0	0	0	0	0	0	0	0	0	0	0	0	0	0	0	0	0	0	0	0	0	0	0	0	0	0	0	0	0	0	0	0	0	0	0	0	0	0	0	0	0	0	0	0	0	0	0	0	0	0	0	0	0	0	0	0	0	0	0	0	0	0	0	0	0	0	0	0	0	0	0	0	0	0	0	0	0	0	0	0	0	0	0	0	0	0	0	0	0	0	0	0	0	0	0	0	0	0	0	0	0	0	0	0	0
K06193	0	0	0	0	0	0	0	0	0	0	0	0	0	0	0	0	0	0	0	0	0	0	0	0	0	0	0	0	0	0	0	0	0	0	0	0	0	0	0	0	0	0	0	0	0	0	0	0	0	0	0	0	0	0	0	0	0	0	0	0	0	0	0	0	0	0	0	0	0	0	0	0	0	0	0	0	0	0	0	0	0	0	0	0	0	0	0	0	0	0	0	0	0	0	0	0	0	0	0	0	0	0	0	0	0	0	0	0	0	0	0	0	0	0	0	0	0	0
K02876	4.198652	0	0.175084	1	0.976431	1.62963	0	47.86865	0	4.636361	6.7037	70.983112	9.304291	2.56229	35.18177	0.639731	0	9.131311	4.0235721	1.0101	0.0976431	1.764306	0	10.11785	1.592593	1.92256	0	10.29293	7.888896	0	0	1.171717	35.3535	7.49432	3.60606	0.282828	2.71044	8.74903	0	2.313134	2.20539	1	0	1.979802	10.83838	15.56229	0.350168	0	3.96296	6.71044	0	22.6768	0	2.215486	3.42087	1.84512	0.979798	2.7138	0	5.54209	31.7306	15.542082	2.057242	35.63302	9.26263	8.265993	4.95286	9.35017	1.45455	1.946128	0	1.0303	13.01687	0	4.11784	17.47133	2.218854	4.00673	13.754167	1.920231	1.37374	8.340069	4.42036	2.409476	0.582492	13.643102	3.05387	0.400673	3.467752	0.936027	0.205387	1.40171	0	2.13131	0	0	0.185185	0	0	0	0	2.09764	0	0	0	0	0.818181	0.47138	1.17508	0.175084	0.454545	0.350168	0.656566	0.740741	0	0.037037	0	0
K03631	0	0	0	0	0	0	0	0.141372	0	0	0.50589	0.483671	0	0	0.038808	0.10395	0	0.10395	0.162338	0	0	0	0	0.288288	0.146104	0.10395	0	0.342497	0.343643	0	0	0.077179	0	0	0	0	0.10395	0	0	0	0	0.199601	0	0	0	0.364919	0.10395	0	0	0.140386	0	0	0	0.10395	0	0	0	0	0	0	0.31185	0	0.30303	0	0	0	0.5379094	0	0	0.171821	0	0	0	0	0	1.414243	0	0	0.5754959	0.10395	0	0	0	0	0	0.588708	0	0	0.10395	0	0	0	0.0691949	0.162338	0	0	0	0.0595981	0	0	0	0.282932	0	0	0	0.10395	0	0.2203905	0.10395	0.199601	0	0	0	0	0	0	0	0.10395
K00937	0.0762195	0	0	0.0762195	0	0	0	2.265879	0	0.431034	0.0762195	0.462145	0	0	0.5944943	0	0	0.164126	0	0	0	0	0	0.5367715	0	0	0	0.124688	0	0	0	0	0	0.3896855	0	0	1.000789	0	0	0	0.0762195	0.277127	0.457317	0	0.0917431	0.3795735	0	0	0	0.373134	0	0.0513211	0	0.152439	0	0.0934579	0	0	0.183486	0.152439	0.7539951	0.3605803	0	0.5335365	0.0762195	0.8433825	0.7378578	0	0	0.0917431	0	0	0	2.25926	0	1.8970444	0	0.0762195	0.2142127	0.0762195	0	0.2011815	0	0	0	3.144831	0.0614837	0	0.0762195	0	0	0.0762195	0.0934579	0	0	0	0	0	0	0.152439	0	0.478036	0	0	0	0.1343235	0	0	0.1171496	0	0	0	0	0.3848615	0	0.0762195	0	0
K01012	0.564511	0	0	10.039599	0	0.666744	0	5.077984	0	10.3334986	0.6577348	4.979849	0.341297	0	0.568094	0	0	12.617843	1.456913	0.0261661	0	0	0	1.689222	3.932878	0.239234	0	6.770045	6.519488	0.170648	0	0	0.154799	0.253697	0	1.899714	0.670891	0	0	1.75577	0.2465296	2.376455	0.299204	2.862184	3.227322	2.077755	0	0	0.7773944	2.304735	0	13.318192	0.239482	0.4152303	0.177381	0	0	0.539249	0.346021	8.280788	8.01708	1.456366	0.15942	1.2539082	9.0881872	0.537792	6.10484	0.43686	1.801891	0.990805	0	0	9.0571073	0	0.515476	4.735541	1.500171	0.266289	4.733857	2.324915	0.755189	0.366726	3.020715	0.826057	3.04016	4.0818114	2.147812	0	0.511945	0.725943	0	0.700874	0.639614	0.808217	0.170648	0	0.103527	0.409882	0	0	0	25.831085	0.499627	0	0.249147	6.384186	0.379444	0.743873	4.9851952	1.6849178	1.389872	11.981481	0.750042	2.317981	0	1.368343	0	1.032717
K04654	0	0	0	0.247573	0	0.684932	0	0	0	0	0	0	0	0	0	0	0	0	0	0	0	0	0	0	0	0	0	0.270382	0.603261	0	0	0	0	0	0	0	0	0	0	0	0	0.221239	0	0	0	0	0	0	0	0.884956	0	0.773994	0	0	0	0	0	0	0	0.19764	0	0	0	0	0	0	0	0	0	0	0	0	0.218289	0	1.36986	0.906367	0	0	0	0	0	0	0	0	0.0970072	0	0	0	0	0	0	0	0	0	0	0	0	0	0	0	0	0	0	0	0	0	0	0	0	0	0	0	0	0	0	0	0	0
K05592	0.575499	0	0	1.331305	0.236407	1.40477	0.118203	15.033498	0	6.435334	6.664107	19.355039	0.972975	0	7.727747	0.0835303	0.35545	4.255885	0.390114	0.466318	0	0.23753	0.236967	1.76675	1.442429	0	0	3.577415	13.780472	0	0	0.6750653	10.695774	0.543186	1.41844	1.667459	2.438911	1.901851	0	3.239906	0.191132	1.521122	0.70978	0.685941	0.282112	2.756489	0	0	1.034364	0.944838	0	30.957733	0	1.403508	0.591351	5.219745	0.118203	1.175906	0.3055647	1.04965	6.5582	0.918508	0.308452	10.303521	2.80772	1.656535	6.4673876	5.028506	1.946226	0.473093	0	0.236407	8.678473	4.34279	3.3763	3.825873	0.236407	0.945626	8.8327846	0.992163	0.456842	1.56974	0.356013	2.312974	0.514858	41.60967	0.455756	0	1.596392	0.363269	0.7564	0.739045	0.2694294	3.093568	0.118203	0	0	0.118765	0.118203	0.101655	0	13.512684	0.594172	0	0	0.472025	0.925812	0.826685	2.442266	0.35461	0.850276	0.8929838	0.355172	2.6603518	0	0.58453	0	0.826284
K00979	0	0	0	0	0	0	0	0	0	0	0	0	0	0	0	0	0	0	0	0	0	0	0	0	0	0	0	0.567376	0	0	0	0	0	0	0	0	0	0	0	0	0	0	0	0	0	0	0	0	1	0	0	0	0	0	0	0	0	0	0	0	1.29078	0	0	0	0	0	0	0	0	0	0	0	0	0	0	0	0	0	0	0	0	0	0	0	0	1.42553	0	0	0	0	0	0	0	0	0	0	0	0	0	0	0	0	0	0	0	0	0	0	0	0	0	0	0	0	0	0	0	0
K10206	0	0	0	0	0	0	0	0.814815	0	0	0.251852	0	0	0	0	0	0	0.351852	0	0	0	0	0	0.138889	0	0	0	0	0	0	0	0	0	0	0	0	0	0	0	0	0	0	0	0	0	0.0537037	0	0	0	0	0	0	0	0.138889	0.138889	0	0	0	0	0	0	0.416667	0	0.277778	0	0	0	0	0	0	0	0	0	0	0	0	0	0	0	0	0	0	0	0	0	0	0	0	0	0	0	0	0	0.555556	0	0	0	0	0	0	0	0	0.138889	0	0	0.138889	0	0	0	0	0.331481	0	0	0	0	0	0	0
K06997	0	0	0	0	0	0	0	0	0	0	0	2	0	0	0	0	0	0	0	0	0	0	0	0	0	0	0	0	0	0	0	0	0	0	0	0	0	0	0	0	0	0	0	0	0	0	0	0	0	0	0	0	0	0	0	0	0	0	0	0	0	0	0	0	0	0	0	0	0	0	0	0	0	0	0	0	0	0	0	0	0	0	0	0	0	0	0	0	0	0	0	0	0	0	0	0	0	0	0	0	0	0	0	0	0	0	0	0	0	0	0	0	0	0	0	0	0	0
K18475	0	0	0	0	0	0	0	0	0	0	0	0	0	0	0	0.324138	0	0	0	0	0	0	0	0	0	0	0	0	0.543478	0	0	0	0	0	0	0	0	0	0	0	0	0	0	0	0	0	0	0	0	0.174603	0	0	0	0	0	0	0	0	0	0	0	0	0.163218	0	0	0	0	0	0	0	0	0	0	0	0	0	0	0	0	0	0	0	0	0	0	0	0	0	0	0	0	0	0	0	0	0	0	0	0	0	0	0	0	0	0	0	0	0	0	0.543478	0	0	0	0	0	0	0	0
K03270	0	0	0	0	0	0	0	0	0	0	0	0	0	0	0	0	0	0	0	0	0	0	0	0	0	0	0	0	0	0	0	0	0	0	0	0	0	0	0	0	0	0	0	0	0	1	0	0	0	0	0	0	0	0	0	0	0	0	0	0	0	0	0	1	0	0	0	0	0	0	0	0	0	0	0	0	0	0	0	0	0	0	0	0	0	0	0	0	0	0	0	0	0	0	0	0	0	0	0	0	0	0	0	0	0	0	0	0	0	0	0	0	0	0	0	0	0	0
K15582	0	0	0	0	0	0	0	0.110667	0	0	0	0	0	0	0	0	0	0	0	0	0	0	0	0	0	0	0	0	0	0	0	0	0	0	0	0	0	0	0	0	0	0	0	0.706667	0	0	0	0	0	0	0	0	0	0	0	0	0	0	0.776	0	0	0	0	0	0	0	0	0	0	0	0	0	0	0	0	0.2	0	0	0	0	0	0	0	0.4	0	0	0	0	0	0	0	0	0	0	0	0	0	0	0	0	0	0	0	0	0	0.375328	0	0	0	0	0	0	0	0	0	0	0	0
K02020	0	0	0	0	0	0.744541	0	0	0	0	2.514865	1.089202	0	0.662252	0.234742	0	0	0.274725	0	0	0	0.467919	0	0	1.15806	0	0	0	0.234742	0	0	0.274725	0.270315	0	0	0	0	0	0	0.274725	0	0.112676	0.896714	0	1.940713	1.309467	0.193989	0	0.5239849	0.416275	0	4.993357	0	0	0	0.94362	0	0.234742	0.234742	0	0.234742	0.234742	0	0	0	1.904416	0.669484	0.298551	0	0	0	0	1.64163	0	0	0.508539	0.226917	0.111111	1.17371	0.234742	0	0	0.234742	0	0.447574	4.458364	0	0.938967	0.234742	0.647965	0	0	0	2.502347	0	0	0	0	0	0	0	2.526354	0	0	0	0	0	0	0	0	0	0	0.233177	0.982144	0	0.248756	0	0
K07590	0	0	0	0	0	1	0	0	0	1	2.562497	0	0	0	0.1875	0	0	0	0	0.916667	0	0	0	0	0	2	0	2.05208	2.77083	0	0	0	0	0	0	0	0	0	0	0	0	0	0	0	0	1	0	0	1	0.46875	0	0	0	0	1.67708	0	0	0	0.5	1	0	0	0	0	0	0	0.979167	0	0	0	0	0	0	0	0	1.333333	0	0	2.156247	0	0	0	0	0.520833	0	0	0	0.364583	0	0	0	0	0	0	0	0	0	0	0	0	0	0	0	0	0	0	0	0	0	0	0	0	0	0	0	0	0	0
K03453	0	0	0	0	0	0.660793	0	0.77821	0	0	0.0776081	0.365759	0	0	0	0	0	0	0	0	0	0	0	0.194553	0.294423	0	0	0	0	0	0	0	0	0	0	0	0	0	0	0	0	0	0	0	0	0	0	0	0.194553	0	0	0	0	0	0	0.289017	0	0	0	0	0	0.773022	0	0	0	0	0.381679	0.204112	0	0	0	0	0	0	0.06743	0	0	0	0	0	0	0	0.381679	0.136132	0	0	0	0.43906	0	0	0	0	0.189567	0.326972	0	0	0	0	0	0	0	2.819323	0	0	0	0	0	0	0	0	0	0	0	0	0	0	0	0
K01937	0.778463	0	0	0	0	0	0	5.390582	0	0	0.99001	1.245943	0	0	1.067322	0.176056	0	0.501672	0	0	0	0	0	0	0.32107	0.200803	0	0.501672	0.453328	0	0	0.167224	0.550725	0	0	0	0.673556	0	0	0	0.31049	0.628557	0.57868	0.31049	0.167224	1.028532	0	0	0.289855	0.334448	0	1.824764	0.400538	0	0.334448	0.372539	0	0.122631	0.553506	0	0.0914158	0.604898	0.987439	0	0	2.313413	2.060414	0	0.272018	0.195798	0	0	2.379038	0	0	3.147858	0.454048	0.904898	2.724092	0.736531	0	0	0	0	0	4.08898	0	0	1.21297	0	0	0.0702341	0.27933	0	0	0	0	0.118172	0	0	0	0.973512	0	0	0	0	0	1.23239	2.07412	0.280702	1.31773	0.0858417	0.403226	0.401606	0	0.151616	0	0.152731
K02343	0	0	0	0	0	0	0	0	0	0.0809717	0.0714286	0.0304762	0	0	0	0	0	0	0	0	0	0	0	0	0	0	0	0.115963	0.4738436	0	0	0	0	0	0	0	0	0	0	0	0.530055	0	0	0	0	0.142857	0	0	0	0.0714286	0	0	0	0	0.10381	0	0	0	0.2208206	0	0.202429	0	0	0	0.0714286	0.100604	0.0714286	0	0	0	0	0	0	0	0	0	0	0	0.201207	0	0	0	0	0.0714286	0	0	0	0	0	0.0714286	0	0	0	0	0	0	0	0	0	0	0	0	0	0	0	0	0	0	0	0	0	0	0	0	0	0	0	0
K11382	0	0	0	0	0	0	0	0	0	0	0	0	0	0	0	0	0	0	0	0	0	0	0	0	0	0	0	0	0	0	0	0	0	0	0	0	0	0	0	0	0	0	0	0	0	0	0	0	0	0	0	0.255102	0	0	0	0	0	0	0	0	0	0	0	0	0	0	0.0110544	0	0	0	0	0	0.764456	0	0	0.047619	0	0	0	0	0	0	0	0	0	0	0	0	0	0	0	0	0.127551	0	0	0	0	0	0	0	0	0.255102	0	0	0	0	0	0	0	0	0	0	0	0	0	0	0	0
K00928	0	0	0	0	0	0	0	0	0	0	0	0	0	0	0	0	0	0	0	0	0	0	0	0	1.11905	0	0	0	0	0	0	0	0	0	0	0	0	0	0	0	0	0	0	0	0	0	0	0	0	0	0	0	0	0	0	0.793651	0	0	0	0	0	0	0	0	0	0	0	0	0	0	0	0	0	0	0	0	0	0	0	0	0	0	0	0	0	0	0	0	0	0	0	0	0	0	0	0	0	0	0	0	0	0	0	0	0	0	0	0	0	0	0	0	0	0	0	0	0	0
K06041	0.0790754	0.364964	0	1.820449	0.20438	0.182482	0	11.725235	0	1.883265	1.86983	5.52311	0.591241	0	1.0693441	0.364964	0	1.446472	1.257821	0.080292	0	0	0	3.108225	0.5936638	0.547446	0	1.214384	0.361314	0	0.364964	0.364964	2.73723	0.150852	0.364964	0	1.814994	0	0.182482	0	0.364964	0.574955	0	1.08333	0.984565	2.402046	0.182482	0	0	0.5702888	0	4.275681	0	0.485814	1.581136	0.240876	0	0.00608273	0	0.284672	3.54916	1.359468	1.27737	0.684915	1.852758	1.589394	3.321676	1.321168	1.418414	0.354015	0	0	0	0	1.609099	3.8428872	0	2.531544	1.290124	0.474452	0	1.386234	0	0.281022	0.403226	6.212899	0.912409	0.182482	0.823091	0	0	0	0.0377129	0.982968	0	0	0	0	0	0	0	0	0	0	0	0.182482	0	0.281022	1.318106	0	0.729928	0.182482	0.155718	0	0	0	0	0.182482
K02825	0	0	0	0	0	0	0	0	0	0	0	0	0	0	0	0	0	0	0	0	0	0	0	0	0	0	0	0	0	0	0	0	0	0	0	0	0	0	0	0	0	0	0	0	0	0	0	0	0	0	0	0	0	0	0	0	0	0	0	0	0	0	0	0	0	0	0	0	0	0	0	0	0	0	0	0.316456	0	0	0	0	0	0	0	0	0	0	0	0	0	0	0	0	0	0	0	0	0	0	0	0	0	0	0	0	0	0	0	0	0	0	0	0	0	0	0	0	0	0
K04096	0	0	0	0	0	0	0	0	0	0	0	0	0	0	0	0	0	0	0	0	0	0	0	0	0	0	0	0	0	0	0	0	0	0	0	0	0	0	0	0	0	0	0	0	0	0	0	0	0	0	0	0	0	0	0	0	0	0	0	0	0	0	0	0.113184	0	0	0	0	0	0	0	0	0	0	0	0	0	0	0	0	0	0	0	0.186567	0	0	0	0	0	0	0	0	0	0	0	0	0	0	0	0	0	0	0	0	0	0	0	0	0	0	0	0	0	0	0	0	0	0
K03499	0	0	0	0.628883	0	0	0	0	0	0.473446	0.503779	0.275399	0.251889	0	0.377834	0.125945	0	0	0.232558	0	0	0	0	0.125945	0.251889	0	0	0.315701	2.670611	0	0	0	0	0	0	0	0.125945	0	0	0	0.125945	0	0	0	0.125945	0.125945	0	0	0.105793	0.280899	0	0	0	0	0	0	0	0	0.696124	0	0	0.125945	0	0.376154	0	0	0.371454	0	0	0	0	0	1.00672	0	0	0.497061	0	0.0235097	0.784215	0	0	0	0	0	0	0.465116	0.125945	0	0	0.251889	0	0	0	0.377834	0	0	0	0	0	0	0	0.125945	0	0	0	0	0	0	0	0	0	0	0	0	0	0.159176	0	0.162791
K01997	0	0	0	0	0	0	0	0	0	0	0	0	0	0	0	0	0	0	0	0	0	0	0	0	0	0	0	0	0	0	0	0	0	0	0	0	0	0	0	0	0	0	0	0	0	0	0	0	0	0	0	0	0	0	0	0	0	0	0	0	0	0	0	0	0	0	0	0	0	0	0	0	0	0	0	0	0	0	0	0	0	0	0	0	0	0	0	0	0	0	0	0	0	0	0	0	0	0	0	0	0	0	0	0	0	0	0	0	0	0	0	0	0	0	0	0	0	0
K03609	0	0	0	0	0	0	0	0	0	0.387597	0	0	0	0	0	0	0	0	0	0	0	0	0	0	0	0	0	0	0.0943152	0	0	0	0	0	0	0	0	0	0	0	0	0	0	0	0	0	0	0	0	0	0	0	0	0	0	0	0	0	0	0	0	0	0	0	0	0	0	0	0	0	0	0	0	0	0	0	0	0	0	0	0	0	0	0	0	0	0	0	0	0	0	0	0	0	0	0	0	0	0	0	0	0	0	0	0	0	0	0	0	0	0	0	0	0.193798	0	0	0	0
K01810	0	0	0	0	0	0.306584	0	0	0	1.039109	0	0	0	0	0	0	0	0	0	0.174863	0	0	0	0	0	0	0	0.224215	0.962963	0	0	0	0	0.308642	0	0	0	0	0	0	0	0.251256	0	1.62295	0.374317	0	0	0	0.308642	0.628141	0	0.772863	0	0	0.591794	0	0	0	0	0.308642	0	0	0	0.224215	0	0	0.419255	0	0	0.5354635	0	0	0	0	0	1.107899	0	0.125628	0	0	0.284314	0	0.294146	0.409836	0	0.322937	0	0	0	0.11655	0	0	0	0.7085949	0	0	0	0	0	0	0	0.617284	0	0	0	0	0	0	0	0	0.125628	0	0.125628	0	0	0.794444	0	0
K01883	0	0	0	0.115473	0	0.0369515	0	1.889004	0	0	0.4302258	1.317669	0.2872636	0	0.8147379	0	0	0.363029	1.28276	0	0	0.555147	0	1.183431	0	0	0	0.230947	0.0816012	0.17244	0	0.1768002	0.671233	0.0831409	0	0	0.981255	0.185792	0	0	0	0	0	0	0.457939	1.187727	0.136612	0	0.114155	0	0	0.22831	0	0.344828	0.114155	0	0	0.114155	0	0.496124	1.001107	0.525437	0.114155	0.713501	0	0.805157	1.8267058	0	0	0.114155	0	0	0	0	0	1.017564	0	0.573837	1.770554	0.34642	0	0.22831	0	0.137363	0	1.9802775	0.406139	0	0.34642	0	0	0.320436	0.12381562	0.762339	0	0	0	0	0	0	0	0	0	0	0	0	0	0.136612	0.115473	0	0.115473	0	0.230946	0	0	0	0	0
K01955	0	0	0	0.117096	0	0.239234	0	0	0	0	0	0	0	0	0	0	0	0	0	0	0	0	0	0	0	0	0	0	0.117096	0	0	0	1.0582	0	0	0	0	0	0	0.642743	0	0	0	0	0	1.110041	0	0	0	0	0	0	0	0	0	0	0	0	0	0	0	0	0	0.239234	0	0	0	0	0	0.15625	0	0	0	0	0	0.117096	0	0	0	0	0	0	0	0	0	0	0	0	0	0.117096	0	0	0	0	0	0	0	0	0	0	0	0.403509	0	0	0	0	0	0	0	0	0	0	0	0	0	0	0	0
K17836	0.224215	0	0	0.224215	0.44843	0.224215	0	2.535873	0	0	0.769806	4.309416	1.17937	0	0.967115	0	0	0.7428991	0.375187	0	0	0	0	1.44843	0	0	0	0.44843	0.224215	0	0	0	0.896861	0.44843	0	0	0.44843	0	0	0	0.224215	0.349776	0	0	0.769805	0.535127	0	0	0.44843	0	0	0.337817	0	0.321375	0	0.224215	0	0.0597907	0	0	1.183856	0.672645	0	2.107623	1.89985	0.496263	0.671151	0	0.224215	0	0	0	0	0	0	1.8925893	0	0.672646	0.895366	0.672645	0.224215	0.44843	0.224215	0	0	2.408075	0.115097	0	0.44843	0	0	0	0	0.275037	0	0	0	0	0	0	0	1	0	0	0	0.224215	0	0	0.224215	0.133034	0.224215	0.127055	0.416667	0	0	0	0	0
K02517	0.390774	0	0	0.199203	0	0.374171	0	0	0	0.59761	0.390774	0.796813	0	0	0	0	0	0	0	0	0	0	0	0	0	0	0	1.449513	2.229814	0	0	0.191571	0	0.38247	0	0	0.128818	0	0	0	0	0	0.167331	0	0	0.699547	0	0	0.131474	0.469957	0	0	0	0	0.324393	0.00265604	0	0	2.137067	0.258964	0	0	0	0.944862	0	0.867198	0.575143	0	0	0.398406	0	0	0	0	0	0.781516	0	0	0.196547	0.360902	0	0	0	0.398406	0	0	0	0	0.398406	0	0	0	0	0.296296	0	0	0	0	0	0	0	2.638561	0	0	0	0	0	0	0.296149	0	0	0	0	0	0	0	0	0.178799
K14652	0	0	0	0	0	0	0	0	0	0	0	0	0	0	0	0	0	0	0	0	0	0	0	0	0	0	0	0	0	0	0	0	0	0	0	0	0	0	0	0	0	0	0	0	0	0	0	0	0	0	0	0	0	0	0	0	0	0	0	0	0	0	0	0	0	0	0	0	0	0	0	0	0	0	0	0	0	0	0	0	0	0	0	0	0	0	0	0	0	0	0	0	0	0	0	0	0	0	0	0	0	0	0	0	0	0	0	0	0	0	0	0	0	0	0	0	0	0
K01661	0.563176	0	0	0.302326	0	0.21645	0	2.737376	0	0	0.8658	0.967822	0.393939	0	0.770653	0	0	0.64935	0.318903	0	0	0	0	0.694394	0	0	0	0.353535	0	0	0	0.21645	1.325757	0	0	0.142857	0.456835	0.857143	0	0	0.426677	0.5803361	0	0	0.452506	1.94998	0	0	0.411255	0.997113	0	1.457431	0	1.362528	0	0	0	0.318471	0	0	0.126984	0.673881	1.732445	2.807149	1.68687	1.312214	1.422348	0.147186	0	0	0	0	0.843254	0	0	3.70061	0	0.580087	2.5127581	0.516595	0.176282	0.0606061	0.21645	0	0	2.481273	0.154401	0	0.559884	0	0	0	0	0.460829	0	0	0	0.21645	0	0.240385	0	0.21645	0	0	0	0.21645	0	0.316017	0.318471	0	0	0.471861	0.135177	0.151786	0	0.0519481	0	0.184704
K00833	0	0	0	0	0	0	0	0.120482	0	0.0250202	0.00562249	0.54065	0	0	0	0	0	0.24213	0	0	0	0	0	0	0	0	0	0.121065	0.316456	0	0	0	0.484262	0	0	0.854701	0.778078	0	0	0	0	0	0	0	0.121065	0.5105635	0	0	0	0	0	0.363196	0	0.00564972	0	0	0	0.121065	0	0.242131	0	0	0	0	0.153349	0	0.24213	0	0	0	0	0	0	0	0	0.2642993	0	0	0.1541562	0	0.120482	0.484262	0	0	0	0.0613398	0	0	0	0	0	0	0	0.363196	0	0	0	0	0	0	0	0	0	0	0	0	0	0	0	0	0	0	0	0	0	0	0	0
K01156	0	0	0	0	0	0	0	0	0	0	0.351213	0	0	0	0	0	0	0	0	0	0	0	0	0	0	0	0	0.191571	0	0	0	0	0	0	0	0	0	0	0	0	0.127714	0	0	0	0	0	0	0	0	0	0	0	0	0.23964	0	0	0	0	0	0	0	0	0	0	0	0	0.900901	0	0	0	0	0	0	0	0	0	0	0	0	0	0	0	0.114379	0.0344828	0	0.485437	0	0	0	0	0	0.864623	0	0	0	0	0	0	0	0	0	0	0	0	0	0	0	0	0	0	0	0	0	0	0	0	0	0
K00287	0	0	0	0	0	0	0	0	0	0	0	0	0	0	0	0	0	0	0	0	0	0	0	0	0	0	0	0	0	0	0	0	0	0	0	0	0	0	0	0	0	0	0	0	0	0	0	0	0	0	0	0	0	0	0	0	0	0	0	0	0	0	0	0	0	0	0	0	0	0	0	0	0	0	0	0	0	0	0	0	0	0	0	0	0	0	0	0	0	0	0	0	0	0	0	0	0	0	0	0	0	0.747126	0	0	0	0	0	0	0	0	0	0	0	0.301449	0	0	0	0
K01495	0	0	0	0	0	0	0	0	0	0	0	0	0	0	0	0	0	0	0	0	0	0	0	0	0	0	0	0	0	0	0	0	0	0	0	0	0	0	0	0	0	0	0	0	0	0	0	0	0	0	0	0	0	0	0	0	0	0	0	0	0	0	0	0	0	0	0	0	0	0	0	0	0	0	0	0	0	0	0	0	0	0	0	0	0	0.987179	0	0	0	0	0	0	0	0	0	0	0	0	0	0	0	0	0	0	0	0	0	0	0	0	0	0	0	0	0	0	0	0
K01491	0	0	0	0	0	0	0	0	0	0	0	0	0	0	0	0	0	0	0	0	0	0	0	0	0	0	0	0	0	0	0	0	0	0	0	0	0	0	0	0	0	0	0	0	0	0	0	0	0	0.893939	0	0	0	0	0	0	0	0	0	0	0	0	0	0	0	0	0	0	0	0	0	0	0	0	0	0	0	0	0	0	0	0	0	2	0	0	0	0	0	0	0	0	0	0	0	0	0	0	0	0	0	0	0	0	0	0	0	0	0	0	0	0	0	0	0	0	0	0
K03386	0	0	0	0	0	0	0	0	0	0	0	0	0	0	0	0	0	0	1.86667	0	0	0	0	0	0	0	0	0	0	0	0	0	0	0	0	0	0	0	0	0	0	0	0	0	0	0	0	0	0	0	0	0	0	0	0	0	0	0	0	0.755556	0	0	0	0	0	0	3.94815	0	0	0	0	0	0	0	0	0	0	0	0	0	0	0	0	0	0	0	0	0	1.75556	0	0	0	0	0	0	0	0	0	0	0	0	0	0	0	0	0	0	0	0	0	0	0	0	0	0	0	0	0
K03671	0	0	0	0	0	0.857143	0	0	0	0	0	0	0	0	0	0	0	0	0	0	0	0	0	0	0	0	0	2.04762	0	0	0	0	0	0.707483	0	0	0	0	0	0	0.755102	0.802721	0	0	0	0.77551	0	0	0	0	0	0	0	0	0	0	0	0	0	0	0	0	0	0	0	0	0	0	0.911565	0	0	0	0	0	0	0	0	0	1.2449	0	0	0	0	0.612245	0	0	0	0	0.918367	0	0	0	0	0.918367	0	0	0	0	0	0	0	0	0	0	0	0	0	0	0	0	0	0	0	0	0	0	0	0
K07089	0	0	0	0	0	0	0	1	0	0.0795569	0.374182	0.107504	0	0	0	0	0	0.4329	0	0	0	0	0	0.108225	0.151057	0	0	0.108225	0	0	0	0	0	0	0	0	0	0	0	0	0	0	0	0	0.108225	0	0	0	0.265957	0	0	0	0	0	0.429738	0	0	0	0	0	0.21645	0	0	0.21645	0.4329	0.215007	0	0	0.302115	0	0	0	0.588117	0	0	0.85144	0	0.108225	0.108225	0	0	0.108225	0	0	0	1.806172	0	0	0	0	0	0	0	0.4329	0	0	0	0	0	0	0	0	0	0	0	0	0	0	0	0	0.108225	0.21645	0	0	0	0	0	0
K12506	0	0	0	0	0	0	0	0	0	0	0	0	0	0	0	0	0	0	0	0	0	0	0	0	0	0	0	0	0	0	0	0	0	0	0	0	0	0	0	0	0	0	0	0	0	0	0	0	0	0	0	0	0	0	0	0	0	0	0	1.44928	0	0	0	0	0	0	0	0	0	0	0	0	0	0	0	0	0	0	0	0	0	0	0	0	0	0	0	0	0	0	0	0	0	0	0	0	0	0	0	0	0	0.522222	0	0	0	0	0	0	0	0	0	0	0	0	0	0	0	0
K08722	0	0	0	0	0	0	0	0	0	0	0	0	0	0	0	0	0	0	0	0	0	0	0	0	0	0	0	0	0	0	0	0	0	0	0	0	0	0	0	0	0	0	0	0	0	0	0	0	0	0	0	0	0	0	0	0	0	0	0	0	0	0	0	0	0	0	0	0	0	0	0	0	0	0	0	0	0	0	0	0	0	0	0	0	0	0	0	0	0	0	0	0	0	0	0	0	0	0	0	0	0	0	0	0	0	0	0	0	0	0	0	0	0	0	0	0	0	0
K03768	0	0	0	1.01754	0	0	0	0	0	0	0	0	0	0	0	0	0	0	0	0	0	0	0	0	0	0	0	0	0.824561	0	0	0	0	0	0	0	0	0	0	0	0	0	0	0	0.905263	0	0	0	0.526316	0	0	0	0	0	1.06316	0	0	0	0	0.421053	0	0	0	1.05263	0	0	1.33333	0	0	0.221053	0	0	0	0	0	1.07368	0	0	0.154386	0	0	0	0	0	0	0	0	0	0	0	0	0	0	0	0	0	0	0	0	0	0	0	0	0	0	0	0	0	0	0	0	0	0	0	0	0	0	0
K03106	0	0	0	0	0	0	0	0	0	0	0	0.255747	0	0	0	0	0	0	0	0	0	0	0	0.27933	0	1.07971	0	0.27933	0.277467	0	0	0	0	0.0522088	0	0.431034	0	0	0	0	0	0	0	0	0	1.604979	0	0	0	0	0	2.09195	0	0.387931	0	0	0	0	0	0.546398	0	0.206704	0	0	0	0	0	0	0	0	0	0	0.678161	0	0.431034	0	0	0	0	0	0	0.60241	0	0.27933	0	0	0	0	0	0	0	0.113594	0	0	0	0	0	0	0	0	0	0	0	0	0	0	0.431034	0	0	0	0	0	0	0	0	1.533727	0	0
K00677	0	0	0	0	0	0	0	0	0	0	0	0	0	0	0	0	0	0	0	0	0	0	0	0	0	0	0	0	0	0	0	0	0	0	0	0	0	0	0	0	0	0	0	0	0	0	0	0	0	0	0	0	0	0	0	0	0	0	0	0	0	0	0	0	0	0	0	0	0	0	0	0	0	0	0	0	0	0	0	0	0	0	0	0	0	0	0	0	0	0	0	0	0	0	0	0	0	0	0	0	0	0	0	0	0	0	0	0	0	0	0	0	0	0	0	0	0	0
K01951	0	0	0	0	0	0.854777	0	0.117371	0	0	2.673709	2.365317	0.237538	0	0.234742	0.20995	0	0.0547368	0	0	0	0	0	0	0.266625	0	0	0	0.543284	0.161972	0	0	0	0	0	0	0.371186	0	0	0.234742	0	0.0524257	0	0.0470175	0	0	0	0	0.149254	0	0	0.597015	0	0	0.396825	0.117371	0	0	0	0	0	0.477151	0	0	0	0	0.445268	0.446766	0.367017	0	0	0	5.365195	0	0.0308772	0.938074	0	0.254517	1.246806	0.0962441	0	0.843687	0	0	0	0.673359	0	0	0.117371	0	0	0	0	1.0098516	0	0	0	0	0	0	0	0.700403	0	0	0	0	0	1.065814	0.920187	0	0	0.149254	0	0.0161404	0	0.814966	0	0
K03664	0	0	0	0	0	0.542056	0	0.872274	0	0.451713	2.704048	2.535822	1.49533	0	0	0	0	0.679128	0	0.274143	0	0	0	0.46729	2.392524	0.934579	0	1.1616576	0	0.803739	0	0	0	0.401869	0.906542	0	2.06231	0	0	0.330218	0	0	0	0	0.894081	2.342679	0	0	0	0	0	2.911183	0	0.305296	0	0.782507	0	0	0	0	0.623053	1.448595	0	0.308411	1.657318	1.791275	2.445479	0	0.297297	0	0	0	0	0	0	3.626169	0.302181	0	2.8099711	0	0	0.046729	0	0	0	0.971962	0.46729	0.183801	0	0	0	0	0.211838	1.24299	0	0	0	0	0	0	0	0	0	0	0	0	0	0.46729	0.825545	1	0	0.76947	0	0	0	0	0	0
K09824	0.190114	0	0	0.284974	0	0	0	0.760456	0	0	0	1.015721	0	0	0	0	0	0	0	0	0	0	0	0	0.259067	0	0	0	0	0.60583	0	0	0	0	0	0	0	0	0	0	0	0.746269	0	0	0	0	0	0	0	0	0	0	0	0	0	0	0	0	0	0.2864723	0	0	0	0	1.33207	0	0	0	0	0	0	0	0	0	0	0	0	0.259067	0.965976	0	0	0.259067	0	0	0	0.653992	0	0	0	0	0	0	0	0.930291	0	0	0	0	0	0	0	0	0	0.190114	0	0	0	0	0	0	0.656285	0	0.569075	0.569075	0	0	0	0.190114
K03168	0	0	0	1.261904	0	0.324859	0	1.60945	0	0	0.111111	1.124546	0	0	0	0	0	0.373134	0	0	0	0	0	0	0	0	0	0	1	0	0	0	0	0.265957	0	0	0	0	0	0	0	0	0.746269	0	0.59204	0	0	0	0	0	0	1.15537	0	0	0.130208	0	0	0.373134	0	0	0	0	0	1.49944	0	0	0	0	0.373134	0	0	0	0	0	0	0.373134	0	0	0.423729	0	0	0.19403	0	0	0	2.682799	0	0	0.254902	0	0	0	0	0	0	0	0	0	0	0	0	0.751996	0	0	0	0	0	0.657143	0	0	0	0.423729	0	0	0	0	0	0
K03060	0	0	0	0	0	0	0	0	0	0	0	0	0	0	0	0	0	0	0	0	0	0	3.42424	0	0	0	0	1	3	0	0	0	0	0	0	0	0	0	0	0	0	0	0	0	0	1	0	0	0	1	0	0	0	0	0	1	0	0	0	0	0	0	0	0	0	0	2.92424	0	0	0	0	0	0.272727	0	0	1	0	0	0	0	0	0	2	3	0.121212	0	0	0	0	1	0	0	0	4.257579	0	0	0	0	0	0	0	5	0	0	0	0	0	2.51064	1.72727	0	0	0	1	1	0	0	0	0
K09767	0	0	0	0	0	0	0	0	0	0	0	0	0	0	0	0	0	0	0	0	0	0	0	0	0	0	0	0	0	0	0	0	0	0	0	0	0	0	0	0	0	0	0	0	0	0	0	0	0	0	0	0	0	0	0	0	0	0	0	0	0	0	0	0	0	0	0	0	0	0	0	0	0	0	0	0	0	0	0	0	0	0	0	0	0	1	0	0	0	0	0	0	0	0	0	0	0	0	0	0	0	0	0	0	0	0	0	0	0	0	0	0	0	0	0	0	0	0
K01972	0	0	0	0	0	0	0	0	0	0	0.359712	0.359712	0.358513	0	0	0	0	0	0	0	0	0	0	0	0	0	0	0.116009	0	0	0	0	0	0	0	0	1.271881	0.333333	0	0	0	0	0	0	0	0.116009	0	0	0	0	0	0	0	0	0.231612	0.645833	0	0	0	0	0	0	0	0	0	0.179856	0.179856	0.539568	0.179856	0	0	0	0	0	0	0	0.179856	0	0.179856	0	0	0	0	0.125628	0	1.9598	0.179856	0	0	0	0	0.251256	0	0	0	0	0	0	0	0	0	0	0	0	0	0	0	0	0	0	0.411271	0	0	0	0	0	0	0
K02012	0	0	0	0	0	0	0	0	0	0.756264	0.030303	0.493594	0	0	0.324675	0	0	0	0	0	0	0	0	0.26178	0.0878378	0	0	0.212838	0.352477	0	0	0	0	0	0	0	0	0.64899	0	0	0	0	0	0.470721	0	0.655405	0	0	0	0.018018	0	0	0	0	0.168919	0	0	0	0	0	0	0	0.535354	0	0	0	0.931375	0	0	0.292793	0	0	0.574324	0	0	0.578829	0	0	0.52356	0	0	0.272727	0.390625	0	0	0.5	0	0	0.027027	0.168919	0	0	0	0	0	0	0	0	0	0	0	0	0	0	0	0	0	0	0	0	0.356061	0	0	0.168919	0	0.26178	0	0
K01338	0.4166664	0	0	0.3465666	0.138889	0.4158968	0	7.759545	0	0.681663	1.734144	10.4635124	0.347222	0	2.1357261	0.138889	0.0694444	1.6930554	0.2074074	0.1386965	0.0692521	0.277778	0	2.6212584	0.6052161	0.2083334	0	1.5260863	2.16851	0	0	0.1388888	2.002199	0.7813778	0	0.6912034	0.0694444	0.908712	0	0.468055	0.703012	0.138889	0.597222	0.554017	0.8317521	3.742664	0.0356481	0	0.2865738	0.6780444	0	1.0723	0.138889	0.347222	0.5272264	0	0	0.2527778	0.0692521	0.4160894	7.020744	0.2893514	0.86933	2.9982824	4.065277	0.9807967	4.605136	0.3470301	0.2851583	0.138504	0	0	0.358726	0.777777	0.1386965	0.943675	0.037963	2.721276	1.9258094	0.2942522	0	0.7453704	0	0.2079484	0.0694444	3.26574	0.2777774	0.0361111	0.3722218	0	0.0564815	0.589352	0.0692521	2.8874811	0	0	0	0	0	0	0	0.61265	0.0694444	0	0	0.138889	0.0694444	0.0949074	0.8815819	0	2.181482	0.4166664	0.0648148	0	0	0.0694444	0	0.2079484
K02050	0	0	0	0	0	0	0	0	0	0	0	0	0	0	0	0	0	0	0	0	0	0	0	0	0	0	0	0	0	0	0	0	0	0	0	0	0	0	0	0	0	0	0	0	0	0	0	0	0	0	0	0	0	0	0	0	0	0	0	0	0	0	0	0	0	0	0	0	0	0	0	0	0	0	0	0	0	0	0	0	0	0	0	0	0	0	0	0	0	0	0	0	0	0	0	0	0	0	0	0	0	0	0	0	0	0	0	0	0	0	0	0	0	0	0	0	0	0
K03427	0	0	0	0	0	0	0	0	0	0	0	0	0	0	0	0	0	0	0	0	0	0	0	0	0	0	0	0	0	0	0	0	0	0	0	0	0	0	0	0	0	0	0	0	0	0	0	0	0	0	0	0	0	0	0	0	0	0	0	0	0	0	0	0	0	0	0	0	0	0	0	0	0	0	0	0	0	0	0	0	0	0	0	0	0	0	0	0	0	0	0	0	0	0	0	0	0	0	0	0	0	0	0	0	0	0	0	0	0	0	0	0	0	0	0	0	0	0
K07447	0	0	0	0	0	0.939394	0	0	0	4.56848	1.41991	0	0	0	0	0	0	0	0	0	0	0	0	0	0	0	0	3.696566	1.83983	0	0	0	0	0.380952	0	0	0.512821	0.809524	0	0	0.649351	0.649351	0	2.348914	0	1.28571	0	0	0	2.26978	0	0.91342	0	0	0	0	0	0	3.4632	1.66667	0	0	0	0	0	0	1.757143	0	0	0	0	0	1.28139	0	0	3.21612	0	0	0.65368	0	0	0	0.78355	0	0.533333	0.935065	0	0	0.428571	0.415584	0	0	0	0	0	0	0	0	0	0	0	5.16017	0	0	0	0	0	0.264069	0	0	0.424242	0	0	0	0	0	0	0
K08325	0	0	0	0	0	0.257271	0	0	0	0	0.16318	0.349556	0	0	0	0	0	0	0	0	0.565891	0	0	0	0	0	0	0	0	0	0	0	0	0	0	0	0	0	0	0	0	0.393736	0	0	0.175439	0	0	0	0	0	0	1.837481	0	0	0	0.248756	0	0	0	0.202429	0	0	0.202429	0	0	0	0.932127	0	0	0.469799	0	0	4.57005	0	0	0	0	0	2.62142	0	0	0	0	0.190114	2.935398	0	0	0	0.724638	0	0	0.310962	0.214765	0.821902	0	0	0	0	0	0	0	1.062729	0	0	0	0	0	0.47536	0.17004	0	0	0.195682	0	0.33557	0	0	0	0
K21636	0.347222	0.136986	0	0.524126	0	0.219298	0	0	0	3.321279	4.074357	3.809771	0	0	0	0	0	0	0	0	0.3137206	0	0	0.770833	0	0	0	3.428504	5.125795	0	0	0.219298	1.130726	0.4507066	1.20183	0.273973	1.894371	0	0	0.547945	0	2.078442	0	1.313258	0.694444	1.767662	0.347222	0	0.694444	2.193699	0	0.676446	0	0.136986	1.189534	0.488562	0	0	2.678844	0.442478	1.38889	1.2190237	0	0.347222	0.83143	0.0884956	3.994211	0	0	0.236979	0	0	1.631368	0	0.273973	2.166097	0.352201	0.136986	2.5035726	0	0.0884956	0.694444	0.8314226	0.5639856	0.6708309	2.76852	0	0	0.620924	0.176991	0	0.671296	0.810105	3.595813	0.0884956	0	0	0.265487	0	0	0	4.760775	0	0	0	0	0	0.925246	1.068854	0.711768	0	0.313977	0.219298	0.156156	0.694444	0.546119	0	0.3147227
K03816	0	0	0	0	0	0	0	0	0	0	0.298122	0	0	0	0	0	0	0	0.133803	0	0	0	0	0	0	0	0	0	0	0	0	0	0	0	0	0	0.352113	0.276995	0	0	0	0	0	0	0	0	0	0	0.321596	0	0	0	0	0	0	0.192488	0	0	0	0	0	0	0	0	0	0	0	0	0	0	0	0	0	0	0	0	0	0	0.99061	0	0	0	0	0	0	0	0	0	0	0	0	0	0	0	0	0	0	0	0	0	0	0	0	0	0	0	0	0	0	0	0	0	0	0	0	0	0	0
K14441	0	0	0	0.398167	0.292398	0	0	2.126333	0	0.46047	2.10526	2.591285	0	0	0.3116748	0	0	0.817353	0.390287	0	0	0	0	0.115984	0	0	0	1.72515	1.473515	0	0	0.157729	0.611315	0	0	0.463566	0.783505	0	0	0	0.157729	0.984848	3.15789	0.33251	0.146199	0.44919	0	0	0.162866	0.37037	0	0.425867	0	0	0	0.157729	0	0	0	0	0.834377	0	0	0.146199	0	0.292398	1.3521504	0	0	0.160256	0	0	0.37037	0	1.0563196	0.8357825	0	1.730346	1.985513	0.284091	0	0.60241	0	0	0	1.41851	0	0	0.92821	0.123457	0	0.146199	0	0.315457	0	0	0	0	0	0	0	0.301282	0	0	0	0	0	0	0	0	0.292398	0	0	0	0	0	0	0
K14170	0	0	0	0	0	0	0	0	0	0	0	0	0	0	0	0	0	0.151515	0	0.151515	0	0	0	0	0	0	0	0.151515	0.90606	0	0	0	0	0	0	0	0	0	0	0	0	0	0	0.30303	0	0	0	0	0	0.107962	0	0	0	0	0	0	0	0	0	0	0	0	0	0	0	0	0	0	0	0	0	0	0	0	0	1.46259	0	0	0	0	0	0	0	0.151515	0	0.223529	0	0	0	0	0	0	0	0	0	0	0	0	0	0	0	0	0	0	0	0	0	0	0	0	0	0	0	0	0	0	0	0
K01876	0.815217	0.0682367	0	0.801988	0.677966	0.167874	0	5.575771	0	0.316995	1.773976	5.715042	0.132246	0.181159	0.9105824	0	0	1.4717757	0.181159	0.0905797	0	0.181159	0	2.148433	0.2326247	0.0905797	0	0.3530047	1.298211	0.181159	0	0	1.528985	0.9441406	0	0	1.007493	0.125313	0	1.261055	0.3431047	0	0	0	0.362319	1.183712	0	0	0.425516	0.0994036	0	1.2353079	0.181159	0.2110618	0.3907	0.2600717	0	0.0905797	0	0	1.556159	1.660299	0.181159	3.308162	2.097826	2.233723	1.1799497	1.0220517	0	0.6834747	0	0	0	1.974527	0.115942	2.297122	0.142045	0.919269	3.741848	0.8404465	0.0905797	0.860965	0	0.1522099	0.0905797	4.0204717	0.359903	0	0.822571	0	0.285223	0.125313	0.229358	0.8312186	0	0	0	0	0	0	0	0.0483764	0.251977	0	0	0	0	0	0.3746707	0	0.388308	0.3579377	0.0726817	0.053744	0	0	0	0
K00783	0	0	0	0	0	0	0	0	0	0	0	0	0	0	0	0	0	0	0	0	0	0	0	0	0	0	0	0	0	0	0	0	0	0	0	0	0	0	0	0	0	0	0	0	0	0	0	0	0	0	0	0	0	0	0	0	0	0	0	0	0	0	0	0	0	0	0	0	0	0	0	0	0	0	0	0	0	0	0	0	0	0	0	0	0	0	0	0	0	0	0	0	0	0	0	0	0	0	0	0	0	0	0	0	0	0	0	0	0	0	0	0	0	0	0	0	0	0
K00567	0	0	0	0	0	0	0	0	0	0	0	0	0	0	0	0	0	0	0	0	0	0	0	0	0	0	0	0.431034	0	0	0	0	0	0	0	0	0	0	0	0	0	0	0	0	0	0	0	0	0	0	0	0	0	0	0	0	0	0	0	0	0	0	0	0.422414	0	0	0	0	0	0	0	0	0	0	0	0	0	0	0	0	0	0	0	0	0	0	0	0	0	0	0	0	0	0	0	0	0	0	0	0	0	0	0	0	0	0	0	0	0	0	0	0	0	0	0	0	0	0
K03797	0	0.4354595	0	0.0616162	0	0	0	4.232292	0	0.657534	1.487447	2.674194	0	0	0	0.16835	0	0.784558	0	0	0	0	0	0.622895	0.151515	0	0	0.707284	1.02286	0	0	0	0.30303	0.623205	0	0.152505	0	0	0	0	0.150505	0.151515	0	1.31579	0.3084171	1.1776648	0	0	0	0.255555	0	0.435353	0	0.151515	0.219298	0.0656566	0	0	0.219298	0	0.220044	0.0626263	0	1.538041	0.953535	0	1.3668387	0.625	0	0	0	0	0	0	0.877193	2.335586	0	0.865319	1.1458	0	0	0.6397	0	0.114141	0.151515	2.2450369	0	0	0.675799	0	0	0.1939	0	0	0	0	0	0	0	0	0	0.444843	0	0	0	0	0	0	0.0868687	0	0	0	0	0	0	0	0	0
K01409	0.854957	0	0	1.055302	0	0	0	2.297603	0	0	0.575028	2.003349	1.1194	0	0.523947	0	0	0.740741	0	0	0	0	0	1.002216	1.159789	0.746269	0	0.559701	0	0	0	0	1.48148	0	0	0	0.243902	0.37037	0	0	0	0	1.1157958	0	0	1.362963	0	0	0.373134	0	0	0	0	0.6067422	0.78125	0.5770653	0.180952	0	0	0	0.619009	0.369106	0.1	0.684932	0.980247	0.690005	1.172729	0	0.445528	0.763195	0	0	0	0	0	1.909739	0	0.800793	1.4447367	0.185185	0.186567	0.6609952	0	0	0.186567	3.037917	0	0	0	0	0	0	0	0.430469	0.185185	0	0	0	0	0	0	0.439054	0	0	0	0	0.746377	0	0.371752	0.185185	0.186567	0	0	0	0	0	0.186567	0
K03570	0	0	0	0.585937	0	0	0	0.0820312	0	0	0.195312	3.74225	0	0.390625	1.308595	0	0	0.178385	0	0.195312	0	0	0.206612	0.584635	0	1.413223	0	0	0	0.390624	0	0	1.945309	0	0	0	0	0	0	0.178385	0.206612	0	0	0	0	0.390625	0	0	0.195312	0	0	1.360258	0.390625	0	0	0	0	0	0	0	0.390624	0.963233	0	0.342448	0.97526	2.833967	0.104811	0	0	0	0	0	0	0	0.206612	0.851143	0	0.553385	0.545572	0.138021	0	0.390625	0	0	0	0.592911	0.333333	0	0.195312	0	0	0	0	0.132812	0	0	0	0	0	0	0	0	0	0	0	0	0	0	0.20052033	0	0	0	0.14974	0	0	0	0	0
K03313	0	0	0	0	0	0	0	0	0	0	0	0	0	0	0	0	0	0	0	0	0	0	0	0	0	0	0	0	0.220721	0	0	0	0	0	0	0	0	0	0	0	0	0	0	0	0	0	0	0	0	0	0	0	0	0	0	0	0	0	0	0	0	0	0	0	0	0	0	0	0	0	0	0	0	0	0	0	0	0	0	0	0	0	0	0	0.337838	0	0	0	0	0	0	0	0	0	0	0	0	0	0	0	0	1.3491	0	0	0	0	0	0	0	0	0	0	0	0	0	0	0	0
K00615	0.599709	0	0	0.218341	0	0.218341	0	5.294138	0	0.366812	0.4090244	3.938861	0	0	1.08297	0.19214	0	0.873363	0.218341	0	0	0	0	0.944687	0.436682	0	0	0.212518	0.151383	0	0	0.482891	0.852984	0.770015	0	0	0	0	0	0	0.218341	0	0	0	0.436681	0.858807	0.218341	0	0	0.122271	0	0.7700145	0.218341	0.183406	0	0.218341	0	0	0	0	0.235808	1.735082	1.30859	0.20524	0.854439	0	1.477438	0.655022	0.218341	0	0	0	0	0	0	1.8001612	0.218341	0.3114997	0.81805	0.215429	0.436681	0.770015	0	0.218341	0	1.2634648	0	0	0	0	0	0	0	0.531295	0	0.218341	0	0	0	0	0	0	0	0	0	0	0	0	0.564775	0.436681	1.091703	0	0	0	0	0	0	0
K09384	0	0	0	0	0	0	0	0	0	0	0	0	0	0	0	0	0	0	0	0	0	0	0	0	0	0	0	0	0	0	0	0	0	0	0	0	0	0	0	0	0	0	0	0	0	0	0	0	0	0	0	0	0	0	0	0	0	0	0	0	0	0	0	0	0	0	0	0	0	0	0	0	0	0	0	0	0	0	0	0	0	0	0	0	0	0	0	0	0	0	0	0	0	0	0	0	0	0	0	0	0	0.625	0	0	0	0	0	0	0	0	0	0	0	0	0	0	0	0
K10038	2.700477	0.260417	0	1.24132	0	0.461806	0	1.946181	0	0.842697	2.30903	2.63646	0	0	2.966733	0	0	0.927083	1.699657	0.657242	0	0	0	2.085068	3.847612	0	0	0.294118	0	0	0	0	0	0.258681	0	0.520833	2.504863	0	0	0.260417	0.766866	0	1.430557	0.280899	0.7790181	8.883498	0	0	0.0225694	0	0	3.233922	0	2.55382	0.552083	3.029012	0	0	0.561798	1.571536	1.010747	1.597227	0	2.770835	0	3.084675	4.99583	0	0	1.071738	0	0	0	0	0.0470588	9.025229	0.100694	0.260417	4.626732	0.640625	0.171875	0.694444	0	0.260784	0	10.1100528	0.520833	0	0.816736	0	0	0	0.520834	1.17535	0.260417	0	0	0.90592	0	0	0	1.727453	0	0	0	0.465804	0	1.029163	1.578808	0.260417	0.78125	0.280899	1.100833	0	0	0	0	0.22549
K12960	1.04444	0	0	0	0	0	0	0	0	0	0	1	0	0	0	0	0	0	0	0	0	0	0	1	0	0	0	0	0	0	0	0	0	0	0	0	0	0	0	0	0	0	0	0	0	0	0	0	0	0	0	0	0	0	0	0	0	0	0	0	0	0	0	0	0	0	0	0	0	0	0	0	0	0	0	0	0	0	0	0	0	0	0	0	0	0	0	0	0	0	0	0	0	0	0	0	0	0	0	0	0	0	0	0	0	0	0	0	0	0	0	0	0	0	0	0	0	0
K01866	0.160529	0.243464	0	0.141643	0	0.854215	0	0.378659	0	0	0.141643	0.547155	0	0	0	0	0	1.209109	0	0	0	0	0	0.8803353	0.793178	0	0	0	0	0	0	0	0	0.282342	0	0	1.133144	0	0.120141	0.192506	0	0	0	0.141643	0	0.703704	0	0	0	0	0	1.01858	0	0.245098	0.176678	0.245098	0	0	0	0.0890805	0.191571	0.191571	0	0	0.474976	2.050066	2.812258	0	0	0	0	0	0	0	0	4.32791	0.068933	0.890663	2.845002	0.140699	0	0.426452	0	0.570349	0	5.042879	0	0	0.141643	0	0	0.191571	0	1.37299	0	0	0	0	0	0	0	0.284091	0	0	0	0.506844	0	1.042878	0.951941	0	0.490196	0.666038	0	0	0	0.176678	0	0
K06158	0.446429	0	0	1.077781	0	0.403487	1.35294	7.357858	0	1.805303	2.3383178	13.634596	0.563283	0	2.384432	0	0	3.0521898	0.621461	0	0	0	0	2.2739474	1.988238	0	0	2.131236	4.441003	0	0	0.6927662	1.61331	0.093985	0	0	1.02041	0.139349	0	0.232831	0.184162	0.251256	3.180395	0.283208	2.018353	2.5319668	0	0	0	0.5440465	0	5.39831	0	1.161067	0.1768268	0.832105	0	0.35423	0.18797	2.200303	5.794382	0.417923	0	0.88798	0	0.595238	6.363674	0.389903	0.6578472	0.434121	0	0	6.95181	1.35747	0	1.48166	0.251256	1.578514	3.263818	0.14881	0	1.436135	0.4606858	0.20791	0	13.720247	0.455472	0	0	0.0847458	0	0	0	0.324242	0	0	0	0.234506	0	0	0	1.070159	0	0	0	0.659159	0	0	0.446712	0.0451128	0.343337	0.672581	0.875196	0.20268	0	0	0	0
K01873	0.4306216	0.196328	0.094162	1.3171998	1.275733	1.857636	0.0598086	29.9888738	0	2.8706346	8.1285608	29.074287	0.1585637	0.1383573	3.077219	0	0.3485701	2.6993228	0.8369296	0.354466	0	0.119218	0.434783	5.366681	1.6331901	0.456625	0	3.9084606	8.8671655	0.0598086	0	0.517171	2.8339223	1.641599	0.062201	0.9566828	3.8492265	0.119617	0	5.5865476	1.4009847	1.885155	0.6373346	1.001904	0.728469	8.320748	0.0598086	0	0.3931416	1.76533	0	4.9086641	0	1.4792573	0.3895137	1.724773	0.0708215	0.923008	1.7737196	0.78534	5.1092506	2.336137	0.735499	4.307093724	5.8827726	0.863959	6.603087	4.817287	1.5109966	0.6451244	0.31761	0	8.42901752	0.239234	0.7356947	4.0884605	0.2653287	3.267633	7.633198	1.0019666	0.6458476	2.080432	0.597101	2.119209	0.498152	40.0953605	0.451829	0	1.2277971	0.148368	0	1.21505	0.13811769	4.9139335	0.094162	0.560959	0.107527	0	0.442795	0.1196172	0	8.909854	0.1539706	0.107527	0	0.9025991	0.7155388	1.6447195	2.2881785	0.4633602	2.9396788	1.3010953	0.2838851	0.524064	0	1.7234036	0	0
K01151	0	0	0	0	0	0	0	0	0	0	0	0	0	0	0	0	0	0	0	0	0	0	0	0	0	0	0	0.161959	0	0	0	0	0	0	0	0	0	0	0	0	0	0	0	0	0	0	0.237219	0	0	0	0	0	0	0	0	0	0	0	0	0	0	0	0	0	0	0	0	0	0.4	0	0	0	0	0	0	0	0	0	0	0	0	0	0	0	0	0	0	0	0	0	0	0	0	0	0	0	0	0	0	0	0	0	0	0	0	0	0	0	0	0	0	0	0	0	0	0	0	0
K03696	0	0	0.237681	1.698556	0	0.960792	0	0	0	1.089805	1.389935	1.723333	0.580801	0	1.431658	0	0	0	0	0.218341	0.256098	0	0.145349	0.25641	0.4571957	0	0	1.099499	0.714198	0	0	0	0	0	0	0	1.9285585	0.267552	0	1.394686	0	0	5.078219	0.0860585	3.37359	0.474751	0	0	0.6566692	0.827139	0	0.785391	0	0	1.711094	0.777937	0	0	0	0	0	1.278249	0.0948767	0	0.304878	0.3059453	0.3132177	0	0.283997	0	0	0	0.502787	0	0	1.65958	0.148515	0	0.283997	0	1.17316	0	0	0.8116194	0.218023	9.73188	0	0	0.0948767	0	0	0.120773	0.0860585	1.204118	0	0	0	0	0	0	0	0.989505	0	0	0	0	0	0	0.189121	0.480769	0	0	0	0	0	0.554113	0	0
K01586	0	0	0	0	0	0	0	0	0	0.796976	0.766474	0.404938	0	0	0	0	0	0	0	0	0	0	0	0	0	0	0	0.421353	1.647335	0	0	0	0	0	0	0	0	0	0	0	0	0.236264	0	0	0	0.729332	0	0	0	0.247525	0	0	0	0	0	0	0	0	0	0.247525	0	0	0.37037	0	0	0	1.42904	0	0	0	0	0	0	0	0	0.274725	0	0	2.0412	0	0.146628	0	0.975175	0.293255	0	1.48395	0	0	0.37037	0.439883	0	0	0.644362	0.107261	0	0	0	0	0	0	0	0.628476	0	0	0	0	0	0	0	0	0.0493827	0	0	0	0	0.0742913	0	0
K02823	0.627604	0	0	0	0.778646	0	0	0.330729	0	0	0	0.390625	0	0	0	0	0	0	0	0	0	0	0	0	0	0	0	0	0	0	0	0	0	0	0	0	0	0	0	0	0	0	0	0	0	0.385417	0	0	0	0	0	0	0	0	0	0	0	0	0	0	0	0	0	0	0	0	0	0	0.390625	0	0	0	0	0	0	0	0	0	0	0	0	0	0	0	0	0	0	0	0	0	0	0	0	0	0	0	0	0.633343	0	0	0	0	0	0	0	0	0	0	0	0	0	0	0	0	0	0	0	0
K02470	0	0	0	0.468045	0	0	0	0.128205	0	0.35298	1.100722	2.373983	0	0	0.473801	0	0	0.128205	0	0.128205	0	0	0	0.547425	0	0	0	0.924243	2.274461	0	0	0	0	0.496649	0	0	0	0	0	0.384615	0	0	2.33585	0.274725	0.735988	0	0	0	0	0.562446	0	0.171821	0	0.3722195	0.274725	0.300026	0	0	0	1.00694	0.2428355	0.352113	0	1.979692	0	0	2.826525	0	0.220096	1.05634	0	0	5.542292	0	0.398876	1.843064	0	0	1.85486	0.1563	0	0	0	0.143646	0	0	0	0	0.217391	0.243902	0	0	0	0	0	0	0	0	0	0	0	2.95974	0.282552	0	0	0	0	0.23964	0.916667	0.206504	0.217391	0	0	0.274725	0	0	0	0
K00773	0.31056	0	0	0.297101	0	0.310559	0	5.659072	0	1.053353	1.0093172	5.892677	0.309524	0	0.6609128	0	0	0.305384	0.325733	0.154244	0	0	0	1.51242	0.2308494	0.104	0	0.3850138	0.5823915	0	0	0	0	0	0	0.310559	0.383023	0.130435	0	0.0258799	0.180124	0.023199	1.66667	0.15528	0.482402	1.380953	0	0	0.277433	0.145299	0	3.2153243	0	0.465839	0.15528	0.15528	0	0	0.15528	0.15528	1.472723	0.310559	0	1.24224	0.8209115	0.2465348	1.5834883	1.223603	0.15528	0.277433	0	0	1.116978	0.310559	0.9275373	0.535508	0	1.1159417	1.695262	0.1894406	0.276398	0.375776	0	0	0.278468	3.154341	0.15528	0	0.62767	1.23395	0	0	0	0.96472398	0	0	0	0	0	0	0	4.212561	0	0	0	0.15528	0	0.313726	0.15528	0.15528	0	0	0.141822	1.52278	0	0.465839	0	0
K02838	0	0	0	0	0	0	0	0	0	0	0	0	0	0	0	0	0	0	0	0	0	0	0	0	0	0	0	0	0	0	0	0	0	0	0	0	0	0	0	0	0	0	0	0	0	0	0	0	0	0	0	0	0	0	0	0	0	0	0	0	0	0	0	0	0	0	0	0	0	0	0	0	0	0	0	0	0	0	0	0	0	0	0	0	0	0	0	0	0	0	0	0	0	0	0	0	0	0	0	0	0	0	0	0	0	0	0	0	0	0	0	0	0	0	0	0	0	0
K06442	0	0	0	0	0	0	0	0	0	0	0	0	0	0	0	0	0	0	0	0	0	0	0	0	0	0	0	0	0	0	0	0	0	0	0	0	0	0	0	0	0	0	0	0	0	0	0	0	0	0	0	0	0	0	0	0	0	0	0	0	0	0	0	0	0	0	0	0	0	0	0	0	0	0	0	0	0	0	0	0	0	0	0	0	0	0	0	0	0	0	0	0	0	0	0	0	0	0	0	0	0	0	0	0	0	0	0	0	0	0	0	0	0	0	0	0	0	0
K01448	0	0	0	0	0	0	0	0	0	1.277778	2.277778	0	0	0	0	0	0	0	0.202429	0	0	0	0	0	0	0	0	0.404858	1.38889	0	0	0	0	0	0	0	0	0	0	0	0	0	0	0.404858	0	1.11111	0	0	0	1.607287	0	0	0	0	0.607287	0	0	0	0.148448	0	0	0	0	0	0	0.25	0	0	0	0	0	0	0	0	0	1.307303	0	0	0	0	0	0	0.277778	0	0.277778	0	0	0	0	0.202429	0	0	0	0	0	0	0	0.0661269	0	0	0	4.14395	0	0	0	0.107962	0	0	0	0	0	0.277778	0	0	0	0	0	0
K00925	0	0	0	0	0	0	0	0	0	0	0	0	0	0	0	0	0	0	0	0	0	0	0	0	0	0	0	1	0	0	0	0	0	0	0	0	0	0	0	0	0	0	3.15315	0	0	0	0	0	0.432432	0	0	0	0	0	0	0	0	0	0	0	0	0	0	0	0	0	0	0	0	0	0	0	0	0	0	0	0	0	0	0	0	0	0	0.567568	0	0	0	0	0	0	0	0	0	0	0	0	0	0	0	0	0	0	0	0	0	0	0	0	0	0	0	0	0	0	0	0	0	0
K01879	0	0	0	0	0	0	0	0.6877142	0	0	0	0	0	0	0	0	0	0	0	0	0.292398	0	0	0	0	0	0	0	0	0	0	0	0	0	0	0	0.153846	0	0	0	0	0	0	0	0	0.105485	0.105485	0	0	0.78125	0	0.167785	0	0	0.153846	0	0	0	0	0	0	0	0	0.307692	0	0.244103	0.113379	0.142564	0	0	0	0	0	0	0	0.5736236	0	0.153846	0.421071	0	0.335185	0	0	0.292398	0	0.44985	0	0	0	0	0	0	0.113379	0	0	0	0	0.314465	0	0	0	0.316456	0	0	0	0	0	0	0	0	0	0	0	0	0	0.144928	0	0
K07141	0.795924	0.125	0	0.6293346	0	0	0	5.607492	0	0	1.260604	4.050953	0.305556	0	0.561955	0	0	0.26178	0.182292	0	0	2.75225	0	1.02443	0.710297	0	0	0.343805	0	0	0	0.52356	6.130421	0.26178	0	0	0.282609	0	0	0	0.244328	0	0	0	1.452607	1.04887	0	0.260417	0.522197	0	0	1.062745	0	0.775304	1.04167	0.307155	0	0.260417	0	0.64867	1.890497	1.04712	0	4.252564	1.376963	2.100134	1.259671	0	0	0.232112	0	0	0.52356	0	0	2.167696	0.362319	1.151945	2.847556	0.520461	0	0.78534	0	0	1.24837	0	0.26178	0	0	0	0	0	0	0.664921	0	0	0	0	0	0	0	0	0	0	0	0.687609	0	0.542757	0.52356	0	0.340314	0	0.144852	0	0	0	0	0
K07082	0.350201	0	0	0.467603	0	0.233918	0.232019	0.5196	0	0.209992	2.38886	2.77752	0.234192	0	0.728337	0	0	0.5175643	0.5445804	0	0.116822	0	0	1.854977	0.494926	0.395004	0	0.559737	0	0.234192	0	0	0	0.234192	0.234192	0	0.8829035	0.468384	0	0	0	0.116822	0	0	1.642466	2.135323	0.116009	0	0	0.351014	0	2.632837	1.117096	0.724388	0.57866	0	0.117096	0	0	0.233411	0.982519	0.343175	0	1.04419	1.297899	0.800019	2.2111698	1.157245	0.109034	0.117096	0	0.234192	0	0	0	2.928133	0.349727	2.011065	3.579409	0.117096	0.0827479	0.2146762	0	0.116822	0	4.3776904	0.233105	0	0.299459	0	0	0	0	1.183925	0	0	0	0.321146	0	0	0	0.596573	0.116822	0	0	0.282592	0.234192	0	0.334895	0.117096	0.818891	0.944574	0.28103	0.234192	0	0	0	0.117096
