#SampleID	002VWWX	004AWZY	004VWZY	006VHQK	027VYMX	031VPYH	036AXHM	036VXHM	040VYDY	047VLRL	083AYGC	083VYGC	086VHXM	110VZSZ	149VYYD	153VWG	155VCHJ	173VHJW	174LBQA	180VHMQ	189VXZJ	195VXXY	199VOZQ	206ZFDA	215ATKH	215VTKH	220VDXP	227AZMH	227VZMH	230VLSH	235VDBJ	243AHZH	243VHZH	287DJQA	309VHJD	322VCHL	325ALRY	325VLRY	331ALDY	331VLDY	342VCSL	347APZL	347VPZL	348VYQM	350VLYY	351AZDY	351VZDY	353VGSZ	354VPYM	357VLTS	358AWXC	358VWXC	359VYSH	361ATLX	361VTLX	362VLBJ	363VLH	364VCZ	366VZMY	367VWSY	370VLZW	371VTYJ	372VJHK	373VHXR	376VYKZ	377VHWH	379ALJJ	379VLJJ	384VCZL	388DHLA	388VDHL	390VNFD	392VWLL	393VZLH	395VGSQ	C001CJB	C002HHP	C003XYQ	C006LYH	C007XXZ	C008QLX	C009HHY	C010WL	C013MJH	C014LWG	C017YYM	C018LJP	C020LBJ	C022SMR	C024XHR	C025PCY	C026CBR	C031CQS	C034LJ	LR200116-0001	LR200116-0002_L4_1000002	LR200116-0003_L1_1000787	LR200116-0004_L1_1000734	LR200116-0005_L1_1000735	LR200116-0006_L1_1000736	LR200116-0008_L1_1000738	LR200116-0009_L1_1000739	LR200116-0010	LR200116-0011	LR200116-0012_L4_1000742	LR200116-0013_L1_1000743	LR200116-0014_L4_1000788	LR200116-0015_L4_1000789	LR200116-0016_L4_1000953	LR200116-0017_L4_1000954	LR200116-0018_L1_1000955	LR200116-0019_L1_1000956	LR200116-0020_L1_1000916	LR200116-0021_L1_1000957	LR200116-0023_L1_1001357	LR200116-0024_L1_1001404	LR200212-0001	LR200212-0002
M00001	0.740492	0.0888099	0	0.3987781	0	0.306584	0.37037	7.045377	0	1.636392	1.9112689	4.2976499	0.356506	0	1.839838	0	0	2.252476	1.208646	0.2592361	0	0	0	1.1480879	0.0888099	0	0.0975309	0.4305705	1.0517729	0	0	0.108932	1.5417577	0.308642	0	0	1.98688206	0	0	0.7097249	0.0888099	0.7183294	0.17762	1.62295	1.519354	1.7754904	0	0	1.096785	0.6886162	0	2.992445	0	0.166304	0.700726	0.1971176	0	1.5052704	0	0.308642	1.1935209	1.140693	0	1.95129	2.2810054	1.927739	2.7113728	2.491312	0.108932	0.5354635	0	0	0	0	0.0888099	4.925375	0	0.8418885	2.542437	0.26738	0.284314	2.383999	0.560576	0.8636933	0.108932	4.845264	0.315904	0	0.355318	0.846426	0	0.2865518	0	4.3723039	0	0	0	0.108932	0	0	0	3.030461	0	0.35524	0	0.36045	0.158387	0.0348584	0.3665098	0.0888099	0.356129	0.586492	0.598729	0.367908	0	0.794444	0	0.108932
M00002	0.43573	0.0888099	0	0.3987781	0	0	0	5.826585	0	0.597283	1.3791699	3.6151519	0.356506	0	1.420261	0	0	1.407015	1.208646	0.0843731	0	0	0	1.1480879	0.0888099	0	0	0.2063555	0.0888099	0	0	0.108932	1.5417577	0	0	0	0.87190406	0	0	0.5245399	0.0888099	0.0746004	0.17762	0	1.145037	1.0656144	0	0	0.541838	0.0604752	0	1.880349	0	0.166304	0.108932	0.1971176	0	1.4386037	0	0	0.6052859	1.140693	0	1.727075	1.3817904	0.87146	1.0391518	2.491312	0.108932	0	0	0	0	0	0.0888099	2.095858	0	0.7162605	1.393321	0.26738	0	2.272888	0.26643	0.4538573	0.108932	2.678393	0.315904	0	0.355318	0.729876	0	0.2865518	0	3.111328	0	0	0	0.108932	0	0	0	2.217865	0	0.35524	0	0.36045	0.158387	0.0348584	0.3665098	0.0888099	0.108932	0.217865	0.352113	0.367908	0	0	0	0.108932
M00003	0	0	0	0.432203	0	0.8716502	0	0	0	0	0	0	0	0	0	0	0	0	0	0	0	0	0	0	0	0	0	0	0.6596832	0	0	0	1	0.170068	0	0	0	0	0	0	0	0	0	0	0	0.663842	0.184557	0	0	0.847458	0	0.472789	0	0	0	0	0	0	0.695157	0	0	0	0	0	0	0	0.628131	1	0	0	0	0	0	0	0	1.724981	0	0	0.236111	0	0	0	0	0.340136	0	0	0	0	0	0.282486	0	0	0	1.941176	0	0	0	0.170068	0	0	0	3.807706	0	0	0	0	0	0	0	0	0	0	0	0	0	0.627451	0	0.398305
M00004	0.599709	0	0	0.5599256	0	0.77245	0	5.3914977	0	1.405921	1.2836124	4.621788	0	0	4.03932	0.19214	0.247525	1.596135	0.218341	0.174863	0	0	0	1.403433	0.966385	0	0	0.436733	1.426227	0	0	0.482891	3.290863	1.078657	0	0	0.440594	0	0	0	0.218341	0.251256	0	1.62295	2.287898	1.058477	0.218341	0	1.343399	0.750412	0	3.4033025	0.2645456	0.430931	0.591794	0.218341	0	0	0.83062	0.308642	0.571378	1.982607	1.30859	2.904703	1.26863	2.403081	3.710687	0.655022	0.380057	0.9223685	0	0	0	0	0	6.5552072	0.218341	0.9321777	3.994136	1.828358	0.720995	0.930081	0.883432	0.628177	0.245875	4.8354058	0	0	0.247525	0.11655	0	0	0	1.2943453	0	0.218341	0	0.232673	0	0	1.36559	0.617284	0	0	0	0.247525	0	0.247525	1.280899	0.436681	1.217331	0.699187	0.125628	0.247525	0	0.794444	0	0
M00005	0	0	0	0	0	0	0	0	0	0.256014	0.396907	0	0	0	0	0	0	0	0	0	0	0	0	0	0	0	0	0.526172	1.37113	0	0	0	0	0	0	0	0	0	0	0	0	0.256014	1.54639	1.28522	0	0	0	0	0	0.341554	0	0.948454	0	0.247525	0	0	0	0	0.438144	1.294104	0	0	0	1.02921	0	0	0.991988	0	0	0.237113	0	0	0	0	0	0.190722	0.206186	0	0	0	0	0	0	0.466984	0	0	0	0	0	0	0	0	0	0.256014	0	0	0	0	0	0	0	0.614664	0	0	0	0.247525	0	0	0.0412371	0	0	0	0	0	0	0.256014	0	0
M00006	0	0	0	0.3415846	0	0.247525	0	0.0973597	0	0	0.874588	0	0	0	2.95635	0	0.247525	0.722772	0	0	0	0	0	0.458746	0.529703	0	0	0	0.311881	0	0	0	2.437879	0	0	0	0.440594	0	0	0	0	0	0	0	1.4769	0.19967	0	0	0.33557	0	0	1.860425	0.0462046	0.247525	0	0	0	0	0.83062	0	0.33557	0.247525	0	2.475248	0.414191	2.403081	1.00447	0	0.161716	0	0	0	0	0	0	2.647147	0	0.49505	2.476899	1.612929	0	0.160066	0	0	0.245875	3.249004	0	0	0.247525	0	0	0	0	0.0544554	0	0	0	0.232673	0	0	1.36559	0	0	0	0	0.247525	0	0.247525	0.716124	0	0	0	0	0.247525	0	0	0	0
M00007	0.599709	0	0	0.218341	0	0.218341	0	5.294138	0	0.366812	0.4090244	4.621788	0	0	1.08297	0.19214	0	0.873363	0.218341	0	0	0	0	0.944687	0.436682	0	0	0.212518	0.151383	0	0	0.482891	0.852984	0.770015	0	0	0	0	0	0	0.218341	0	0	0	0.436681	0.858807	0.218341	0	0.699187	0.122271	0	0.7700145	0.218341	0.183406	0	0.218341	0	0	0	0	0.235808	1.735082	1.30859	0.20524	0.854439	0	2.286962	0.655022	0.218341	0.386905	0	0	0	0	0	2.8001612	0.218341	0.3114997	1.517237	0.215429	0.436681	0.770015	0.589286	0.218341	0	1.2634648	0	0	0	0	0	0	0	0.531295	0	0.218341	0	0	0	0	0	0	0	0	0	0	0	0	0.564775	0.436681	1.091703	0.699187	0	0	0	0	0	0
M00008	0	0	0	0.3415846	0	0.247525	0	0.0973597	0	0	0.874588	0	0	0	2.95635	0	0.247525	0.722772	0	0	0	0	0	0.458746	0.529703	0	0	0	0.311881	0	0	0	2.437879	0	0	0	0.440594	0	0	0	0	0	0	0	1.4769	0.19967	0	0	0.33557	0	0	1.860425	0.0462046	0.247525	0	0	0	0	0.83062	0	0.33557	0.247525	0	2.475248	0.414191	2.403081	1.00447	0	0.161716	0	0	0	0	0	0	2.647147	0	0.49505	2.476899	1.612929	0	0.160066	0	0	0.245875	3.249004	0	0	0.247525	0	0	0	0	0.0544554	0	0	0	0.232673	0	0	1.36559	0	0	0	0	0.247525	0	0.247525	0.716124	0	0	0	0	0.247525	0	0	0	0
M00009	2.894507	0.109649	0	2.0395931	1.780434	1.6259763	0.219298	14.991336	0	1.576713	4.2637334	9.8447333	0.419476	0	5.405913	0.109649	0	4.017796	2.049789	0	0	0	0	6.3644907	2.0948926	0	0	3.152649	1.471615	0	0	0.767544	7.394149	0.215134	0	0.2704676	5.681897	0.361974	0.167398	0.5029077	0.273392	0.526939	3.39785	1.260251	2.672082	8.0532663	0	0	1.565362	3.077103	0	4.357358	0.359412	1.076336	0.387632	0.783969	0	0.3268859	0	0.451807	3.992057	2.655453	0.42258	11.250876	4.904946	5.799675	7.636501	1.572356	0.331219	0.569439	0	0	0.853185	0.187266	0.71612	12.833995	1.837858	6.2090997	12.192807	1.415328	1.44688	1.933281	1.649793	0.689581	1.13004	34.302651	0.4787598	0	2.9248808	0.503939	0.093633	1.7428452	0	5.620536	0	0	0.109649	1.5206825	0	0	0	1.962674	0	0.663477	0	3.170502	0.467865	1.09909	4.637729	0.296184	5.208599	2.2652107	0.243231	0.444658	0	0.093633	0	0.1527728
M00011	2.894507	0.109649	0	2.0395931	1.780434	1.6259763	0.219298	14.991336	0	1.576713	4.2637334	9.8447333	0.419476	0	5.405913	0.109649	0	4.017796	2.049789	0	0	0	0	6.3644907	2.0948926	0	0	3.152649	1.471615	0	0	0.767544	7.394149	0.215134	0	0.2704676	5.681897	0.361974	0.167398	0.5029077	0.273392	0.526939	3.39785	1.260251	2.672082	8.0532663	0	0	1.565362	3.077103	0	4.357358	0.359412	1.076336	0.387632	0.783969	0	0.3268859	0	0.451807	3.992057	2.655453	0.42258	11.250876	4.904946	5.799675	7.636501	1.572356	0.331219	0.569439	0	0	0.853185	0.187266	0.71612	12.833995	1.837858	6.2090997	12.192807	1.415328	1.44688	1.933281	1.649793	0.689581	1.13004	34.302651	0.4787598	0	2.9248808	0.503939	0.093633	1.7428452	0	5.620536	0	0	0.109649	1.5206825	0	0	0	1.962674	0	0.663477	0	3.170502	0.467865	1.09909	4.637729	0.296184	5.208599	2.2652107	0.243231	0.444658	0	0.093633	0	0.1527728
M00014	0	0	0	0.124877	0	0.226788	0	1.847591	0	0	0.294985	0	0	0	0	0	0	0.559489	0.294985	0	0	0	0	0.59783727	0	0.442478	0	0	0	0	0	0	0	0	0	0	0.116028	0	0	0	0	0	0	0	0	0.780729	0	0	0.027532	0.198413	0	0.13766	0.147493	0	0	0	0	0	0	0	0	0	0	0.388397	0.442478	0.147493	0.227139	0	0.564405	0	0	0	0	0	0	0.1870537	0	0.195674	0.726647	0	0	0.805309	0	0.147493	0	3.706983	0.323501	0	0.2104232	0	0	0	0	0.2320367	0	0	0	0	0	0	0	0	0	0	0	0.147493	0.304703	0	0	0	0.294985	0	0	0	0	0	0	0
M00015	0	0	0	0.154321	0	0	0	0	0	0.350399	0.196078	0.50472	0.154321	0	0	0	0	0	0	0	0	0	0	0	0	0	0	1.148848	1.672601	0	0	0.154321	0	0	0	0	0	0	0	0	0	0.331213	0	0	0	0.135135	0	0	0	0.135135	0	0.308642	0	0	0.978261	0.196078	0	0	0.849891	0	0	0	0	0	0	0	0.0421811	0	0	0.146091	0	0	0	0.617284	0	1.035858	0	0	0	0	0	0	0	0.135135	0.222222	0	0	0	0	0.135135	0	0	0	0	0	0	0	0	0	0	0	0.308642	0	0	0	0	0	0.35461	0	0	0	0	0	0	0	0	0	0
M00016	3.1955779	0.170068	0	1.289863	0	1.6532697	0	13.238377	0	2.463858	6.86695594	7.798083	1.577538	0	3.15906	0	0	2.280481	2.331554	0.37332	0	0	0	4.4671111	3.6416206	1.085137	0	2.62438	3.757257	0	0	0.9068154	5.99361	0.030914	0.344173	0	5.1471988	0	0	2.585036	0.695256	0.811761	0	0.0448276	1.565759	10.352292	0.721671	0.170068	1.2678236	1.231211	0	3.374269	0.170068	2.281519	0.304878	2.1527664	0	0.808091	1.996445	1.438001	3.7566575	5.429739	0.710506	5.1678996	2.535	5.838235	13.085223	0.409864	0.4085458	0.340136	0.320346	0	3.900084	4.06863	0	8.1786003	0.5774168	4.856797	11.02847335	0.738497	0.5238487	2.1049473	1.4832858	0.63966	0.0728793	23.6937912	0.323848	0	1.9367081	0.439883	0.170068	1.519999	1.172725	3.40365	0	0	0	0.685204	0	0	0	5.027654	0.163399	0	0	0.823149	0.464396	0.716816	3.950587	0.206612	2.6350067	1.432963	0.339002	0.889563	0	1.2129213	0	0
M00017	1.313829	0.355253	0	0.372016	0.555556	0.338191	0	6.747873	0	0.939872	4.7114928	7.63846	1.805933	0	2.7875219	0	0	1.3900364	1.36054	0.355253	0	0	0	2.1991791	2.6182737	2.280272	0	1.050683	2.671963	0.5739	0	0.2738651	3.539965	0.130702	0	0	5.0682038	0	0	2.730385	0.333467	0	2.22222	0.0448276	1.166149	5.7880788	0.684835	0.170068	1.055678	0.301647	0	3.439312	0.170068	0.68603	0.304878	2.5102	0	0.131579	0.163399	1.335825	2.1608315	2.647232	0.340136	2.9792874	1.662189	2.6607213	6.8385908	0.320192	0.2052938	0.788479	0.320346	0	0.921101	0	0.2520819	7.104904	0.2366158	4.3004564	10.9140246	0.317765	0.0729847	0.954408	0.963726	0.246656	1.1994905	18.2121485	1.2688607	0	2.2778508	0.545679	0.170068	1.4791279	0.528363	2.75471148	0	0	0	0.685204	0	0	0	3.561725	0.163399	0	0	0.640649	0	0.716816	3.939618	0.206612	1.59613	0.590881	0.339002	1.134917	0	0.568182	0	0.704545
M00018	1.7675509	0.170068	0	0.845295	0	0.401154	0	7.698156	0	1.56874	5.587883	7.989894	1.79976	0	3.90869	0.111111	0	2.987395	1.880989	0.170068	0	0	0	2.5332531	3.0271441	0.680272	0	1.659306	0.432171	0	0	0.3079392	7.734954	0.2188501	0	0.63716	5.6003388	0	0	2.840755	0.333467	0.151057	0	0.0448276	2.177001	6.838726	0.496865	0.170068	1.29209	1.331154	0	3.509926	0.170068	0.911464	1.233956	2.532484	0	0.24269	0.163399	1.335825	2.2669995	6.0756	0.935637	3.4637186	2.434782	2.7035773	9.8796436	0.206612	0.5771628	0.603294	0.320346	0	1.278244	0	0	8.317445	0.1709128	3.110956	8.739892	0.454248	0.3286047	1.061681	0.425455	0.246656	0.2044583	22.4479155	1.030514	0	1.1485748	0.626866	1.170068	1.650788	0.528363	3.039637	0	0	0	0.947372	0.101481	0	0	4.556089	0.163399	0	0	0.640649	0	1.560062	3.986231	0.206612	2.267573	0.590881	0.339002	0.450967	0	1.41564	0.453172	0.704545
M00019	0.191667	0	0	0	0	0.5215928	0	7.508883	0	0	0.3839746	5.6975648	0	0	0.1326923	0	0	0.7599236	0	0	0.219298	0	0.760563	0.884956	0.4156408	0	0	1.0234175	0	0	0	0	0.884956	0.107715	0	0	0.288462	0	0	0	0	0.219298	1.31579	1.10798	0.397543	0.9247164	0	0	0.8080473	0.8614598	0	2.264981	0	0.0961538	2.249546	0.1923076	0	0	0.621212	0.367424	3.1432328	1.065925	1.4121438	2.5623268	1.014642	0.0961538	0.4224361	0	0.109635	0.288462	0	0	0.5366625	1.15385	0	1.2261248	0	0.5482378	2.1635534	0.0961538	0.442478	1.0929322	0	0	0	10.14257	0.4029018	0.6369558	0.442478	0	0	0	0	1.303188	0	0	0	0	0.0961538	0	0	0.535354	0	0	0	0	0	0	0.2193181	0	0.4455128	0	0.0888252	0.489616	0	0.1923076	0	0
M00021	0	0	0	0.196078	0	0	0	0.904762	0	0	0	0	0	0	0.218615	0.324675	0	0	0	0	0	0	0	0.183983	0	0	0	0	0.648019	0	0	0	0.974026	0	0	0	0	0	0	0	0	0.0941176	4.09333	0.691609	0	1.01948	0	0	1.122804	0.324675	0	0.324675	0	0	0	0	0	0	0	0.283582	0.324675	0	0	0	0	0	0.199134	0	0	0	0	0	0	0	0	0.324675	0	0	0.974026	0.577922	0.266234	0	0	0	0	0.606061	0	0	0.402597	0.150943	0	0	0	0	0	0	0	0	0	0	0	0.220779	0	0	0	0	0	0	0.305195	0	0	0	0	0	0	0	0	0
M00022	1.208491	0	0	0.88851906	0.487805	0.329905	0	4.45691	0	0.449167	2.017143	9.3334852	1.07748	0	2.0271055	0	0	3.634177	0.588438	0.0715447	0	0	0	2.213007	2.41053	0.730081	0	1.870847	1.53407	0	0	0	3.65854	0.520145	0	0	1.020566	0	0	0.147748	0.291057	0	0	0	1.863294	4.199092	0	0	0.909596	0.292778	0	2.058353	0.172358	0.777948	0	1.2210128	0	0.650793	2.13996	0.221138	1.708946	0.514172	0	2.84398	1.704062	1.758538	2.409779	0.3596208	0.427642	0	0	0	4.369329	1.20488	1.097329	2.38513	0.520145	3.93009	1.938428	1.251574	0	0.217886	0	0.561362	0	7.046537	0.975609	0	0.3126273	0	0	0	0	1.976176	0.243902	0.112195	0	0	0	0	0.243902	0.615101	0	0	0	0.366456	0.095935	0.110569	0.82439	0.145946	0.723577	0.243902	0	0	0	0.243902	0	0.15873
M00023	0	0	0	0	0	0	0	1.079136	0	0	0.340528	0	0.601307	0	0.787402	0	0	0	0	0	0	0	0.402878	0	0.127098	0	0	0	0	0.276119	0	0	0	0.359712	0	0	0.309353	0	0	0	0	0	0	0	0	0.359712	0	0	0	0	0	2.61667	0	0	0	0	0	0	0	0	0	0	0	0	0	0	0.944844	0	0	0	0	0	0.359712	0	0.359712	0	0	0	0.2369572	0	0	0.472441	0	0	0.737589	0.359712	0	0	0	0	0	0	0	1.141487	0	0	0	0	0	0	0	0	0	0	0	0	0	0	0.793765	0.359712	0	0	0	0	0	0	0	0
M00024	0	0	0	0	0	0	0	0	0	0	0	0	0	0	0	0	0	0.151515	0	0.151515	0	0	0	0	0	0	0	0.151515	0.90606	0	0	0	0	0	0	0	0	0	0	0	0	0	0	0.30303	0	0	0	0	0	0.107962	0	0	0	0	0	0	0	0	0	0	0	0	0	0	0	0	0	0	0	0	0	0	0	0	0	1.46259	0	0	0	0	0	0	0	0.151515	0	0.223529	0	0	0	0	0	0	0	0	0	0	0	0	0	0	0	0	0	0	0	0	0	0	0	0	0	0	0	0	0	0	0	0
M00025	0	0	0	0	0	0	0	0	0	0	0	0	0	0	0	0	0	0.151515	0	0.151515	0	0	0	0	0	0	0	0.151515	0.90606	0	0	0	0	0	0	0	0	0	0	0	0	0	0	0.30303	0	0	0	0	0	0.107962	0	0	0	0	0	0	0	0	0	0	0	0	0	0	0	0	0	0	0	0	0	0	0	0	0	1.46259	0	0	0	0	0	0	0	0.151515	0	0.223529	0	0	0	0	0	0	0	0	0	0	0	0	0	0	0	0	0	0	0	0	0	0	0	0	0	0	0	0	0	0	0	0
M00026	0	0	0	2.595801	0	0	0	1.34314	0	0.353333	0	0	0	0	0.207283	0	0	0	0	0	0.210084	0	0.103093	0	0	0	0	0	0.531915	0	0	0.210084	0	0	0	0	0	0	0	0	0	0	1.2605	0	0	0	0	0	0	0	0	0	0	0	1.07955	0	0	0	0	0	0.0812325	0	0	0.724638	0.210084	0	0.779361	0	0	0	0	0	0	0	0	1	0	0	0	0	0.537634	0.45002	0	0.0458333	0.370647	0.210084	0	0	0	0	0	0	0	0	0	0	0	0	0	0	0	0	0	0	0	0	0	0.209302	0	0	0	0	0	0	0	0	0	0
M00028	0	0	0	0	0	0	0	0	0	0.144509	0.0423729	0	0	0	0	0	0	0	0	0	0	0	0	0.310559	0	0	0	0	0	0	0	0	0	0	0	0	0	0	0	0	0	0.375706	0	0	0	0	0	0	0	0	0	0	0	0	0	0	0	0	0	0	0	0	0	0	0	0	0	0	0	0.125	0	0	0	0	0	0	0	0	0	0	0.211864	0	0	0	0	0	0	0	0	0	0	0	0	0	0	0	0	0	0	0	0	0	0	0	0	0	0	0	0	0	0	0	0	0	0	0	0	0
M00029	0.393978	0.0266041	0	0	0	0	0	7.213383	0	0.177936	0.519325	0.9354413	0	0	0.5194882	0	0	0.159236	0	0.107981	0	1.320882	0	0.435842	0.287441	0	0	3.088495	0.616162	0	0	0	0.467136	0	0	0.129108	0	0	0	0	0	0.759259	0	0	0	1.685278	0	0	0.639214	0.531706	0	1.005765	0	0.546296	0.117371	0.2342282	0	0.213675	0	0	0.553213	0.435842	0	1.473862	0.7774734	1.185751	2.0866518	0.236246	0	0	0	0	0	0	1.974532	2.4687511	0.318471	0.213675	0.3711	0.159236	0.159236	0.27543	0	0.0524257	0	1.513178	0	0	0	0	0	0.159236	0	0	0	0	0	0.0828025	0	0	0	1.268936	0	0	0	0	0	0	0.117371	0	0.276607	0	0	0	0	0	0	0.697263
M00033	0.837001	0.170068	0	0.372016	0	0.206612	0	5.644882	0	0.206612	2.504305	4.402847	1.577538	0	2.222588	0	0	1.06515	1.36054	0.170068	0	0	0	1.9360211	2.4077996	0.680272	0	0.919104	0	0	0	0.2738651	3.539965	0	0	0	1.4326888	0	0	2.585036	0.333467	0	0	0.0448276	0.980964	4.024645	0.496865	0.170068	0.595238	0.170068	0	0.98423	0.170068	0.68603	0.304878	1.325015	0	0	0.163399	1.190476	1.8517165	2.159654	0.340136	2.9081636	1.53061	2.229825	5.810423	0.206612	0.2052938	0.340136	0.320346	0	0.485054	0	0	4.249291	0.1709128	1.95351	4.007708	0.120915	0.0729847	0.170068	0.425455	0.101307	0.0728793	9.728567	0	0	0.6437168	0	0.170068	1.263589	0.528363	1.514549	0	0	0	0.685204	0	0	0	1.353414	0.163399	0	0	0.50907	0	0.716816	3.329384	0.206612	0.962602	0.590881	0.339002	0.450967	0	0	0	0
M00034	1.366693	0	0	0.929231	0.913393	0.5292165	0.0527132	4.173373	0	0.138329	2.9022532	4.277958	1.50564	0	1.027058	0.144092	0	2.358349	0.6889681	0.162791	0.242667	0	0	1.274092	1.823742	0	0	1.683184	4.67851749	0.242075	0	0	0.910663	1.204031	0	0	2.852585	0	0	0.659223	0.146199	1.64286	0	0	2.1729293	4.308699	0	0	0.226244	1.046873	0	4.139886	0	0.8791474	0.144092	1.1930438	0	0.108527	1.188602	0.703783	2.248515	2.1359699	0.576369	2.997405	1.669113	5.559759	3.619673	0	0.146199	1.03164	0	0	6.41871	0	0.503935	6.33318	0.952735	2.402147	8.665554	1.585	1.188507	1.962486	0.465116	1.213435	0.50641	15.758619	0.658521	0	0.911243	0	0	0.226244	0	3.4984008	0	0	0	0	0	0	0	5.762593	0	0	0	0.144092	0	1.212837	0.896081	0	0.43649	0.8030908	0.144092	0.865618	0	1.186781	0	0.59361
M00035	1.366693	0	0	0.292021	0.575408	0.5292165	0	3.32066	0	0.138329	1.3100032	2.636634	0.575408	0	0.7945	0.144092	0	0.820365	0.6889681	0	0	0	0	0.813054	1.112472	0	0	1.170363	2.69048	0.242075	0	0	0.910663	0.971473	0	0	1.615852	0	0	0.431316	0.146199	1.64286	0	0	1.7310693	3.252885	0	0	0.226244	0.580206	0	4.094009	0	0.8791474	0.144092	0	0	0	0.446028	0.447373	2.248515	1.5778306	0.576369	1.949343	1.09702	4.862085	2.054735	0	0.146199	0.440831	0	0	1.74736	0	0	4.167293	0.952735	1.512035	8.665554	1.352442	0.678303	1.494079	0	0.718385	0	15.48393	0.658521	0	0.911243	0.137741	0	0.226244	0	1.407706	0	0	0	0	0	0	0	0.591716	0	0	0	0.144092	0	0.100865	0.663523	0	0.43649	0.5922378	0.144092	0.144092	0	0	0	0.288184
M00036	1.115497	0.109649	0	0.410854	1.405902	0.666382	0.219298	8.51485	0	1.295814	1.4756884	7.5403823	0	0	2.272823	0.109649	0	1.313596	1.33256	0	0.219298	0	0	2.170614	1.0887436	0	0	3.059016	0.103414	0	0	0.109649	0.109649	0.109649	0	0.2704676	4.035846	0.174708	0.167398	0.109649	0.273392	0.746237	1.31579	1.260251	1.413047	6.4958543	0	0	0.618421	1.290424	0	2.873672	0.359412	0.548246	0	0	0	0.1396199	0	0.451807	2.128601	1.02266	0.328947	4.347156	2.037276	1.956216	7.313779	0.657894	0.225734	0	0	0	0.853185	0	0.150602	2.542223	0.321637	3.3991927	5.810715	1.031433	0.379135	0.391339	1.333337	0	0.900327	21.720289	0.328947	0	2.786304	0.503939	0	0.5197362	0	4.97751	0	0	0.109649	1.3334165	0	0	0	1.672687	0	0.663477	0	0.657894	0.18759	1.09909	1.717346	0.108918	4.553168	1.644736	0.149598	0.184688	0	0	0	0
M00046	1.1183367	0.2025	0.25	0.602103	0.249167	0	0	2.54417	0.362319	0	0.55723	1.52166	0.33574	0	2.1212196	0	0	1.679552	0.385	0	0	0	0	0.605834	0.125	0	0	0.133574	0.125	0	0	0.3025	2.015852	0.125	0.125	0	0.728941	0.0675	0	0.194167	0.177936	0	0.308063	0.541123	1.99333	2.717358	0.411011	0	1.116447	0.125	0	4.290814	0	0.625	0	0.1708333	0	0.125	0	0.355872	1.584206	1.712651	0	1.96167	1.86417	4.3408963	0.834167	0.54633	0.305505	0.0746089	0	0	0.168446	0	0	13.44849	0	1.762106	1.76381	1.492006	0.375	3.123619	0	0.04	0	1.571881	0.125	0	0	0	0	0	0	2.188108	0	0	0	0	0	0	0	0	0	0	0	0	0	0	0.0675	0	2.55417	0.608441	0	0.125	0	0	0	0.025
M00048	0	0	0	0	0	0.135501	0	2.834128	0	0	0.4143226	0.1595921	0	0	0.2114053	0	0	0.0417711	0	0	0	0	0	0.120773	0	0	0	0	0.311064	0	0	0	0	0.0764381	0	0	0	0	0	0	0	0	0	0	0.13089	0.262469	0	0	0	0.0351583	0	0.0417711	0.627226	0.0402576	0.0402576	0.0884956	0	0	0.0575916	0.118203	0.4688426	0	0	0	0.167084	0.6982383	0.1695031	0	0	0	0	0	4.0780142	0.0531401	0	2.352812	0	0.5996911	0.278233	0	0.0788644	0	0	0	0.0947368	0.2401176	0	0	0.26738	0	0	0	0.333333	0.69541	0	0	0	0	0	0	0	0.2723196	0	0	0	0.2200746	0	0	0.0402576	0	0.183601	0	0	0.0630631	0	0.0402576	0	0
M00049	0.162338	0.0888099	0	0	0	0.146104	0	3.52113	0	0.266786	0.230415	0.2670629	0.356506	0	0.13089	0	0	0.307512	0	0.0843731	0	0	0	0.0888099	0.0888099	0	0	1.033307	0.2210849	0	0	0	0	0	0	0	0.00356506	0	0	0.0888099	0.0888099	0.1557692	0.17762	0	0.13089	0.501207	0	0	0	0.735881	3.66667	1.117822	0.303951	0	0	0.0891266	0	1.0309	2.9332526	0.60241	0.42735	0.17762	0	0.199295	0.0746004	0.914758	0.8385278	0.704225	0	0	0	0	0.354978	0	0.3900149	2.256912	0	0.0888099	0.13089	0.26738	0	0.62167	0.517686	0.6044593	0	0.35524	0	0	0.355318	0.62167	0	0.1776198	0	1.048282	0	0	0	0	0	0	0	0	0	0.35524	0	0	0	0.141844	0.1773423	0.0888099	0	0	0.352113	0.259917	0	0	0	0
M00050	0.4941787	0.0888099	0	0.5771389	0.281993	0.970013	0	7.955984	0	1.4685415	5.069079	6.4742449	0.594044	0	1.052853	0.20995	0	1.0879239	0.53087	0.0843731	0	0	0	1.0377689	1.0747123	0.126904	0.116009	1.3761676	1.0673839	0.161972	0	0.328492	1.381444	0.116009	0	0	1.64790306	0.229885	0	0.4395609	0.2037529	0.4502221	0.17762	0.0470175	2.484758	1.683667	0	0	0.4280163	0.116009	0	4.781759	0.159236	0.114943	0.396825	0.4385166	0	1.0309	1.43664	0.236301	1.3387279	1.3884776	0.229885	0.91954	2.8133024	1.500682	5.6982648	1.150991	0.367017	0	0	0	7.089303	0	0.2852921	2.8146876	0.258183	1.3131489	3.6125248	0.3636241	0	1.923595	0.26643	0.5688003	0	7.8084926	0.345895	0	0.673492	0.62167	0	0.2281945	0.275245	1.9997076	0	0	0	0	0.892857	0	0	0.700403	0	0.35524	0	0.714644	0	1.289569	1.2124723	0.0888099	0.0796935	0.300978	0.352113	0.4331704	0	0.814966	0	0
M00051	0	0	0	0.6273	0	0.924166	0	0	0	0.706661	0.230594	0.53653	0.85034	0	0	0	0	0	0	0	0	0	0	0	0	0	0	1.269486	0.653626	0	0	0	1.0582	0	0	0	0.897261	0	0	0.985209	0	0.219178	1.26941	0	0	1.110041	0	0	0	0	0	0.984018	0	0	0.193103	0.866035	0	0.319347	0	0	0	0	0	0.239234	0	0	0.172414	0	0	0.15625	0	0	0	1.36986	0	0.805461	0	0.312785	0	0	0	0	0	0.754606	0.795224	0.712329	0	0	0	1.139926	0	0	0	1.43836	0	0	0	0	0	0	0	2.035801	0	0	0	0	0.557078	0	0.342466	0	0	0	0	1.19863	0	0.210046	0	0
M00052	0.778463	0.561798	0	0.174157	0	0	0	6.873728	0	0	1.551808	1.89201	0	0	1.067322	0.176056	0	0.501672	0	0	0.280899	0	0	0.661048	1.240546	0.200803	0	0.782571	1.296025	0	0	0.167224	0.550725	0.138577	0	0	1.898275	0	0	0.735955	0.31049	0.832677	0.57868	1.71498	0.691568	1.483588	0	0	0.289855	0.672286	0	3.769974	0.400538	0.561798	0.334448	0.372539	0.142322	0.122631	1.115304	0	0.6532138	0.604898	0.987439	1.249064	1.03933	3.633638	4.386253	0.280899	0.272018	0.195798	0	0	2.379038	0	0	4.02988	0.454048	0.904898	4.227842	1.255258	0	0.368914	0	0	0	5.5253102	0	0	1.21297	0	0	0.3511331	0.27933	0.561798	0	0	0	0.118172	0	0	0	2.398602	0	0	0	0	0	1.399057	2.07412	0.280702	1.31773	0.0858417	0.684125	1.24243	0	0.151616	0	0.152731
M00053	0	0	0	0	0	0	0	0.485711	0	0	0	0	0	0	0	0	0	0	0	0	0	0	0	0.74183	0.180294	0	0	0	0	0	0	0	0	0	0	0	1.480769	0	0	0	0	0.295276	0	0	0	0.0879265	0	0	0	0.173596	0	0	0	0.159314	0	0	0	0	0	0	0	0	0	0	0	0	0	0	0	0	0	0	0	0	1	0	0	0	0.795234	0	0	0	0	0.275735	0	0	0	0.0984252	0	0	0	0	0	0.404199	0	0	0	0.19685	0	0	0	1.9685	0.144357	0	0	0	0.480769	0	1.333391	0.314465	0	0	0	0	0	0	0	0
M00060	2.160169	0.286198	0.0664653	1.034044	0	0.608954	0	10.210405	0	2.2883876	3.186487	8.8066247	2.7916145	0	4.070945	0.497033	0	5.88367	0.469339	0.434783	0.3769	0	0	5.658271	0.909299	0.278297	0	3.0876379	9.153254	0	0	0.477204	1.713619	1.7250942	0	0	4.353043	0	0.12987	1.796279	0.788657	0.236264	0.99517	1.480975	3.0400524	6.5691841	0.4110931	0	1.2899518	1.966428	0	7.492509	0.12987	1.202681	0.729507	0.64046404	0.12029	0.597986	3.907842	1.402528	7.4698028	2.682346	1.041784	6.9695056	6.3492337	6.652185	5.659856	1.833086	0.936342	0.980645	0	0	0.792122	0	0.538615	9.672402	0.28288811	3.444953	9.4439787	0.8287237	0.306748	2.938129	0	1.144715	0.434782	15.5913363	0.792879	0	0.744801	0	0	0.285633	0	3.713807	0.238095	0	0	0	0	0	0	5.23982	0.537886	0.143478	0	0.1950874	0.99117	0.261759	2.504884	0.560305	2.0256641	0.915377	0.883515	0.346243	0	0.510312	0	0.178799
M00063	0.224215	0	0	0.795425	0	0	0	7.557485	0	0.736243	1.093685	11.130658	0	0	2.620372	0.203288	0.00597907	0.406577	0.393124	0	0	0	0	1.85501	0.858266	0.243902	0	0.791591	0.428999	0	0.224215	0	1.4843	0.224215	0	0.918033	0.687978	0	0	0	0.433483	0	0.820628	0.787743	1.8849	2.973095	0	0	1.553064	0.224215	0	1.80097	0	0.544728	0.850778	0	0	0	2.1136	0	3.5915491	0.254296	0.663	5.334397	0	0.887231	2.04794905	0	0	0.44843	0	0	0	0	0.553064	1.5353282	0.210762	1.34529	1.97246	0.153961	0.224215	1.973353	0.0627803	0	0	9.266092	0	0	0.224215	0	0	0.0313901	0.224215	1.007051	0.224215	0	0	0	0	0	0	0.397608	0	0	0	0.224215	0	0.487805	0.7199234	0.303279	0.487805	0	0	0.734748	0	0	0	0
M00064	0	0.103837	0	0.763244	0	0	0	6.00693	0	1.21102	0.175439	3.0469897	0	0	1.480726	0	0.297619	0.366422	1.815614	0.120482	0	0	0	1.01779152	0	0	0	0.24031	0.512509	0	0	0.228758	2.472048	0.295858	0.908304	0.120482	2.377368	0	0	0.126225	1.286751	0.0809419	0	0	0.750122	1.562124	0	0	0.496429	0.120482	0	0.782387	0.0318627	0.112867	0.532817	0	0	0.724265	1.040355	0.3410677	2.536674	0.20098	0.534701	2.870245	0	0.719368	4.144599	0.112867	0	0	0	0.350877	0.212048	0	2.67816	2.5833338	0	0.70245	2.0270931	0.634521	0.0526961	0.529593	0	0	0	2.2175909	0.0700197	0	0.120482	0.110375	0	0.245098	0	0.9310918	0	0	0	0	0	0	0	0	0	0	0	0	0	0	1.650904	0	0.549828	0	0	0	0	0.0562414	0.112867	0
M00080	1.03896	0	0	0.7366035	0	0	0	5.541959	0	0.85178	2.833046	3.7389054	0.25974	0	1.491121	0.52356	0	1.569059	0.251948	0	0.159509	0.16835	0	1.7683844	0.523201	0	0	0.4980839	1.682702	0.335578	0	0.427288	2.857989	0.497517	0	0	2.443988	0.16835	0.12987	0.3367	0.25974	0	1.61943	0.109957	0.721501	3.280075	0.0995671	0	0.429232	0.653791	0	0.475024	0.332299	0.863077	0.417701	0.12987	0	0.56	0.845527	0.25974	2.5350468	0.779221	0.38961	2.697472	1.219368	1.783555	2.033527	0.38961	0.417226	0	0	0	0.12987	0	0	3.45523	0.2072306	1.481116	2.757377	0.623697	0.306748	0.8527527	0	0	0	4.9901023	0.12987	0	0.129004	0	0	0.29822	0	1.267572	0	0	0	0	0	0	0	0	0.25974	0	0	0.12987	0	0.261759	0.743266	0.12987	1.6279485	0.12987	0.332299	0	0	0.12987	0	0
M00082	0	0	0	0	0.192308	0	0	1.889964	0	0.568182	2.423087	1.536752	0.585897	0	1.661573	0	0	0.177305	0	0	0.106061	0	0	0.496454	0	0	0	2.981551	1.878462	0	0.327423	0.35461	0.260047	0.177305	0	0	0.303101	0	0	0	0.0200946	0	0	0.791828	0.2541372	1.068692	0	0	1.125564	1.044729	0	3.159147	0	0	0.270686	0.649027	0	0	1.111185	0.378788	0.35461	0.192308	0	0.571096	0.177305	2.400415	0.549451	0.072104	0.531915	0	0	0	0.20331	0.70922	1.09236	0.1158392	0.191026	0	2.2659866	0	0	0.0744681	0	0.544004	0.4319795	0.339244	0	0	0.22695	0.189394	0	0	0.084596	0.490998	0	0	0	0	0	0.769231	0	1.373874	0.384615	0	0	0	0.177305	0	0.177305	0	0.125296	0	0.384615	0	0	0.177305	0	0
M00083	0	0	0	1.041649	0.192308	0.188679	0	1.800313	0	0.543431	2.075992	1.536752	0.585897	0	2.180092	0	0.176101	0.177305	0	0	0.377358	0	0	0.496454	0.188679	0	0	2.853249	1.94186	0	0.327423	0.35461	0.260047	0.2002935	0	0	0.303101	0	0	0	0.0200946	0	0	0.876287	0.2541372	1.882171	0	0	1.313528	0.604978	0	3.458651	0	0.188679	0.733649	0.649027	0	0	8.139801	0	0.4163384	0.192308	0	0.192308	0.177305	1.39222	1.177158	0.072104	0.5704952	0	0	0	0.391989	0.70922	1.17558	2.4418592	0.191026	0	2.2392094	0.188679	0	0.0744681	0	0.4376289	0.4204875	0.339244	0	0	0.22695	0	0	0	0	0.679677	0	0	0	0	0	0.769231	0	0.535067	0.384615	0	0	0	0.177305	0	0.177305	0	0.125296	0	0.384615	0	0	0.177305	0	0.231481
M00088	0	0	0	0	0	0	0	0	0	0	0	0	0	0	0	0	0	0	0	0	0	0	0	0	0	0	0	0	0	0	0	0	0	0	0	0	0	0	0	0	0	0	0	0	0	0	0	0	0	0	0	0	0	0	0	0	0	0	0	0	0	0	0	0	0	0	0	0	0	0	0	0	0	0	0	0	0	0	0	0	0	0	0	0	0	0	0	0	0	0	0	0	0	0	0	0	0	0	0	0	0	0	0	0	0	0	0	0	0	0	0	0	0	0	0	0.320513	0	0
M00089	0.494881	0.170648	0.341297	0.715158	1.7008	0	0	3.01934	0	0.2131108	1.157112	2.203996	0	0	2.872784	0.103527	0	1.475687	0.17914057	0	0	0	0	0.947718	0	0	0	0.935509	0	0	0	0.266212	0.573379	0.318471	0	1.71053	2.104039	0.0875995	0	0.340159	0	0.318471	0.143345	0	1.24327	3.096507	0.170648	0	0.397042	0.330272	0	0.149033	0	0.510808	0.152446	0.341297	0	0.122867	0	0.142251	2.499361	1.684114	0.510808	2.146396	1.849078	2.26166	2.261973	0.318471	0.9906813	1	0	0	0	0	0	1.253858	0	1.889097	0.80759	0	0	0.2285565	0	0	0	4.896181	0.423208	0.340159	0	0	0	0.998435	0	1.440767	0	0	0	0	0	0	0	0	0	0	0	1.0122968	0	0	0.316348	0	0.341297	0.776875	0	0	0	0.128555	0	0
M00093	0.264368	0	0	0.287356	0	0	0	6.225543	0	0.139493	1.385338	3.811769	0.609756	0	1.649425	0.574713	0	2.341671	0.574713	0.126437	0	0	0	2.38088	0.988891	0	0	0	0	0.630872	0	0	0	0.304878	0	0	1.794223	0	0	0	0.210728	0.229885	0.514493	0.103448	1.27011	1.961862	0.416107	0	0.287356	1.244136	0	0.430894	0.0528455	1.36366	0.3743125	0.304878	0	0.592234	0	0	1.007663	2.199835	0	1.272031	1.76388	2.010338	3.800983	0	0	0.307971	0	0	0	0	0.180662	5.050652	0	2.58859	1.4531334	0.423652	0	0.369732	0.788618	0	0.20935	5.042005	0	0	0.737548	0	0.214765	0	0	1.169065	0	0	0	0	0	0	0	1.337516	0.231707	0	0	0.444772	0	0	0.0426829	0	0.812821	0.304878	0.304878	0	0	0	0	0
M00095	0	0	0	0	0	0	0	0	0	0	0	0	0	0	0	0	0	0	0	0	0	0	0	0	0	0	0	0	0	0	0	0	0	0	0	0	0	0	0	0	0	0	0	0	0	0	0	0	0	0	0	0	0	0	0	0	0	0	0	0	0	0	0	0	0	0	0	0	0	0	0	0	0	0	0	0	0	0	0	0	0	0	0	0	0	0	0	0	0	0	0	0	0	0	0	0	0	0	0	0	0	0	0	0	0	0	0	0	0	0	0	0	0	0	0	0.320513	0	0
M00096	0.996759	0	0	0.526316	0	0.200803	0	2.9187566	0	0	0.038822	0.400268	0	0	0.881004	0	0	0.819594	0	0.524938	0.263158	0	0	0.810079	0.192771	0	0	0	0	0	0	0.26178	2.793561	0.26178	0	1.67797	0.26178	0	0	0	0.462583	0	0	0.721053	0.638596	2.329099	0.733194	0	0.524938	0.683114	0	0	0	0.30726	0.115183	0.30182816	0	0	0	1.850886	0.720873	0	0	2.283974	1.322348	0.978238	1.490277	2.561791	0.26178	0.263158	0	0	0	0	0	1.654634	0.265957	2.735466	2.865769	0.46676	0.757062	1.010471	0	0	0	3.784726	0.52356	0	0.26178	0.26178	0	0	0	0.5116655	0	0	0	0	0	0	0	1.44152	0	0	0	0.200803	0.263158	0.1	0.957895	0.367647	0.37751	0.46676	0	0	0	0.249123	0	0
M00114	0	0	0	0	0	0.306584	0	0	0	1.039109	0	0	0	0	0	0	0	0	0	0.174863	0	0	0	0	0	0	0	0.224215	0.962963	0	0	0	0	0.308642	0	0	0	0	0	0	0	0.251256	0	1.62295	0.374317	0	0	0	0.308642	0.628141	0	0.772863	0	0	0.591794	0	0	0	0	0.308642	0	0	0	0.224215	0	0	0.419255	0	0	0.5354635	0	0	0	0	0	1.107899	0	0.125628	0	0	0.284314	0	0.294146	0.409836	0	0.322937	0	0	0	0.11655	0	0	0	0.7085949	0	0	0	0	0	0	0	0.617284	0	0	0	0	0	0	0	0	0.125628	0	0.125628	0	0	0.794444	0	0
M00115	0.242718	0	0	0.483818	0	0.485436	0	2.921326	0	0	0.828479	1.203489	0	0	1.764234	0	0	0.3074429	0.485437	0	0	0	0	0.242718	1	0	0	0.967742	0.965591	0	0	0	0.186084	0	0	0	1.039328	0	0	0.485437	0	0	0	0	0.580556	0.273224	0	0	0	0	0	0	0	0	0	0	0	0	0	0	0	0.337838	1.07443	0.856916	0	0	1.479628	0	0.124595	0	0	0	0.322581	0	0	1.8537782	0	0.242718	1.096737	0	0.0242718	0	0	0	0.50505	0.11165	0	0.0495495	0.337838	0	0	0	0	0	0	0	0	0	0	0	0	0.322581	0	0	0	0	0	0	0	0	0	0	0	0.242718	0	0	0	0
M00116	0.563176	0	0	0.7748725	1.7535948	0.21645	0	4.796287	0	0.97638978	2.056861	3.850487	0.393939	0	1.761938	0	0	1.4038918	0.48557	0	0	0	0.167472	1.5107631	0.2778708	0	0	0.652936	0	0	0	0.359307	2.5232862	0.246812	0	0.142857	1.3470631	0.857143	0	0.118095	0.5233888	0.7913061	0	0	0.5432501	3.6735592	0	0	0.411255	1.403489	0	2.269461	0	1.4592398	0.285714	0.160969	0	0.318471	0.33054	0	0.475404	1.4327446	1.732445	4.0817478	1.68687	1.4029581	2.2209918	0.1870411	0.130435	0.213675	0.181159	0	1.675082	0	0.170648	4.9850348	0	2.2686908	4.3915449	0.779276	0.176282	0.1511858	0.21645	0.19943	0	3.0142397	0.154401	0	0.6506281	0	0	0	0	0.63595	0	0.165017	0	0.21645	0	0.240385	0	0.387142	0	0	0	0.21645	0	0.6036111	0.318471	0	0	0.6531848	0.278034	0.151786	0	0.0519481	0	0.2475059
M00119	0	0	0	0	0	0.607257	0	0	0	0	0.4329	1.12266	0	0	0	0	0	0.21645	0	0	0.219298	0	0	0	0	0	0	0	0.25734	0	0	0	0	0	0	0	0	0	0	0	0	0.435748	1.31579	0	0	0	0	0	0	0.259067	0	0.643219	0	0	0	0.190476	0	0	0	0	0	1.02165	0	0.815296	0	0	0.427158	0	0	0.333333	0	0	0	0	0	0	0	0	0	0	0	0	0	0	0	3.53535	0	0	0	0	0.645161	0	0	0.5049741	0	0	0	0	0	0	0	1.331785	1.209055	0	0	0	0.21645	0	0	0	0	0.132756	0	0.344396	0	0.347763	0	0.464459
M00120	0	0	0	0	0	0	0	0.242718	0	0	0.573844	0.797619	0	0	0	0	0	0	0	0	0	0	0	0	0.438596	0	0	1.394768	3.583967	0	0	0	0	0.380117	0	0	0	0	0	0	0	0	0	0.137427	0	0.438596	0	0	0	0.131579	0	0.372024	0	0	0	0.111111	0	0	0.795944	0.356725	0	0	0	0	0	0.438596	1.27485	0	0	0.544576	0	0	0	0	0.446429	0	0	0	1.141068	0	0.438596	0	0.438596	0	0.31401	0.567251	0	0	0	0.388889	0	0	0.412281	0	0	0	0	0	0	0	0	4.54971	0	0	0	0	0	0	0	0	0	0	0	0	0	0.210526	0	0.187135
M00121	0.181818	0	0	1.4009094	0.185529	0	0	9.119077	0	1.494387	2.4735657	8.2919324	0.101343	0	1.4525984	0.17697	0	2.24120357	0.64713	0.2786384	0	0	0	2.767463	1.2641402	0	0	1.517621	5.2284754	0	0	0.363636	2.464993	0.8156228	0	1.370201	0.8292848	0.2690253	0.0927644	0.4607234	0.193798	0.882473	0.502513	0.582524	1.314366	2.8613784	0.552174	0	0.8692584	1.422887	0	2.814742	0.0531849	0.472057	0.66932	0.0970874	0	1.185113	0.790697	1.13213	2.517435	0.4590644	0	1.119544	4.388232	1.449289	1.27408741	1.6269508	0.2759144	0.363636	0	0	0.5955174	0.775758	2.2539446	2.1958577	0	1.7487452	2.7256658	1.066423	0.149701	0.210267	0	1.045935	0.665207	13.5373966	0.0927644	0	0.4957456	0	0	0.0970874	0.863946	1.903746	0	0	0	0	0	0.407651	0	3.481065	0	0	0	0.4650997	0	0.291262	0.776377	0	2.534277	0.3707144	0.181818	0	0	0.898554	0	1.2794064
M00122	0.176056	0.219298	0	0.88359455	0.200269	0	0	3.3640369	0	0.684932	2.457222	10.603905	0	0	0.9581957	0	0	1.78831126	0.762869	0.334143	0	0	0	0.795843	1.350436	0	0	1.40428	0.671719	0.438596	0	0	0.765189	1.989876	0.962325	0.931042	1.930568	0	0	0.401882	0.0446009	0.419118	1.4470743	1.003218	1.407421	4.540383	0	0	0.121585	0.489525	0	5.5854871	0	1.0844032	0	0.108918	0	0.176056	0.550825	0.480382	1.485571	0.0224486	0.109649	1.8863917	2.075647	1.4493097	3.1778239	1.021364	0.111765	0.520402	0	0	0	0	0	2.921579	0.348672	2.888364	3.337969	0.303362	0	0.827584	0	0	0.201613	2.826709	0.2193726	0	0.287585	0.255102	0	0.313167	0.0686275	1.988917	0	0	0	0	0	0.294118	0	0.573626	0	0.383838	0	0.285705	2	0	1.211336	0.109649	0.419567	0.311262	0.0954301	0.487195	0	0.352073	0	0.652914
M00123	0.564511	0	0	10.039599	0	0.666744	0	5.198466	0	10.3585188	0.66335729	5.520499	0.341297	0	0.568094	0	0	12.859973	1.456913	0.0261661	0	0	0	1.689222	3.932878	0.239234	0	6.89111	6.835944	0.170648	0	0	0.639061	0.253697	0	2.754415	1.448969	0	0	1.75577	0.2465296	2.376455	0.299204	2.862184	3.348387	2.5883185	0	0	0.7773944	2.304735	0	13.681388	0.239482	0.42088002	0.177381	0	0	0.660314	0.346021	8.522919	8.01708	1.456366	0.15942	1.2539082	9.2415362	0.537792	6.34697	0.43686	1.801891	0.990805	0	0	9.0571073	0	0.515476	4.9998403	1.500171	0.266289	4.8880132	2.324915	0.875671	0.850988	3.020715	0.826057	3.04016	4.1431512	2.147812	0	0.511945	0.725943	0	0.700874	0.639614	1.171413	0.170648	0	0.103527	0.409882	0	0	0	25.831085	0.499627	0	0.249147	6.384186	0.379444	0.743873	4.9851952	1.6849178	1.389872	11.981481	0.750042	2.317981	0	1.368343	0	1.032717
M00125	1.385185	0	0	1.1573685	0	0.381679	0	9.295064	0	2.580694	3.284699	6.4033206	0.980392	0	1.59892	1.7094	0	1.662084	0.675123	0.0534351	0.28169	0	0	1.721133	1.16107	0.854701	0	1.695767	2.935613	0	0	0.19084	0	0.579052	0	0	0.442372	0	0	0.895065	1.011892	0.351305	0.261033	0	1.400307	5.192914	0.454198	0	0.537903	0.8994649	0	6.486818	0.19084	0.954198	0.140845	0	0	0.062341	0.961962	0	8.87907	1.44275	0	1.823682	2.39313	2.355201	5.435436	2.184982	0.19084	0.490196	0	0	1.36054	0	0	1.553287	0	3.715885	6.399936	0	0	0.657761	0	0	0.19084	4.28221	0.19084	0.210084	0.636985	0	0	0	0	2.113168	0	0	0	0	0	0	0.104326	3.010492	0	0	0	0	0	0	0.852833	0	1.917198	1.108142	0	0.322663	0	0	0	0.340136
M00126	0.944035	0	0	0	0	0	0	1.14265	0	0.137427	0.144105	3.257247	0	0	3.927527	0	0	1.220994	0.295359	0	0	0	0	1.60072942	0.196262	0	0	1.4908945	0	0	0	0	0.829694	0	0.425036	0	0.36099	0.80756	0	0	0.112082	0	0	0	0	4.167686	0.218341	0	0.436681	0	0	0	0	0.479509	0	0.467562	0	0	0	0	1.138446	0.68342	0	1.8871	2.26729	1.562369	1.0201017	0.442368	0	0	0	0	7.64444	0	0	3.777288	0.46729	0.451986	1.335547	0.11215	0	0.666667	0.219298	0	0	3.482935	0.517361	0	0	0	0	0	0	1.523011	0	0	0	0	0	0	0	0.747126	0	0	0	0	0	0	0	0	1.0852	0	0	0.301449	0	0	0	0
M00127	0	0	0	0	0	0	0	0	0	0	0.284401	0	0	0	0	0	0	0	0	0	0	0	0	0	0	0	0	0.26773	0.12987	0	0	0	0	0	0	0	0	0	0	0	0	0	0	0	0	0	0	0	0	0	0	0	0	0	0	0	0	0	0	0	0	0	0	0.0746124	0	0.259067	0.518135	0	0	0	0	0	0	0	0	0.144509	0	0	0.691057	0	0	0	0	0.25974	0	0	0	0	0	0	0	0	0	0.25974	0	0	0	0	0	0	0	0.467708	0	0	0	0	0	0	0	0	0	0	0	0	0	0	0	0
M00129	0	0	0	0.124877	0	0.226788	0	1.847591	0	0	0.294985	0	0	0	0	0	0	0.559489	0.294985	0	0	0	0	0.59783727	0	0.442478	0	0	0	0	0	0	0	0	0	0	0.116028	0	0	0	0	0	0	0	0	0.780729	0	0	0.027532	0.198413	0	0.13766	0.147493	0	0	0	0	0	0	0	0	0	0	0.388397	0.442478	0.147493	0.227139	0	0.564405	0	0	0	0	0	0	0.1870537	0	0.195674	0.726647	0	0	0.805309	0	0.147493	0	3.706983	0.323501	0	0.2104232	0	0	0	0	0.2320367	0	0	0	0	0	0	0	0	0	0	0	0.147493	0.304703	0	0	0	0.294985	0	0	0	0	0	0	0
M00133	0	0	0	0	0	0	0	0	0	0	0.835065	0.247525	0	0	0	0	0	0	0	0	0.242667	0	0	0.133663	0.246154	0	0	0	0.00495049	0	0	0	0	0	0	0	0.171617	0	0	0	0	0	0	0	0	0	0	0	0	0.466667	0	0.244224	0	0	0	0.15015	0	0	0.742574	0	0	0	0	0	0	0	0.155116	0	0	0.590809	0	0	4.67135	0	0.247525	1.20095	0	0	0	0	0.510204	0	0	0.49505	0	0	0	0	0	0	0	0	0	0.6689458	0	0	0	0	0	0	0	2.225858	0	0	0	0	0	0	0	0	0	0	0	0	0	0.226667	0	0
M00140	0	0	0	0	0	0.0986193	0	0	0	0	0	0	0	0	0	0	0	0	0	0	0	0	0	0.0940171	0.0631164	0	0	0	0	0.0986193	0	0	0	0	0	0	0.197239	0	0	0.184747	0.0986193	0	0	0	0	0.937541	0	0	0	0.893939	0	0	0	0	0.0986193	0	0	0	0	0	0.174885	0	0.43261	0	0.197239	0	0.756572	0	0	0	0	0	0	0	0	0	0	0.0203813	0.4670903	0	0	0.2602353	0	2	0	0.4236265	0	0	0.694444	0	0	0	0	0.0986193	0	0	0	0	0	0	0	0	0	0	0	0	0	0	0	0	0	0	0	0	0	0	0	0
M00141	0	0	0	0	0	0	0	0	0	0	0	0	0	0	0	0	0	0	0	0	0	0	0	0	0	0	0	0	0	0	0	0	0	0	0	0	0	0	0	0	0	0	0	0	0	0	0	0	0	0	0	0	0	0	0	0	0	0	0	0	0	0	0	0	0	0	0	0	0	0	0	0	0	0	0	0	0	0	0	0	0	0	0	0	0	0	0	0	0.694444	0	0	0	0	0	0	0	0	0	0	0	0	0	0	0	0	0	0	0	0	0	0	0	0	0	0	0	0	0
M00144	0	0	0	0	0	0.238663	0	0	0	0.111373	0	0	0.238663	0	0	0	0	0	0	0	0.119332	0	0	0	0	0	0	0.236979	0	0	0	0	0	0	0	0	0	0	0	0.909091	0	0	0	0	0	0	0	0	0	0	0	0	0	0	0	0	0	0	0	0	0	0	0	0	0	0.352941	0.119332	0	0	0	0	0	0	0	0	0.6081352	0	0	0	0	0	0	0	0	0.118536	0	0	0	0.052506	0	0	0	0	0.118536	0	0	0	0	0	0	0	0.119332	0	0	0	0	0	0	0	0	0	0	0	0.119332	0	0	0	0
M00149	0	0	0	0	0	0	0	0	0	0	0.253623	0	0	0	0	0	0	0	0	0	0	0	0	0	0	0	0	0	0	0	0	0	0	0	0	0	0	0	0	0	0	0	0	0	0	0	0	0	0	0	0	0	0	0	0	0	0	0	0	0	0	0	0	0	0	0	0	0	0	0	0	0	0	0	0	0	0	0	0	0	0	0	0	0	0	0	0	0	0	0	0	0	0	0	0	0	0	0	0	0	0	0	0	0	0	0	0	0	0	0	0	0	0	0	0	0	0	0
M00153	0.678773	0.121065	0	0.536724	0.242131	0.62	0	3.742212	0	0.120258	0.490718	3.150927	0	0	1.050041	0.484262	0	1.470545	0	0	0	0	0	1.694915	0.24213	0	0	0.121065	0	0	0	0.378531	1.936239	0.121065	0	0	3.71348	0	0	0.34544	0.242131	0.062954	0	0	1.38741	1.776433	0	0.121065	0.121065	0.121065	0	1.54318	0	0.363196	0.31477	0.121065	0	0	0.311193	0	1.452785	0.121065	0	2.393061	2.014523	2.708633	2.217111	0	0	0	0	0	0.363196	3.26877	0	3.508382	0	1.200969	2.483133	0.367232	0.121065	0.468926	0	0.121065	0	3.68685	0.121065	0	0.416465	0	0	0.121065	0	0.135301	0	0	0	0	0	0	0	0.148507	0	0	0	0.363196	0	0.311193	0	0	0.719936	0.820823	0.121065	0.242131	0	0	0	0
M00157	0	0	0	0	0	0	0	0	0	0.510638	0	0	0	0	0	0	0	0	0.179104	0	0	0	0	0	0	2.11765	0	0.373134	0	0	0	0	0	0	0	0	0	0	0	0	0	0.373134	0	0	0	0	0	0	0	0	0	0	0	0	0	1.63248	0	0	0	0	0	0	0	0	0	0	0	0	0	0	0	0	0	0	1.087064	1.187227	0.116915	1.059075	0	0	0	0	0.689055	0	0	6.06938	0	0	0	0	0	0	0	0	0	0	0	0	0	0	0	1.5102	0	0	0	0	0	0	0	0	1.3617	0	0	0	0	0	0	0
M00165	0.599709	0	0	0.218341	0	0.218341	0	5.294138	0	0.366812	0.4090244	3.938861	0	0	1.08297	0.19214	0	0.873363	0.218341	0	0	0	0	0.944687	0.436682	0	0	0.212518	0.295892	0	0	0.482891	1.852984	0.770015	0	0	0	0	0	0	0.218341	0	0	0	0.436681	0.858807	0.218341	0	0	0.122271	0	0.7700145	0.218341	0.183406	0.735294	0.218341	0	0	0	0	0.235808	1.735082	1.30859	0.20524	0.854439	0	1.5525825	1.655022	0.218341	0	0	0	0	0	0.135838	1.8001612	0.218341	0.3114997	0.81805	0.215429	0.436681	0.770015	0	0.218341	0	1.2634648	0	0	0.144509	0	0	0	0	1.531295	0	0.218341	0	0	0	0	0	2	0	0	0	0	0	0.25641	0.564775	0.436681	1.091703	0	0	0	0	0	0	0
M00166	0	0	0	0	0	0	0	0	0	0	0	0	0	0	0	0	0	0	0	0	0	0	0	0	0	0	0	0	0.144509	0	0	0	1	0	0	0	0	0	0	0	0	0	0	0	0	0	0	0	0	0	0	0	0	0	0.735294	0	0	0	0	0	0	0	0	0	0	0	0.0751445	1	0	0	0	0	0	0	0.135838	0	0	0	0	0	0	0	0	0	0	0	0	0	0.144509	0	0	0	0	1	0	0	0	0	0	0	0	2	0	0	0	0	0	0.25641	0	0	0	0	0	0	0	0	0	0
M00167	0.599709	0	0	0.218341	0	0.218341	0	5.294138	0	0.366812	0.4090244	3.938861	0	0	1.08297	0.19214	0	0.873363	0.218341	0	0	0	0	0.944687	0.436682	0	0	0.212518	0.151383	0	0	0.482891	0.852984	0.770015	0	0	0	0	0	0	0.218341	0	0	0	0.436681	0.858807	0.218341	0	0	0.122271	0	0.7700145	0.218341	0.183406	0	0.218341	0	0	0	0	0.235808	1.735082	1.30859	0.20524	0.854439	0	1.477438	0.655022	0.218341	0	0	0	0	0	0	1.8001612	0.218341	0.3114997	0.81805	0.215429	0.436681	0.770015	0	0.218341	0	1.2634648	0	0	0	0	0	0	0	0.531295	0	0.218341	0	0	0	0	0	0	0	0	0	0	0	0	0.564775	0.436681	1.091703	0	0	0	0	0	0	0
M00170	0	0	0	0.432203	0	0.8716502	0	0	0	0	0	0	0	0	0	0	0	0	0	0	0	0	0	0	0	0	0	0	0.6596832	0	0	0	0	0.170068	0	0	0	0	0	0	0	0	0	0	0	0.663842	0.184557	0	0	0.847458	0	0.472789	0	0	0	0	0	0	0.695157	0	0	0	0	0	0	0	0.628131	0	0	0	0	0	0	0	0	1.724981	0	0	0.236111	0	0	0	0	0.340136	0	0	0	0	0	0.282486	0	0	0	0.941176	0	0	0	0.170068	0	0	0	1.807706	0	0	0	0	0	0	0	0	0	0	0	0	0	0.627451	0	0.398305
M00173	4.9163788	0.1843849	0	2.5212832	1.1794483	3.284008	0	12.475742	0	1.9130331	7.6502711	9.67657	3.522806	0	5.5858567	0.1364877	0	4.0058147	2.1450617	0	1.059829	0.4670275	0	5.7359248	2.0077435	0.2699029	0	1.8868043	5.8983299	0.14677	0	0.97303	7.828148	0.6142986	0.0909918	0.180832	3.9981294	0.457911	0	1.0593632	0.2884894	1.655487	4.852356	2.484643	1.6230018	7.9858793	0.37037	0.671362	2.3692695	5.0029297	0	6.496061	1.1770709	1.9927939	2.6284588	6.0741231	0.111359	0.6282984	0.732841	1.182794	3.4792463	4.601435	1.0068169	11.5669924	3.09515	7.4600149	6.337428	3.073959	0.3824619	0.740087	0	0	0.841668	3.777006	1.113126	20.4875117	1.87316	4.4781198	17.002588	1.5189364	1.2382821	2.3755622	0.91677	1.985653	0.3159982	24.49357	1.447872	0.1749554	0.4107286	0.265107	0.264281	1.3966119	0.514605	4.4302384	0	0	0	0.2776819	0.1359118	0.515672	0	13.0073239	0.538012	0	0	2.8631032	1.140578	0.311329	5.2897672	1.0366272	3.008531	2.5970154	0.8943588	2.203625	0	0.7800798	0.246305	0.3234208
M00178	25.460131	2.154161	3.641504	5.214674	5.901091	26.5650611	1.4768	110.182774	0	30.447249	41.06133	123.042876	34.892842	3.202534	80.7826424	4.40731	1.838226	35.345437	18.4581821	5.3986271	5.4032311	3.4834	1.060422	31.968442	28.872534	9.110011	0	40.939372	54.72805	1.1648575	1.664067	4.907751	55.609774	22.560289	4.054888	7.459012	30.752419	16.704815	0.30932	14.518604	6.339919	17.259873	9.989532	31.274018	31.020187	76.287688	4.712533	0	16.25263	25.698182	0	120.439165	1.5098673	19.283785	17.258782	34.21475163	1.3532323	5.780453	12.222341	21.583665	81.6828963	46.702855	9.607584	68.16327833	28.85878	28.559813	78.474466	19.265083	5.9393297	16.813651	0	1.0303	79.43659	13.581734	25.905927	183.35784	12.2272956	31.909517	102.964076	11.597868	8.948988	35.364256	13.240681	19.84702816	18.094658	132.511396	18.153743	6.7819238	14.1125137	9.169358	3.172261	13.338888	4.0440995	72.2422678	2.5071988	0.240924	0.185185	4.676631	0.857633	1.00457	1.360702	44.186252	0.930325	2.05056	0.171527	9.43958	5.510521	14.344662	17.804144	2.687412	14.03613	8.745235	4.719107	15.671794	0.841667	11.7396536	0	2.287021
M00179	10.090922	0.609756	2.614104	1.904472	3.966271	7.6113631	1.21951	88.00667	0	21.106413	20.758564	107.652788	23.597635	3.202534	64.0557954	2.395831	1.55894	18.123178	13.4930491	2.3665301	2.6112531	3.311873	1.060422	14.593367	5.389704	5.683481	0	23.291326	33.630777	0.9939025	1.49254	3.330995	47.34981	15.510439	3.60606	1.821444	8.387266	12.541564	0	10.193543	4.105796	6.866277	8.357808	15.605755	22.421717	26.88058	0.84407	0	6.891824	17.712398	0	45.580675	0.398312	5.762999	11.738582	13.85149463	0.979798	4.64302	9.430987	15.525309	61.1620323	24.707956	5.639974	54.81349833	22.374461	13.873303	30.485087	14.802407	4.5923517	12.893819	0	1.0303	72.418296	13.238681	24.0997	58.93075	4.6285556	12.35476	33.72714	4.972004	4.661856	14.650589	9.531745	5.43153216	3.470726	31.065914	6.839896	2.6680448	6.7939917	2.360548	1.335265	3.660021	0.5403555	14.5103528	0.9646338	0	0.185185	0.758333	0	0	0	7.976832	0	1.21951	0	0	1.600701	9.878649	2.971824	0.175084	2.818365	1.24304	1.857382	6.843743	0.841667	5.1136936	0	0.457317
M00183	9.7466783	0.350877	0.3789472	5.0723168	3.526156	2.2220314	1.68187	60.0316549	0.166667	16.7882554	16.9593215	78.386858	10.789941	1.9245402	54.5945972	0.139181	1.034454	10.090899	2.3402167	1.854609	1.0457968	2.090314	3.42424	26.514672	4.9143636	4.4322369	0	14.7602603	27.2133211	0.877193	0.133156	3.496569	60.597594	9.7743644	1.1458895	5.089864	3.7333515	4.9022842	0.175439	7.912726	1.9608814	1.3616537	2.1540481	6.1787034	13.990564	21.2821553	0.5169559	0.2476933	4.1069762	10.3645847	0	16.6044783	0.2884122	4.9253181	4.7915344	12.1036932	0.657824	3.7526663	7.09663113	5.1125381	28.9328942	12.817665	4.9268013	23.6072026	8.7223679	14.1652113	17.1901149	10.8402574	1.460696	1.7068286	0	0	23.5728534	4.26894	6.597162	37.6952848	2.7029534	10.5377575	28.8212134	3.730829	1.4611089	11.5463912	2.5995577	5.5969994	1.4878142	40.8939052	4.515313	0.0361272	3.0056055	2.282808	0.0361272	0.2739874	0.37446	12.4180284	0.526316	0	0.0701754	0.701754	0.4174549	0.330033	0.161255	15.0100461	0.895907	0.4574318	0.224561	1.1280935	0.390625	3.6489982	6.3538221	1.5987173	4.923753	1.951383	2.2186836	6.5485475	0.157895	0.5261074	1.07619	0.145702
M00189	0.311258	0	0	1.007191	0	0.744541	0	0	0	0.3125	2.514865	4.596982	0	0.662252	0.234742	0	0	0.780975	0	0	0	0.467919	0	0	1.15806	0	0	0	0.234742	0	0	0.274725	1.074913	0	0	0	0	0	0	0.274725	0	0.112676	0.896714	0	1.940713	1.701134	0.193989	0	0.5239849	0.416275	0	5.305857	0	0	0	0.94362	0	0.234742	0.234742	0	0.234742	2.052242	0	0	0	2.235542	1.644236	1.588871	0	0	0	0	1.64163	0	0	0.8625817	0.226917	0.111111	2.196626	0.920258	0.3125	0	0.234742	0	0.447574	5.489614	0	1.1473	0.234742	0.647965	0	0	0	2.964847	0	0	0	0	0	0	0	3.518021	0	0	0	0	0	0	0	0	0	0	0.76651	0.982144	0	0.248756	0	0
M00190	0	0	0	0	0	0	0	0	0	0.756264	0.030303	0.493594	0	0	0.324675	0	0	0	0	0	0	0	0	0.26178	0.0878378	0	0	0.212838	0.352477	0	0	0	0	0	0	0	0	0.64899	0	0	0	0	0	0.470721	0	0.655405	0	0	0	0.018018	0	0	0	0	0.168919	0	0	0	0	0	0	0	0.535354	0	0	0	0.931375	0	0	0.292793	0	0	0.574324	0	0	0.578829	0	0	0.52356	0	0	0.272727	0.390625	0	0	0.5	0	0	0.027027	0.168919	0	0	0	0	0	0	0	0	0	0	0	0	0	0	0	0	0	0	0	0	0.356061	0	0	0.168919	0	0.26178	0	0
M00209	0	0	0	0.32538	0	0.124688	0	0	0	0.723514	0	0.21692	0	0	0.19423	0	0	0	0	0	0	0	0	0	0.0310918	0.10846	0	0	0	0	0	0	0	0	0	0	0	0	0	0	0	0.10846	0	0.473684	0.43384	0	0.167224	0	0	0	0	0	0.167224	0	0	0.1751267	0	0.124688	0	0	0	0.32538	0	0	0.10846	0.0691193	0	0.0361533	0	0	0	0	1.0846	0	0.787999	0.23131	0	0	0.2234278	0	0.10846	0.10846	0	0.36976	0.6159101	0.142857	0.1677514	0	0	0	0	0	0	0.726681	0	0	0	0	0	0	0	0.21692	0	0	0	0	0	0	0.197628	0	0	0	0	0	0	0	0	0
M00210	0.426664	0	0	3.3280922	1.651263	1.075989	0	23.376121	0	3.710982	5.862533	17.258519	2.244794	0	7.447824	0.368304	0.512821	1.6752981	1.8222505	0.132626	0.5997293	0	0	5.741163	2.9245023	1.753459	0	4.907957	7.2231076	0	0	1.125	2.337832	0.8634938	0.27027	1.253859	1.18618	0.127536	0	0.5892678	0.9049399	1.654042	1.27273	1.533623	5.100366	9.504949	0.513726	0	2.538713	4.391597	0	7.3045501	0	1.38936	1.645264	1.07433	0	0.6335912	2.154608	2.3137976	10.578264	3.313017	0	5.950272	3.024911	6.095669	8.207355	0.42072	3.036027	1.273037	0	0	12.504545	4.140057	0	6.743573	0.267761	6.133033	5.2762196	0.6524458	0	4.287941	3.03423	1.275879	1.6827667	19.260801	0.0459459	0.490514	0.420849	0.512743	0	0.109009	0.351017	1.86697	0	0	0	0.135135	0	0	0	2.813266	0	0	0	0.54054	1.770389	0.606359	0.778483	0	0.540541	0.400387	0.110476	0.188679	0	1.132626	0	0
M00212	0	0	0	0.19084	0	0.166667	0	0.344784	0	0.19084	0.38168	1.338423	0	0	1.118321	0	0	0.4732831	0.545801	0.0839695	0.505089	0	0	0	0.19084	0.19084	0	0	0	0	0	0	0	0.19084	0	0	0	0.572519	0	0.159033	0	0.149086	0	0.6379847	0.381679	0	0	0	0.349873	0.515268	0	0.188295	0.305344	0	0	0.893131	0	0.19084	0	0	0.464376	0.4287538	0	0.6221373	0.381679	1.61069	0.600021	0	0	0.19084	0	0	6.024173	0	0.212468	0.8066163	0	0.326972	0.461832	0	0.2722649	0	0	0.1848645	0.5547078	1.577607	0	0.185874	0	0.572519	0	0	0	0.576233	0	0	0	0	0	0	0	0.90458	0	0	0	0	0.2061072	0	0.38168	0	0.253181	0	0.19084	0.656489	0	0	0	0.19084
M00227	2.700477	0.260417	0	1.24132	0	0.461806	0	1.946181	0	0.842697	2.30903	2.63646	0	0	2.966733	0	0	0.927083	1.699657	0.657242	0	0	0	2.085068	3.847612	0	0	0.294118	0	0	0	0	0	0.258681	0	0.520833	2.504863	0	0	0.260417	0.766866	0	1.430557	0.280899	0.7790181	8.883498	0	0	0.0225694	0	0	3.233922	0	2.55382	0.552083	3.029012	0	0	0.561798	1.571536	1.010747	1.597227	0	2.770835	0	3.084675	4.99583	0	0	1.071738	0	0	0	0	0.0470588	9.025229	0.100694	0.260417	4.626732	0.640625	0.171875	0.694444	0	0.260784	0	10.1100528	0.520833	0	0.816736	0	0	0	0.520834	1.17535	0.260417	0	0	0.90592	0	0	0	2.682408	0	0	0	0.465804	0	1.029163	1.578808	0.260417	0.78125	0.280899	1.100833	0	0	0	0	0.22549
M00236	4.2130421	0	0	1.7399847	0.938967	0.226244	0	5.209467	0	0	5.911296	4.685925	0.452488	0.200603	3.3977186	2.7758731	0	5.47757	0.226244	0.348581	0	0	0	2.125515	1.4317665	0.484492	0	0.465518	0.579186	0	0.3403909	0	0	0.637135	0	0.1335065	11.1732098	0	0	0.217822	0	0.247525	0.657766	0.226244	3.778013	3.8942582	0.274725	0.20362	2.4698048	0.678442	0	4.372209	0	3.135667	2.138877	1.605542	0	0	1.294118	0.49505	1.979638	2.929406	0.0422222	1.520901	0.3548454	3.026581	6.3224686	0	0.467911	0.3137251	0	0	0	0	0	11.5335399	0.188889	1.7908788	3.916168	0.5718432	0.762325	0.656766	0	0	0.159879	7.5128278	1.093074	0	0	0	0.342383	0.596491	0	1.4150137	0	0	0	0.452448	0	0.452489	0	0.998821	0	0	0	0	0.0726073	0.38136	1.894112	0.0241327	1.90649	0.247525	0	0.320513	0	0.473769	0	0
M00237	0.4485857	0	0	0	0.531435	0.383697	0	3.523639	0	0.377897	1.91098	8.133802	0	0	0.320285	0	0.0708479	0.114983	0	0	0	0	0	1.18624	0.423034	0	0	0.80368	2.1426	0	0	0	0.355872	0.177936	0	0.024911	1.431923	0.355872	0	0.355872	0	0.952381	0	0	0.0913405	1.5480623	0.26738	0	1.323232	0.425708	0	1.935522	0.348432	0.2870618	0	0.177936	0	0	0.176471	0	0	1.107424	0.19305	5.170297	0.533808	0.177936	1.09646	0	0	1.0259239	0	0	0	0	0.205128	1.263532	0	0.828509	0.628057	0.191763	0.844712	0.630701	0	0	0.26738	0.205761	0	0	0.182754	0	0	0	0	0.329596	0	0	0	0	0	0	0	1.30481	0.19305	0	0	0	0.199465	0.55107	0.717055	0.205761	0.669935	0.245098	0	0.205761	0	0	0	0
M00238	0	0.358423	0	0	0.5338433	0.327996	0	2.411163	0	0.334586	1.0409592	2.128854	0.321543	0	1.1718347	0.271739	0	1.1551129	0.141636	0	0	0	0	2.317865	0.8818949	0.321544	0	0.171821	0.167224	0.343643	0	0.911125	0.144928	0	0	0.00750268	0.983692	0	0	0.514318	0.170648	0.381271	0	0	0.285102	1.14521	0.482315	0.271739	0.171821	0.327996	0	1.093002	0.346014	0	0	0.167224	0	0	0	0	3.322531	0.321543	0.320472	0.334448	1.7523377	2.339693	2.196698	0.848693	0	0.188295	0	0	0.83612	0	0	2.125391	0	2.696556	3.132827	0.537634	0	0.160772	0	0.967734	0.167224	9.443429	0.374062	0	0	0.0613155	0	0.171821	2.186215	3.529882	0.337838	0.168919	0	0.675676	0	0	0	1.685909	0	0.343643	0	0.37412	0.287356	0.855615	0.160772	0.227273	1.030928	0.171821	0	1.377526	0	0.682086	0.40724	0
M00239	6.838927	0.7540826	0.1631964	6.6061741	1.513391	7.247183	0.3379	23.69172	0	7.654687	14.6930333	49.1294273	11.583389	0	19.84759	2.572573	0.429185	11.60911	3.93616	0.213162	0.344927	1.195354	0	13.7680773	6.5589748	0.323762	0	4.106601	3.656153	0.0515021	0.10917	2.2550112	19.1094408	1.854007	0.218341	4.8951222	9.598771	1.502212	0.425562	17.558117	1.8500318	1.792659	4.715299	2.5294883	12.9537723	18.212028	1.9640124	0	10.593228	10.647931	0	24.569089	0.214592	7.086542	8.1230602	8.7220819	0	0.450872	2.924006	1.9272091	32.196821	19.3309226	2.552767	50.7132912	5.733222	22.251568	27.7112525	5.39945	2.7955181	2.4068688	0.444444	0	22.14841	3.246443	3.1006828	25.2645901	2.8651034	8.4748047	34.034347	7.0619516	2.512882	13.834346	1.8029008	8.3804253	7.3590415	42.764505	2.157154	2.3953064	3.290823	2.097225	0.75505	4.504002	4.347064	37.6273852	0.521475	0	0	3.127438	0.485437	1.393039	0.42324	18.65321	1.087903	1.977729	0	3.5148046	1.993567	8.0875874	6.165624	0.802451	7.391554	8.82049	1.430108	9.3661	0	7.984505	0	1.9011106
M00240	0.2762086	0	0	0.641337	0	0.0894855	0	4.40527	0	1.510604	0.585758	5.422101	1.816166	0	1.703129	0.184502	0	0.483632	0.553213	0.3254346	0	0.473934	0	1.1989083	0.333333	0	0	1.351833	4.346504	0	0.947867	0	0.601227	0	0	0.469484	0.363296	0	0	0.236967	0.429822	0.910871	1.649452	1.2195522	0	1.458114	0	0	0.568097	0.238095	0	2.656893	0.473934	0.602649	0.293255	1.420314	0	0.22963	1.174491	0.56763	0.234742	0.75442	0	0.55023289	1.587938	2.095695	1.116582	1.425222	0.177778	0.236967	0	0	5.273812	0	0.343234	3.5255305	0	1.422908	1.396053	0.236967	0.485694	0.6523492	0.252101	2.032187	0.234742	4.174276	0	0.44843	0.666422	2.449284	0	0	1.18325	3.782517	0	0	0	0	0	0	0.215517	2.27853	0	0	0	0	0.464789	0.721765	0.236967	0	0.0312989	0.183272	0	0.0594679	0	0.497222	0	0.57957
M00242	0.102804	0	0	0	0	0	0	0.685714	0	0	0	0	0	0	0	0	0	0.233645	0	0	0	0	0	0.207937	0	0	0	0	0	0	0	0	0	0.118674	0	0	0	0	0	0	0	0	0	0	0	0.436508	0	0	0.786382	0	0	0	0	0	0	0.27933	0	0	0	0	0	0.726984	0	0.238095	0	0	0	0	0	0	0	0	0	0	0	0.645098	0.233645	0	0	0.0855148	0	0	0.245098	0	0	0	0	0	0	0	0	0	0	0	0	0	0	0.17619	0	0	0	0	0.233645	0	0	0	0	0	0	0	0	0	0	0	0	0	0	0
M00247	0	0	0	0	0	0	0	0.539855	0	0	0.362319	2.913047	0	0	0	0	0.711111	0.713768	0	0	0	0	0	0.181159	0.181159	0	0	0	0	0	0	0	0	0	0	0	0.513889	0	0	0	0	0	0	0.569444	0	0.136473	0	0	0.833333	0.181159	0	0	0	0	0	1	0	0	0	0	0.566667	1.357629	0.382353	1.924819	0	0	0.362319	0.179952	0	0	0	0	0	0	0	1.090526	0	0.293963	0	0	0	0	0	0	0	2.425599	0	0	0	0	0	0.748031	0	0.181159	0.181159	0	0	0	0	0	0	0.493056	0	0	0	0	0	0	0	0.181159	0	0	0	0	0	0	0	0
M00254	0	0	0	0	0	0	0	0	0	0	0	0	0	0	0	0	0	0	0	0	0	0	0	0	0	0	0	0	0.0279776	0	0	0	0	0.203252	0	0	0	0	0	0	0	0	0	0	0	0	0	0	0	0	0	0	0	0	0	0	0	0	0	0	0	0	0	0	0	0	0.454545	0	0	0	0	0	0	0	0	0.119904	0	0	0.403226	0	0	0	0	0	0	0	0	1.540643	0	0	0	0	0	0	0	0	0	0	0	0	0	0	0	0	0	0	0	0	0	0	0	0	0	0	0	0	0	0
M00256	0	0	0	0.249534	1.08696	0	0	0.558659	0	0.27933	0.27933	0	0	0	1.63043	0	0	0	0	0.0577281	0	0	0	0	0	0	0	0.744879	0.506518	0	0	0	0	0	0	0	0	0	0	0	0	0.260708	0	0	0	0	0	0	0	0.27933	0	1	0	0	0	0.543478	0	0	0	0	0	0	0	0	0	0	0	0	0	0	0	0	0.27933	0	0	0.849357	0	0	0.27933	0	0	0	0	0	0	0	0	0	0	0.137803	0	0	0	0	0	0	0	0	0	0	0	0	0	0	0	0	0	0	0	0	0	0	0	0	0	0	0	0
M00258	0	0	0	0.350877	0	0.854686	0	0	0	0.175439	0.446309	0	0.464361	0	0	0	0	0	0	0.175439	0	0	0	0	0	0	0	1.114421	0.157233	0	0	0	0	0	0	0	0.268761	0	0	0	0	0	0	1.170834	0.0296684	0.302428	0	0	0.26178	0.715271	0	2.576057	0	0	0.43123	0.27027	0	0	1.74307	0	0	0	0	0	0	0.417268	0	0	0	0	0	0	0	0	0.267877	1.216239	0	0	0	0	0	0	0	0	0	0	0	0	0.157233	0.157233	0	0	0	0	0	0	0	0	0	0	0	0	0	0	0	0	0	0	0	0	0	0.0432749	0	0	0	0	0	0
M00260	0.5398692	0.0550055	0	0.7414905	0	1.389894	0	5.25572645	0	0.6813548	3.3388096	4.8850299	0.8908642	0	0.7127782	0	0.255102	0.2562042	0	0.1714927	0	0	0	2.461688	0	0	0	1.9638917	1.4536948	0	0	0.174195	0.486566	0.1971257	0	0	1.581304	0	0	0.1948158	0.530055	0.439412	0.1378359	1.9448775	1.118189	2.5689097	0	0	1.6297017	0.7451436	0	6.1465192	0.5510263	0.2512687	1.237538	0.9969125	0	0	0.6011792	0	2.3635824	0.349593	0.320675	0.278875	0.0714286	1.993369	0.6048298	0.436447	0.0550055	0.0995228	0	0	1.881279	0	0.74993651	3.5072772	0	0.314886	2.8554641	1.2578267	0	0.759059	0	0.7327091	0.518135	4.9188417	0	0	0.044287	0.0714286	0	0	0.306708	1.87505587	0	0	0	0.0992925	0	0	0.0550055	0.9831214	0	0	0	0	0	1.14286	0.503928	0	0	0.261069	0.119904	1.1628796	0	0.9752084	0	0.693967
M00283	0	0	0	1.783594	0	0	0	0.619048	0	0	0	0.977778	0	0	0	0	0	0.944444	0.714286	0	0	0	0	0	1.173993	0	0	0	0	0	0	0	0	0	0	0	0.865079	0	0	0	0	0	0	0	0	2.25185	0	0	0.602116	0	0	0.418803	0	0.385185	0	0	0	0.8	0	0	0	1.56349	0	0	0	0	0	0	0	0	0	0	0	0	0	1.261376	0	0	2.24444	0	0	1.444444	0	0	0	0.716049	0	0	0	0	0	0	0	0	0	0	0	0	0	0	0	0	0	0	0	0	0	0	0.444444	0	0	0	0	0	0	0	0	0
M00307	1.115497	0.109649	0	0.410854	1.405902	0.240943	0.219298	8.51485	0	1.295814	1.4756884	7.5403823	0	0	2.272823	0.109649	0	1.313596	1.33256	0	0	0	0	2.170614	1.0887436	0	0	3.059016	0.103414	0	0	0.109649	0.109649	0.109649	0	0.2704676	4.035846	0.174708	0.167398	0.109649	0.273392	0.526939	0	1.260251	1.413047	6.4958543	0	0	0.618421	1.290424	0	2.368622	0.359412	0.548246	0	0	0	0.1396199	0	0.451807	2.128601	1.02266	0.328947	4.347156	2.037276	1.956216	7.313779	0.657894	0.225734	0	0	0	0.853185	0	0.150602	2.542223	0.321637	3.3991927	5.810715	1.031433	0.379135	0.391339	1.333337	0	0.900327	18.184939	0.328947	0	2.786304	0.503939	0	0.5197362	0	4.538914	0	0	0.109649	1.3334165	0	0	0	1.672687	0	0.663477	0	0.657894	0.18759	1.09909	1.717346	0.108918	4.553168	1.644736	0.149598	0.13755	0	0	0	0
M00311	1.77901	0	0	1.6287391	0.374532	0.5933663	0	6.476486	0	0.280899	2.534422	2.304351	0.419476	0	2.494201	0	0	2.7042	0.717229	0	0	0	0	2.8327667	1.006149	0	0	0.093633	1.368201	0	0	0.657895	7.2845	0.105485	0	0	1.646051	0.187266	0	0.3932587	0	0	3.39785	0	1.259035	1.557412	0	0	0.946941	1.786679	0	1.988736	0	0.52809	0.387632	0.783969	0	0.187266	0	0	1.863456	1.632793	0.093633	6.90372	2.86767	3.843459	0.322722	0.914462	0.105485	0.569439	0	0	0	0.187266	0.565518	9.291772	0.516221	2.809907	6.382092	0.383895	1.067745	1.541942	0.316456	0.689581	0.229713	16.117712	0.1498128	0	0.1385768	0	0.093633	1.223109	0	1.081622	0	0	0	0.187266	0	0	0	0.289987	0	0	0	1.73212	0.280275	0	2.920383	0.187266	0.655431	0.6204747	0.093633	0.307108	0	0.093633	0	0.1527728
M00319	0.405499	0	0	0	0	0.256014	0	5.365979	0	2.490681	1.677836	6.236857	0	0	1.0274914	0.633333	0	1.035224	0.256014	0	0.486277	0	0	0.650458	0	0	0	0.583689	2.427423	0	0	0	0.713058	0	0	1	1	1.6158314	0	1.000001	0.395189	1.399741	0.254296	0	0	1.845791	0	0	0.132302	0.730695	0	4.895223	0	0	2.478894	3.341649	0.489796	0.172222	0.962268	0.745704	1.273265	0	0	8.559063	1.482814	5.270118	0.242268	1.486255	0.256014	0.55814	0	0	11.451483	0	4.943799	1.86008	0	0	4.995695	0	0.3247425	0	0	1.7388321	0	1.3648671	0	0	0.59265	0.319588	0	0.256014	1.02921	0.950172	0	0	0	0	0	0	0	4.895584	0	0	0	0.669444	0.137457	0	0	0.256014	0.176976	0.256014	0	0.871134	0	2.012025	0.513746	0
M00320	0	0	0	0	0	0	0	0	0	0	0	0	0	0	0	0	0	0	0	0	0	0	0	0	0	0	0	0.62585	0.0884354	0	0	0	0	0	0	0	0	0	0	0	0	0	0	0	0	0	0	0	0	0	0	0	0	0	0	0	0	0	0	0	0	0	0	0	0	0	1.26531	0	0	0	0	0	0	0	0	0	0	0	0	0	0	0	0	0	0	0	0	0	0	0	0	0	0	0	0	0	0	0	0	0	0	0	0	0	0	0	0	0	0	0	0	0	0	0	0	0	0	0
M00331	0	0	0	0	0	0	0	0	0	0	0	0	0	0	0	0	0	0	0	0	0	0	0	0	0	0	0	0	0	0	0	0	0	0	0	0	0	0	0	0	0	0	0	0	0	0	0	0	0	0	0	0	0	0	0	0	0	0	0	0	0	0	0	0	0	0	0	0	0	0	0	0	0	0	0	0.378788	0	0	0	0	0	0	0	0	0	0	0	0	0	0	0	0	0	0	0	0	0	0	0	0	0	0	0	0	0	0	0	0	0	0	0	0	0	0	0	0	0	0
M00335	15.328832	1.12987	1	5.5840891	6.11598	2.9530641	0	57.166003	0	5.681083	13.2553481	48.229605	3.061794	0	24.9677101	0.38961	0	18.20541	0.904863	0.0656168	0	0	0	11.273019	19.433053	2.0715926	0	14.3175368	15.802431	0	2.31944	0.2743778	10.751174	1.9254147	0.709653	1.340046	22.6115671	0.0649351	0.166667	2.91183	1.388373	1.427857	12.1667	3.626113	11.5309152	48.729838	1.6092021	0.8987372	8.9534164	8.2229483	0	28.1670528	1	12.353693	4.7314056	5.8104302	0.0649351	0.815973	5.2548551	4.391001	34.8831359	15.989016	6.033005	18.51509	23.546491	15.895672	42.55071	9.60209	0	1.8162011	0	0	9.631961	0.708333	4.4959691	31.0016058	4.120417	15.3598121	25.107816	2.1195231	0.8232201	7.816859	0	1.8894981	0.3314832	51.658912	12.0786955	1.159946	6.104861	2.0173161	0	1.0930964	1.12987	6.4385938	0	0	0	1.2217351	0	0	0	2.8606209	0	0	0	3.361472	1.4547712	1.3789342	6.484042	0.6765009	2.95064	2.9773841	2.875904	0.0649351	0	3.737907	0	1.486891
M00336	0	0	0	0	0	0.202429	0	1.80567	0	0.659919	0.821862	0.195682	0	0	0	0	0	0	0	0.0242915	0.381916	0	0	0	0	0.85695	0	0.995952	1.728329	0	0	0	0	0	0	0	0	0	0	0	0	0.692307	0	0	0	0.202429	0	0	0	0	0	1.085885	0	0	0.202429	0.460189	0	2.53216	0.726046	0	0	0.179487	0	0.202429	0	0	1.403372	0	0	0.398111	0	0	7.18489	0	1.0027	0.9147	0	0	0	0	0	0	0	0.578947	1.025629	1.62348	0	0	0.253711	0.2874492	0	0	1.0108	4.415653	0	0	0	0	1.41667	0	0	4.666668	0	0	0	0	0	0.404858	0	0	0	0	0	0.499325	0	0.368421	0	0
M00345	0.304762	0	0	0	0	0	0.37037	1.218792	0	0	0.532099	0.682498	0	0	0.419577	0	0	0.845461	0	0	0	0	0	0	0	0	0.0975309	0	0	0	0	0	0	0	0	0	1.114978	0	0	0.185185	0	0.392473	0	0	0	0.709876	0	0	0.246305	0	0	0.339233	0	0	0	0	0	0.0666667	0	0	0.588235	0	0	0	0.899215	1.056279	1.252966	0	0	0	0	0	0	0	0	1.721618	0	0	1.149116	0	0	0.111111	0	0	0	1.843934	0	0	0	0	0	0	0	0.552381	0	0	0	0	0	0	0	0.195312	0	0	0	0	0	0	0	0	0.121569	0.368627	0.120988	0	0	0	0	0
M00346	0	0	0	0	0	0	0	0	0	0.276243	0	0	0	0	0	0	0	0	0	0	0	0	0	0	0	0	0	0.226519	0	0	0	0	0	0	0	0	0	0	0	0	0	0	0	0	0	0	0	0	0	0	0	0	0	0	0	0	0	0	0	0.156538	0	0	0	1	0	0	1.059894	0	0	0	0	0	1.38122	0	0	0.208103	0	0	0	0	0	0	0.259668	0	0	0	0	0	0.694444	0	0	0	0	0	0	0	0	0	0	0	0	0	0	0	0	0	0	0	0	0	0	0	0	0	0	0	0	0
M00357	0	0	0	0	0.987522	0	0	0	0	0	0	0	0	0	0	0	0	0	0.244792	0	0	0	0	0	0	0	0	1	0	0	0	0	0	0	0	0	0	0	0	0	0	0	3.15315	0	0	0.26738	0	0	0.432432	1.126468	0	0	0	0	0	0	0	0	0.320513	0	0	0	0	0	0	0.692606	0	0	0	0	0	0	0	0	0	0.320513	0	0	0	0	0	0	0	0.567568	0	0	0	0	0	0	0	0	0	0	0	0	0	0.338542	0	0	0	1.734246	0	0	0	0	0	0.2895296	0	0	0	0	0	0	0	0	0	0
M00359	2.5253975	0.5080287	0.094162	5.0169111	1.953699	4.3093186	0.0598086	56.8556358	0.35461	6.4506677	15.2228468	54.4550513	3.1009333	0.7096843	8.9203215	0.197628	0.7135341	9.0580597	3.2799346	2.1679647	0	0.855524	0.705053	13.8136615	5.7095575	0.9658947	0.0879541	10.249242	16.6325499	0.4134076	0.10661	1.2488122	5.7491593	5.2698524	0.145813	2.1384748	10.1360605	0.946622	0.120141	9.0333676	2.6816167	4.7488982	5.2795006	3.8897561	5.2005839	22.1159594	0.740265	0	1.9974658	4.3006766	0	14.842239	0.2767613	4.5494231	3.8304103	4.75799242	0.1664238	1.7943269	4.7086836	1.6707455	14.2149827	10.341463	4.471721	11.783828724	13.1349649	11.4821614	22.99948031	7.070513	3.1009446	2.8832358	0.31761	0	30.93309962	2.213761	1.9579627	23.7341916	1.1185852	9.2368198	24.2588251	4.3733064	1.8296554	5.9929692	1.8121979	7.6194091	1.0263899	69.0455212	1.5113836	0	3.7998507	1.0474802	0.697429	4.7638184	2.10301031	15.9252341	0.367439	0.904602	0.107527	0.748068	0.442795	0.3210822	0	16.3115904	0.4059476	0.1705281	0	4.6608991	1.1619678	3.5287145	5.3545987	0.6975742	8.1849884	4.2712308	2.2718704	3.1701254	0	3.2284168	0	0.7449533
M00360	2.7526705	0.5080287	0.094162	5.0169111	1.953699	4.4047731	0.0598086	57.54335	0.35461	6.5590007	16.6501978	55.5115313	3.1009333	0.7096843	8.9203215	0.197628	0.7135341	9.8913927	3.2799346	2.1679647	0.292398	0.855524	0.705053	14.0409345	6.1009715	1.1047837	0.0879541	10.375187	16.7816009	0.4134076	0.10661	1.2488122	5.9764323	5.2698524	0.145813	2.1384748	10.4287955	1.173895	0.120141	9.1470036	2.6816167	5.1554022	5.2795006	3.8897561	5.2005839	22.2214444	0.84575	0	2.2743178	5.5782416	0	15.131994	0.2767613	4.5494231	3.9842563	4.75799242	0.1664238	1.7943269	4.7086836	1.6707455	14.2149827	12.369237	4.61061	12.091520724	13.1349649	12.2429314	23.57048431	7.213077	3.1009446	2.8832358	0.31761	0	31.27400862	2.213761	2.3337207	26.3454032	1.1185852	9.5166108	26.5722371	4.5121954	2.4426184	7.7034892	1.8121979	8.1636961	1.8925099	80.9218712	1.5113836	0	3.7998507	1.0474802	0.697429	4.8107881	2.21638931	17.9792751	0.367439	0.904602	0.107527	1.062533	0.442795	0.3210822	0	17.9063027	0.4059476	0.1705281	0	4.6608991	1.1619678	3.5287145	5.8749687	0.6975742	8.3238774	4.2712308	2.4107594	3.3973984	0	3.3733448	0	0.7449533
M00361	0	0	0	0.75393	0	0.226788	0	1.847591	0	0	0.294985	0	0	0	0	0	0	0.559489	0.294985	0	0	0	0	0.59783727	0	0.442478	0	0	0	0	0	0	0	0	0	0	0.2587	0	0	0	0	0	0	0	0	0.780729	0	0	0.027532	0.198413	0	0.13766	0.147493	0	0	0	0	0	0	0	0	0	0	0.388397	0.442478	0.147493	0.403533	0	0.564405	0	0	0	0	0	0	0.1870537	0	0.195674	0.726647	0	0	0.805309	0	0.147493	0	3.706983	0.323501	0	0.2104232	0	0	0	0	0.4265897	0	0	0	0	0	0	0	1.01816	0	0	0	0.147493	0.304703	0	0	0	0.294985	0	0	0	0	0	0	0
M00362	1.11959	0	0	0.893595	0	0.226788	0	1.847591	0	0.49505	0.70202	1.656856	0	0	0	0.184502	0	0.559489	0.43465	0	0	0	0	0.77341027	0.139665	0.442478	0	0.893715	1.05639	0	0	0	0	0.257426	0	0	0.930953	0	0	0	0	0	0	1.868716	0	1.236629	0	0	0.393869	0.958239	0	1.834168	0.147493	0	0.119403	0.687943	0	0	0.302115	0	0	0	0	0.388397	0.442478	0.147493	1.0201292	0.184502	0.96056	0.382364	0	0	10.693259	0	1.25	0.9532127	0	0.330809	0.877704	0	0	0.805309	0	0.282628	0	4.445148	0.323501	0	0.4939992	0	0	0	0	0.8455837	0	0	0	0	0	0.139665	0.135135	1.806529	0.159218	0	0	0.147493	0.410484	0.151057	0.139665	0	0.294985	0	0.184502	0	0	0.639274	0	0.794444
M00364	0	0	0	0.64359	0	0	0	0	0	0.861635	0	0	0	0	0	0	0	0	0	0	0	0	0	0	0	0	0	0.292181	0	0	0	0.384615	0	0	0	0	0	0	0	0	0	0	0	0	0	0	0	0	0	0	0	0	0	0	0	0	0	0	2.30769	0	0	0	0	0	0	0	0.338462	0	0	0	0	0	0.649351	0	0	0.967725	0	0	0	0	0	0	0	0	0	0	0	0	0	0	0	0	0	0	0	0	0	0	0	0	0	0	0	0	0	0	0	0	0	0	0	0	0	0	0	0	0	0
M00366	0	0	0	0.64359	0	0	0	0	0	0.861635	0	0	0	0	0	0	0	0	0	0	0	0	0	0	0	0	0	0.292181	0	0	0	0.384615	0	0	0	0	0	0	0	0	0	0	0	0	0	0	0	0	0	0	0	0	0	0	0	0	0	0	2.30769	0	0	0	0	0	0	0	0.338462	0	0	0	0	0	0.649351	0	0	0.967725	0	0	0	0	0	0	0	0	0	0	0	0	0	0	0	0	0	0	0	0	0	0	0	0	0	0	0	0	0	0	0	0	0	0	0	0	0	0	0	0	0	0
M00368	1.366693	0	0	0.292021	0.575408	0.5292165	0	3.32066	0	0.138329	1.3100032	2.636634	0.575408	0	0.7945	0.144092	0	0.820365	0.6889681	0	0	0	0	0.675313	1.112472	0	0	1.170363	2.69048	0.242075	0	0	0.910663	0.971473	0	0	1.615852	0	0	0.431316	0.146199	1.64286	0	0	1.7310693	3.252885	0	0	0.226244	0.580206	0	3.895662	0	0.8791474	0.144092	0	0	0	0.446028	0.447373	2.248515	1.5778306	0.576369	1.949343	1.09702	4.862085	2.054735	0	0.146199	0.440831	0	0	1.74736	0	0	4.167293	0.952735	1.512035	8.665554	1.352442	0.678303	1.494079	0	0.718385	0	15.48393	0.658521	0	0.911243	0	0	0.226244	0	1.407706	0	0	0	0	0	0	0	0.591716	0	0	0	0.144092	0	0.100865	0.663523	0	0.43649	0.5922378	0.144092	0.144092	0	0	0	0.288184
M00373	0	0	0	0	0	0	0	0	0	0	0	0.16129	0	0	0	0.322581	0	0	0	0	0	0	0	0	0	0	0	0	0.16129	0	0	0	0	0.16129	0	0	0	0	0	0	0	0	0	0	0	0	0	0	0	0.322581	0	0	0	0	0	0	0	0	0	0	0	0	0	0.322581	0	0.806452	0	0	0	0	0	0	0	0	0	0.860439	0	0	0.482796	0.148387	0	0	0	0	0	0	0	0.499431	0	0	0	0	0	0	0	0	0	0	0	0	0	0.170648	0	0	0	0	0	0	0	0	0	0	0	0.445961	0	0.320513	0	0
M00374	1.777465	0	0	0.13624	0.723327	2.488762	0	2.107578	0	1.177809	1.834171	6.006197	0.998266	0	2.086881	0	0	0.467149	0.523879	0	0.866779	0.282139	0	1.874225	0.270645	0.0904159	0	0.990038	2.504088	0	0	0	0.361664	0.336966	0	0.180832	1.523301	0.270645	0	0.5296168	0.21097	1.105389	1.081103	1.484643	0	2.270541	0.231481	0	0.2184229	1.2921589	0	4.046072	0.42735	0.658417	0.469899	3.385903	0	0.363513	0.455063	0.754689	0.726436	0.174632	0.55761	3.152153	0	2.3854559	4.515401	1.924755	0.231481	0.170648	0	0	0.841668	0	0.408719	5.922335	1.128007	1.2351704	3.9818706	1.057522	0.0904159	0.271248	0.600314	0.904768	0.0862852	3.166233	0.271248	0.128007	0.2266559	0.265107	0.170648	0.128007	0.514605	2.753432	0	0	0	0.0904159	0.0904159	0.515672	0	9.06691	0.538012	0	0	0.780488	0.170648	0.311329	1.297272	0	1.720193	1.54671	0.3218969	1.592813	0	0.5261908	0.246305	0.170648
M00375	0	0	0	2.624837	0	0	0.544662	0	0	1.021351	0	2.163032	0	0	0	0.322581	0	0	0	0	0.588235	0	0	0	0	0	0	0	2.754953	0	0	0	2.17391	0.16129	0	0	0	0	0	0	0	0.372549	0.578035	1.843091	0	0.752486	0	0	0	1.000804	0	2.523934	0	0	0.362319	0.211864	0	0	0.640523	0.311547	0.441207	0	0	1.501194	0	1.398239	0.289017	0	0	0	0	0	8.66905	0	0.240848	7.768113	0	0.211864	1.021457	0.726422	0	0	0	0.28744	0	0	0	0.667187	0	0	0	0	0.438444	0.578035	0	0	0	0	0	0	0	1.485805	0	0	0	0	0	0	0.289017	0	0	0	0	0.445961	0	0.320513	0	0
M00376	0	0	0	2.624837	0	0.791667	0.544662	0	0	1.021351	0.253623	2.163032	0	0	0.638889	0.322581	0	0	0	0	0.588235	0	0	1.36111	0	0	0	0	2.754953	0	0	0	2.17391	0.16129	0	0	0	0	0	0	0	0.372549	0.578035	1.843091	0	0.752486	0	0	0	1.000804	0	2.523934	0	0	0.362319	0.211864	0	0	0.640523	0.311547	0.441207	0	0	1.501194	0	1.398239	0.289017	0	0	0	0	0	8.66905	0	0.240848	8.768113	1	0.211864	1.021457	0.726422	0	0	0	0.28744	0	0	0	0.667187	0	0	0	0	0.438444	0.578035	0	0	0	0	0	0	0	1.485805	0	0	0	0.780488	0	0	0.289017	0	0	0	0	0.445961	0	0	0	0
M00377	0	0	0	0.588235	0	0.3779885	0	0.148588	0	0.36214	0	0.333333	0	0	0	0	0	0	2	0	0	0	0	0.0940171	0.0631164	0	0	0	0.925926	0.0986193	0	0	0	0	0	0	0.7636592	0	0	0.184747	0.0986193	0.1727194	0.176269	0.308642	0	0.937541	0	0	0	0.893939	0	0	0	0	0.0986193	0.333333	0	0.308642	0	0	0.272654	0	0.43261	0	0.197239	0	0.756572	0	0	0.148588	0	0	0.854957	0	0.208024	0	0	0.0203813	0.4670903	0.102881	0.102881	0.2602353	0.222883	2.307301	0	1.1203655	0	0	0	0	0.0507545	0	0.0787402	0.0986193	0	0	0	0	0.102881	0	0	2.999336	0.19685	0.6991774	0	0	0	0.4679952	0.1727194	0	0.0984252	0	0	2.28671542	0	0.0742942	0	0.736214
M00394	1.1213453	0	0	0.439614	0	0.213146	0.0986193	0.985915	0	1.448411	2.085794	3.840294	0.3321539	0.0638498	1.2553492	0.140845	0	0.681788	0.0986193	0.154321	0	0.239936	0	1.180664	0.6222843	0	0	1.058148	0.896575	0	0	0.117096	0.28169	0.5027756	0	0.197239	0.140845	0	0	0.308642	0.438003	0.45045	0.197239	0.212334	0.422535	3.249386	0	0	0.140845	0.140845	0	1.086232	0	0.295166	0.10989	0.358642	0	0.523236	0.117096	0.28169	1.481622	1.1163143	0.241546	0.7024273	0	0.570583	4.761008	0.0986193	0	0.745131	0	0	0	0	0.225225	3.642288	0.382391	0.944987	2.09907	0.3516043	0	0.813146	0	0.2457663	0.225225	6.800135	0	0	0.117096	0.117096	0	0.3395079	0.140845	0.4108694	0	0.260073	0	0	0	0	0	2.129993	0	0.117096	0	0	0	0.28169	1.096906	0.241546	0.2394643	0.635366	0.241546	0	0	0.0765027	0	0.140845
M00429	0	0	0	0	0	0	0	0.287356	0	0	0.1944441	0	0	0	0.1058429	0	0	0	0	0	0	0	0	0	0	0	0	0	0	0	0	0	0	0	0	0	0.0694444	0	0	0	0	0	0	0	0	0.0718391	0	0	0	0	0	0	0	0	0	0	0	0	0.333333	0	0	0	0	0	0	0.0402299	0	0	0	0	0	0	0	0	0	0	0	0	0	0	0	0.0718391	0	0	0	0	0	0	0	0	0	0	0	0	0	0	0	0	0	0	0	0	0	0	0	0	0	0	0	0.0718391	0	0	0	0	0	0	0	0
M00432	0.219764	0	0	0	0	0.144092	0	0.143451	0	0	0	0	0	0	0	0	0	0.0838531	0	0	0	0	0	0	0	0	0	0	0	0	0	0	0	0	0.0634218	0	0	0	0	0	0	0	0	0	0	0.10395	0	0	0	0	0	0	0.359876	0	0	0.077381	0	0	0	0	0	0	0	0	0.148302	0	0.18797	0	0	0	0	0	0.177936	0	0	0	0	0	1.037513	0	0	0	0	0	0	0.150963	0	0	0.333333	0	0	0	0.107271	0.7066931	0	0	0	0	0	0	0	0.51899	0	0	0	0	0	0	0	0	0	0	0	0	0	0.10395	0	0
M00439	0.979246	0	0	1.084504	0	0.117925	0	7.9253766	0	0.888605	1.9608536	10.999758	0	0	1.6576925	0	0	1.7811534	0.6646306	0.103306	0	0	0	0.7631456	0.475202	0	0	0.9232546	1.625171	0	0	0	0.983271	0.339387	0	0	0.80424953	0	0	0	0	0.808992	0	1.139907	0.9918105	2.554075	0	0	0.5625934	0.8605125	0	0.103306	0	0.416667	1.498469	0.747555	0	0	1.678527	0.0895317	5.2656541	0.676424	0	4.021947	1.625575	1.743903	6.5283849	0.841833	0.730879	0	0	0	3.882355	0	0.158228	2.4642687	0.687131	1.114355	0.938753	0.617769	0.103306	0.956672	0	0.684465	0	7.453454	0.4210208	0	0	0.103306	0	0.457447	0	1.319174	0	0	0	0.2703237	0	0	0	0.102617	0	0	0	0.581251	0.0578512	0.0896624	1.073249	0	0.6715047	0.0792011	0.103306	0.158228	0	0.311639	0	0.103306
M00525	3.1955779	0.170068	0	1.289863	0	1.6532697	0	13.238377	0	2.319349	6.86695594	7.798083	1.577538	0	3.15906	0	0	2.280481	2.331554	0.37332	0	0	0	4.4671111	3.6416206	1.085137	0	2.62438	3.757257	0	0	0.9068154	5.99361	0.030914	0.344173	0	5.1471988	0	0	2.585036	0.695256	0.811761	0	0.0448276	1.565759	10.352292	0.721671	0.170068	1.2678236	1.231211	0	3.374269	0.170068	2.281519	0.304878	2.1527664	0	0.808091	1.996445	1.438001	3.7566575	5.429739	0.710506	5.1678996	2.535	5.838235	13.085223	0.409864	0.4085458	0.340136	0.320346	0	3.900084	4.06863	0	8.1786003	0.5774168	4.856797	11.02847335	0.738497	0.5238487	2.1049473	1.4832858	0.63966	0.0728793	23.6937912	0.323848	0	1.9367081	0.439883	0.170068	1.519999	1.172725	3.40365	0	0	0	0.685204	0	0	0	5.027654	0.163399	0	0	0.823149	0.464396	0.716816	3.950587	0.206612	2.6350067	1.432963	0.339002	0.889563	0	1.2129213	0	0
M00526	3.567905	0.3866132	0	1.472345	0	0.670552	0	13.09584	0	2.808452	8.7940053	13.00722	1.6660989	0	4.071469	0	0	4.4133722	2.543235	0.37332	0	0	1.09489	6.0085281	4.8393976	1.085137	0	4.872951	4.993659	0	0	0.9499671	8.478572	0.316628	0.344173	0	7.6113487	0	0.182482	3.968993	1.06022	0.633944	0	0.0448276	1.981055	15.370674	0.721671	0.170068	1.0917663	2.4716672	0	2.474482	0.170068	2.679153	0.590592	2.1736119	0	0.945561	0.59578	1.438001	5.3201865	5.38903	1.352842	9.2258546	3.52939	6.000363	22.1590292	0.409864	0.4085458	0.340136	0.320346	0	0.485054	0.729927	0	8.9897933	1.8517368	7.7658257	18.175205	0.6924975	0.7864737	1.364755	1.4832858	0.621952	0.5117713	34.726171	1.1423359	0.429379	2.7596838	0.439883	0.170068	1.889003	1.172725	9.6542932	0.182482	0	0	0.685204	0	0	0	4.641119	0.163399	0	0	1.188113	0	1.1328751	4.152371	0.206612	3.3001367	0.794133	0.4168609	0.736681	0	1.2242333	0	0
M00527	3.1955779	0.170068	0	1.289863	0	1.6532697	0	14.053192	0	2.319349	7.11880794	7.798083	1.577538	0	3.15906	0	0	2.632333	2.331554	0.37332	0	0	0	4.6060001	3.6416206	1.085137	0	2.62438	3.757257	0	0	0.9068154	5.99361	0.030914	0.344173	0	5.1471988	0	0	2.585036	0.695256	0.811761	0	0.0448276	1.565759	10.4059957	0.721671	0.170068	1.2678236	1.231211	0	3.374269	0.170068	2.420408	0.443767	2.1527664	0	0.808091	1.996445	1.438001	3.7566575	5.846406	0.710506	5.4456776	2.535	5.838235	13.085223	0.409864	0.4085458	0.340136	0.320346	0	3.900084	4.06863	0	8.1786003	0.5774168	4.856797	11.02847335	0.738497	0.5238487	2.1049473	1.4832858	0.63966	0.0728793	23.6937912	0.323848	0	1.9367081	0.439883	0.170068	1.519999	1.172725	3.959206	0	0	0	0.685204	0	0	0	5.027654	0.302288	0	0	0.962038	0.464396	0.716816	3.950587	0.206612	2.9664877	1.432963	0.339002	0.889563	0	1.2129213	0	0
M00529	5.2192678	0.2276917	0.0707214	1.6406093	1.146987	1.0829973	0	11.2533652	0	4.7415914	4.7739294	13.753528	0.49505	0.288184	5.228608	0.714664	0	3.8121128	1.4339012	0.2361316	0	0.141443	0.445559	4.7106088	2.3631086	0.572134	0.042517	5.914915	9.0757241	0.379352	0	0.0932577	5.4164266	2.0646904	0.7127304	0.3356422	2.2334627	0.779221	0	2.2988285	0.4569522	3.919273	8.2566178	2.6128843	1.806473	4.5925173	0.5611369	0.042517	1.863431	2.6616584	0	15.3022008	0.527507	1.1855228	1.4084875	2.0207722	0.042517	0.926741	3.102658	3.1655953	2.5009708	6.052435	4.101549	5.6630333	3.727734	3.4864765	8.0219586	1.8185818	2.995763	2.8440959	0	0	9.1443164	2.148746	3.536627	8.7416328	0.939891	1.3456421	6.5720088	2.8929485	0.3207724	0.3002662	3.714562	1.4473171	0.4273203	3.9502268	0.5364386	0.627006	1.8478025	1.4632091	0.12987	1.260164	2.2294	9.223579	0.5281138	0	0.0550055	1.0391345	0	0.110011	0.12987	17.8041348	0.486395	0.4676667	0	1.317982	0.1946185	2.7010246	6.5538702	0.6106647	2.8907725	2.2715174	0.3251692	8.3351671	0	2.9124673	0	0.701389
M00530	5.2192678	0.2276917	0.0707214	1.0903013	0.638081	1.0829973	0	10.6172332	0	3.5154484	4.6467034	13.753528	0.49505	0.288184	5.228608	0.714664	0	3.8121128	1.1802962	0.2361316	0	0.141443	0.445559	4.7106088	2.3631086	0.572134	0.042517	5.116569	7.6530751	0.379352	0	0.0932577	5.4164266	0.9374644	0.7127304	0.3356422	2.2334627	0.779221	0	1.5089475	0.4569522	3.919273	7.6316178	1.5323843	1.806473	4.4883503	0.5611369	0.042517	1.759264	2.3260994	0	14.9442758	0.527507	1.1855228	1.0173725	2.0207722	0.042517	0.926741	2.576418	3.1655953	2.4390539	6.052435	4.101549	5.2813543	3.727734	3.2781435	7.8947326	1.8185818	2.995763	2.8440959	0	0	7.0145564	2.148746	2.703294	7.6664678	0.939891	1.3456421	6.5720088	2.6708845	0.3207724	0.1730402	3.714562	1.2954931	0.4273203	3.9502268	0.5364386	0.627006	1.8478025	1.2548761	0.12987	1.260164	2.2294	9.223579	0.5281138	0	0.0550055	0.9119085	0	0.110011	0.12987	17.4233038	0.486395	0.4676667	0	1.317982	0.1946185	2.7010246	6.5538702	0.6106647	2.8907725	2.2715174	0.3251692	8.3351671	0	2.9124673	0	0.701389
M00531	0	0	0	0	0	0	0	0	0	0	0.0641026	0	0	0	0	0	0	0	0	0	0	0	0	0	0	0	0	0.0833333	0	0	0	0	0	0	0	0	0	0	0	0	0	0	0	0.0940171	0	0.0519943	0	0	0	0.106838	0	0	0.106838	0	0	0	0	0	0	0	0	0	0	0	0	0	0	0	0	0.668845	0	0	0	0	0	0.120592	0	0	0	0	0	0	0	0.106838	0	0	0	0	0	0	0	0	0	0.704081	0	0	0	0	0	0	0	0.141069	0	0	0	0	0	0	0	0	0	0	0	0	0	0	0	0
M00532	0	0	0	4.100105	0	16.620353	0	3.248251	0	7.219122	6.485864	8.55237	3.07832	0	0.114155	0	0.735294	0.2080797	0.134048	1.85616	1.828217	0.226027	0.268097	0.136723	0	0.170068	0	11.7152991	24.4472963	0.214612	0	0	0.325775	0.169492	0	1.804926	4.530484	0	0.114155	0.779205	0.170068	3.5879851	23.048851	7.179176	0.114155	0.387186	1.9255952	0	0.539774	10.330816	0	49.731405	0.170068	0	2.421342	18.191728	0	5.86758	5.097704	5.229566	0	0.14459032	0.338983	4.120193	0	0.697747	4.3922675	1.257252	1.54771	0.773995	0	0	45.367921	0.717514	9.404955	1.861671	0	0	0.137741	3.354132	2.077972	0.1849252	14.345104	4.466297	5.556916	21.394664	0.682602	11.776685	2.41399	0	1.31507	0.209285	1.182468	13.9504205	0	0.122549	0	0	0.122549	0	0	121.773342	0.114155	0.268097	0.170068	0	3.196268	0.394151	5.720026	0	0	0.924057	0.3273507	19.367958	0	0.134048	0	1.4582003
M00535	0	0	0	0	0	0	0	0	0	0	0	0	0	0	0	0	0	0	0	0	0	0	0	0	0	0	0	0	0	0	0	0	0	0	0	0	0	0	0	0	0	0	0	0	0	0	0	0	0	0	0	0	0	0	0	0.077381	0	0	0	0	0	0	0	0	0	0	0.18797	0	0	0	0	0	0.177936	0	0	0	0	0	0	0	0	0	0	0	0	0	0	0	0.333333	0	0	0	0	0.186717	0	0	0	0	0	0	0	0.162515	0	0	0	0	0	0	0	0	0	0	0	0	0	0	0	0
M00549	0	0	0	0.100806	0	0.100806	0	0.704973	0	0	0	0.302419	0	0	0.306451	0	0	0.302014	0	0	0	0	0	0.100806	0	0	0	0.168011	0	0	0	0	0	0.201613	0	0	0.100806	0	0	0	0	0	0	0	0.351406	0.266134	0	0	0.201613	0	0	0	0	0.114458	0	0.111888	0	0	0	0	0.0254351	0	0.100806	0.242608	0	0.293577	0.100806	0	0	0	0	0	0	0	0	0.201613	0	0.100806	0.174059	0	0	0.301205	0	0	0	0.224215	0.0981183	0	0	0	0	0	0	0	0	0	0	0	0	0	0	0	0	0	0	0	0	0	0.0913979	0	0	0	0	0	0	0	0	0
M00550	0	0	0	1.783594	0	0	0	0.619048	0	0	0	0.977778	0	0	0	0	0	0.944444	0.714286	0	0	0	0	0	1.173993	0	0	0	0	0	0	0	0	0	0	0	0.865079	0	0	0	0	0	0	0	0	2.25185	0	0	0.602116	0	0	0.418803	0	0.385185	0	0	0	0.8	0	0	0	1.56349	0	0	0	0	0	0	0	0	0	0	0	0	0	1.261376	0	0	2.24444	0	0	1.444444	0	0	0	0.716049	0	0	0	0	0	0	0	0	0	0	0	0	0	0	0	0	0	0	0	0	0	0	0.444444	0	0	0	0	0	0	0	0	0
M00569	1	0	0	0	0	2	0	5	0	0	3.972227	3.20238	0	0	0	0	0	2	0	0	0	0	0	2.646821	1.69048	0	0	2.361111	0.738095	0	0	0	0	0	0	0	1.28571	0	0	1	0	0	0	0	1.369048	7.60714	0	0	1	0.904762	0	15.80154	0	2.178571	3	1	0	0	0	0	3.04762	0.047619	0	2.33333	0.75	0	6.22619	0	0	0.0833333	0	0	4	0	1.64286	7.59524	2.44048	0	2	0	0	1.047619	1	2.790123	0	11.66667	0.452381	0	1	0	0	2	0	7.86111	0	0	0	0	0	0	0	22.04939	0	0	0	0.940476	0	1	2.13095	0	0	0	0	2	0	2.95238	0	0
M00570	0.191667	0	0	0	0	0.5215928	0	8.17004	0	0	0.3839746	5.6975648	0	0	0.4842213	0	0	0.8791046	0.107076	0	0.219298	0	0.760563	0.884956	0.4156408	0	0	1.0234175	0	0	0	0	0.884956	0.107715	0	0	0.288462	0	0	0	0	0.219298	1.31579	2.58114	0.397543	0.9247164	0	0	0.8080473	0.8614598	0	2.264981	0	0.3022602	2.249546	0.1923076	0	0	1.434545	0.367424	3.1432328	1.065925	1.4121438	2.8090678	1.0565414	0.0961538	0.4224361	0	0.109635	0.288462	0	0	0.5366625	1.15385	0	1.2261248	0	0.5482378	2.1635534	0.0961538	0.611397	1.0929322	0	0	0	11.771503	0.4029018	0.6369558	0.442478	0	0	0	0	1.303188	0	0	0	0	0.0961538	0	0	0.535354	0	0	0	0.139665	0	0	0.3871111	0	1.0041718	0	0.0888252	0.489616	0	0.1923076	0	0
M00573	0.564511	0	0	10.039599	0	0.666744	0	5.198466	0	10.3585188	0.66335729	5.520499	0.341297	0	0.568094	0	0	12.859973	1.456913	0.0261661	0	0	0	1.689222	3.932878	0.239234	0	6.89111	6.835944	0.170648	0	0	0.639061	0.253697	0	2.754415	1.448969	0	0	1.75577	0.2465296	2.376455	0.299204	2.862184	3.348387	2.5883185	0	0	0.7773944	2.304735	0	13.681388	0.239482	0.42088002	0.177381	0	0	0.660314	0.346021	8.522919	8.01708	1.456366	0.15942	1.2539082	9.2415362	0.537792	6.34697	0.43686	1.801891	0.990805	0	0	9.0571073	0	0.515476	4.9998403	1.500171	0.266289	4.8880132	2.324915	0.875671	0.850988	3.020715	0.826057	3.04016	4.1431512	2.147812	0	0.511945	0.725943	0	0.700874	0.639614	1.171413	0.170648	0	0.103527	0.409882	0	0	0	25.831085	0.499627	0	0.249147	6.384186	0.379444	0.743873	4.9851952	1.6849178	1.389872	11.981481	0.750042	2.317981	0	1.368343	0	1.032717
M00577	0.564511	0	0	10.039599	0	0.666744	0	5.198466	0	10.3585188	0.66335729	5.520499	0.341297	0	0.568094	0	0	12.859973	1.456913	0.0261661	0	0	0	1.689222	3.932878	0.239234	0	6.89111	6.835944	0.170648	0	0	0.639061	0.253697	0	2.754415	1.448969	0	0	1.75577	0.2465296	2.376455	0.299204	2.862184	3.348387	2.5883185	0	0	0.7773944	2.304735	0	13.681388	0.239482	0.42088002	0.177381	0	0	0.660314	0.346021	8.522919	8.01708	1.456366	0.15942	1.2539082	9.2415362	0.537792	6.34697	0.43686	1.801891	0.990805	0	0	9.0571073	0	0.515476	4.9998403	1.500171	0.266289	4.8880132	2.324915	0.875671	0.850988	3.020715	0.826057	3.04016	4.1431512	2.147812	0	0.511945	0.725943	0	0.700874	0.639614	1.171413	0.170648	0	0.103527	0.409882	0	0	0	25.831085	0.499627	0	0.249147	6.384186	0.379444	0.743873	4.9851952	1.6849178	1.389872	11.981481	0.750042	2.317981	0	1.368343	0	1.032717
M00579	0	0	0	0	0.987522	0	0	0	0	0	0	0	0	0	0	0	0	0	0.244792	0	0	0	0	0	0	0	0	1	0	0	0	0	0	0	0	0	0	0	0	0	0	0	3.15315	0	0	0.26738	0	0	0.432432	1.126468	0	0	0	0	0	0	0	0	0.320513	0	0	0	0	0	0	0.692606	0	0	0	0	0	0	0	0	0	0.320513	0	0	0	0	0	0	0	0.567568	0	0	0	0	0	0	0	0	0	0	0	0	0	0.338542	0	0	0	1.734246	0	0	0	0	0	0.2895296	0	0	0	0	0	0	0	0	0	0
M00581	0	0	0	0	0	0	0	0	0	0	0	0	0	0	0	0	0	0	0	0	0	0	0	0	0	0	0	0	0	0	0	0	0	0	0	0	0	0	0	0	0	0	0	0	0	0	0	0	0	0	0	0	0	0	0	0	0	0	0	0	0	0	0	0	0	0	0	0	0	0	0	0	0	0	0	0.934783	0	0	0	0	0	0	0	0	0	0	0	0	0	0	0	0	0	0	0	0	0	0	0	0	0	0	0	0	0	0	0	0	0	0	0	0	0	0	0	0	0	0
M00582	0	0.207469	0.421941	0.0281294	0	0.209205	0	2.801923	0	0.246862	0.8583046	3.4343788	0	0	0.2756676	0.0309423	0	0.596343	0.229358	0	0	0	0	0.627285	1.0815752	0.432749	0	0.207469	1.22078	0	0	0	0.748242	0.396825	0	0	0.21097	0	0	0.207469	0	0	0	0.17704	0.145833	1.319475	0.21097	0	0	0.421941	0	0.4683545	0	0	0.467532	1.195334	0	0.396825	0	0.464777	1.715996	1.032348	0	0	0.5625879	0.1360727	0.420534	0	0	0.843112	0	0.813278	2.481528	0	2.926769	1.744495	0	0.845391	0.79365	0	0.156293	0.421941	0	0.271605	0.125864	2.670575	0	0	0	0	0	0	0	0.421941	0	0	0	0.0773558	0	0	0	3.17544	0	0	0	0.21097	0	0.393812	0.333333	0	0	0.54893	0	0.241615	0	0	0	0
M00609	1.366693	0	0	0.292021	0.575408	0.5292165	0	3.32066	0	0.138329	1.3100032	2.636634	0.575408	0	0.7945	0.144092	0	0.820365	0.6889681	0	0	0	0	0.675313	1.112472	0	0	1.170363	2.69048	0.242075	0	0	0.910663	0.971473	0	0	1.615852	0	0	0.431316	0.146199	1.64286	0	0	1.7310693	3.252885	0	0	0.226244	0.580206	0	3.895662	0	0.8791474	0.144092	0	0	0	0.446028	0.447373	2.248515	1.5778306	0.576369	1.949343	1.09702	4.862085	2.054735	0	0.146199	0.440831	0	0	1.74736	0	0	4.167293	0.952735	1.512035	8.665554	1.352442	0.678303	1.494079	0	0.718385	0	15.48393	0.658521	0	0.911243	0	0	0.226244	0	1.407706	0	0	0	0	0	0	0	0.591716	0	0	0	0.144092	0	0.100865	0.663523	0	0.43649	0.5922378	0.144092	0.144092	0	0	0	0.288184
M00615	0.859649	0	0	0	0	0.315789	0	0	0	0	0	0	0	0	0	0	0	0	0	0	0	0	0	0.342105	1	0	0	0	0	0	0	0	0	0	0	0	0	0	0	0	0	0	0	0	0.894737	0	0	0	0	0	0	0	0	0	0	0	0	0	0	0	0	0	0	0	0	0.289474	0	0	0	0	0	0	0	0	0	0	0	0	0	0	0.219298	0	0	0	0	0.333333	0	0	0	0	0	0	0	0	0	0	0	0	0	0	0	0	0	0	0	0	0	0	0	0	0	0	0	0	0	0	0	0
map00030	0	0	0	0.100806	0	0.100806	0	0.704973	0	0	0.297619	0.302419	0	0	0.306451	0	0	0.302014	0	0	0	0	0	0.100806	0	0.669251	0	0.711082	0.660424	0	0	0	0.374532	0.201613	0	0	0.100806	0	0	0.14881	0	0	0	0	0.351406	0.414944	0	0	0.201613	0.286706	0	0	0	0.114458	0	0.111888	0	0	0.103175	0	0.0254351	0	0.100806	0.242608	0	0.442387	0.100806	0	0	0	0	0	0	0	0	0.499232	0	0.100806	0.453389	0	0	0.301205	0	0.382429	0	0.224215	0.0981183	1.76486	0	0	0	0	0	0	0	0	0	0	0	0	0	0	0	0	0	0	0	0	0.0913979	0	0	0	0	0.217877	0	0	0	0.296627
map00130	0	0	0	0	0	0	0	0	0	0	1.115107	0.359712	0	0	0	0	0	0	0	0	0	0	0	0.693046	0	0.139089	0	0.3003	0	0	0	0	0	0	0	0	0	0	0	0.798561	0.359712	0	0	0	0	0	0	0	0.309353	0	0	1.79856	0.719424	0	0	0.359712	0	0	0.359712	0	0.911271	0.251799	0	0	0	0	0	0	0	0.359712	0	0	2.863306	0	0	0.239808	0.196643	0	1.585131	0	0	0	0	0.719424	0	1.193045	0	0	0.088729	0.359712	0	0	0	0	0	0	0	0	0	0	0	4.88729	0	0	0	0.719424	0	0.0623501	0.335731	0	0	0	0	0	0	0	0	0
map00190	0.0762195	0	0	0.2656135	0	0	0	2.265879	0	0.431034	0.3666235	0.462145	0.189394	0	0.5944943	0	0	0.164126	0	0	0	0	0	0.5367715	0	0	0	0.124688	0	0	0	0	0	0.3896855	0	0	1.000789	0	0	0	0.0762195	0.277127	0.457317	0	0.0917431	0.3795735	0	0	0	0.373134	0	0.0513211	0	0.152439	0	0.0934579	0	0	0.183486	0.152439	0.7539951	0.3605803	0	0.5335365	0.0762195	0.8433825	0.8653828	0	0	0.0917431	0	0	0	2.25926	0	1.8970444	0	0.0762195	0.2142127	0.0762195	0	0.2011815	0	0	0	3.144831	0.0614837	0	0.0762195	0	0	0.0762195	0.0934579	0	0	0	0	0	0	0.152439	0	0.478036	0	0	0	0.1343235	0	0	0.1171496	0	0	0	0	0.3848615	0	0.0762195	0	0.127525
map00230	0.461117	0.136986	0	2.0785712	0.299339	0.5025969	0	7.7587032	0	4.4054699	5.9027495	8.0391622	0	0	1.4192641	0.38708	0.0721501	1.0581471	0.5169118	0.0763359	0.3137206	0.940419	0	2.3572491	0.7825041	0.669251	0	4.9021877	10.599512	0.5895941	0	0.660613	6.058704	1.1146976	1.20183	2.411044	3.4184347	0.276995	0	0.9170956	1.0117531	2.327649	4.31893	1.3895939	2.8258291	4.390746	0.347222	0	1.9000255	3.1449071	0	2.144214	0.308642	0.8110451	1.333006	1.229152	0	0.2271891	3.806661	0.669509	3.1210672	2.5663938	0.420868	2.6554821	2.940701	2.33089	5.985705	0.5993752	0.3958401	0.236979	0.1443	0	5.756019	0.378601	1.34017	6.8689921	0.500569	0.9603005	5.3506506	0.446971	0.1602316	2.0454006	0.9812493	1.4485666	1.1223299	5.727707	0.3980584	1.76486	1.327156	0.764938	0	0.7235135	1.222972	4.312749	0.2003526	0.0713743	0	0.265487	0	0	0	5.102479	0	0	0	0.36075	0	1.243481	2.4159075	0.711768	0.3720902	0.5362457	0.219298	1.117428	0.694444	0.660014	0	0.6113497
map00240	1.248798	0.520128	0	0.524126	0.778646	0.2339823	0	7.173141	0	3.321279	5.237087	7.499837	0	0	2.969509	0	0	0.9835608	0.410959	0.136986	0.3137206	0.083105	0	1.2751712	0.136986	0	0	3.839463	5.125795	0	0	0.356284	1.584607	0.4507066	1.20183	0.273973	2.6690285	0.547032	0	0.547945	0	2.078442	0	1.485672	1.455174	3.382968	0.484208	0	1.04441296	4.1468199	0	1.922656	0	0.136986	1.189534	0.625548	0	0	2.907602	0.442478	3.827256	1.4929967	0	1.153109	1.385768	1.8227426	5.387254	0.7461193	0.390625	0.236979	0	0	1.631368	1.09589	0.273973	5.395122	0.749462	0.8602733	6.7708146	0.136986	0.0884956	2.315448	0.8314226	0.5639856	0.6708309	14.459053	0	0	1.196634	0.176991	0	0.862867	0.810105	5.736015	0.2254816	0	0	0.89883	0	0	0	4.760775	0	0	0	0.367123	0	0.925246	1.479813	0.7638228	0	1.272881	0.219298	0.156156	0.694444	0.546119	0	0.4517087
map00250	2.652794	0.243483	0.118483	1.764995	0	1.0139727	0	18.377436	0	0.4254849	5.3163614	3.452866	1.264386	0	3.7015214	3.293039	0	10.156353	1.571055	0.155099	0	0.0173776	0	6.6277184	1.09046	0.247018	0	2.6021847	0.1890765	0	0.236967	1.064097	11.507214	0.433821	0	0.942835	3.7171851	1.105265	0	0.2679124	0	0.231805	2.073934	0.299401	2.97701129	14.6214648	0.877914	0	3.233663	1.4635625	0	7.738656	0.4518565	1.8156606	1.156947	1.1940727	0	1.147324	0.7681427	0.715359	3.516953	6.416327	0.537915	10.7135221	2.86545	11.590955	8.9308543	0.2941718	0.274725	0.465116	0	0	2.691947	0.463822	1.022029	32.552017	1.1477172	2.88664	14.0625636	3.1521631	0.774205	4.1689332	0	0.118483	1.2109632	32.4682624	3.0895	0.2064012	0.633274	0	0	0.375553	0.403226	3.2668297	0.118483	0	0	1.41502	0	0	0	0.632229	0.128535	0.0625536	0.424528	3.365159	0.567115	0.61252	5.7303753	1.7321109	2.2596195	7.741007	0.750369	1.807681	0	1.246986	0	0.592073
map00260	2.2032809	0.170068	0	1.2440731	0	0.401154	0	10.003611	0	2.17548	6.9670529	11.337983	1.79976	0	5.328951	0.111111	0	4.086898	3.089635	0.170068	0	0	0	3.5925311	3.0271441	0.680272	0	2.0921805	0.432171	0	0	0.4168712	8.2767117	0.2188501	0	0.63716	6.4686778	0	0	3.276485	0.333467	0.151057	0	0.0448276	3.322038	7.9043404	0.496865	0.170068	1.833928	1.3916292	0	4.272453	0.170068	1.077768	1.342888	2.640475	0	0.6503937	0.163399	1.492363	2.8722854	7.038673	0.935637	6.1907936	3.741972	3.5750373	11.8010696	0.993699	0.6860948	0.603294	0.320346	0	2.659464	0	0	10.621406	0.1709128	3.7384066	10.133213	0.454248	0.3286047	2.712899	0.685123	0.246656	0.3133903	24.7710685	1.346418	0	1.1485748	0.735072	1.170068	1.75972	0.528363	4.798093	0	0	0	1.056304	0.101481	0	0	4.773954	0.163399	0	0	1.001099	0.158387	1.5949204	4.1753985	0.206612	2.376505	0.808746	0.339002	0.558958	0	1.41564	0.453172	0.813477
map00270	2.3917764	0.355253	0	0.568094	0.555556	0.603712	0	9.983444	0	1.3957699	6.665972	11.554952	2.833353	0	3.8527075	1.008766	0	4.4159004	1.746144	0.510352	0	0	0	5.3137651	3.0334507	2.408807	0	1.637659	3.447859	0.508197	0	0.4119871	5.583661	0.578839	0	0.789525	7.5908618	1.247347	0	2.730385	0.333467	0.0941176	8.389484	0.7364366	1.74455529	9.834118	0.912028	0.170068	3.0445703	1.17232	0	7.2443809	0.426281	1.1471229	0.947552	2.741563	0	0.522338	0.163399	1.89565	5.3670485	4.482695	0.340136	5.2322456	3.224319	4.0740013	10.6723108	0.732353	0.4815368	0.788479	0.320346	0	0.921101	0.270713	0.5091509	11.1083551	0.8220378	6.4101174	25.207355	2.5041721	0.4677537	1.9304878	1.0588005	0.246656	1.7757905	37.9315145	3.10026	0.0728363	4.1457878	0.696622	0.170068	1.8638579	0.528363	3.43446018	0	0	0	1.277403	0	0	0	5.190925	0.3433524	0.0625536	0	1.616734	0.686881	1.596312	6.5182433	0.5792374	3.0403935	1.292572	0.841636	1.553527	0	2.701157	0	0.704545
map00280	0	0	0	0	0	0	0	0	0	0	0	0.16129	0	0	0	0.322581	0	0	0	0	0	0	0	0	0	0	0	0	0.16129	0	0	0	0	0.16129	0	0	0	0	0	0	0	0	0	0	0	0	0	0	0	0.322581	0	0	0	0	0	0	0	0	0	0	0	0	0	0.322581	0	0.806452	0	0	0	0	0	0	0	0	0	0.860439	0	0	0.482796	0.148387	0	0	0	0	0	0	0	0.499431	0	0	0	0	0	0	0	0	0	0	0	0	0	0.170648	0	0	0	0	0	0	0	0	0	0	0	0.445961	0	0	0	0
map00310	0	0	0	0.442029	0	0	0	0	0	0.34887	0.629822	0.0480226	0	0	0.372881	0	0	0.287356	0	0	0	0	0	0	0	0	0	0	0.729919	0	0	0	0	0	0	0	0.41165	0	0	0	0	0	1.856607	0	0.211864	0.666098	0	0	0	0.342466	0	1.39464	0.211864	0.211864	0	0	0	0	0	0.211864	0.0720339	0.287356	0	0.278249	0	0.361582	0.312147	0	0.19774	0	0	0	0.223164	0	0	0.881663	0.211864	1.25282	1.18785	0	0	0.49922	0	0.211864	0	6.645181	0.656953	0	0.423729	0.128531	0	0.122881	0	0.336158	0	0	0	0	0	0	0	0.114407	0	0	0	0	0	0.287356	0.764124	0	0	0.203196	0	0	0	0	0	0
map00330	0.25707	0	0	0.59635	0	0.128535	0	1.828692	0	0.8877869	2.317356	1.9631966	1.181741	0	1.1383464	0.684091	0	3.041408	0.385604	0.155099	0	0	0	1.796913	0.385604	0.128535	0	1.735824	2.530397	0	0	0.154321	1.06967	0.315338	0	0.513282	1.211141	0.632911	0	0	0	0.331213	3.930541	0	0.79027029	3.252014	0.059126	0	0.88483	0.886613	0	4.045285	0.468077	0.5359709	1.620935	0.427441	0	0.257069	0.849891	0.211864	1.2528389	1.517861	0	1.428207	1.56213	1.774862	3.7171021	0.145673	0.19774	0.146091	0	0	0.223164	0.617284	0.257069	5.55506	0.726003	2.715219	4.127377	0.9187981	0.128535	1.428954	0	0.346999	0.695429	23.657411	1.595256	0.0728363	0.552264	0.263666	0	0.379951	0	1.3187607	0	0	0	0	0	0	0	0.423049	0.128535	0.0625536	0	0.768638	0.128535	0.899036	2.1639583	0.316456	0.9940915	0.331731	0.128535	0	0	0	0	0
map00340	0	0	0	2.595801	0	0	0	1.34314	0	0.353333	0	0	0	0	0.207283	0	0	0	0	0	0.210084	0	0.103093	0	0	0	0	0	0.531915	0	0	0.210084	0	0	0	0	0	0	0	0	0	0	1.2605	0	0	0	0	0	0	0	0	0	0	0	1.07955	0	0	0	0	0	0.0812325	0	0	0.724638	0.210084	0	0.779361	0	0	0	0	0	0	0	0	1	0	0	0	0	0.537634	0.45002	0	0.0458333	0.370647	0.210084	0	0	0	0	0	0	0	0	0	0	0	0	0	0	0	0	0	0	0	0	0	0.209302	0	0	0	0	0	0	0	0	0	0
map00350	0.25707	0	0	0	0	0.128535	0	1.828692	0	0.1885179	1.491456	1.410454	1.02742	0	0.7654654	0.684091	0	2.754052	0.385604	0.155099	0	0	0	1.796913	0.385604	0.128535	0	0.586976	0.127877	0	0	0	1.06967	0.315338	0	0.513282	0.799491	0.632911	0	0	0	0	2.073934	0	0.57840629	2.450781	0.059126	0	0.88483	0.409012	0	2.342003	0.256213	0.3241069	0.642674	0.231363	0	0.257069	0	0	1.180805	1.230505	0	1.149958	1.56213	1.41328	3.362774	0.145673	0	0	0	0	0	0	0.257069	3.637539	0.514139	1.462399	2.939527	0.9187981	0.128535	0.929734	0	0	0.473207	17.01223	0.938303	0.0728363	0.128535	0	0	0.25707	0	0.9826027	0	0	0	0	0	0	0	0	0.128535	0.0625536	0	0.768638	0.128535	0.25707	1.3998343	0.316456	0.9940915	0.128535	0.128535	0	0	0	0	0
map00360	0.25707	0	0	0.442029	0	0.128535	0	1.828692	0	0.5373879	2.121278	1.4584766	1.02742	0	1.1383464	0.684091	0	3.041408	0.385604	0.155099	0	0	0	1.796913	0.385604	0.128535	0	0.586976	0.857796	0	0	0	1.06967	0.315338	0	0.513282	1.211141	0.632911	0	0	0	0	3.930541	0	0.79027029	3.116879	0.059126	0	0.88483	0.751478	0	3.736643	0.468077	0.5359709	0.642674	0.231363	0	0.257069	0	0.211864	1.2528389	1.517861	0	1.428207	1.56213	1.774862	3.674921	0.145673	0.19774	0	0	0	0.223164	0	0.257069	4.519202	0.726003	2.715219	4.127377	0.9187981	0.128535	1.428954	0	0.211864	0.473207	23.657411	1.595256	0.0728363	0.552264	0.128531	0	0.379951	0	1.3187607	0	0	0	0	0	0	0	0.114407	0.128535	0.0625536	0	0.768638	0.128535	0.544426	2.1639583	0.316456	0.9940915	0.331731	0.128535	0	0	0	0	0
map00480	0.310239	0.115473	0	0.739871	0	0.205536	0	2.717477	0	0.34642	1.320717	2.128559	0.461894	0	1.662249	0.0500385	0	0.522709	0.115473	0	0	0	0	1.56351	2.822151	0	0	1.225348	0.571429	0	0	0.163202	0.577367	0	0	0	0.454936	1.053377	0	0	0.115473	0	0	0.456431	0.4411082	1.538281	0	0	0.115473	1.70257	0	0.0931486	0.21863	0.501925	0.497152	0.7305468	0	0	0.0151515	0.690637	1.374133	0.461894	0	1.559665	0.692841	2.84688	1.750941	0	0	0.116279	0	0	5.284971	0	0	2.510208	0.307929	1.146266	2.6588449	0.115473	0	0.928407	0.232558	0.2773115	0.115473	0.814472	0	0	0.0305344	0.113636	0	0.115473	0	1.457739	0	0	0	0.0900693	0	0	0	3.688464	0	0	0	0.115473	0.545035	0.0631255	0.949837	0.230946	1.2755964	0.115473	0.67643	0.458219	0	0.995742	0	0
map00500	0	0	0	0.100806	0	0.100806	0	0.704973	0	0	0	0.302419	0	0	0.306451	0	0	0.302014	0	0	0	0	0	0.100806	0	0	0	0.168011	0	0	0	0	0	0.201613	0	0	0.100806	0	0	0	0	0	0	0	0.351406	0.266134	0	0	0.201613	0	0	0	0	0.114458	0	0.111888	0	0	0	0	0.0254351	0	0.100806	0.242608	0	0.293577	0.100806	0	0	0	0	0	0	0	0	0.201613	0	0.100806	0.174059	0	0	0.301205	0	0	0	0.224215	0.0981183	0	0	0	0	0	0	0	0	0	0	0	0	0	0	0	0	0	0	0	0	0	0.0913979	0	0	0	0	0	0	0	0	0
map00520	0.699702	0	0	0	0	0	0	1.493021	0	0	0	0	0	0	0	0	0	0.15015	0.499565	0	0	0	0	0	0	0.15015	0	0.837398	0	0	0	0	0	0.100437	0	0	0	0	0	0	0.15015	0	0	0	0	0.796748	0.168919	0	0.0920398	0	0	0	0	0.0590591	0	0	0	0	0	0	0.475355	0	0	0	0.3003	0.668791	0.390775	0	0	0	0	0	1.43911	0	0	0.467723	0	0	0.336717	0.109661	0	0	0	0	0	0	0.132	0	0.523284	0	0	0	0	0.021021	0	0	0	0	0	0	0	0	0	0	0	0	0	0.130548	0	0	0	0	0	0.552276	0	0	0	0
map00531	0.699702	0	0	0	0	0	0	1.493021	0	0	0	0	0	0	0	0	0	0.15015	0	0	0	0	0	0	0	0.15015	0	0	0	0	0	0	0	0.100437	0	0	0	0	0	0	0.15015	0	0	0	0	0	0	0	0.0920398	0	0	0	0	0.0590591	0	0	0	0	0	0	0.475355	0	0	0	0.3003	0.668791	0	0	0	0	0	0	0	0	0	0.467723	0	0	0.336717	0	0	0	0	0	0	0	0.132	0	0.523284	0	0	0	0	0.021021	0	0	0	0	0	0	0	0	0	0	0	0	0	0	0	0	0	0	0	0	0	0	0	0
map00561	0	0	0	0	0.862069	0.0567164	0	1.62763	0	0	0.149254	0	0.221891	0.149254	0.92064	0.149254	0	0.2363559	0	0	0	0	0	0.181265	0	0	0	0	0	0	0	0	0	0.443372	0	0	0.149254	0	0	0	0.311066	0	0	0	0.250746	0.6845772	0	0	0	0	0	0.182482	0.149254	0.62388	0.149254	0.129353	0	0.149254	1.43326	0	0.4642735	0.264677	0	0.609573	0	0.871891	0	0.554229	0	0	0	0	0	0	0	2.5730853	0.384615	0.149254	0.639056	0.161812	0	0.149254	0	0	0	1.21692	0	0	0	0	0	0	0	0.298508	0	0	0	0	0	0	0	0	0	0	0	0	0	0	0.298507	0	1.09623	0.149254	0	0.340136	0	0	0	0
map00564	0	0	0	0.212314	0	0	0	0	0	0.0424628	1.157112	1.772824	0	0	1.618505	0	0	0.363057	0.00849257	0	0	0	0	0.77707	0	0	0	0.772824	0	0	0	0	0	0.318471	0	1.71053	2.104039	0	0	0	0	0.318471	0	0	0.828025	1.859877	0	0	0	0	0	0	0	0	0	0	0	0	0	0.142251	0.318471	1.3121	0	1.592357	0.613588	0	1.29724	0.318471	0.955414	1	0	0	0	0	0	0.653928	0	1.087049	0.636942	0	0	0	0	0	0	2.670921	0	0	0	0	0	0.878981	0	0.63482	0	0	0	0	0	0	0	0	0	0	0	0.955414	0	0	0.316348	0	0	0.636943	0	0	0	0	0	0
map00620	2.3826562	0	0	3.092695	0	4.5892626	0.747967	17.325736	0	1.9676164	5.60137	4.557189	0.938804	0	3.6465383	0	0	8.026002	1.416832	0.188324	0.450821	0.252354	0.116729	4.229032	2.771248	0	0	3.0791017	3.089384	0	0	0.658556	2.43295	0.89666	0	0.528383	6.0138045	1.182186	0	2.615291	0	0.9268937	9.334202	1.128058	2.163485	7.582543	0.094162	0	3.976332	2.2940227	0	13.711451	0.211864	0.6897	1.156734	7.512788	0.029661	1.240807	4.529261	0.851738	2.42669	10.515196	4.0289282	12.978997	1.19523	9.2045826	3.876883	1.488828	0.094162	0.5916438	0	0	3.3971873	0.58506	3.178512	10.1120145	0.3501836	10.233545	12.6146622	2.7234858	0.5291457	2.7964249	0.691803	3.7772103	0.891235	19.245202	0.407163	0.195312	1.206365	0.298807	0	1.2202488	4.071414	10.57159	0.195312	0.343832	0.126582	0.435308	0	0.842978	0	42.6232984	0.1743564	0	0	1.612905	0.711913	1.21126	3.825836	0.5521921	1.4553397	1.70238	0.223696	5.059724	0.188324	1.3162777	0	1.611397
map00630	0	0	0	0	0	0	0	0	0	0	0	0	0	0	0	0	0	0	0	0	0	0	0	0	0	0	0	0	0	0	0	0	0	0	0	0	0	0	0	0	0	0	0	0	0	0	0	0	0	0	0	0	0	0	0	0	0	0	0	0	0	0	0	0	0	0	0	0	0	0	0	0	0	0	0.199203	0	0	0	0	0	0	0	0	0	0	0	0	0	0	0	0	0	0	0	0	0	0	0	0	0	0	0	0	0	0	0	0	0	0	0	0	0	0	0	0	0	0	0
map00640	0	0	0	0	0	0.257271	0	0	0	0	0.16318	0.510846	0	0	0.323625	0.322581	0	0.160734	0	0	0.565891	0	0	0	0	0	0	1	0.16129	0	0	0	0	0.16129	0	0	0	0	0	0	0.161812	0.393736	3.15315	0	0.175439	0	0	0	0.432432	0.322581	0	1.837481	0	0	0	0.248756	0	0	0	0.202429	0	0	0.202429	0.484393	0	0.806452	0.932127	0	0	0.469799	0	0	4.57005	0	0	0.860439	0	0	3.104216	0.310199	0	0	0	0.757682	2.935398	0	0	0.499431	0.724638	0	0	0.310962	0.214765	0.821902	0	0	0	0	0	0	0	1.233377	0	0	0	0	0	0.47536	0.17004	0	0	0.195682	0	0.781531	0	0	0	0
map00670	0	0	0	0	0	0	0	0.973621	0	0.279365	2.112782	0	0	0	1	0	0	0	0	0	0.359712	0	0	0	1	5	0	2.067795	1.07914	0	0	0	0	0	0	0	1.333333	0	0	0	0	0	0	0	2	3	0	0	0	0	0	0	0	0	0	0	0	1	1.07914	0	1	0.359712	0	2.244604	2	1.37594	0.314149	1	0	0	0	0	1.18296	0	0	2.280705	0	1	0	1	0	0	0	0	0	1	0	0	0.165468	0	0	0	0	0	0	0	0	0	0	0	0	0	0	0	0	0	0	0	0.220624	0	0	0	0	0	0	0	0	0
map00680	0.43573	0	0	0.3987781	0	0	0	2.305455	0	0.60674	1.3791699	3.348089	0	0	1.420261	0	0	1.099503	1.208646	0	0	0	0	1.059278	0	0	0	1.4328745	0	0	0	0.108932	0.5417577	0	0	0	0.868339	0	0	0.43573	0	0	3.15315	0	1.145037	1.0656144	0	0	0.97427	0.0604752	0	0.762527	0	0.166304	0.108932	0.107991	0	0.4077037	0	0.156538	0.6052859	0.963073	0	2.727075	1.30719	0.87146	1.921426	0.787087	0.108932	0	0	0	1.38122	0	0	2.303961	0	0.6274506	1.393321	0	0	1.651218	0.259668	0.567568	0.108932	2.323153	0.315904	0	0	0.108206	0	0.108932	0	1.758456	0	0	0	0.108932	0	0	0	0.217865	0	0	0	0.36045	0.158387	0.0348584	0.1891675	0	0.108932	0.217865	0	0.107991	0	0	0	0.108932
map00710	0	0	0	0	0	0	0	0	0	0	0	0	0	0	0	0	0	0	0	0	0	0	0	0	0	0	0	0	0.144509	0	0	0	0	0	0	0	0	0	0	0	0	0	0	0	0	0	0	0	0	0	0	0	0	0	0.735294	0	0	0	0	0	0	0	0	0	0	0	0.0751445	0	0	0	0	0	0	0	0.135838	0	0	0	0	0	0	0	0	0	0	0	0	0	0.144509	0	0	0	0	0	0	0	0	0	0	0	0	0	0	0	0	0	0	0.25641	0	0	0	0	0	0	0	0	0	0
map00730	0.53283	0.206313	0.127791	4.395573	1.1194	2.7358225	0	11.85953	0	4.915481	8.446411	12.070196	1.381078	0	1.95749	0	0	5.2709841	2.134791	1.139733	1.08714	0	0	2.773555	2.599568	0	0	8.739704	13.186534	0.276366	0	1.270884	5.3340587	0.244296	0	3.028002	3.836038	0	0	4.550626	3.219743	2.775911	1.487959	1.106662	0.911571	23.076787	0.531395	0	2.756114	4.05613	0	25.116923	0	0.4180982	1.794653	3.556158	0	1.847497	2.009545	4.441051	3.707843	2.678982	0	10.031944	0.524232	4.691478	6.723911	1.665289	2.482288	0.801193	0	0	14.51673	0.344828	6.0724613	11.5362107	0.217361	5.939133	5.797667	1.003252	0.351309	1.341842	12.01877	1.226053	8.68447	9.963751	2.094441	0.170398	2.810716	0.483692	0.326797	0.569939	0.344828	22.216843	0.0839107	0	0	1.410134	0.277778	0	0	6.314871	0.395645	0	0	0.7180818	0.480437	0.7520562	2.858991	0.481752	0.9842389	4.730978	1.205401	0.439441	0	1.9275013	0	0
map00750	0.9305499	0	0	0.473279	0	0.062963	0	1.133098	0	1.07143	1.955192	0.906989	0.222222	0	1.159786	0.111111	0	1.659087	0.520449	0	0	0	0	0.334074	0.580748	0	0	0.608623	0	0	0	0.0340741	4.194989	0.0881481	0	0.63716	2.00374	0	0	0.11037	0	0.151057	0	0	1.196037	1.643029	0	0	0.302115	1.029507	0	1.291118	0	0.225434	0.929078	0.207469	0	0.111111	0	0	0.283704	3.629981	0.595501	0.555555	0.772593	0.413226	3.626238	0	0.371869	0	0	0	0.357143	0	0	1.956628	0	0.762709	3.626205	0.333333	0.25562	0.700385	0	0	0	10.67373	0.635777	0	0.373279	0.626866	1	0.25562	0	1.04	0	0	0	0.262168	0.101481	0	0	2.057326	0	0	0	0	0	0.843246	0.357724	0	1.041813	0	0	0	0	0.847458	0.453172	0
map00760	0	0	0	0	0	0	0	1.20482	0	0	0.245098	0	0	0	0	0	0	0	0.373134	0	0	0	0	0	0	0	0	0.338105	0	0	0	0	0	0	0	0	0	0	0	0	0	0	0	0	0	0.136612	0	0	0	0.37053	0	0	0	0	0	0	0	0	0.228758	0	0	0	0	0.779528	0	0	0.245098	0	0.509746	0	0	0	0	0	0.149588	0.610337	0	0.136612	0.133987	0	0	0	0	0.4431	0.136612	1.000168	0.245098	0	0	0.176678	0	0	0	0	0	0	0	0	0	0	0	0	0	0	0	0	0	0	0.393701	0	0	0	0	0	0	0	0	0
map00770	0	0	0	0	0	0	0	0	0	0	0	0	0	0	0	0	0	0	0	0	0	0	0	0	0	0	0	0	0	0	0	0	0	0	0	0	0	0	0	0	0	0	0	0	0	0	0	0	0	0	0	0	0	0	0	0	0	0	0	0	0	0	0	0	0	0	0	0	0	0	0	0	0	0	0	0	0	0	0	0	0	0	0	0	0	0	1	0	0	0	0	0	0	0	0	0	0	0	0	0	0	0	0	0	0	0	0	0	0	0	0	0	0	0	0	0	0	0
map00780	0	0	0	1.678786	0	0	0	0	0	0	0	0	0	0	0	0	0	0	0	0.181818	0	0	0	0	0	0	0	0	0	0	0	0	0	0.115152	0	0	0	0	0	0	0	0	0	0	0	0.0678788	0	0	0	0	0	0.252121	0	0	0	0	0	0	0	0	0	0	0	0	0	0.683636	0	0	0	0	0	0	0	0	0.0509091	0.151515	0	0	0	0	0	0	0	0	0	0	0	0	0	0	0	0	0	0	0	0	0	0	0	0	0	0	0	0	0	0	0	0	0	0	0	0	0	0	0	0	0	0
map00860	1.825811	0.152905	0	4.5222448	0.713973	1.3393102	0	17.3107125	0	6.1884856	8.5521234	21.8838432	0	0.915913	3.9066487	0	0	4.7662981	1.7584254	0	0.396032	0	0	5.0747464	2.7439191	0.476767	0	4.299551	8.714108	0.124561	0	0	5.160788	0.990113	0	0.15233	5.25404614	1.606793	0	2.5141677	0	2.246469	4.432054	4.109205	1.189374	10.4220248	1.677043	0	2.2877823	1.590761	0	28.9237221	0	1.422774	1.522765	4.4249674	0	1.015607	7.0599866	2.3541294	7.0842153	6.576847	0.556028	5.621302	4.6332927	6.0638787	17.7532708	2.374466	0.336797	1.8512779	0	0	11.242252	4.776134	3.168	15.02821625	0.212766	5.310298	15.1713299	1.6669553	1.275959	1.3730161	1.007073	3.952493	3.8835658	63.156061	1.031022	0	1.477102	1.485248	0.212766	1.50153	2.4108489	26.3119178	0.26455	0	0	0.0789116	0	0.469484	0.234742	31.638202	0.704225	0	0	1.013527	0.900003	2.009063	3.180454	0.815219	3.301369	2.073188	0.56799	5.040721	0	3.29562632	0	2.1066337
map00900	0	0	0	0.466655	0	0.364964	0	2.063959	0	0.521898	0	0	0	0	0	0.931818	0	0	0.182482	0	0	0	0	0	0	0	0	1.243243	5.070597	0	0	0	0	0.0471545	0	0	0	0	0	0	0	0	0	0.213675	0	0.42735	0.0555556	0	0	0.6786142	0	0	0	0	0.213675	0	0	0	0.367667	0	0	0	0	0	0	0	0.825223	0	0.290754	1.168341	0	0	2.49676	0	0	2.064804	0	0.25	0.2084983	0	0	0	0.182482	0.182482	0	0	0	0	0	0	0	0	0	0	0	0	0	0	0	0	0	0.725654	0	0	0	0	0	0.606838	0	0	0	0.335766	0	0	0	0	0	0.182482
map00910	11.034343	3.297475	0.211864	12.134918	4.334315	4.5851967	0.0981638	54.0227482	0	8.627872	32.9945534	78.189594	1.41667	0.5162432	22.385625	0.559793	0.183824	21.1288574	5.0476605	0.667447	0.162562	0.211864	0.114943	10.7651355	5.266049	4.557411	0	12.850786	32.1598845	0.221045	0	2.307727	25.271452	3.01819	1.300315	8.301516	15.5630001	1.6308034	0.2510605	9.5857651	3.0819966	1.807097	16.292656	2.652556	10.767903	16.9141108	0.634181	0.2316388	3.878059	8.5403418	0	66.653603	0.0771605	2.95942	3.6846992	2.5131237	0.105932	10.903738	11.7633377	8.286297	19.987225	6.709834	6.2487993	27.5170341	5.973142	4.2736621	12.8376228	15.576978	4.23979	2.28601	0.211864	0.139716	5.916107	12.251566	12.116798	16.342084	2.61149	19.116845	54.2913636	4.337728	0.742213	7.5918178	0.817534	2.809143	3.639841	78.5948365	5.402792	0.5023474	10.513481	2.015545	0.588522	3.06865	1.1809737	15.857631	0.831051	0.119332	0.114943	2.195689	0.105932	0.773379	0.860913	45.41769	0.346875	1.492355	0.212766	11.956195	1.103834	1.710063	15.957772	4.544998	13.620609	13.694168	1.289894	25.396372	0.318247	5.774071	0.105932	1.728046
map00920	0.22831	0.185185	0	0.196078	0.555556	0	0	0.904762	0	0.290123	0.941975	0.555555	0.228395	0	0.218615	0.324675	0	0.0617284	0	0.185185	0	0	0	0.183983	0.0296296	1.6	0	0	2.519619	0.508197	0	0	0.974026	0	0	0	1.471605	0	0	0	0	0.0941176	6.31555	0.691609	0.185185	1.475035	0	0	1.122804	0.324675	0	1.545179	0	0	0	0.185185	0	0	0	0.283582	0.502211	0	0	0	0	0.37037	0.7843192	0.11358	0	0.185185	0	0	0	0	0.2520819	1.068762	0	1.633333	5.475004	0.774772	0.266234	0	0.538271	0	0.9950322	1.304129	0.782716	0	1.905152	0.696622	0	0	0	0.05290848	0	0	0	0	0	0	0	1.283741	0	0	0	0	0	0.256173	1.616306	0	0.37037	0	0	0.68395	0	0	0	0
map00950	0.25707	0	0	0	0	0.128535	0	1.828692	0	0.1885179	1.491456	1.410454	1.02742	0	0.7654654	0.684091	0	2.754052	0.385604	0.155099	0	0	0	1.796913	0.385604	0.128535	0	0.586976	0.127877	0	0	0	1.06967	0.315338	0	0.513282	0.799491	0.632911	0	0	0	0	2.073934	0	0.57840629	2.450781	0.059126	0	0.88483	0.409012	0	2.342003	0.256213	0.3241069	0.642674	0.231363	0	0.257069	0	0	1.180805	1.230505	0	1.149958	1.56213	1.41328	3.362774	0.145673	0	0	0	0	0	0	0.257069	3.637539	0.514139	1.462399	2.939527	0.9187981	0.128535	0.929734	0	0	0.473207	17.01223	0.938303	0.0728363	0.128535	0	0	0.25707	0	0.9826027	0	0	0	0	0	0	0	0	0.128535	0.0625536	0	0.768638	0.128535	0.25707	1.3998343	0.316456	0.9940915	0.128535	0.128535	0	0	0	0	0
map02010	0	0	0	0.27581	0	0	0	3.219476	0	2.5584757	0.5235103	0.3272076	0.5564532	0	0.8018375	0	0.106884	0.8015253	0.0218703	0	0.265766	0	0	3.032526	0	0.1302086	0	0.9134222	1.220591	0	0	0	1.959155	0.758897	0	0.870748	0.3208481	0	0	0	0.086881	0.7032212	0	0.341751	0.688889	0.271739	0	0	0	0	0	0.575932	0.134409	0	0	0.378788	0.0433276	0	1.601709	0.126263	0.6779102	0.0434405	0.2642402	0.83774063	0.34662	1.2695716	2.554092	1.422055	0	0.0434405	0	0	2.62222	0	0.229997	1.0225417	0	0.8165401	1.188918	0	0	0.0433276	0	0.617526	0.188791	3.1289243	0.2116548	0	0.0433276	0.04363	0	0.362319	0.0765993	0.9724686	0	0	0	0.0434405	0	0	0	2.347951	0	0	0	0.17539045	0.116822	0.0518672	0.1821882	0	0.1735361	0.0433276	0.0714779	0.344828	0	0.0805932	0	0
map02020	2.008447	0.280205	0	1.665512	0.613878	0.88936	0	5.809092	0	3.210866	1.9805792	8.632977	0.982014	0	1.407862	0.668764	0	2.4258677	0	0.120482	0	0	0	2.582609	0.24213	0.227273	0	4.095781	2.828698	0	0.207283	0.378531	2.675863	0.94247	0	0	3.71348	0	0.105042	2.084806	0.403421	0.062954	6.188055	2.684642	2.607759	3.434078	0.325757	0.121065	1.872888	1.363801	0	6.4741044	0	0.4626358	0.31477	1.452875	0	0.105042	2.364505	0	2.583037	2.335695	0	11.820331	2.119565	3.42775	2.7914974	0.538276	0.2021774	0.242699	0	0	19.9794388	3.26877	4.274661	5.5235062	0.748485	1.41309	3.330141	0.712119	2.422324	0.599474	0.221212	1.280155	0.227273	7.691921	0.234701	0	0.560376	0	0	0.121065	0.127551	0.563554	0	0	0	0	0	0	0	5.701666	0	0	0	0.695511	0.105781	1.689902	0.2087173	0	0.824978	0.895753	0.305567	1.1630144	0	0.942154	0	1.10957
map03018	0.9364345	0	0	0.8561475	0.215054	0.45556	0	8.015699	0	0.682647	2.941892	6.627371	2.95197	0.215054	1.9127083	0.400612	0.107527	3.247276	0.215054	0	0.322856	0	0	4.0619375	2.73443	0	0	2.049472	4.837502	0	0.215054	0.322581	0.196416	0.8018715	0.430108	0.215054	3.497585	0	0.107527	1.888965	0.1837465	1.7472633	1.909072	0.802489	3.8128931	5.9890535	0	0.107527	2.447437	4.119247	0	2.1065441	0.107527	2.722499	1.050691	1.8245769	0	0.348033	1.25239	1.76644	4.1801641	1.8394303	0.623656	3.6640765	2.3672595	5.1736425	7.9156778	0.214337	0.315412	0.1992701	0	0	6.615192	2.904421	0.671141	11.8547074	0.422222	2.6450385	6.0766627	0.6138535	0.251613	1.5438315	0	0.522581	0.240506	23.1405	1.8109717	0	0.1837465	0	0.215054	1.0694135	0.2392309	4.160404	0	0	0	0.322581	0	0.152439	0	3.651913	0.107527	0	0	2.2119515	0	1.1549	3.8691196	0.891466	2.10036	1.6129	0.911118	0.9309845	0	0.3151215	0	0.107527
map03030	0.9577492	0.1156851	0	1.4472517	0	2.5112532	0	6.89761945	0	1.1067896	3.7670924	6.4863455	1.0664308	0	1.1166828	0.0606796	0.255102	0.5146021	0.1820388	0.1714927	0.0652741	0	0	3.2286778	0.3619306	0	0	2.3506777	3.226715	0	0	0.27896074	1.802904	0.7259697	0	0	2.5332932	0.1820386	0	0.1948158	0.530055	0.7599187	0.9490999	2.1349915	1.9024246	3.4831204	0	0	1.8804953	1.3809631	0	8.0561194	0.5510263	0.5546663	1.237538	1.3732994	0	0.00485437	1.9380241	0.181634	2.9508634	0.9595103	0.510789	0.7216092	1.0083212	3.2882811	2.5636157	0.436447	0.2713053	0.6200621	0	0	2.562213	0	1.45169051	3.780885	0	1.367301	3.7617692	1.274817	0.0606796	1.14451	0.0606796	0.8619521	0.757369	7.4102169	0	0	0.2246484	0.7169085	0	0.1820386	0.389622	2.65468727	0	0	0	0.0992925	0.0606796	0	0.0550055	3.1804354	0	0	0	0.1213592	0.0307443	1.3248986	0.503928	0	0.7689262	0.382428	0.1805836	1.4529286	0	1.325532	0	0.693967
map03410	0.41788	0.0606796	0	0.1213592	0	0.1213592	0	2.279648	0	0.1922586	0.4282828	1.4816986	0.5500986	0	0.2842876	0.0606796	0	0.2583979	0.1820388	0	0.0652741	0	0	0.7669898	0.2423136	0	0	0.793155	2.4355752	0	0	0.00970874	1.316338	0.328947	0	0	0.3065442	0.1820386	0	0	0	0.3259537	0.181634	0	0.6067956	0.7945937	0.395447	0	0.2189076	1.2874006	0	0.8088882	0	0.3033976	0	0.3580092	0	0.16641937	1.785699	0.181634	0.587281	0.6099173	0	0.6147342	0.9368926	1.7413052	2.158379	0	0.4966828	0.3409324	3.794243	0	0	0	1.836504	0.3213592	0	1.052415	1.0670711	0.2416283	0.0606796	0.385451	0.0606796	0.672721	0	2.8107342	0	0	0.279587	0.195387	0	0.1820386	0.0652741	1.398613	0	0	0	0	0.0606796	0	0	1.934478	0	0	0	0.1213592	0.0307443	0.1820386	0	0	0.7689262	0.121359	0.6041576	0.290049	0	0.3503236	0	0
map03420	0.5010469	0.108344	0	0.9826596	3.703883	1.7531678	0	9.3226914	0	3.2008941	3.3241477	8.5639677	0.3007226	0	1.1689727	0.0606796	0	2.9912307	0.582254	0.2085453	0.665378	0	0	2.0446013	2.451227	0	0	1.2053528	3.7836908	0.224215	0	0.31405194	2.5356286	1.358938	1.34959	0	0.6676242	0.1820386	0	0.175131	0.1843119	0.3471927	1.380935	1.274489	1.1119055	3.7763187	0.727403	0	0.6125014	1.0542311	0	6.5367454	0.15873	0.4911665	0.4016759	0.4764922	0	0.24605037	0.660819	0.3481159	1.2615418	2.0918703	0	5.3610553	2.53005568	2.0465671	3.3478636	1.2937109	0.4646354	1.0043383	0	0	2.557302	0.207773	3.6670049	2.717822	0.292398	5.590517	8.8187508	0.4344311	0.3266366	0.6249414	0.3294868	0.414114	0.626414	7.5114495	0.159107	0	0.5891489	0.332373	0.0827815	0.5475368	0.6612691	0.9560001	0	0	0	0.2213748	0.2647616	0	0	7.073852	0	0.15015	0	0.1213592	0.0307443	0.1820386	0.5714967	0.3031777	0.9354082	0.2878409	0.1390758	0.290049	0	0.3503236	0	0.2217204
map03440	2.3533307	0.1156851	0	2.0808884	0	1.5112532	0	22.73436545	0	4.2604414	8.87092759	16.2210515	1.8700631	0.0748503	3.8472397	0.0606796	0.520727	3.7165071	1.4731461	0.7600347	0.2553881	1.1	0	6.3121928	1.6803932	0	0	4.9570936	9.274309	0.149701	0	0.99404804	3.866822	0.7710547	0	0.596807	3.8927222	0.1820386	0	1.3445168	0.946423	0.9150667	0.3194699	3.4372975	3.1635283	14.8239513	0.796392	0	2.1253932	2.2570955	0	7.3296587	0.5510263	1.2915183	1.536939	2.0390248	0	0.45178307	2.9889192	0.6546764	7.4594684	2.528593	0.320675	3.0143959	3.5287714	4.3147935	8.6712629	0.6510174	0.6868183	0.8935802	0	0	3.225254	0	4.09721351	8.5048877	0	4.829503	7.2782895	1.649156	0.1355299	2.7301043	0.0606796	2.239622	1.359145	25.8252959	0.2470063	0	1.085407	0.5838526	0	0.2568889	0.6245961	3.96064787	0	0	0	0.1760974	0.0606796	0	0.0550055	4.0270744	0.149701	0	0	0.5075448	0.0307443	1.3248986	0.7419523	0.149202	1.3170872	1.2930203	0.2554339	2.9966483	0	1.325532	0	0.693967
map05120	0.412088	0.274725	0	0.137741	0.274725	0.2093054	0	13.755347	0	1.4704872	4.4619672	13.506565	2.2546883	0	2.141859	0	0	2.306497	0.548535	0.0604396	0	0	0	5.198026	1.0334703	0.217391	0	2.535124	3.4853021	0.274725	0	0.199203	6.45962	1.0647088	0	0.27381	1.9980963	0	0.137363	0.3251757	0.412467	0	0.324638	1.478855	1.244435	4.3687968	0.136823	0	0.679488	0.901228	0	5.133489	0	1.0504874	0.9524885	1.1706763	0.100402	0.137363	3.702718	0.434783	3.29579	0.275104	0.0826446	2.020927	1.502901	0.6368263	5.635016	1.88707	0.550586	0	0	0	5.394746	0	1.598402	3.169078	0	2.0649638	2.888607	0.5999988	0.0549451	2.417678	0.137363	1.01684	0.900595	10.7625741	0.577383	0	0.527299	0	0	0	0.423729	0.550586	0.137363	0	0	0.756548	0	0	0	12.6456858	0	0.100402	0	0.381265	0.869565	0.397727	0.494506	0.137363	1.791209	0.928572	0.395712	0.214592	0	1.381694	0	0.100733
map05133	0.0259716	0	0	0	0	0	0	0.0221533	0	0.0223714	0	0.0892674	0	0	0	0	0	0	0	0	0	0	0	0.0221533	0.362165	0.0210526	0	0	0	0	0	0	0	0	0.0445936	0	0	0	0	0	0	0.1911125	0	0	0	1.09305	0.0210291	0	0.458716	0.0280269	0	0	0.0210526	0.0280269	0.0210526	0.14887064	0	0	0	0	1.3770523	0.0157193	0	0.0221533	0	0.0223714	0.1267099	0.110987	0.0784252	0	0	0	0	0	0	0	0	0	0	0.0819672	0.0223714	0	0.0831258	1.3847801	0	0	0	0	0.0965251	0.0223714	0	0	0.0210526	0.4617954	0	0	0	0.0519489	0	0	0	0.0447427	0.0310366	0	0	0	0	0	0.1346503	0	0.917431	0	0	0.0631579	0	0	0	0
